mode,m_final,converged,gamma,m_max,n_mixed_plain
side,0.7875000000000003,False,0.07795940493800672,1.3156966093169125,3378
main,0.84,True,0.0848115056582981,1.4490977909447031,3378
