arm,s,x,turbulent,ue,theta_x,theta_o,H_x,H_o,cf_x,cf_o,ctau_x,ctau_o,march
equil,0.0022800000000000598,0.00044,0,0.14575,1.9e-05,1.801742960036807e-05,2.221,2.2526758359000034,0.08864070328842652,0.08914535438674481,0.0,nan,A_whole
equil,0.0033799999999999386,0.00022,0,0.23559,1.9e-05,1.84728561680525e-05,2.234,2.2405772784162785,0.05430371528525322,0.05472003905591498,0.0,nan,A_whole
equil,0.0044599999999999085,8e-05,0,0.32491,1.8e-05,1.842331070343707e-05,2.223,2.238106187463183,0.040268453286085346,0.039923479633018004,0.0,nan,A_whole
equil,0.00550000000000006,1e-05,0,0.41276,1.8e-05,1.830417537918682e-05,2.232,2.240834145752467,0.03139622193137846,0.03150876560314283,0.0,nan,A_whole
equil,0.006529999999999925,1e-05,0,0.49704,1.9e-05,1.8470133929884884e-05,2.234,2.246484242543551,0.02581271793754258,0.02572420542740706,0.0,nan,A_whole
equil,0.00757999999999992,8e-05,0,0.57885,1.9e-05,1.8750052594584424e-05,2.242,2.2446721010209867,0.021589691128414946,0.02181469116994523,0.0,nan,A_whole
equil,0.00865999999999989,0.00022,0,0.66635,1.9e-05,1.8716816534654742e-05,2.218,2.2482421545694873,0.019512532503363048,0.01888811235016455,0.0,nan,A_whole
equil,0.009759999999999991,0.00044,0,0.7425,1.9e-05,1.9382996450389258e-05,2.278,2.264162936694735,0.015490482830550168,0.01600449481795116,0.0,nan,A_whole
equil,0.01088,0.00074,0,0.81863,2e-05,1.9781399477422996e-05,2.236,2.2627974759286977,0.014641387252318226,0.01425117212663713,0.0,nan,A_whole
equil,0.012029999999999985,0.00112,0,0.88647,2.1e-05,2.053519123286572e-05,2.282,2.27677206334624,0.012168040704741517,0.01243054187928853,0.0,nan,A_whole
equil,0.01322000000000001,0.00158,0,0.95224,2.1e-05,2.1208915883926833e-05,2.26,2.2813837487821713,0.011371243138893405,0.011132044093386122,0.0,nan,A_whole
equil,0.014440000000000008,0.00213,0,1.0074,2.2e-05,2.22722442716279e-05,2.305,2.302906902686375,0.00959940316976983,0.00972259885874291,0.0,nan,A_whole
equil,0.015700000000000047,0.00276,0,1.05779,2.3e-05,2.331250954453154e-05,2.297,2.308795117699318,0.008841564001939433,0.008773815698476854,0.0,nan,A_whole
equil,0.01699000000000006,0.00347,0,1.10224,2.4e-05,2.445608278215586e-05,2.315,2.3219912072482978,0.007878623645366636,0.007879983469786266,0.0,nan,A_whole
equil,0.018329999999999957,0.00427,0,1.13865,2.6e-05,2.5863709019343314e-05,2.34,2.3423278110033303,0.006963234954365832,0.0070118779360342455,0.0,nan,A_whole
equil,0.01971999999999996,0.00514,0,1.17425,2.7e-05,2.7068487171953714e-05,2.327,2.341089684290479,0.006580058779404717,0.006507838766560642,0.0,nan,A_whole
equil,0.021159999999999846,0.00611,0,1.20034,2.9e-05,2.8757537965515823e-05,2.375,2.3749355179170406,0.005664150970855507,0.0057183182100766766,0.0,nan,A_whole
equil,0.022659999999999902,0.00716,0,1.22602,3e-05,3.0201831951941716e-05,2.362,2.373646234673278,0.005380124595521308,0.005340306784342978,0.0,nan,A_whole
equil,0.02421999999999991,0.0083,0,1.24464,3.2e-05,3.205461713099764e-05,2.401,2.40461998599935,0.004724591223538819,0.004749370071254185,0.0,nan,A_whole
equil,0.02584999999999993,0.00953,0,1.26243,3.4e-05,3.3742662798670016e-05,2.399,2.4074365407665734,0.0044392727738600335,0.004431009359702244,0.0,nan,A_whole
equil,0.027549999999999963,0.01086,0,1.27704,3.6e-05,3.559102668262291e-05,2.416,2.423394634986531,0.004062345726519137,0.004062844646846771,0.0,nan,A_whole
equil,0.02933999999999992,0.01229,0,1.28898,3.8e-05,3.7563635508705216e-05,2.433,2.4407074710748367,0.0037232102195696812,0.003724413502177701,0.0,nan,A_whole
equil,0.03120999999999996,0.01383,0,1.2989,4e-05,3.959463057740052e-05,2.447,2.455301765379756,0.0034342116508433817,0.0034370593731170114,0.0,nan,A_whole
equil,0.03318999999999994,0.01548,0,1.30693,4.2e-05,4.1741403801959005e-05,2.462,2.470733908389981,0.003169666699691523,0.003172636795923544,0.0,nan,A_whole
equil,0.03527999999999998,0.01726,0,1.31438,4.4e-05,4.386968605757606e-05,2.466,2.4781251809157365,0.0029787077655407624,0.002971467492190053,0.0,nan,A_whole
equil,0.03747999999999996,0.01917,0,1.319,4.6e-05,4.627973256971057e-05,2.492,2.502451360117904,0.0027089927869402754,0.0027152399358845525,0.0,nan,A_whole
equil,0.03981999999999997,0.02123,0,1.3233,4.9e-05,4.865498056002506e-05,2.5,2.511869621601682,0.002540655499055238,0.0025414572166211984,0.0,nan,A_whole
equil,0.04230999999999996,0.02344,0,1.32691,5.1e-05,5.11091655342167e-05,2.507,2.521468194553134,0.0023854282393368947,0.002381486112329861,0.0,nan,A_whole
equil,0.044969999999999954,0.02584,0,1.32883,5.4e-05,5.380577912028882e-05,2.527,2.540931385759227,0.0021978841349546124,0.00219976889452278,0.0,nan,A_whole
equil,0.04780999999999991,0.02842,0,1.33066,5.7e-05,5.649195738643879e-05,2.533,2.5492448200437634,0.002071548582137282,0.002068737515391483,0.0,nan,A_whole
equil,0.05084999999999995,0.03122,0,1.33143,5.9e-05,5.9374062766530794e-05,2.547,2.563922287126288,0.0019292540890747307,0.0019282575800140373,0.0,nan,A_whole
equil,0.05410999999999999,0.03424,0,1.33174,6.2e-05,6.235141591896916e-05,2.557,2.5752372096559366,0.001808820497949207,0.0018076888733703947,0.0,nan,A_whole
equil,0.05762999999999996,0.03753,0,1.33139,6.6e-05,6.550320078949474e-05,2.569,2.588018902812213,0.0016924298377377232,0.0016914635937417967,0.0,nan,A_whole
equil,0.061409999999999965,0.04109,0,1.33118,6.9e-05,6.866447072444352e-05,2.571,2.5919857917441,0.0016094443073197643,0.0016051487234857794,0.0,nan,A_whole
equil,0.06548999999999994,0.04496,0,1.33054,7.2e-05,7.19976883510163e-05,2.578,2.5989566071798658,0.0015194849729792495,0.001517099384454885,0.000112805641,nan,A_whole
equil,0.06989999999999996,0.04916,0,1.33079,7.5e-05,7.522537222351759e-05,2.568,2.591282239540765,0.0014743066153901638,0.0014669875059054374,0.000500685376,nan,A_whole
equil,0.07463999999999993,0.0537,1,1.32629,8.1e-05,7.97132292230662e-05,2.303,2.6569717703262272,0.002024962219672436,0.0012196409731888426,0.001383691204,0.006029421326400345,A_whole
equil,0.07973999999999992,0.05862,1,1.31597,9e-05,9.118944607177977e-05,1.823,1.6445912297423069,0.003401708107262158,0.004181539736594774,0.002390818816,0.0022244198966659395,A_whole
equil,0.0852099999999999,0.06391,1,1.31258,0.000101,0.00010403816011942672,1.581,1.552307370311873,0.00434044138494278,0.004507159338820688,0.002227651204,0.001831269572270767,A_whole
equil,0.09104999999999996,0.06959,1,1.31063,0.000115,0.0001178493728872477,1.494,1.5228248234378372,0.004780087460183852,0.0045215695454991385,0.001958859081,0.0017188132738305887,A_whole
equil,0.0972599999999999,0.07564,1,1.309,0.000131,0.0001323169431559818,1.474,1.5089935409577209,0.0047213829625189895,0.004439967196124146,0.0017927602809999998,0.00167540335584173,A_whole
equil,0.10380999999999996,0.08205,1,1.30676,0.000147,0.00014753690107209422,1.472,1.4999707490477951,0.004554287410923796,0.004340421326285079,0.0017039558410000002,0.0016508989576900785,A_whole
equil,0.11068999999999996,0.0888,1,1.30333,0.000163,0.00016371931855036292,1.473,1.4932777670268649,0.0043846091323313996,0.004238108360241977,0.0016573041000000003,0.0016345287071412725,A_whole
equil,0.11785999999999996,0.09586,1,1.3001,0.00018,0.0001802456577772372,1.472,1.486440200046866,0.004252008541573435,0.004152522835593804,0.0016285260250000003,0.001614827054037131,A_whole
equil,0.12529999999999997,0.10319,1,1.29646,0.000198,0.00019738295619647924,1.47,1.4807048527620634,0.004140269322274066,0.004070924376025194,0.0016088121,0.001598425919675607,A_whole
equil,0.13296999999999992,0.11076,1,1.29272,0.000215,0.00021492201365848636,1.467,1.4754091723834837,0.004048171146070505,0.00399728160172959,0.001592728281,0.0015824951274404824,A_whole
equil,0.1408299999999999,0.11855,1,1.28899,0.000234,0.00023274431145187176,1.464,1.4705151343080964,0.003970519999210679,0.003930718322978597,0.0015781550759999998,0.0015671453370946769,A_whole
equil,0.14886999999999995,0.12651,1,1.28518,0.000252,0.0002509025592113222,1.46,1.4661345620293689,0.003901464098654348,0.003868853534469225,0.001564518916,0.0015531827921049142,A_whole
equil,0.15705999999999998,0.13464,1,1.28123,0.00027,0.0002693991021091567,1.457,1.46226489858159,0.0038390538203283845,0.003810684775944474,0.0015518084489999997,0.0015407836261448883,A_whole
equil,0.1653699999999999,0.1429,1,1.27719,0.000289,0.000288164581910279,1.454,1.458764566164131,0.003781845227049074,0.0037564938631926424,0.001539856081,0.0015294119816284795,A_whole
equil,0.17379,0.15127,1,1.27326,0.000308,0.0003070445003825041,1.451,1.4553676610493447,0.0037305905948378073,0.003707552673037357,0.0015281844640000002,0.0015179121862172733,A_whole
equil,0.1822999999999999,0.15974,1,1.26951,0.000327,0.000325948267632889,1.448,1.4520754420526643,0.003684409902621356,0.0036632898481646675,0.001516790916,0.001506382713071562,A_whole
equil,0.19089999999999996,0.16831,1,1.26579,0.000346,0.000345007992795136,1.445,1.4491076819990647,0.00364118801109643,0.0036213452905193523,0.001505828025,0.001495963702414596,A_whole
equil,0.19955999999999996,0.17694,1,1.26155,0.000366,0.00036469514127145634,1.443,1.4470257913412656,0.003595331316511852,0.003576926951268345,0.001496838721,0.0014894081511063655,A_whole
equil,0.20828999999999998,0.18565,1,1.258,0.000386,0.00038386568691687733,1.441,1.4441390154037794,0.0035594137109146926,0.0035422618700455748,0.0014868735999999999,0.0014786832388246503,A_whole
equil,0.21707999999999994,0.19442,1,1.25402,0.000405,0.0004036464944468778,1.439,1.442135129114966,0.0035203606305453353,0.003504477349820992,0.001478556304,0.0014718939915093837,A_whole
equil,0.2259199999999999,0.20324,1,1.2503,0.000425,0.0004232885715124012,1.437,1.4399106510423327,0.0034863263625335857,0.0034713418195601808,0.0014701089640000002,0.0014638115857433902,A_whole
equil,0.2347999999999999,0.21211,1,1.24652,0.000445,0.0004431399310228171,1.435,1.4379812344751934,0.0034521548416939145,0.0034388687397642493,0.0014624505639999998,0.0014569215241059107,A_whole
equil,0.24373,0.22103,1,1.24266,0.000465,0.00046325389303951924,1.433,1.4362887334605214,0.0034198852129859263,0.00340711621938036,0.0014554988009999998,0.0014509771575704805,A_whole
equil,0.25268999999999997,0.22999,1,1.23889,0.000485,0.0004833908429513107,1.432,1.4345937793705648,0.0033892597413560594,0.0033776666324243317,0.0014487919689999999,0.0014448571705224296,A_whole
equil,0.26169,0.23898,1,1.23533,0.000506,0.0005034059016708304,1.43,1.4327804904483987,0.003361641436497801,0.0033511346384377774,0.001442024676,0.0014380307568383351,A_whole
equil,0.27071999999999996,0.24801,1,1.23147,0.000526,0.000523988433303371,1.429,1.431519631770146,0.0033326335706220065,0.0033226080791270156,0.0014364100000000002,0.0014336982032837247,A_whole
equil,0.27979,0.25707,1,1.22802,0.000546,0.0005441434258156222,1.428,1.429808584509689,0.003307619662011769,0.0032989347460235896,0.0014302011239999998,0.0014271174228865254,A_whole
equil,0.2888799999999999,0.26616,1,1.22394,0.000568,0.0005654016746234904,1.427,1.429064291778552,0.003278307425825002,0.0032701513080434313,0.0014258931210000003,0.0014250154432256879,A_whole
equil,0.29799999999999993,0.27528,1,1.22067,0.000588,0.0005855448350016977,1.425,1.4272756178514059,0.003257641054856525,0.0032500177144065374,0.0014200838560000002,0.0014178756014377274,A_whole
equil,0.30713999999999997,0.28442,1,1.21683,0.000609,0.0006067770277321351,1.425,1.426436845405222,0.0032316336776445726,0.0032247910341701535,0.0014158663840000002,0.0014151466263084165,A_whole
equil,0.31631,0.29359,1,1.21331,0.00063,0.0006276379278775724,1.423,1.4252030275849932,0.0032089750089014423,0.0032034637589220564,0.0014112043560000002,0.0014104753756221035,A_whole
equil,0.3254999999999999,0.30278,1,1.20979,0.000651,0.0006486595950240094,1.423,1.424095927638295,0.0031880472816307906,0.0031824835628492323,0.001406850064,0.0014063335938090044,A_whole
equil,0.33470999999999995,0.31199,1,1.20605,0.000673,0.0006702531297809773,1.422,1.4233608504610873,0.003164538246286638,0.003160084715165861,0.0014033265210000002,0.0014038872105024735,A_whole
equil,0.3439399999999999,0.32122,1,1.20265,0.000694,0.0006913716517855871,1.421,1.4222252589077746,0.0031451214866176887,0.003141372139808955,0.0013992836490000003,0.0013994926589794329,A_whole
equil,0.35319,0.33047,1,1.19908,0.000716,0.0007129977028856384,1.42,1.42142854576778,0.003124928609326262,0.003121376989113892,0.0013958443209999998,0.0013966447411920485,A_whole
equil,0.36246,0.33974,1,1.19547,0.000738,0.0007348858229867064,1.42,1.420734974891075,0.0031046458328948335,0.0031015719644420744,0.0013927077609999998,0.0013942358701366502,A_whole
equil,0.3717499999999999,0.34903,1,1.19213,0.000759,0.0007563879572632325,1.419,1.4197434306542704,0.0030868846424029865,0.00308455729047796,0.001389201984,0.0013903778358298083,A_whole
equil,0.38105,0.35833,1,1.18855,0.000781,0.0007785799118417251,1.418,1.419170637658209,0.0030672824962453887,0.003065622711877992,0.001386519696,0.0013884516600485446,A_whole
equil,0.39037,0.36764,1,1.18516,0.000803,0.0008005355755586424,1.418,1.418384360647195,0.003049969466075056,0.003048795323202811,0.001383542416,0.0013854825341513477,A_whole
equil,0.39969999999999994,0.37697,1,1.18182,0.000825,0.000822548719529705,1.417,1.4176180298669043,0.0030335823818695147,0.00303256360125125,0.0013806426490000003,0.001382571595744665,A_whole
equil,0.4090499999999999,0.38631,1,1.17834,0.000848,0.0008450887722016909,1.416,1.4171088517427406,0.003015516574385478,0.003015331263057389,0.001378265625,0.0013808388908852845,A_whole
equil,0.41840999999999995,0.39567,1,1.17487,0.000871,0.0008677901048042664,1.416,1.4166245318739439,0.002998581088888463,0.0029985591892992595,0.0013760390250000002,0.001379192911945931,A_whole
equil,0.42777999999999994,0.40503,1,1.17173,0.000893,0.000889840774958766,1.415,1.415756208523977,0.002984082770885803,0.0029848334048461866,0.0013732953640000001,0.0013757120968817807,A_whole
equil,0.43716999999999995,0.41441,1,1.16822,0.000916,0.0009130522028800996,1.415,1.4154711976085539,0.002966869900122286,0.0029679756004608064,0.0013715171559999999,0.001374947935322803,A_whole
equil,0.44655999999999996,0.4238,1,1.16499,0.000939,0.0009356937819310554,1.415,1.4148414613649438,0.0029531351159556365,0.0029538327867101345,0.001369222009,0.0013725382457733372,A_whole
equil,0.45597,0.4332,1,1.16156,0.000962,0.0009590930816523016,1.414,1.4145428407901186,0.002936507910437644,0.002938110337515425,0.001367594361,0.0013716618225616253,A_whole
equil,0.46538999999999997,0.44261,1,1.15834,0.000985,0.0009820978171023631,1.414,1.4139931481781625,0.002922299574489124,0.002924429851723668,0.001365598116,0.0013695843533173219,A_whole
equil,0.4748199999999999,0.45203,1,1.15512,0.001008,0.0010052976382854085,1.414,1.4135110508226494,0.002908636407940897,0.0029108002209239734,0.0013638249,0.001367803773829956,A_whole
equil,0.4842599999999999,0.46145,1,1.15177,0.001032,0.0010290857877334211,1.413,1.4132575375539635,0.002893920441225272,0.0028961968810756154,0.001362421921,0.0013670772864687506,A_whole
equil,0.49371999999999994,0.47089,1,1.14861,0.001056,0.001052513409891246,1.413,1.412774731161096,0.0028803045509360452,0.0028834000637174176,0.0013607245439999998,0.0013652570713092811,A_whole
equil,0.5031699999999999,0.48033,1,1.14539,0.001079,0.0010763035910192804,1.413,1.41244423973773,0.002866794477460568,0.0028701096568294632,0.001359323161,0.0013641335992232277,A_whole
equil,0.51264,0.48979,1,1.14213,0.001103,0.0011004466563849877,1.413,1.4122040643071163,0.002853285901259095,0.0028566307820525037,0.0013581436089999998,0.0013634183639848396,A_whole
equil,0.5221199999999999,0.49924,1,1.139,0.001127,0.0011243734747621778,1.412,1.4118224144408364,0.0028404689355988224,0.002844371949559116,0.001356817225,0.0013620244778901297,A_whole
equil,0.5316,0.50871,1,1.13587,0.001152,0.0011484960104117617,1.412,1.411498874970214,0.0028282422431620455,0.0028321309594515577,0.0013555651239999997,0.0013608883160366224,A_whole
equil,0.54109,0.51818,1,1.13266,0.001176,0.001173110689494912,1.412,1.411329417251769,0.0028146756834069742,0.0028192970465757577,0.0013546080249999999,0.0013604610489051506,A_whole
equil,0.5505899999999999,0.52766,1,1.12953,0.001201,0.0011976628410958435,1.412,1.4110808311093592,0.00280207984198349,0.002807252637749213,0.0013536512639999998,0.0013596501493660497,A_whole
equil,0.5600999999999999,0.53714,1,1.12642,0.001225,0.0012223627743461454,1.412,1.41084613449999,0.0027899894187239614,0.0027954334505214695,0.0013526948409999999,0.0013588921782244033,A_whole
equil,0.56961,0.54663,1,1.12327,0.00125,0.0012474210352254754,1.411,1.410710442617697,0.0027779197935884586,0.0027833343360623326,0.0013519593610000003,0.0013585862508869704,A_whole
equil,0.5791299999999999,0.55612,1,1.12021,0.001275,0.001272364264927836,1.411,1.410481694191298,0.0027660225932641365,0.0027720658676051967,0.0013511505639999999,0.0013578334658099615,A_whole
equil,0.58866,0.56562,1,1.11714,0.001301,0.0012975726669333919,1.411,1.4103092138795126,0.002754803764063479,0.0027607406706650303,0.0013504155040000001,0.001357333788020517,A_whole
equil,0.59819,0.57512,1,1.11397,0.001326,0.0013233981895119937,1.411,1.4103155054220664,0.0027422999694293035,0.0027486405746263705,0.0013500480489999998,0.001357661172061623,A_whole
equil,0.6077299999999999,0.58463,1,1.11094,0.001352,0.0013488937632487538,1.411,1.4101478281790334,0.002731351191390223,0.002737803213291887,0.0013494602249999998,0.0013571645696610344,A_whole
equil,0.61727,0.59414,1,1.10784,0.001378,0.0013749033864119404,1.411,1.410120998562849,0.002719770435705177,0.002726403349969463,0.001349166361,0.0013573181007813968,A_whole
equil,0.62681,0.60366,1,1.10479,0.001404,0.0014009301490728835,1.411,1.4100544646370716,0.0027077713865709466,0.002715476230689103,0.0013488725290000001,0.0013572769571064361,A_whole
equil,0.6363599999999999,0.61317,1,1.10174,0.00143,0.001427201157129569,1.411,1.4100192315539757,0.0026972452718344074,0.002704593818602539,0.001348652176,0.0013573741468619613,A_whole
equil,0.6459199999999999,0.6227,1,1.09863,0.001457,0.001453988695681911,1.411,1.4100975114737775,0.0026851968126839106,0.0026932763708191485,0.001348652176,0.0013579948170178977,A_whole
equil,0.65548,0.63222,1,1.09554,0.001484,0.0014809302808200127,1.412,1.4101717070542752,0.0026737034662570624,0.002682200263879214,0.0013487256250000002,0.0013585887221769038,A_whole
equil,0.66504,0.64175,1,1.09254,0.001511,0.0015076997102196317,1.412,1.4101446016944863,0.00266327391406871,0.00267191297886597,0.001348652176,0.0013587012334962132,A_whole
equil,0.6746099999999999,0.65127,1,1.08953,0.001538,0.0015347727931369895,1.412,1.4101648832345466,0.0026527374874504924,0.002661555694217578,0.0013487256250000002,0.0013590285617730254,A_whole
equil,0.68418,0.6608,1,1.0862,0.001567,0.0015636497609397577,1.412,1.41067467189811,0.002639362313791463,0.0026486348972472383,0.001349680644,0.0013616394169120609,A_whole
equil,0.69375,0.67034,1,1.08328,0.001594,0.001590780948576921,1.412,1.4105905882097178,0.0026297500471221215,0.0026392373562188036,0.001349680644,0.001361465653878189,A_whole
equil,0.70333,0.67987,1,1.0801,0.001623,0.001619490467134319,1.413,1.4109224275074257,0.002617827951803953,0.00262769567197701,0.0013504155040000001,0.001363231479116001,A_whole
equil,0.7129099999999999,0.68941,1,1.077,0.001651,0.0016480688082486517,1.413,1.4111503515137305,0.0026061939998051607,0.0026169122472812635,0.0013510770489999998,0.001364505373198487,A_whole
equil,0.72249,0.69894,1,1.07384,0.00168,0.0016772430913124714,1.414,1.4114886050854718,0.002594671818388025,0.002605694584993563,0.0013520328999999998,0.001366289666334056,A_whole
equil,0.73207,0.70848,1,1.07066,0.00171,0.0017068174106662352,1.414,1.411872123535241,0.0025830645073865563,0.0025943985736788843,0.0013530626559999997,0.0013682803085223244,A_whole
equil,0.7416499999999999,0.71802,1,1.06745,0.00174,0.001736857871044238,1.415,1.4123145605547571,0.0025705395399915937,0.0025829461970338337,0.001354313601,0.0013705414022387218,A_whole
equil,0.7512399999999999,0.72755,1,1.06422,0.00177,0.0017673351603990242,1.415,1.4127948221179765,0.0025587953234846375,0.00257144114695601,0.0013556387609999997,0.001372974705427384,A_whole
equil,0.7608299999999999,0.73709,1,1.06094,0.001801,0.0017984204980917907,1.416,1.4133617639109815,0.002546211871795191,0.002559624704773294,0.001357259281,0.001375808773859199,A_whole
equil,0.7704099999999999,0.74663,1,1.05765,0.001833,0.0018298874977167726,1.417,1.413957774779828,0.0025343647285943787,0.0025478171328861166,0.001358954496,0.0013787741725240134,A_whole
equil,0.7799999999999999,0.75617,1,1.05411,0.001866,0.0018632089596062511,1.418,1.4149349718252588,0.0025199165834785273,0.002534103163127092,0.001361462404,0.0013835188579173884,A_whole
equil,0.78959,0.76571,1,1.05094,0.001898,0.0018946611903545483,1.419,1.4153398326628834,0.002507979168318681,0.0025236050684790605,0.0013630864,0.001385582107380787,A_whole
equil,0.79918,0.77524,1,1.04726,0.001933,0.0019296393920163464,1.42,1.416551515899842,0.0024928117221003905,0.0025089621852154333,0.001366189444,0.001391416142129643,A_whole
equil,0.8087799999999999,0.78478,1,1.0438,0.001967,0.0019636642146211502,1.421,1.4174008884655034,0.002479994739694355,0.0024963791795378793,0.0013687780090000001,0.0013955519702372515,A_whole
equil,0.8183699999999999,0.79431,1,1.0402,0.002002,0.0019989990661531377,1.422,1.4184802823488771,0.0024648433123043165,0.002482743751216104,0.001371887521,0.0014007606157608395,A_whole
equil,0.8279599999999999,0.80384,1,1.03642,0.002039,0.0020359807505715426,1.424,1.4198392566051345,0.0024493411447526247,0.002467797469436178,0.0013755939209999998,0.0014072748839939354,A_whole
equil,0.83754,0.81337,1,1.03271,0.002076,0.0020729680129074764,1.426,1.421080981776488,0.0024341532842025414,0.0024536218748651226,0.001379231044,0.0014132376950358023,A_whole
equil,0.8471299999999999,0.8229,1,1.02864,0.002116,0.0021129750586013096,1.428,1.4228923792803112,0.0024156501248026926,0.0024366570744866504,0.001383914401,0.0014218653409037274,A_whole
equil,0.8567199999999999,0.83242,1,1.02465,0.002156,0.002153002020791532,1.43,1.4245526329370346,0.0023983062376518745,0.002420632385476277,0.001388680225,0.0014297838393363112,A_whole
equil,0.8663,0.84194,1,1.02047,0.002198,0.0021949978493554026,1.432,1.4265206639735737,0.0023795827858276736,0.002403220743472096,0.0013940515690000002,0.0014391420847086659,A_whole
equil,0.87588,0.85146,1,1.0161,0.002242,0.002239076947258855,1.435,1.4287888097512056,0.00235941524508266,0.0023844789505044314,0.001400181561,0.0014499053651261297,A_whole
equil,0.8854599999999999,0.86096,1,1.01162,0.002287,0.0022847345365222334,1.438,1.4312239488960576,0.0023383412169971658,0.0023650987394594736,0.0014067750489999999,0.0014614508270460616,A_whole
equil,0.8950199999999999,0.87046,1,1.00697,0.002335,0.002332501015687913,1.441,1.4339458005697798,0.0023156079311228072,0.0023445249916904704,0.001414060816,0.0014743397876629456,A_whole
equil,0.9045799999999999,0.87995,1,1.00191,0.002387,0.002384470819016948,1.445,1.4373650607298285,0.0022902429170217906,0.0023207788902678997,0.0014227983999999998,0.0014904990187358164,A_whole
equil,0.9141199999999999,0.88942,1,0.99688,0.00244,0.002437215070267504,1.449,1.4407240299796624,0.0022651122509371522,0.002297610844208491,0.0014317899209999997,0.0015063770766241796,A_whole
equil,0.92363,0.89886,1,0.99126,0.002499,0.002496086727910679,1.454,1.4451603676734457,0.0022338775388349493,0.002269626747506389,0.0014427842559999998,0.0015273098348971528,A_whole
equil,0.93311,0.90826,1,0.98563,0.002559,0.0025563834354103993,1.459,1.4496275971743133,0.0022038845465407633,0.00224189156528306,0.0014542782250000002,0.00154839011166407,A_whole
equil,0.94253,0.91761,1,0.97945,0.002626,0.0026231034313880376,1.466,1.4551867539122185,0.002168197272782574,0.0022095587587385025,0.001467885969,0.0015745958257962704,A_whole
equil,0.95187,0.92688,1,0.9729,0.002698,0.002695043365785042,1.473,1.461550338313095,0.0021288185392013374,0.002174160457935065,0.0014832511689999999,0.0016045781415001139,A_whole
equil,0.96109,0.93602,1,0.96592,0.002776,0.0027731929325070467,1.482,1.4689248121484424,0.002085741675437557,0.002134995750464628,0.001500555169,0.0016393035709066112,A_whole
equil,0.97014,0.94499,1,0.95857,0.00286,0.0028574436283236465,1.492,1.4773038477209997,0.002039491598934096,0.0020923776309399954,0.001519908196,0.001678736552306634,A_whole
equil,0.9789399999999999,0.95372,1,0.95066,0.002953,0.002950331760653648,1.504,1.487265226003253,0.0019861589932981126,0.0020442063650139616,0.0015421329,0.001725576473193766,A_whole
equil,0.98742,0.96213,1,0.94234,0.003055,0.0030510166321801595,1.517,1.4986965348578223,0.001927917776832931,0.001991464216696308,0.0015669722250000002,0.0017792736519755686,A_whole
equil,0.9954799999999999,0.97012,1,0.93378,0.003162,0.0031582232634296005,1.532,1.511469083348621,0.0018647963290712194,0.001935193489244408,0.001593925776,0.001839190633125948,A_whole
equil,1.00304,0.9776,1,0.92496,0.003277,0.003272793457928345,1.55,1.5259079371616349,0.0017976719063196994,0.0018746496364926725,0.001623364681,0.0019067993811602744,A_whole
equil,1.01002,0.98451,1,0.91581,0.003401,0.0033963723429436647,1.57,1.542549419787931,0.001724080461480196,0.0018085090587028818,0.0016556760999999998,0.001984525507066189,A_whole
equil,1.0163799999999998,0.99082,1,0.907,0.003527,0.0035207309674945278,1.59,1.5598596393449597,0.001650764785467435,0.0017429631588850867,0.0016885524639999997,0.0020651227570408597,A_whole
equil,1.02214,0.99652,1,0.89829,0.003656,0.0036491078925209542,1.613,1.5786467156035304,0.0015751155554125484,0.001675435908132484,0.001722665025,0.0021522578659090986,A_whole
equil,1.02565,1.0,1,0.89417,0.00372,0.0037126443163863904,1.624,1.5868047869286117,0.0015383845924857656,0.0016463994891069177,0.0017397240999999998,0.0021899874910292893,A_whole
lag,0.0022800000000000598,0.00044,0,0.14575,1.9e-05,1.801742960036807e-05,2.221,2.2526758359000034,0.08864070328842652,0.08914535438674481,0.0,nan,A_whole
lag,0.0033799999999999386,0.00022,0,0.23559,1.9e-05,1.84728561680525e-05,2.234,2.2405772784162785,0.05430371528525322,0.05472003905591498,0.0,nan,A_whole
lag,0.0044599999999999085,8e-05,0,0.32491,1.8e-05,1.842331070343707e-05,2.223,2.238106187463183,0.040268453286085346,0.039923479633018004,0.0,nan,A_whole
lag,0.00550000000000006,1e-05,0,0.41276,1.8e-05,1.830417537918682e-05,2.232,2.240834145752467,0.03139622193137846,0.03150876560314283,0.0,nan,A_whole
lag,0.006529999999999925,1e-05,0,0.49704,1.9e-05,1.8470133929884884e-05,2.234,2.246484242543551,0.02581271793754258,0.02572420542740706,0.0,nan,A_whole
lag,0.00757999999999992,8e-05,0,0.57885,1.9e-05,1.8750052594584424e-05,2.242,2.2446721010209867,0.021589691128414946,0.02181469116994523,0.0,nan,A_whole
lag,0.00865999999999989,0.00022,0,0.66635,1.9e-05,1.8716816534654742e-05,2.218,2.2482421545694873,0.019512532503363048,0.01888811235016455,0.0,nan,A_whole
lag,0.009759999999999991,0.00044,0,0.7425,1.9e-05,1.9382996450389258e-05,2.278,2.264162936694735,0.015490482830550168,0.01600449481795116,0.0,nan,A_whole
lag,0.01088,0.00074,0,0.81863,2e-05,1.9781399477422996e-05,2.236,2.2627974759286977,0.014641387252318226,0.01425117212663713,0.0,nan,A_whole
lag,0.012029999999999985,0.00112,0,0.88647,2.1e-05,2.053519123286572e-05,2.282,2.27677206334624,0.012168040704741517,0.01243054187928853,0.0,nan,A_whole
lag,0.01322000000000001,0.00158,0,0.95224,2.1e-05,2.1208915883926833e-05,2.26,2.2813837487821713,0.011371243138893405,0.011132044093386122,0.0,nan,A_whole
lag,0.014440000000000008,0.00213,0,1.0074,2.2e-05,2.22722442716279e-05,2.305,2.302906902686375,0.00959940316976983,0.00972259885874291,0.0,nan,A_whole
lag,0.015700000000000047,0.00276,0,1.05779,2.3e-05,2.331250954453154e-05,2.297,2.308795117699318,0.008841564001939433,0.008773815698476854,0.0,nan,A_whole
lag,0.01699000000000006,0.00347,0,1.10224,2.4e-05,2.445608278215586e-05,2.315,2.3219912072482978,0.007878623645366636,0.007879983469786266,0.0,nan,A_whole
lag,0.018329999999999957,0.00427,0,1.13865,2.6e-05,2.5863709019343314e-05,2.34,2.3423278110033303,0.006963234954365832,0.0070118779360342455,0.0,nan,A_whole
lag,0.01971999999999996,0.00514,0,1.17425,2.7e-05,2.7068487171953714e-05,2.327,2.341089684290479,0.006580058779404717,0.006507838766560642,0.0,nan,A_whole
lag,0.021159999999999846,0.00611,0,1.20034,2.9e-05,2.8757537965515823e-05,2.375,2.3749355179170406,0.005664150970855507,0.0057183182100766766,0.0,nan,A_whole
lag,0.022659999999999902,0.00716,0,1.22602,3e-05,3.0201831951941716e-05,2.362,2.373646234673278,0.005380124595521308,0.005340306784342978,0.0,nan,A_whole
lag,0.02421999999999991,0.0083,0,1.24464,3.2e-05,3.205461713099764e-05,2.401,2.40461998599935,0.004724591223538819,0.004749370071254185,0.0,nan,A_whole
lag,0.02584999999999993,0.00953,0,1.26243,3.4e-05,3.3742662798670016e-05,2.399,2.4074365407665734,0.0044392727738600335,0.004431009359702244,0.0,nan,A_whole
lag,0.027549999999999963,0.01086,0,1.27704,3.6e-05,3.559102668262291e-05,2.416,2.423394634986531,0.004062345726519137,0.004062844646846771,0.0,nan,A_whole
lag,0.02933999999999992,0.01229,0,1.28898,3.8e-05,3.7563635508705216e-05,2.433,2.4407074710748367,0.0037232102195696812,0.003724413502177701,0.0,nan,A_whole
lag,0.03120999999999996,0.01383,0,1.2989,4e-05,3.959463057740052e-05,2.447,2.455301765379756,0.0034342116508433817,0.0034370593731170114,0.0,nan,A_whole
lag,0.03318999999999994,0.01548,0,1.30693,4.2e-05,4.1741403801959005e-05,2.462,2.470733908389981,0.003169666699691523,0.003172636795923544,0.0,nan,A_whole
lag,0.03527999999999998,0.01726,0,1.31438,4.4e-05,4.386968605757606e-05,2.466,2.4781251809157365,0.0029787077655407624,0.002971467492190053,0.0,nan,A_whole
lag,0.03747999999999996,0.01917,0,1.319,4.6e-05,4.627973256971057e-05,2.492,2.502451360117904,0.0027089927869402754,0.0027152399358845525,0.0,nan,A_whole
lag,0.03981999999999997,0.02123,0,1.3233,4.9e-05,4.865498056002506e-05,2.5,2.511869621601682,0.002540655499055238,0.0025414572166211984,0.0,nan,A_whole
lag,0.04230999999999996,0.02344,0,1.32691,5.1e-05,5.11091655342167e-05,2.507,2.521468194553134,0.0023854282393368947,0.002381486112329861,0.0,nan,A_whole
lag,0.044969999999999954,0.02584,0,1.32883,5.4e-05,5.380577912028882e-05,2.527,2.540931385759227,0.0021978841349546124,0.00219976889452278,0.0,nan,A_whole
lag,0.04780999999999991,0.02842,0,1.33066,5.7e-05,5.649195738643879e-05,2.533,2.5492448200437634,0.002071548582137282,0.002068737515391483,0.0,nan,A_whole
lag,0.05084999999999995,0.03122,0,1.33143,5.9e-05,5.9374062766530794e-05,2.547,2.563922287126288,0.0019292540890747307,0.0019282575800140373,0.0,nan,A_whole
lag,0.05410999999999999,0.03424,0,1.33174,6.2e-05,6.235141591896916e-05,2.557,2.5752372096559366,0.001808820497949207,0.0018076888733703947,0.0,nan,A_whole
lag,0.05762999999999996,0.03753,0,1.33139,6.6e-05,6.550320078949474e-05,2.569,2.588018902812213,0.0016924298377377232,0.0016914635937417967,0.0,nan,A_whole
lag,0.061409999999999965,0.04109,0,1.33118,6.9e-05,6.866447072444352e-05,2.571,2.5919857917441,0.0016094443073197643,0.0016051487234857794,0.0,nan,A_whole
lag,0.06548999999999994,0.04496,0,1.33054,7.2e-05,7.19976883510163e-05,2.578,2.5989566071798658,0.0015194849729792495,0.001517099384454885,0.000112805641,nan,A_whole
lag,0.06989999999999996,0.04916,0,1.33079,7.5e-05,7.522537222351759e-05,2.568,2.591282239540765,0.0014743066153901638,0.0014669875059054374,0.000500685376,nan,A_whole
lag,0.07463999999999993,0.0537,1,1.32629,8.1e-05,7.97132292230662e-05,2.303,2.6569717703262272,0.002024962219672436,0.0012196409731888426,0.001383691204,0.0,A_whole
lag,0.07973999999999992,0.05862,1,1.31597,9e-05,8.702722671460903e-05,1.823,2.06128885740238,0.003401708107262158,0.002606832853512768,0.002390818816,0.0021630325227084525,A_whole
lag,0.0852099999999999,0.06391,1,1.31258,0.000101,9.736100955860561e-05,1.581,1.6304952222736182,0.00434044138494278,0.004067868960549213,0.002227651204,0.002331864392164363,A_whole
lag,0.09104999999999996,0.06959,1,1.31063,0.000115,0.00011099237416495057,1.494,1.510376452433692,0.004780087460183852,0.004715737417264271,0.001958859081,0.002020051158613949,A_whole
lag,0.0972599999999999,0.07564,1,1.309,0.000131,0.00012624086069756239,1.474,1.4813413626753484,0.0047213829625189895,0.004723945130258742,0.0017927602809999998,0.0018290266220335814,A_whole
lag,0.10380999999999996,0.08205,1,1.30676,0.000147,0.00014228515335533445,1.472,1.4753748158960602,0.004554287410923796,0.004576993547788846,0.0017039558410000002,0.001727516879042528,A_whole
lag,0.11068999999999996,0.0888,1,1.30333,0.000163,0.00015911868736075287,1.473,1.4747028378988725,0.0043846091323313996,0.004412838015630892,0.0016573041000000003,0.0016733373252661881,A_whole
lag,0.11785999999999996,0.09586,1,1.3001,0.00018,0.00017613576788039212,1.472,1.4729421711493076,0.004252008541573435,0.004279430140173341,0.0016285260250000003,0.0016396042941271007,A_whole
lag,0.12529999999999997,0.10319,1,1.29646,0.000198,0.00019363593371879025,1.47,1.4707324928184644,0.004140269322274066,0.004165252279019899,0.0016088121,0.0016166495549667563,A_whole
lag,0.13296999999999992,0.11076,1,1.29272,0.000215,0.00021145119434262658,1.467,1.4677497233061803,0.004048171146070505,0.004070171859082525,0.001592728281,0.0015985149768215586,A_whole
lag,0.1408299999999999,0.11855,1,1.28899,0.000234,0.00022949256996229663,1.464,1.4643048055472137,0.003970519999210679,0.003989736594542792,0.0015781550759999998,0.0015825649570237687,A_whole
lag,0.14886999999999995,0.12651,1,1.28518,0.000252,0.00024783183543040536,1.46,1.4608354052348995,0.003901464098654348,0.003918651652180287,0.001564518916,0.001568021131818998,A_whole
lag,0.15705999999999998,0.13464,1,1.28123,0.00027,0.00026648241378775494,1.457,1.4575731378931,0.0038390538203283845,0.0038539758052605253,0.0015518084489999997,0.0015547118170062715,A_whole
lag,0.1653699999999999,0.1429,1,1.27719,0.000289,0.0002853821362426695,1.454,1.4545108966960882,0.003781845227049074,0.003794897901768543,0.001539856081,0.0015424013872949271,A_whole
lag,0.17379,0.15127,1,1.27326,0.000308,0.0003043828065521613,1.451,1.4514334192930607,0.0037305905948378073,0.003742230266882976,0.0015281844640000002,0.0015304976755526286,A_whole
lag,0.1822999999999999,0.15974,1,1.26951,0.000327,0.00032339780100886666,1.448,1.4483617551352566,0.003684409902621356,0.0036951660792915583,0.001516790916,0.0015188137791266483,A_whole
lag,0.19089999999999996,0.16831,1,1.26579,0.000346,0.0003425608636328938,1.445,1.4455535023254882,0.00364118801109643,0.003651015217604214,0.001505828025,0.0015077117020446638,A_whole
lag,0.19955999999999996,0.17694,1,1.26155,0.000366,0.00036233980903217707,1.443,1.4436665274049432,0.003595331316511852,0.0036043199730660565,0.001496838721,0.001498640557562747,A_whole
lag,0.20828999999999998,0.18565,1,1.258,0.000386,0.0003815995005519965,1.441,1.440957969585874,0.0035594137109146926,0.0035676916068431387,0.0014868735999999999,0.0014885472946551007,A_whole
lag,0.21707999999999994,0.19442,1,1.25402,0.000405,0.00040146023127888056,1.439,1.4391053172497335,0.0035203606305453353,0.003528197157628569,0.001478556304,0.0014800812381275416,A_whole
lag,0.2259199999999999,0.20324,1,1.2503,0.000425,0.0004211778875034386,1.437,1.437039441247433,0.0034863263625335857,0.00349343499338287,0.0014701089640000002,0.001471606744914405,A_whole
lag,0.2347999999999999,0.21211,1,1.24652,0.000445,0.00044109881793485847,1.435,1.4352541611119196,0.0034521548416939145,0.00345950681139831,0.0014624505639999998,0.001463835780001268,A_whole
lag,0.24373,0.22103,1,1.24266,0.000465,0.00046127661422421304,1.433,1.4337141420401158,0.0034198852129859263,0.003426325499016075,0.0014554988009999998,0.0014567795350171613,A_whole
lag,0.25268999999999997,0.22999,1,1.23889,0.000485,0.00048147259987524923,1.432,1.4321751418917823,0.0033892597413560594,0.0033955031436183683,0.0014487919689999999,0.0014500241208910824,A_whole
lag,0.26169,0.23898,1,1.23533,0.000506,0.0005015431836656512,1.43,1.4304955476046557,0.003361641436497801,0.0033677948561875943,0.001442024676,0.0014432027939451182,A_whole
lag,0.27071999999999996,0.24801,1,1.23147,0.000526,0.0005221751176828457,1.429,1.4293682046384455,0.0033326335706220065,0.0033381299100629608,0.0014364100000000002,0.001437527983792822,A_whole
lag,0.27979,0.25707,1,1.22802,0.000546,0.0005423777267941671,1.428,1.4277821526562313,0.003307619662011769,0.0033134289120232635,0.0014302011239999998,0.0014312740446787199,A_whole
lag,0.2888799999999999,0.26616,1,1.22394,0.000568,0.0005636759808179541,1.427,1.4271760626169916,0.003278307425825002,0.0032835592743305957,0.0014258931210000003,0.0014269121614146445,A_whole
lag,0.29799999999999993,0.27528,1,1.22067,0.000588,0.000583859424836956,1.425,1.4255204375748027,0.003257641054856525,0.003262436270308015,0.0014200838560000002,0.0014209988782060284,A_whole
lag,0.30713999999999997,0.28442,1,1.21683,0.000609,0.0006051252500186489,1.425,1.4247954745496634,0.0032316336776445726,0.0032363368879966942,0.0014158663840000002,0.0014167433309052865,A_whole
lag,0.31631,0.29359,1,1.21331,0.00063,0.0006260179467163046,1.423,1.423685592731904,0.0032089750089014423,0.0032141206872779715,0.0014112043560000002,0.001412061744309067,A_whole
lag,0.3254999999999999,0.30278,1,1.20979,0.000651,0.0006470680972494339,1.423,1.422685810793495,0.0031880472816307906,0.0031923668179682455,0.001406850064,0.0014076646959149518,A_whole
lag,0.33470999999999995,0.31199,1,1.20605,0.000673,0.0006686858507931935,1.422,1.4220651297922142,0.003164538246286638,0.0031691726068229613,0.0014033265210000002,0.0014040785440996991,A_whole
lag,0.3439399999999999,0.32122,1,1.20265,0.000694,0.0006898271090293159,1.421,1.4210413870925684,0.0031451214866176887,0.003149708184749335,0.0013992836490000003,0.001399964722072876,A_whole
lag,0.35319,0.33047,1,1.19908,0.000716,0.0007114721787229053,1.42,1.4203452738330635,0.003124928609326262,0.003129035509051391,0.0013958443209999998,0.0013964894018551213,A_whole
lag,0.36246,0.33974,1,1.19547,0.000738,0.0007333762812304596,1.42,1.4197602253171406,0.0031046458328948335,0.0031085270773009294,0.0013927077609999998,0.0013933599568260516,A_whole
lag,0.3717499999999999,0.34903,1,1.19213,0.000759,0.0007548928900571096,1.419,1.4188689271230845,0.0030868846424029865,0.003090873693304852,0.001389201984,0.0013898172966581093,A_whole
lag,0.38105,0.35833,1,1.18855,0.000781,0.0007770956123410984,1.418,1.41839126483864,0.0030672824962453887,0.003071336746378261,0.001386519696,0.0013870589789127447,A_whole
lag,0.39037,0.36764,1,1.18516,0.000803,0.0007990603990912273,1.418,1.4177016457344747,0.003049969466075056,0.0030539149142962945,0.001383542416,0.0013840650095287088,A_whole
lag,0.39969999999999994,0.37697,1,1.18182,0.000825,0.0008210805231086826,1.417,1.4170208745029802,0.0030335823818695147,0.003037158619253427,0.0013806426490000003,0.001381147740209164,A_whole
lag,0.4090499999999999,0.38631,1,1.17834,0.000848,0.0008436247374934711,1.416,1.4165964473426167,0.003015516574385478,0.003019414216030669,0.001378265625,0.0013787458127581147,A_whole
lag,0.41840999999999995,0.39567,1,1.17487,0.000871,0.0008663279970912052,1.416,1.4162048005881496,0.002998581088888463,0.003002099318913967,0.0013760390250000002,0.001376522983603222,A_whole
lag,0.42777999999999994,0.40503,1,1.17173,0.000893,0.0008883798466565121,1.415,1.415417788798794,0.002984082770885803,0.0029879015167383577,0.0013732953640000001,0.0013736929670423311,A_whole
lag,0.43716999999999995,0.41441,1,1.16822,0.000916,0.0009115888593937271,1.415,1.4152112201672764,0.002966869900122286,0.002970590959845827,0.0013715171559999999,0.0013718928659371052,A_whole
lag,0.44655999999999996,0.4238,1,1.16499,0.000939,0.00093422720859198,1.415,1.4146627070441107,0.0029531351159556365,0.0029559911013881837,0.001369222009,0.0013696185153347182,A_whole
lag,0.45597,0.4332,1,1.16156,0.000962,0.0009576204390507588,1.414,1.4144453083006683,0.002936507910437644,0.0029398175523541147,0.001367594361,0.0013679669567784082,A_whole
lag,0.46538999999999997,0.44261,1,1.15834,0.000985,0.0009806180026188857,1.414,1.4139774144379262,0.002922299574489124,0.0029256910863069236,0.001365598116,0.0013659781364152139,A_whole
lag,0.4748199999999999,0.45203,1,1.15512,0.001008,0.0010038087702235036,1.414,1.4135693310657966,0.002908636407940897,0.00291166081520585,0.0013638249,0.0013641287016667614,A_whole
lag,0.4842599999999999,0.46145,1,1.15177,0.001032,0.001027585502134802,1.413,1.413392293887059,0.002893920441225272,0.002896649984445581,0.001362421921,0.001362735743064835,A_whole
lag,0.49371999999999994,0.47089,1,1.14861,0.001056,0.0010510006757378826,1.413,1.4129853202780278,0.0028803045509360452,0.0028834547997014692,0.0013607245439999998,0.0013610234395064354,A_whole
lag,0.5031699999999999,0.48033,1,1.14539,0.001079,0.0010747764117610317,1.413,1.4127263320880343,0.002866794477460568,0.0028697926681510986,0.001359323161,0.0013596022560168127,A_whole
lag,0.51264,0.48979,1,1.14213,0.001103,0.001098903136149353,1.413,1.4125606426192505,0.002853285901259095,0.002855932274237617,0.0013581436089999998,0.0013584025975485665,A_whole
lag,0.5221199999999999,0.49924,1,1.139,0.001127,0.0011228124173885926,1.412,1.4122523115729884,0.0028404689355988224,0.002843302224943988,0.001356817225,0.0013570199599622626,A_whole
lag,0.5316,0.50871,1,1.13587,0.001152,0.001146915765443279,1.412,1.4119975965741054,0.0028282422431620455,0.002830716447403695,0.0013555651239999997,0.0013557632378675274,A_whole
lag,0.54109,0.51818,1,1.13266,0.001176,0.0011715093074438974,1.412,1.4118986492952241,0.0028146756834069742,0.0028175339716482,0.0013546080249999999,0.0013548197883900019,A_whole
lag,0.5505899999999999,0.52766,1,1.12953,0.001201,0.0011960390044070202,1.412,1.411722224345395,0.00280207984198349,0.0028051367043919052,0.0013536512639999998,0.0013538045986068463,A_whole
lag,0.5600999999999999,0.53714,1,1.12642,0.001225,0.0012207149317633545,1.412,1.4115582341069683,0.0027899894187239614,0.002792975538992048,0.0013526948409999999,0.001352852564718195,A_whole
lag,0.56961,0.54663,1,1.12327,0.00125,0.0012457474132919043,1.411,1.4114945561352032,0.0027779197935884586,0.0027805322377862213,0.0013519593610000003,0.001352117584908717,A_whole
lag,0.5791299999999999,0.55612,1,1.12021,0.001275,0.001270663609077843,1.411,1.4113375133423498,0.0027660225932641365,0.002768924074471105,0.0013511505639999999,0.0013512732164157831,A_whole
lag,0.58866,0.56562,1,1.11714,0.001301,0.0012958433471320287,1.411,1.4112348001702446,0.002754803764063479,0.002757272080961272,0.0013504155040000001,0.001350554060886217,A_whole
lag,0.59819,0.57512,1,1.11397,0.001326,0.0013216382107595814,1.411,1.41131505683579,0.0027422999694293035,0.0027448296481190834,0.0013500480489999998,0.0013501933468366611,A_whole
lag,0.6077299999999999,0.58463,1,1.11094,0.001352,0.001347102050008634,1.411,1.4112226119662525,0.002731351191390223,0.002733645950752832,0.0013494602249999998,0.0013495960602731487,A_whole
lag,0.61727,0.59414,1,1.10784,0.001378,0.0013730780211143592,1.411,1.4112716855791883,0.002719770435705177,0.002721900886273107,0.001349166361,0.0013492745857966654,A_whole
lag,0.62681,0.60366,1,1.10479,0.001404,0.0013990696919527533,1.411,1.4112827131395824,0.0027077713865709466,0.002710623555585419,0.0013488725290000001,0.0013489375206613382,A_whole
lag,0.6363599999999999,0.61317,1,1.10174,0.00143,0.0014253039314668255,1.411,1.411325633987443,0.0026972452718344074,0.0026993915387389027,0.001348652176,0.0013486938043949371,A_whole
lag,0.6459199999999999,0.6227,1,1.09863,0.001457,0.0014520527499252516,1.411,1.4114857031821924,0.0026851968126839106,0.0026877117832457913,0.001348652176,0.001348693123445835,A_whole
lag,0.65548,0.63222,1,1.09554,0.001484,0.0014789539538943568,1.412,1.4116461223997099,0.0026737034662570624,0.002676255927959551,0.0013487256250000002,0.0013487482341617812,A_whole
lag,0.66504,0.64175,1,1.09254,0.001511,0.0015056815961431956,1.412,1.4117054315844162,0.00266327391406871,0.0026655900212885363,0.001348652176,0.0013486779923621737,A_whole
lag,0.6746099999999999,0.65127,1,1.08953,0.001538,0.0015327110709676109,1.412,1.4118107558626622,0.0026527374874504924,0.002654864085421109,0.0013487256250000002,0.0013487145423337643,A_whole
lag,0.68418,0.6608,1,1.0862,0.001567,0.0015615413038165922,1.412,1.4124188976725645,0.002639362313791463,0.0026415232634276805,0.001349680644,0.0013496541804838402,A_whole
lag,0.69375,0.67034,1,1.08328,0.001594,0.0015886254521856023,1.412,1.4124344776427726,0.0026297500471221215,0.002631695086107266,0.001349680644,0.0013496749893651453,A_whole
lag,0.70333,0.67987,1,1.0801,0.001623,0.001617284881709141,1.413,1.4128693273747455,0.002617827951803953,0.0026197171740818337,0.0013504155040000001,0.0013504256621764633,A_whole
lag,0.7129099999999999,0.68941,1,1.077,0.001651,0.0016458114160838074,1.413,1.4132059965427815,0.0026061939998051607,0.0026084736440032666,0.0013510770489999998,0.0013510759341589303,A_whole
lag,0.72249,0.69894,1,1.07384,0.00168,0.0016749315489693905,1.414,1.41365862061681,0.002594671818388025,0.0025967761987721453,0.0013520328999999998,0.0013519721206713257,A_whole
lag,0.73207,0.70848,1,1.07066,0.00171,0.001704449450763313,1.414,1.4141636580186474,0.0025830645073865563,0.0025849732221444382,0.0013530626559999997,0.0013530169741790702,A_whole
lag,0.7416499999999999,0.71802,1,1.06745,0.00174,0.0017344310937146936,1.415,1.414735449659256,0.0025705395399915937,0.0025729843551499654,0.001354313601,0.001354236335423631,A_whole
lag,0.7512399999999999,0.72755,1,1.06422,0.00177,0.0017648470543600782,1.415,1.4153532299684952,0.0025587953234846375,0.002560911990504896,0.0013556387609999997,0.0013555981589413546,A_whole
lag,0.7608299999999999,0.73709,1,1.06094,0.001801,0.0017958683882679227,1.416,1.4160671168666181,0.002546211871795191,0.0025484933654398583,0.001357259281,0.0013571877936550403,A_whole
lag,0.7704099999999999,0.74663,1,1.05765,0.001833,0.001827268810110922,1.417,1.4168189985126705,0.0025343647285943787,0.002536050365693718,0.001358954496,0.0013589106230463474,A_whole
lag,0.7799999999999999,0.75617,1,1.05411,0.001866,0.001860520033307833,1.418,1.4179718798107521,0.0025199165834785273,0.002521629177579841,0.001361462404,0.0013613842771705528,A_whole
lag,0.78959,0.76571,1,1.05094,0.001898,0.0018919003484421713,1.419,1.4185548692488374,0.002507979168318681,0.0025104059867942317,0.0013630864,0.0013630036495434102,A_whole
lag,0.79918,0.77524,1,1.04726,0.001933,0.0019268020641451517,1.42,1.4199661153384378,0.0024928117221003905,0.0024949729583406744,0.001366189444,0.001366054629316403,A_whole
lag,0.8087799999999999,0.78478,1,1.0438,0.001967,0.001960747825614697,1.421,1.4210291325245301,0.002479994739694355,0.0024815376801834146,0.0013687780090000001,0.0013686487099214136,A_whole
lag,0.8183699999999999,0.79431,1,1.0402,0.002002,0.0019960000268193817,1.422,1.4223377210114911,0.0024648433123043165,0.00246699879673938,0.001371887521,0.0013717289974978398,A_whole
lag,0.8279599999999999,0.80384,1,1.03642,0.002039,0.0020328952234739653,1.424,1.4239503141712213,0.0024493411447526247,0.0024510638308840424,0.0013755939209999998,0.0013754156980593628,A_whole
lag,0.83754,0.81337,1,1.03271,0.002076,0.0020697926665644564,1.426,1.425463673549059,0.0024341532842025414,0.002435830981788006,0.001379231044,0.0013790561266053554,A_whole
lag,0.8471299999999999,0.8229,1,1.02864,0.002116,0.0021097055257316547,1.428,1.4275815319813496,0.0024156501248026926,0.002417695591101487,0.001383914401,0.0013838009075588626,A_whole
lag,0.8567199999999999,0.83242,1,1.02465,0.002156,0.002149634577828307,1.43,1.4295754583767026,0.0023983062376518745,0.0024003969491113064,0.001388680225,0.0013884941946930073,A_whole
lag,0.8663,0.84194,1,1.02047,0.002198,0.002191528532818511,1.432,1.4319111114615577,0.0023795827858276736,0.002381600393222959,0.0013940515690000002,0.001393874263218056,A_whole
lag,0.87588,0.85146,1,1.0161,0.002242,0.0022355018013113796,1.435,1.4345889894825352,0.00235941524508266,0.0023613342041413432,0.001400181561,0.001399963595555515,A_whole
lag,0.8854599999999999,0.86096,1,1.01162,0.002287,0.0022810496919297664,1.438,1.4374777401601828,0.0023383412169971658,0.002340283002723337,0.0014067750489999999,0.0014065637706034719,A_whole
lag,0.8950199999999999,0.87046,1,1.00697,0.002335,0.002328703148347775,1.441,1.4407024792725653,0.0023156079311228072,0.0023178817453805706,0.001414060816,0.001413873004424213,A_whole
lag,0.9045799999999999,0.87995,1,1.00191,0.002387,0.0023805575865803305,1.445,1.4446983017420443,0.0022902429170217906,0.0022920851797033543,0.0014227983999999998,0.0014226039874156362,A_whole
lag,0.9141199999999999,0.88942,1,0.99688,0.00244,0.00243318359587693,1.449,1.4486935389539808,0.0022651122509371522,0.002266670018520478,0.0014317899209999997,0.001431558542308779,A_whole
lag,0.92363,0.89886,1,0.99126,0.002499,0.0024919386625780805,1.454,1.4538695729904005,0.0022338775388349493,0.0022361513221401657,0.0014427842559999998,0.0014425720457946637,A_whole
lag,0.93311,0.90826,1,0.98563,0.002559,0.0025521185572325096,1.459,1.4591640939877595,0.0022038845465407633,0.0022056112226207327,0.0014542782250000002,0.0014540348263791575,A_whole
lag,0.94253,0.91761,1,0.97945,0.002626,0.002618729405868072,1.466,1.4656840139554204,0.002168197272782574,0.0021701224150620373,0.001467885969,0.0014676136814856765,A_whole
lag,0.95187,0.92688,1,0.9729,0.002698,0.002690571160079716,1.473,1.4731601273526898,0.0021288185392013374,0.0021311657743128447,0.0014832511689999999,0.001482911075831235,A_whole
lag,0.96109,0.93602,1,0.96592,0.002776,0.0027686416255503594,1.482,1.4818304999957115,0.002085741675437557,0.0020879858906502737,0.001500555169,0.0015002504877711386,A_whole
lag,0.97014,0.94499,1,0.95857,0.00286,0.0028528412114345366,1.492,1.4917147250638152,0.002039491598934096,0.0020408597793075407,0.001519908196,0.0015196075986656093,A_whole
lag,0.9789399999999999,0.95372,1,0.95066,0.002953,0.002945726071588199,1.504,1.5034506139007002,0.0019861589932981126,0.001987608725164935,0.0015421329,0.0015417900298761542,A_whole
lag,0.98742,0.96213,1,0.94234,0.003055,0.0030464718731540996,1.517,1.5169628915808806,0.001927917776832931,0.0019291814677136051,0.0015669722250000002,0.001566550255420444,A_whole
lag,0.9954799999999999,0.97012,1,0.93378,0.003162,0.0031538222739345262,1.532,1.532144763446428,0.0018647963290712194,0.0018666511794948337,0.001593925776,0.0015935238718852232,A_whole
lag,1.00304,0.9776,1,0.92496,0.003277,0.0032686498816858044,1.55,1.5493744039145052,0.0017976719063196994,0.0017992795401210804,0.001623364681,0.001622940536106701,A_whole
lag,1.01002,0.98451,1,0.91581,0.003401,0.003392644472331052,1.57,1.5692744360669932,0.001724080461480196,0.0017257271123584795,0.0016556760999999998,0.0016552287251504795,A_whole
lag,1.0163799999999998,0.99082,1,0.907,0.003527,0.003517561105046174,1.59,1.5902147695282811,0.001650764785467435,0.0016524203715192758,0.0016885524639999997,0.0016880322084853502,A_whole
lag,1.02214,0.99652,1,0.89829,0.003656,0.0036466872379262746,1.613,1.6131082609226253,0.0015751155554125484,0.0015767610456322544,0.001722665025,0.0017221670132274696,A_whole
lag,1.02565,1.0,1,0.89417,0.00372,0.003710612038305531,1.624,1.6236650209664256,0.0015383845924857656,0.0015428003841751932,0.0017397240999999998,0.0017391903395381238,A_whole
equil,0.07973999999999992,0.05862,1,1.31597,9e-05,9.285623053054038e-05,1.823,1.6329863794865638,0.003401708107262158,0.00416451578841895,0.002390818816,0.002176670533354302,B_turb
equil,0.0852099999999999,0.06391,1,1.31258,0.000101,0.00010573957529496551,1.581,1.5485034068022285,0.00434044138494278,0.004508141713087522,0.002227651204,0.0018170636304925577,B_turb
equil,0.09104999999999996,0.06959,1,1.31063,0.000115,0.00011953691805197917,1.494,1.5212575326411961,0.004780087460183852,0.004510031227133114,0.001958859081,0.0017142940580441423,B_turb
equil,0.0972599999999999,0.07564,1,1.309,0.000131,0.0001339748082673303,1.474,1.5079105984480912,0.0047213829625189895,0.0044283688384474116,0.0017927602809999998,0.001672508356605941,B_turb
equil,0.10380999999999996,0.08205,1,1.30676,0.000147,0.00014916856302377705,1.472,1.4990943091229372,0.004554287410923796,0.004330156370127099,0.0017039558410000002,0.001648496416260599,B_turb
equil,0.11068999999999996,0.0888,1,1.30333,0.000163,0.00016533249305166652,1.473,1.4925434807503384,0.0043846091323313996,0.004229096611500038,0.0016573041000000003,0.0016324416293590361,B_turb
equil,0.11785999999999996,0.09586,1,1.3001,0.00018,0.00018184202191601418,1.472,1.4858154938289263,0.004252008541573435,0.004144537625237158,0.0016285260250000003,0.0016129949392756154,B_turb
equil,0.12529999999999997,0.10319,1,1.29646,0.000198,0.00019896652151918482,1.47,1.4801648919603128,0.004140269322274066,0.004063814627279375,0.0016088121,0.0015967947249709812,B_turb
equil,0.13296999999999992,0.11076,1,1.29272,0.000215,0.00021649530479315963,1.467,1.474938138877414,0.004048171146070505,0.003990895891431242,0.001592728281,0.0015810365730187868,B_turb
equil,0.1408299999999999,0.11855,1,1.28899,0.000234,0.00023430919697248916,1.464,1.4701000034402878,0.003970519999210679,0.003924941549421119,0.0015781550759999998,0.0015658318844533198,B_turb
equil,0.14886999999999995,0.12651,1,1.28518,0.000252,0.00025246104652031944,1.46,1.4657654235355007,0.003901464098654348,0.0038635959357981612,0.001564518916,0.001551992342995496,B_turb
equil,0.15705999999999998,0.13464,1,1.28123,0.00027,0.0002709533062821531,1.457,1.4619344749523444,0.0038390538203283845,0.0038058700689115503,0.0015518084489999997,0.0015397003819788181,B_turb
equil,0.1653699999999999,0.1429,1,1.27719,0.000289,0.00028971628209339056,1.454,1.4584672931552511,0.003781845227049074,0.0037520568795525785,0.001539856081,0.001528423947461369,B_turb
equil,0.17379,0.15127,1,1.27326,0.000308,0.00030859448320133054,1.451,1.455098802567065,0.0037305905948378073,0.0037034402499947013,0.0015281844640000002,0.0015170081434253,B_turb
equil,0.1822999999999999,0.15974,1,1.26951,0.000327,0.00032749691124712424,1.448,1.4518305978883452,0.003684409902621356,0.0036594615873925987,0.001516790916,0.0015055506073079288,B_turb
equil,0.19089999999999996,0.16831,1,1.26579,0.000346,0.0003465561751967233,1.445,1.4488831710974908,0.00364118801109643,0.00361777047951085,0.001505828025,0.0014951928279024124,B_turb
equil,0.19955999999999996,0.17694,1,1.26155,0.000366,0.000366246019099255,1.443,1.4468193931842428,0.003595331316511852,0.0035735781160607157,0.001496838721,0.0014886930326724309,B_turb
equil,0.20828999999999998,0.18565,1,1.258,0.000386,0.00038541721937261517,1.441,1.443949144615224,0.0035594137109146926,0.0035391034428925686,0.0014868735999999999,0.0014780212845419245,B_turb
equil,0.21707999999999994,0.19442,1,1.25402,0.000405,0.00040520126260328623,1.439,1.4419592630725775,0.0035203606305453353,0.0035014973849733125,0.001478556304,0.0014712764621874583,B_turb
equil,0.2259199999999999,0.20324,1,1.2503,0.000425,0.00042484621748988693,1.437,1.4397476314470825,0.0034863263625335857,0.003468517301580096,0.0014701089640000002,0.0014632361012500946,B_turb
equil,0.2347999999999999,0.21211,1,1.24652,0.000445,0.0004447013877300635,1.435,1.4378295334418938,0.0034521548416939145,0.003436186119165646,0.0014624505639999998,0.0014563832278139215,B_turb
equil,0.24373,0.22103,1,1.24266,0.000465,0.00046482012767267865,1.433,1.4361473347650937,0.0034198852129859263,0.0034045620743607253,0.0014554988009999998,0.001450473200845623,B_turb
equil,0.25268999999999997,0.22999,1,1.23889,0.000485,0.0004849620752726293,1.432,1.4344618492699859,0.0033892597413560594,0.0033752274878707184,0.0014487919689999999,0.0014443853654682254,B_turb
equil,0.26169,0.23898,1,1.23533,0.000506,0.0005049817608639523,1.43,1.4326570806407204,0.003361641436497801,0.0033487997380527625,0.001442024676,0.0014375881376218476,B_turb
equil,0.27071999999999996,0.24801,1,1.23147,0.000526,0.0005255707449104708,1.429,1.4314038651316625,0.0033326335706220065,0.0033203714259018727,0.0014364100000000002,0.0014332817003798854,B_turb
equil,0.27979,0.25707,1,1.22802,0.000546,0.0005457308771109877,1.428,1.4296999753966262,0.003307619662011769,0.0032967849407417797,0.0014302011239999998,0.001426725950055818,B_turb
equil,0.2888799999999999,0.26616,1,1.22394,0.000568,0.0005669975224656628,1.427,1.4289621246057709,0.003278307425825002,0.0032680860403057296,0.0014258931210000003,0.0014246462702241706,B_turb
equil,0.29799999999999993,0.27528,1,1.22067,0.000588,0.0005871459353954286,1.425,1.4271797548757787,0.003257641054856525,0.003248023597334518,0.0014200838560000002,0.0014175291656194,B_turb
equil,0.30713999999999997,0.28442,1,1.21683,0.000609,0.0006083863370888157,1.425,1.426346416149313,0.0032316336776445726,0.003222868580108477,0.0014158663840000002,0.0014148192807464804,B_turb
equil,0.31631,0.29359,1,1.21331,0.00063,0.000629254419561333,1.423,1.4251178972414285,0.0032089750089014423,0.003201604539967277,0.0014112043560000002,0.0014101671835274159,B_turb
equil,0.3254999999999999,0.30278,1,1.20979,0.000651,0.0006502836490976869,1.423,1.424015605880194,0.0031880472816307906,0.003180684022475901,0.001406850064,0.001406042755061607,B_turb
equil,0.33470999999999995,0.31199,1,1.20605,0.000673,0.0006718861334748877,1.422,1.4232850171787144,0.003164538246286638,0.003158341931137793,0.0014033265210000002,0.0014036126048669294,B_turb
equil,0.3439399999999999,0.32122,1,1.20265,0.000694,0.0006930124054456441,1.421,1.422153746929707,0.0031451214866176887,0.0031396799926384326,0.0013992836490000003,0.001399234000701298,B_turb
equil,0.35319,0.33047,1,1.19908,0.000716,0.0007146473348524384,1.42,1.421360958226816,0.003124928609326262,0.003119733917363382,0.0013958443209999998,0.0013964004662465875,B_turb
equil,0.36246,0.33974,1,1.19547,0.000738,0.0007365448682476993,1.42,1.4206711438689448,0.0031046458328948335,0.003099974704635466,0.0013927077609999998,0.0013940054962812338,B_turb
equil,0.3717499999999999,0.34903,1,1.19213,0.000759,0.0007580554668157747,1.419,1.419683176066139,0.0030868846424029865,0.003083001676181328,0.001389201984,0.0013901608653203539,B_turb
equil,0.38105,0.35833,1,1.18855,0.000781,0.0007802573480435084,1.418,1.419113662223178,0.0030672824962453887,0.0030641079443797913,0.001386519696,0.0013882468902183208,B_turb
equil,0.39037,0.36764,1,1.18516,0.000803,0.0008022223413558879,1.418,1.418330563961328,0.003049969466075056,0.0030473178091481624,0.001383542416,0.00138528976413955,B_turb
equil,0.39969999999999994,0.37697,1,1.18182,0.000825,0.0008242448713798008,1.417,1.417567188374817,0.0030335823818695147,0.0030311214159805125,0.0013806426490000003,0.0013823899893139872,B_turb
equil,0.4090499999999999,0.38631,1,1.17834,0.000848,0.0008467952858173656,1.416,1.417060782549978,0.003015516574385478,0.003013923302348258,0.001378265625,0.0013806677424008046,B_turb
equil,0.41840999999999995,0.39567,1,1.17487,0.000871,0.0008695072369903694,1.416,1.416579159934782,0.002998581088888463,0.002997183212737201,0.0013760390250000002,0.0013790320411623186,B_turb
equil,0.42777999999999994,0.40503,1,1.17173,0.000893,0.0008915671658447174,1.415,1.4157134137546665,0.002984082770885803,0.002983486424917413,0.0013732953640000001,0.001375561154572176,B_turb
equil,0.43716999999999995,0.41441,1,1.16822,0.000916,0.0009147899755896717,1.415,1.4154307666153276,0.002966869900122286,0.0029666581885505906,0.0013715171559999999,0.0013748059869405805,B_turb
equil,0.44655999999999996,0.4238,1,1.16499,0.000939,0.0009374418115934685,1.415,1.4148033650103309,0.0029531351159556365,0.0029525419358237426,0.001369222009,0.001372405333123543,B_turb
equil,0.45597,0.4332,1,1.16156,0.000962,0.0009608526547168777,1.414,1.414506943128068,0.002936507910437644,0.0029368457499549345,0.001367594361,0.0013715373875700404,B_turb
equil,0.46538999999999997,0.44261,1,1.15834,0.000985,0.0009838681250148105,1.414,1.413959404015264,0.002922299574489124,0.0029231892422240686,0.001365598116,0.0013694683245466129,B_turb
equil,0.4748199999999999,0.45203,1,1.15512,0.001008,0.00100707893579845,1.414,1.4134793295189378,0.002908636407940897,0.0029095827502999506,0.0013638249,0.0013676956342082486,B_turb
equil,0.4842599999999999,0.46145,1,1.15177,0.001032,0.0010308790198932834,1.413,1.4132277514367075,0.002893920441225272,0.0028950020138259302,0.001362421921,0.0013669766945357037,B_turb
equil,0.49371999999999994,0.47089,1,1.14861,0.001056,0.0010543178244576267,1.413,1.412746838023365,0.0028803045509360452,0.0028822259777830767,0.0013607245439999998,0.001365163937824541,B_turb
equil,0.5031699999999999,0.48033,1,1.14539,0.001079,0.0010781197682949398,1.413,1.412418132782012,0.002866794477460568,0.0028689558404439122,0.001359323161,0.0013640474921205446,B_turb
equil,0.51264,0.48979,1,1.14213,0.001103,0.0011022750620257203,1.413,1.412179691340274,0.002853285901259095,0.002855496463454002,0.0013581436089999998,0.0013633391025006443,B_turb
equil,0.5221199999999999,0.49924,1,1.139,0.001127,0.0011262136504371532,1.412,1.4117997283316197,0.0028404689355988224,0.0028432558112409505,0.001356817225,0.001361951922484819,B_turb
equil,0.5316,0.50871,1,1.13587,0.001152,0.001150348201055939,1.412,1.4114777937071743,0.0028282422431620455,0.0028310323965708008,0.0013555651239999997,0.0013608221425347976,B_turb
equil,0.54109,0.51818,1,1.13266,0.001176,0.0011749755846215718,1.412,1.41130988554404,0.0028146756834069742,0.0028182156374061715,0.0013546080249999999,0.001360401044417884,B_turb
equil,0.5505899999999999,0.52766,1,1.12953,0.001201,0.0011995402392677482,1.412,1.4110628175488127,0.00280207984198349,0.0028061873530094176,0.0013536512639999998,0.0013595962277987,B_turb
equil,0.5600999999999999,0.53714,1,1.12642,0.001225,0.00122425280165494,1.412,1.410829587264597,0.0027899894187239614,0.0027943836399597134,0.0013526948409999999,0.0013588441470543421,B_turb
equil,0.56961,0.54663,1,1.12327,0.00125,0.0012493241668776317,1.411,1.41069531760478,0.0027779197935884586,0.002782299531668934,0.0013519593610000003,0.0013585439450110358,B_turb
equil,0.5791299999999999,0.55612,1,1.12021,0.001275,0.001274280221016423,1.411,1.4104679579669739,0.0027660225932641365,0.0027710451920265155,0.0013511505639999999,0.0013577967796559642,B_turb
equil,0.58866,0.56562,1,1.11714,0.001301,0.0012995017391106952,1.411,1.4102968169023682,0.002754803764063479,0.002759733704411995,0.0013504155040000001,0.0013573025276482258,B_turb
equil,0.59819,0.57512,1,1.11397,0.001326,0.0013253412139530422,1.411,1.4103044187271219,0.0027422999694293035,0.002747647078650784,0.0013500480489999998,0.0013576352301482273,B_turb
equil,0.6077299999999999,0.58463,1,1.11094,0.001352,0.0013508501503062883,1.411,1.4101380351914508,0.002731351191390223,0.0027368221904304625,0.0013494602249999998,0.0013571439157574407,B_turb
equil,0.61727,0.59414,1,1.10784,0.001378,0.0013768737976394589,1.411,1.4101124618897343,0.002719770435705177,0.0027254345934192535,0.001349166361,0.0013573025867554172,B_turb
equil,0.62681,0.60366,1,1.10479,0.001404,0.0014029145268579242,1.411,1.4100471630221336,0.0027077713865709466,0.0027145191100282208,0.0013488725290000001,0.001357266518598527,B_turb
equil,0.6363599999999999,0.61317,1,1.10174,0.00143,0.001429199739117991,1.411,1.410013137989976,0.0026972452718344074,0.002703647930615597,0.001348652176,0.0013573686861335138,B_turb
equil,0.6459199999999999,0.6227,1,1.09863,0.001457,0.001456002096960694,1.411,1.4100926091587636,0.0026851968126839106,0.0026923414572546283,0.001348652176,0.0013579942781721296,B_turb
equil,0.65548,0.63222,1,1.09554,0.001484,0.0014829586306832827,1.412,1.4101679881354818,0.0026737034662570624,0.002681275794943084,0.0013487256250000002,0.001358593096201353,B_turb
equil,0.66504,0.64175,1,1.09254,0.001511,0.0015097426874740427,1.412,1.410142046237494,0.00266327391406871,0.002670998319856338,0.001348652176,0.0013587104579095052,B_turb
equil,0.6746099999999999,0.65127,1,1.08953,0.001538,0.001536830698538633,1.412,1.4101634615736973,0.0026527374874504924,0.0026606505932739257,0.0013487256250000002,0.0013590425198505515,B_turb
equil,0.68418,0.6608,1,1.0862,0.001567,0.001565724928956392,1.412,1.4106743974430789,0.002639362313791463,0.0026477397563737354,0.001349680644,0.0013616581739738095,B_turb
equil,0.69375,0.67034,1,1.08328,0.001594,0.0015928709751283367,1.412,1.4105914622234843,0.0026297500471221215,0.0026383505691681794,0.001349680644,0.0013614892616869072,B_turb
equil,0.70333,0.67987,1,1.0801,0.001623,0.0016215973148428664,1.413,1.4109244325593295,0.002617827951803953,0.002626817690776265,0.0013504155040000001,0.0013632598609685446,B_turb
equil,0.7129099999999999,0.68941,1,1.077,0.001651,0.0016501922190278189,1.413,1.4111534921535214,0.0026061939998051607,0.0026160424366271843,0.0013510770489999998,0.0013645385740533476,B_turb
equil,0.72249,0.69894,1,1.07384,0.00168,0.0016793837438183715,1.414,1.411492881660222,0.002594671818388025,0.002604832750340548,0.0013520328999999998,0.0013663277031414364,B_turb
equil,0.73207,0.70848,1,1.07066,0.00171,0.0017089757262650754,1.414,1.4118775439094011,0.0025830645073865563,0.002593544380615618,0.0013530626559999997,0.001368323234776971,B_turb
equil,0.7416499999999999,0.71802,1,1.06745,0.00174,0.0017390343492674682,1.415,1.4123211355046263,0.0025705395399915937,0.002582099338838559,0.001354313601,0.0013705892839308523,B_turb
equil,0.7512399999999999,0.72755,1,1.06422,0.00177,0.0017695302373223276,1.415,1.412802565110732,0.0025587953234846375,0.0025706012934687025,0.0013556387609999997,0.001373027620675971,B_turb
equil,0.7608299999999999,0.73709,1,1.06094,0.001801,0.0018006348377711957,1.416,1.4133706921719986,0.002546211871795191,0.0025587915984039496,0.001357259281,0.0013758668169101236,B_turb
equil,0.7704099999999999,0.74663,1,1.05765,0.001833,0.0018321214967498018,1.417,1.413967903964534,0.0025343647285943787,0.0025469904229770517,0.001358954496,0.0013788374316665228,B_turb
equil,0.7799999999999999,0.75617,1,1.05411,0.001866,0.0018654647755164287,1.418,1.4149463554805866,0.0025199165834785273,0.0025332829811399527,0.001361462404,0.0013835875892160847,B_turb
equil,0.78959,0.76571,1,1.05094,0.001898,0.0018969364565831605,1.419,1.4153524651035723,0.002507979168318681,0.0025227901476597278,0.0013630864,0.00138565631085555,B_turb
equil,0.79918,0.77524,1,1.04726,0.001933,0.001931938258497032,1.42,1.4165654591845382,0.0024928117221003905,0.0025081533647641997,0.001366189444,0.0013914961059602934,B_turb
equil,0.8087799999999999,0.78478,1,1.0438,0.001967,0.00196598542685316,1.421,1.4174161741079352,0.002479994739694355,0.002495575434457422,0.0013687780090000001,0.001395637861604632,B_turb
equil,0.8183699999999999,0.79431,1,1.0402,0.002002,0.002001344096359271,1.422,1.4184969506519132,0.0024648433123043165,0.0024819450282141733,0.001371887521,0.0014008526328533556,B_turb
equil,0.8279599999999999,0.80384,1,1.03642,0.002039,0.0020383514399492167,1.424,1.419857377325029,0.0024493411447526247,0.002467003685918982,0.0013755939209999998,0.0014073733617324233,B_turb
equil,0.83754,0.81337,1,1.03271,0.002076,0.002075364284630369,1.426,1.4211005976352424,0.0024341532842025414,0.002452832400904141,0.001379231044,0.0014133428478601028,B_turb
equil,0.8471299999999999,0.8229,1,1.02864,0.002116,0.002115400300596902,1.428,1.4229135984236843,0.0024156501248026926,0.002435872171519647,0.001383914401,0.0014219776797726531,B_turb
equil,0.8567199999999999,0.83242,1,1.02465,0.002156,0.002155456153705249,1.43,1.4245755234044084,0.0023983062376518745,0.002419851292134257,0.001388680225,0.0014299036966485962,B_turb
equil,0.8663,0.84194,1,1.02047,0.002198,0.002197483042656087,1.432,1.4265453237773345,0.0023795827858276736,0.0024024433325673038,0.0013940515690000002,0.0014392699283642812,B_turb
equil,0.87588,0.85146,1,1.0161,0.002242,0.0022415954702001825,1.435,1.4288153602647937,0.00235941524508266,0.002383705001205511,0.001400181561,0.0014500417723120177,B_turb
equil,0.8854599999999999,0.86096,1,1.01162,0.002287,0.0022872880713898144,1.438,1.4312525109224543,0.0023383412169971658,0.0023643278302839044,0.0014067750489999999,0.001461596373496403,B_turb
equil,0.8950199999999999,0.87046,1,1.00697,0.002335,0.0023350918643918668,1.441,1.4339765114189882,0.0023156079311228072,0.0023437568255089236,0.001414060816,0.001474495125819122,B_turb
equil,0.9045799999999999,0.87995,1,1.00191,0.002387,0.0023871035846406486,1.445,1.437398140672967,0.0022902429170217906,0.00232001351454533,0.0014227983999999998,0.0014906651854862158,B_turb
equil,0.9141199999999999,0.88942,1,0.99688,0.00244,0.0024398905449904864,1.449,1.440759624609362,0.0022651122509371522,0.002296847411014394,0.0014317899209999997,0.0015065547645297431,B_turb
equil,0.92363,0.89886,1,0.99126,0.002499,0.0024988116509971014,1.454,1.4451987883645756,0.0022338775388349493,0.002268865555746396,0.0014427842559999998,0.0015275005030900366,B_turb
equil,0.93311,0.90826,1,0.98563,0.002559,0.002559159332934778,1.459,1.4496690560102343,0.0022038845465407633,0.0022411316944085913,0.0014542782250000002,0.0015485947596216448,B_turb
equil,0.94253,0.91761,1,0.97945,0.002626,0.002625937362406958,1.466,1.4552316317386385,0.002168197272782574,0.0022088002996946223,0.001467885969,0.0015748162302978545,B_turb
equil,0.95187,0.92688,1,0.9729,0.002698,0.002697941090813686,1.473,1.4615990361794766,0.0021288185392013374,0.0021734030122402305,0.0014832511689999999,0.0016048161679023721,B_turb
equil,0.96109,0.93602,1,0.96592,0.002776,0.0027761613460063816,1.482,1.4689778100115676,0.002085741675437557,0.0021342389784153436,0.001500555169,0.001639561438384163,B_turb
equil,0.97014,0.94499,1,0.95857,0.00286,0.0028604895816727607,1.492,1.4773616723062746,0.002039491598934096,0.0020916210638026954,0.001519908196,0.0016790166787061182,B_turb
equil,0.9789399999999999,0.95372,1,0.95066,0.002953,0.0029534649840027324,1.504,1.4873285693049385,0.0019861589932981126,0.0020434498735682647,0.0015421329,0.0017258820033897375,B_turb
equil,0.98742,0.96213,1,0.94234,0.003055,0.003054246072359232,1.517,1.4987661429664572,0.001927917776832931,0.001990707417398621,0.0015669722250000002,0.0017796079320372199,B_turb
equil,0.9954799999999999,0.97012,1,0.93378,0.003162,0.0031615566680278976,1.532,1.5115457139705633,0.0018647963290712194,0.001934435889479485,0.001593925776,0.0018395569971986277,B_turb
equil,1.00304,0.9776,1,0.92496,0.003277,0.0032762396392190312,1.55,1.5259924702733434,0.0017976719063196994,0.0018738909801163828,0.001623364681,0.001907201621156678,B_turb
equil,1.01002,0.98451,1,0.91581,0.003401,0.0033999420638536814,1.57,1.5426429500427656,0.001724080461480196,0.0018077493977168829,0.0016556760999999998,0.0019849682328544386,B_turb
equil,1.0163799999999998,0.99082,1,0.907,0.003527,0.003524426237459767,1.59,1.5599628707918753,0.001650764785467435,0.0017422017689467358,0.0016885524639999997,0.002065608727547805,B_turb
equil,1.02214,0.99652,1,0.89829,0.003656,0.0036529342374686962,1.613,1.578760642441616,0.0015751155554125484,0.0016746726045766172,0.001722665025,0.0021527909516845566,B_turb
equil,1.02565,1.0,1,0.89417,0.00372,0.0037165348456853825,1.624,1.5869245297227306,0.0015383845924857656,0.0016456327236013012,0.0017397240999999998,0.0021905462135363876,B_turb
lag,0.07973999999999992,0.05862,1,1.31597,9e-05,8.830109146409135e-05,1.823,2.3138282555709675,0.003401708107262158,0.001834734859604651,0.002390818816,0.0011820100333382972,B_turb
lag,0.0852099999999999,0.06391,1,1.31258,0.000101,9.643069161307232e-05,1.581,1.7773861465661316,0.00434044138494278,0.0033718008839526865,0.002227651204,0.0022976303420598363,B_turb
lag,0.09104999999999996,0.06959,1,1.31063,0.000115,0.0001085567976749098,1.494,1.5517633495453569,0.004780087460183852,0.004443523162139659,0.001958859081,0.002119366967303225,B_turb
lag,0.0972599999999999,0.07564,1,1.309,0.000131,0.00012338040480927128,1.474,1.4919527185469639,0.0047213829625189895,0.004680492074696453,0.0017927602809999998,0.0018930415652734706,B_turb
lag,0.10380999999999996,0.08205,1,1.30676,0.000147,0.00013939287873163976,1.472,1.4771878915674288,0.004554287410923796,0.004596119598330481,0.0017039558410000002,0.0017632876907912622,B_turb
lag,0.11068999999999996,0.0888,1,1.30333,0.000163,0.0001562943924024882,1.473,1.4741317987903373,0.0043846091323313996,0.004444147181513481,0.0016573041000000003,0.0016927650970731732,B_turb
lag,0.11785999999999996,0.09586,1,1.3001,0.00018,0.00017339775872138373,1.472,1.4720032716140188,0.004252008541573435,0.004308761205717711,0.0016285260250000003,0.0016500675474661497,B_turb
lag,0.12529999999999997,0.10319,1,1.29646,0.000198,0.00019097096628672476,1.47,1.4700121177939065,0.004140269322274066,0.004189465011011568,0.0016088121,0.0016223655989895825,B_turb
lag,0.13296999999999992,0.11076,1,1.29272,0.000215,0.00020884265271308585,1.467,1.467347586244293,0.004048171146070505,0.004089492291747303,0.001592728281,0.0016018007346849362,B_turb
lag,0.1408299999999999,0.11855,1,1.28899,0.000234,0.00022692586591074366,1.464,1.4641732467375055,0.003970519999210679,0.004005163516657953,0.0015781550759999998,0.0015846514136528395,B_turb
lag,0.14886999999999995,0.12651,1,1.28518,0.000252,0.0002452948072726207,1.46,1.4608977255347573,0.003901464098654348,0.0039311650595228575,0.001564518916,0.0015695391776727279,B_turb
lag,0.15705999999999998,0.13464,1,1.28123,0.00027,0.0002639652312305918,1.457,1.4577603179278564,0.0038390538203283845,0.003864362719689199,0.0015518084489999997,0.0015559737827844575,B_turb
lag,0.1653699999999999,0.1429,1,1.27719,0.000289,0.0002828775233767161,1.454,1.454770771043459,0.003781845227049074,0.0038037417062125618,0.001539856081,0.0015435529077659066,B_turb
lag,0.17379,0.15127,1,1.27326,0.000308,0.00030188657142153906,1.451,1.4517303534258506,0.0037305905948378073,0.003749944253319752,0.0015281844640000002,0.0015316001282716222,B_turb
lag,0.1822999999999999,0.15974,1,1.26951,0.000327,0.00032090741582753614,1.448,1.4486732245322809,0.003684409902621356,0.0037020336283767664,0.001516790916,0.0015198890178098254,B_turb
lag,0.19089999999999996,0.16831,1,1.26579,0.000346,0.0003400736737590092,1.445,1.4458659858895682,0.00364118801109643,0.0036572262590838563,0.001505828025,0.0015087648428083944,B_turb
lag,0.19955999999999996,0.17694,1,1.26155,0.000366,0.0003598499279849314,1.443,1.4439713547116821,0.003595331316511852,0.0036100058675412583,0.001496838721,0.00149967125331515,B_turb
lag,0.20828999999999998,0.18565,1,1.258,0.000386,0.0003791096835483307,1.441,1.441249006782926,0.0035594137109146926,0.0035729715922201014,0.0014868735999999999,0.0014895493089439344,B_turb
lag,0.21707999999999994,0.19442,1,1.25402,0.000405,0.00039896601616152476,1.439,1.4393811755774741,0.0035203606305453353,0.003533128571645804,0.001478556304,0.0014810509027843664,B_turb
lag,0.2259199999999999,0.20324,1,1.2503,0.000425,0.0004186796454553107,1.437,1.437298612588408,0.0034863263625335857,0.0034980788696596507,0.0014701089640000002,0.001472540268540372,B_turb
lag,0.2347999999999999,0.21211,1,1.24652,0.000445,0.00043859493216882205,1.435,1.4354969146625625,0.0034521548416939145,0.0034639005876506224,0.0014624505639999998,0.0014647309865734293,B_turb
lag,0.24373,0.22103,1,1.24266,0.000465,0.0004587654629058153,1.433,1.4339409103385734,0.0034198852129859263,0.003430499661479482,0.0014554988009999998,0.00145763540168129,B_turb
lag,0.25268999999999997,0.22999,1,1.23889,0.000485,0.00047895378803144533,1.432,1.4323864911243767,0.0033892597413560594,0.0033994853282831223,0.0014487919689999999,0.0014508401514648165,B_turb
lag,0.26169,0.23898,1,1.23533,0.000506,0.0004990172849829833,1.43,1.4306924304860678,0.003361641436497801,0.003371606896191721,0.001442024676,0.0014439788154293057,B_turb
lag,0.27071999999999996,0.24801,1,1.23147,0.000526,0.0005196392002312813,1.429,1.4295519243691046,0.0033326335706220065,0.003341782839277847,0.0014364100000000002,0.0014382653295750487,B_turb
lag,0.27979,0.25707,1,1.22802,0.000546,0.0005398338908511267,1.428,1.4279533715607973,0.003307619662011769,0.0033169425282780765,0.0014302011239999998,0.0014319732842294184,B_turb
lag,0.2888799999999999,0.26616,1,1.22394,0.000568,0.0005611190099455635,1.427,1.4273361022942885,0.003278307425825002,0.0032869367110266888,0.0014258931210000003,0.0014275756335293836,B_turb
lag,0.29799999999999993,0.27528,1,1.22067,0.000588,0.0005812943542544566,1.425,1.4256694773426033,0.003257641054856525,0.0032656999477942345,0.0014200838560000002,0.0014216270176219843,B_turb
lag,0.30713999999999997,0.28442,1,1.21683,0.000609,0.0006025473481850839,1.425,1.4249349591108758,0.0032316336776445726,0.0032394860942290132,0.0014158663840000002,0.0014173383248943221,B_turb
lag,0.31631,0.29359,1,1.21331,0.00063,0.0006234288596697652,1.423,1.4238158903872702,0.0032089750089014423,0.003217168492143813,0.0014112043560000002,0.0014126248805902196,B_turb
lag,0.3254999999999999,0.30278,1,1.20979,0.000651,0.0006444672179944971,1.423,1.4228077432775528,0.0031880472816307906,0.0031953191144407514,0.001406850064,0.0014081975080564863,B_turb
lag,0.33470999999999995,0.31199,1,1.20605,0.000673,0.000666070958338773,1.422,1.4221793651608965,0.003164538246286638,0.003172033443532609,0.0014033265210000002,0.0014045828450587894,B_turb
lag,0.3439399999999999,0.32122,1,1.20265,0.000694,0.0006872001234427687,1.421,1.4211482648756706,0.0031451214866176887,0.003152487318978236,0.0013992836490000003,0.0014004416623792206,B_turb
lag,0.35319,0.33047,1,1.19908,0.000716,0.000708831292366693,1.42,1.4204454732187812,0.003124928609326262,0.003131735438998283,0.0013958443209999998,0.0013969405062719924,B_turb
lag,0.36246,0.33974,1,1.19547,0.000738,0.000730720635453443,1.42,1.4198541290799267,0.0031046458328948335,0.003111152588735939,0.0013927077609999998,0.0013937866296388002,B_turb
lag,0.3717499999999999,0.34903,1,1.19213,0.000759,0.0007522240017321314,1.419,1.4189568522485607,0.0030868846424029865,0.003093431575753513,0.001389201984,0.001390220547989579,B_turb
lag,0.38105,0.35833,1,1.18855,0.000781,0.0007744111372591102,1.418,1.4184737293787562,0.0030672824962453887,0.003073828189570443,0.001386519696,0.0013874401845300774,B_turb
lag,0.39037,0.36764,1,1.18516,0.000803,0.0007963612900005767,1.418,1.417778872374596,0.003049969466075056,0.003056345526585833,0.001383542416,0.0013844251559153283,B_turb
lag,0.39969999999999994,0.37697,1,1.18182,0.000825,0.0008183666862446949,1.417,1.4170932287123454,0.0030335823818695147,0.0030395316213965833,0.0013806426490000003,0.0013814878306844867,B_turb
lag,0.4090499999999999,0.38631,1,1.17834,0.000848,0.000840894607780085,1.416,1.4166642647478198,0.003015516574385478,0.003021731246398602,0.001378265625,0.0013790669253149915,B_turb
lag,0.41840999999999995,0.39567,1,1.17487,0.000871,0.000863581159131501,1.416,1.4162682645967344,0.002998581088888463,0.003004363724881988,0.0013760390250000002,0.0013768260723117194,B_turb
lag,0.42777999999999994,0.40503,1,1.17173,0.000893,0.0008856184729087931,1.415,1.4154770855662167,0.002984082770885803,0.002990118308439005,0.0013732953640000001,0.0013739786830063991,B_turb
lag,0.43716999999999995,0.41441,1,1.16822,0.000916,0.0009088095480125327,1.415,1.415266700226069,0.002966869900122286,0.002972759207743378,0.0013715171559999999,0.0013721621995087944,B_turb
lag,0.44655999999999996,0.4238,1,1.16499,0.000939,0.0009314317555206943,1.415,1.4147144585506157,0.0029531351159556365,0.0029581155306404976,0.001369222009,0.0013698721243875296,B_turb
lag,0.45597,0.4332,1,1.16156,0.000962,0.0009548067813218929,1.414,1.4144935570897739,0.002936507910437644,0.0029418986395473444,0.001367594361,0.001368205623329326,B_turb
lag,0.46538999999999997,0.44261,1,1.15834,0.000985,0.0009777874298091689,1.414,1.4140222524376254,0.002922299574489124,0.002927732494407552,0.001365598116,0.001366202427848707,B_turb
lag,0.4748199999999999,0.45203,1,1.15512,0.001008,0.0010009608706117179,1.414,1.4136109519561912,0.002908636407940897,0.0029136640505714544,0.0013638249,0.0013643392134175415,B_turb
lag,0.4842599999999999,0.46145,1,1.15177,0.001032,0.0010247187596148745,1.413,1.413430850388298,0.002893920441225272,0.002898615871795494,0.001362421921,0.0013629331119859468,B_turb
lag,0.49371999999999994,0.47089,1,1.14861,0.001056,0.0010481162904008928,1.413,1.4130208909609967,0.0028803045509360452,0.0028853862850996095,0.0013607245439999998,0.0013612081190771332,B_turb
lag,0.5031699999999999,0.48033,1,1.14539,0.001079,0.0010718734509622357,1.413,1.412759076953246,0.002866794477460568,0.0028716906763983003,0.001359323161,0.001359774789249537,B_turb
lag,0.51264,0.48979,1,1.14213,0.001103,0.001095980851621883,1.413,1.412590655639627,0.002853285901259095,0.002857798019098452,0.0013581436089999998,0.001358563463029285,B_turb
lag,0.5221199999999999,0.49924,1,1.139,0.001127,0.0011198715389870394,1.412,1.412279670896177,0.0028404689355988224,0.002845137865326209,0.001356817225,0.0013571695559007413,B_turb
lag,0.5316,0.50871,1,1.13587,0.001152,0.0011439558979334952,1.412,1.412022421325601,0.0028282422431620455,0.00283252306004432,0.0013555651239999997,0.0013559019801007287,B_turb
lag,0.54109,0.51818,1,1.13266,0.001176,0.0011685293448208257,1.412,1.4119210295838418,0.0028146756834069742,0.0028193122418658867,0.0013546080249999999,0.0013549480906479765,B_turb
lag,0.5505899999999999,0.52766,1,1.12953,0.001201,0.001193039265996083,1.412,1.4117422169123712,0.00280207984198349,0.002806888286861985,0.0013536512639999998,0.0013539228079788848,B_turb
lag,0.5600999999999999,0.53714,1,1.12642,0.001225,0.0012176952130587113,1.412,1.411575915577415,0.0027899894187239614,0.0027947015409702626,0.0013526948409999999,0.0013529610116050235,B_turb
lag,0.56961,0.54663,1,1.12327,0.00125,0.001242706951264601,1.411,1.4115099945483558,0.0027779197935884586,0.0027822334391229015,0.0013519593610000003,0.0013522166075340997,B_turb
lag,0.5791299999999999,0.55612,1,1.12021,0.001275,0.001267602848947672,1.411,1.411350761056992,0.0027660225932641365,0.0027706019227165244,0.0013511505639999999,0.0013513630936348281,B_turb
lag,0.58866,0.56562,1,1.11714,0.001301,0.0012927618200994136,1.411,1.4112459260548136,0.002754803764063479,0.0027589273237747726,0.0013504155040000001,0.0013506350686211216,B_turb
lag,0.59819,0.57512,1,1.11397,0.001326,0.0013185345769532683,1.411,1.411324106684776,0.0027422999694293035,0.002746462668942293,0.0013500480489999998,0.0013502657783796984,B_turb
lag,0.6077299999999999,0.58463,1,1.11094,0.001352,0.0013439772503525725,1.411,1.4112296153723511,0.002731351191390223,0.002735258365840927,0.0013494602249999998,0.0013496601404704158,B_turb
lag,0.61727,0.59414,1,1.10784,0.001378,0.0013699309952262889,1.411,1.4112766914563992,0.002719770435705177,0.0027234930866180456,0.001349166361,0.0013493305566540017,B_turb
lag,0.62681,0.60366,1,1.10479,0.001404,0.0013959005298358972,1.411,1.4112857532599181,0.0027077713865709466,0.002712196580213522,0.0013488725290000001,0.0013489855978279103,B_turb
lag,0.6363599999999999,0.61317,1,1.10174,0.00143,0.0014221122512440595,1.411,1.4113267433196073,0.0026972452718344074,0.0027009460863157823,0.001348652176,0.001348734182897746,B_turb
lag,0.6459199999999999,0.6227,1,1.09863,0.001457,0.0014488375661659526,1.411,1.4114849030872432,0.0026851968126839106,0.002689248292043458,0.001348652176,0.0013487259943062641,B_turb
lag,0.65548,0.63222,1,1.09554,0.001484,0.001475715057903633,1.412,1.411643424692923,0.0026737034662570624,0.0026777752555625627,0.0013487256250000002,0.0013487737772983192,B_turb
lag,0.66504,0.64175,1,1.09254,0.001511,0.0015024194997867966,1.412,1.411700861198182,0.00266327391406871,0.0026670932392137987,0.001348652176,0.0013486963635516733,B_turb
lag,0.6746099999999999,0.65127,1,1.08953,0.001538,0.001529425291900855,1.412,1.4118043444205703,0.0026527374874504924,0.002656351683738137,0.0013487256250000002,0.0013487258810588336,B_turb
lag,0.68418,0.6608,1,1.0862,0.001567,0.0015582281069797404,1.412,1.4124106182551175,0.002639362313791463,0.0026429945669914014,0.001349680644,0.0013496586498416435,B_turb
lag,0.69375,0.67034,1,1.08328,0.001594,0.0015852886806116857,1.412,1.412424341194852,0.0026297500471221215,0.0026331526620628253,0.001349680644,0.0013496727118437407,B_turb
lag,0.70333,0.67987,1,1.0801,0.001623,0.0016139213952119022,1.413,1.412857334152282,0.002617827951803953,0.0026211603975716253,0.0013504155040000001,0.0013504167405210747,B_turb
lag,0.7129099999999999,0.68941,1,1.077,0.001651,0.0016424216258867528,1.413,1.4131921388489896,0.0026061939998051607,0.002609903539171816,0.0013510770489999998,0.0013510604782724605,B_turb
lag,0.72249,0.69894,1,1.07384,0.00168,0.0016715143681642023,1.414,1.4136428858984944,0.002594671818388025,0.0025981931203579206,0.0013520328999999998,0.0013519502228313987,B_turb
lag,0.73207,0.70848,1,1.07066,0.00171,0.0017010042039042872,1.414,1.4141460259577032,0.0025830645073865563,0.0025863777299204556,0.0013530626559999997,0.0013529887187772888,B_turb
lag,0.7416499999999999,0.71802,1,1.06745,0.00174,0.0017309569802753924,1.415,1.4147158938898063,0.0025705395399915937,0.0025743769675212374,0.001354313601,0.001354201794590764,B_turb
lag,0.7512399999999999,0.72755,1,1.06422,0.00177,0.0017613433754179546,1.415,1.4153317190581738,0.0025587953234846375,0.002562293266710828,0.0013556387609999997,0.0013555573871627644,B_turb
lag,0.7608299999999999,0.73709,1,1.06094,0.001801,0.0017923340799709776,1.416,1.416043611420553,0.002546211871795191,0.0025498637500990452,0.001357259281,0.0013571408386942692,B_turb
lag,0.7704099999999999,0.74663,1,1.05765,0.001833,0.0018237032360964428,1.417,1.4167934618112452,0.0025343647285943787,0.0025374104563411176,0.001358954496,0.0013588575296669808,B_turb
lag,0.7799999999999999,0.75617,1,1.05411,0.001866,0.001856919740518242,1.418,1.417944211078509,0.0025199165834785273,0.002522978763131849,0.001361462404,0.0013613250506137689,B_turb
lag,0.78959,0.76571,1,1.05094,0.001898,0.0018882691202865842,1.419,1.4185250799719726,0.002507979168318681,0.0025117471267920217,0.0013630864,0.0013629383416876085,B_turb
lag,0.79918,0.77524,1,1.04726,0.001933,0.0019231332594126021,1.42,1.4199340645364444,0.0024928117221003905,0.002496304388353826,0.001366189444,0.0013659831832105423,B_turb
lag,0.8087799999999999,0.78478,1,1.0438,0.001967,0.0019570434486358246,1.421,1.4209947751140595,0.002479994739694355,0.0024828610159195147,0.0013687780090000001,0.001368571147709139,B_turb
lag,0.8183699999999999,0.79431,1,1.0402,0.002002,0.00199225771882788,1.422,1.4223009645305653,0.0024648433123043165,0.0024683141954585947,0.001371887521,0.0013716452812562255,B_turb
lag,0.8279599999999999,0.80384,1,1.03642,0.002039,0.0020291120347358687,1.424,1.4239110251268972,0.0024493411447526247,0.002452371444347094,0.0013755939209999998,0.0013753257718084678,B_turb
lag,0.83754,0.81337,1,1.03271,0.002076,0.0020659687156412056,1.426,1.4254217709312864,0.0024341532842025414,0.0024371318409,0.001379231044,0.0013789599631481866,B_turb
lag,0.8471299999999999,0.8229,1,1.02864,0.002116,0.0021058353856157615,1.428,1.427536805889715,0.0024156501248026926,0.002418989311179381,0.001383914401,0.0013836983792987418,B_turb
lag,0.8567199999999999,0.83242,1,1.02465,0.002156,0.002145718369384694,1.43,1.429527790265813,0.0023983062376518745,0.0024016847365983685,0.001388680225,0.00138838524641571,B_turb
lag,0.8663,0.84194,1,1.02047,0.002198,0.0021875627757231533,1.432,1.4318603080794872,0.0023795827858276736,0.0023828824995418664,0.0013940515690000002,0.001393758768079756,B_turb
lag,0.87588,0.85146,1,1.0161,0.002242,0.002231482853527203,1.435,1.4345348221841259,0.00235941524508266,0.002362610999948054,0.001400181561,0.0013998414052551623,B_turb
lag,0.8854599999999999,0.86096,1,1.01162,0.002287,0.002276974848911103,1.438,1.437419982324075,0.0023383412169971658,0.0023415551769724497,0.0014067750489999999,0.0014064347328860173,B_turb
lag,0.8950199999999999,0.87046,1,1.00697,0.002335,0.002324568710066898,1.441,1.4406408666749912,0.0023156079311228072,0.002319149806950605,0.001414060816,0.0014137369398275134,B_turb
lag,0.9045799999999999,0.87995,1,1.00191,0.002387,0.002376356162412803,1.445,1.4446324199218339,0.0022902429170217906,0.002293349060326284,0.0014227983999999998,0.00142246062158957,B_turb
lag,0.9141199999999999,0.88942,1,0.99688,0.00244,0.002428913896316781,1.449,1.4486231199371664,0.0022651122509371522,0.0022679310582453963,0.0014317899209999997,0.0014314077029063993,B_turb
lag,0.92363,0.89886,1,0.99126,0.002499,0.0024875898591463067,1.454,1.4537940218646943,0.0022338775388349493,0.002237409066190929,0.0014427842559999998,0.0014424133564360521,B_turb
lag,0.93311,0.90826,1,0.98563,0.002559,0.0025476881709271273,1.459,1.4590830204315155,0.0022038845465407633,0.0022068670946208185,0.0014542782250000002,0.0014538680559629705,B_turb
lag,0.94253,0.91761,1,0.97945,0.002626,0.0026142060719190094,1.466,1.4655966861412721,0.002168197272782574,0.002171376282894609,0.001467885969,0.0014674384022729425,B_turb
lag,0.95187,0.92688,1,0.9729,0.002698,0.002685945579805083,1.473,1.4730657887085437,0.0021288185392013374,0.0021324182115184487,0.0014832511689999999,0.0014827268999291331,B_turb
lag,0.96109,0.93602,1,0.96592,0.002776,0.002763902658210863,1.482,1.4817282354630636,0.002085741675437557,0.0020892373693838753,0.001500555169,0.0015000569884123533,B_turb
lag,0.97014,0.94499,1,0.95857,0.00286,0.002847977757948494,1.492,1.4916035196622028,0.002039491598934096,0.002042110962283211,0.001519908196,0.0015194043630896333,B_turb
lag,0.9789399999999999,0.95372,1,0.95066,0.002953,0.0029407223668586504,1.504,1.5033291174112058,0.0019861589932981126,0.0019888597254287075,0.0015421329,0.0015415765867446973,B_turb
lag,0.98742,0.96213,1,0.94234,0.003055,0.0030413133620146968,1.517,1.5168296340332483,0.001927917776832931,0.0019304327531643386,0.0015669722250000002,0.0015663262194939396,B_turb
lag,0.9954799999999999,0.97012,1,0.93378,0.003162,0.003148496275896409,1.532,1.5319982133660721,0.0018647963290712194,0.0018679033919357612,0.001593925776,0.0015932889911065458,B_turb
lag,1.00304,0.9776,1,0.92496,0.003277,0.00326314193315463,1.55,1.5492127360563728,0.0017976719063196994,0.0018005329719241287,0.001623364681,0.001622694608087191,B_turb
lag,1.01002,0.98451,1,0.91581,0.003401,0.0033869368715394024,1.57,1.5690953361800393,0.001724080461480196,0.0017269815739511965,0.0016556760999999998,0.0016549715958601807,B_turb
lag,1.0163799999999998,0.99082,1,0.907,0.003527,0.0035116502240978963,1.59,1.5900166244581588,0.001650764785467435,0.0016536768871240383,0.0016885524639999997,0.0016877641555635432,B_turb
lag,1.02214,0.99652,1,0.89829,0.003656,0.0036405636846731783,1.613,1.6128887708681734,0.0015751155554125484,0.0015780198723056855,0.001722665025,0.001721888210113546,B_turb
lag,1.02565,1.0,1,0.89417,0.00372,0.0037043841701696516,1.624,1.623433831891505,0.0015383845924857656,0.0015440640752107297,0.0017397240999999998,0.001738905481856062,B_turb
equil,0.0023999999999999577,0.00213,0,0.19168,2.1e-05,2.1193979650078864e-05,2.254,2.2477481060014175,0.056584943673512626,0.058027949271477225,0.0,nan,A_whole
equil,0.0036599999999999966,0.00276,0,0.26522,2.2e-05,2.1877788873641674e-05,2.225,2.2491495140038276,0.04148324735591496,0.04054672383462306,0.0,nan,A_whole
equil,0.00495000000000001,0.00347,0,0.33575,2.3e-05,2.2513889257279832e-05,2.253,2.254805948010225,0.030471560708319637,0.030876387013232566,0.0,nan,A_whole
equil,0.006290000000000129,0.00427,0,0.40133,2.4e-05,2.3497408724681137e-05,2.247,2.2670732067511197,0.024760071784564026,0.02432523437400488,0.0,nan,A_whole
equil,0.007680000000000131,0.00514,0,0.45809,2.5e-05,2.4951650346474104e-05,2.281,2.275523887494025,0.019438022596676013,0.019831914248068076,0.0,nan,A_whole
equil,0.009120000000000017,0.00611,0,0.51167,2.6e-05,2.611906238859713e-05,2.257,2.275560663383647,0.01724176200328166,0.016960737610603425,0.0,nan,A_whole
equil,0.010620000000000074,0.00716,0,0.56098,2.7e-05,2.738873713683639e-05,2.279,2.2822465509003433,0.014505944972222374,0.014614852933645521,0.0,nan,A_whole
equil,0.01218000000000008,0.0083,0,0.60637,2.9e-05,2.8710431418902225e-05,2.278,2.289011127092333,0.012853408320374944,0.0127766239639226,0.0,nan,A_whole
equil,0.0138100000000001,0.00953,0,0.64749,3e-05,3.017543293624735e-05,2.292,2.2974531993752523,0.011217829835034256,0.011250538546447933,0.0,nan,A_whole
equil,0.015510000000000135,0.01086,0,0.6855,3.2e-05,3.165947459935973e-05,2.294,2.3051281629063993,0.010076392247242957,0.010020500220376906,0.0,nan,A_whole
equil,0.017300000000000093,0.01229,0,0.71813,3.4e-05,3.349367974774509e-05,2.319,2.319355507363433,0.008782055573453046,0.008863727777532963,0.0,nan,A_whole
equil,0.019179999999999975,0.01383,0,0.75119,3.5e-05,3.493182828384263e-05,2.297,2.3115592816587176,0.008313154217713233,0.008213548265760729,0.0,nan,A_whole
equil,0.021150000000000002,0.01548,0,0.77965,3.7e-05,3.6789226624238015e-05,2.328,2.3295378520771615,0.0072764168840526375,0.007328387674348907,0.0,nan,A_whole
equil,0.02324000000000015,0.01726,0,0.80635,3.9e-05,3.86171758118628e-05,2.326,2.3337404978196696,0.0067271575368989455,0.006711015083590464,0.0,nan,A_whole
equil,0.02544000000000013,0.01917,0,0.83138,4.1e-05,4.046156388397651e-05,2.332,2.3378517250408124,0.006171940144685357,0.0061769008394731125,0.0,nan,A_whole
equil,0.02778999999999998,0.02123,0,0.85493,4.2e-05,4.2410505882450183e-05,2.336,2.3454337106104757,0.005694308102702075,0.005670754890873375,0.0,nan,A_whole
equil,0.030280000000000085,0.02344,0,0.87512,4.5e-05,4.468200605147411e-05,2.358,2.361972855676455,0.005118595945983427,0.005139254457959468,0.0,nan,A_whole
equil,0.032930000000000126,0.02584,0,0.89519,4.7e-05,4.6764416094527135e-05,2.352,2.3600076878233436,0.004823019901776333,0.0048133769158191465,0.0,nan,A_whole
equil,0.03577000000000008,0.02842,0,0.91342,4.9e-05,4.909659985969616e-05,2.364,2.369965781322765,0.004427472353094754,0.004431817284840278,0.0,nan,A_whole
equil,0.03881000000000001,0.03122,0,0.93108,5.1e-05,5.141186494356197e-05,2.365,2.3732720248802397,0.0041434521913693385,0.004133053309842856,0.0,nan,A_whole
equil,0.04208000000000012,0.03424,0,0.94631,5.4e-05,5.4105007286301294e-05,2.384,2.388966248851461,0.0037721832848590826,0.0037814035528840107,0.0,nan,A_whole
equil,0.04559000000000002,0.03753,0,0.96198,5.7e-05,5.6582249285740936e-05,2.377,2.385479278812506,0.003581132732564149,0.003574076444013271,0.0,nan,A_whole
equil,0.049370000000000136,0.04109,0,0.97594,5.9e-05,5.9403123618402854e-05,2.39,2.397003692077879,0.0032998799781471214,0.003302832733862891,0.0,nan,A_whole
equil,0.05346000000000006,0.04496,0,0.98925,6.2e-05,6.229730422044874e-05,2.395,2.4023383316407427,0.0030849703557621487,0.0030843045231781357,0.0,nan,A_whole
equil,0.05786000000000002,0.04916,0,1.00233,6.5e-05,6.520370351843106e-05,2.396,2.40413255468844,0.0029064402098488494,0.002901204502822058,0.0,nan,A_whole
equil,0.06259999999999999,0.0537,1,1.0136,6.9e-05,6.853751747423848e-05,2.267,2.41240879061111,0.0032353987350564294,0.002673082533679829,0.0010730210490000002,0.005053852941072438,A_whole
equil,0.0677000000000001,0.05862,1,1.02008,7.7e-05,7.989045879577367e-05,1.887,1.7234084084662395,0.004715715460453935,0.005594955134657267,0.002441051649,0.002417249510180232,A_whole
equil,0.07316999999999996,0.06391,1,1.0295,8.8e-05,9.18866186562186e-05,1.661,1.646834220635603,0.005408209165225649,0.005290166347802475,0.0023838806250000002,0.0021390272011353076,A_whole
equil,0.07902000000000009,0.06959,1,1.03929,0.000101,0.00010353156324700185,1.577,1.592136793637692,0.0052040335552895126,0.004968325382109695,0.0021085545610000003,0.00193808499483421,A_whole
equil,0.08522000000000007,0.07564,1,1.0477,0.000113,0.00011535703447533468,1.528,1.5463540516878955,0.004938618960803972,0.004763180302143484,0.0019096900000000003,0.0017651246484226876,A_whole
equil,0.09177000000000013,0.08205,1,1.05541,0.000126,0.00012779688081903556,1.503,1.5239362320587573,0.004928672201584522,0.004742032229417937,0.0017815152640000003,0.0016937863345386221,A_whole
equil,0.09865000000000013,0.0888,1,1.06288,0.00014,0.00014072248500286073,1.489,1.5074784906518932,0.004849015336674609,0.004690594480471164,0.0017034605289999998,0.0016392978918623384,A_whole
equil,0.10583000000000009,0.09586,1,1.06887,0.000154,0.00015448411876733628,1.484,1.498673182107874,0.004711667165001838,0.004592867912826592,0.0016560830250000002,0.0016176093287808497,A_whole
equil,0.11326000000000014,0.10319,1,1.07439,0.000169,0.0001684729769435253,1.479,1.4909908881631064,0.004588873206871686,0.004502934232732084,0.0016248154809999998,0.0015978938843691083,A_whole
equil,0.12092999999999998,0.11076,1,1.07927,0.000183,0.00018280153506789018,1.475,1.4844134665298834,0.00448136473576482,0.004417738196445113,0.0016019205759999998,0.0015808816027682905,A_whole
equil,0.12880000000000003,0.11855,1,1.08372,0.000198,0.0001973138338046689,1.471,1.4784314903423268,0.004390143660063981,0.004340197656370044,0.001582687089,0.0015645802584892691,A_whole
equil,0.13683,0.12651,1,1.08704,0.000213,0.00021240173919643938,1.468,1.4738100831124783,0.00430074418032708,0.004261460486716535,0.0015676056490000004,0.0015531870828708022,A_whole
equil,0.14502000000000015,0.13464,1,1.09023,0.000228,0.0002274790185700012,1.463,1.4688301101310963,0.004228498953738743,0.004195334718006695,0.0015527540250000003,0.0015386133564796486,A_whole
equil,0.15332999999999997,0.1429,1,1.09293,0.000244,0.00024276251367421077,1.46,1.4644651572936396,0.004160750695546353,0.004132652990268886,0.0015389929000000002,0.0015258173450349033,A_whole
equil,0.16175000000000006,0.15127,1,1.09559,0.000259,0.0002579428710506341,1.455,1.460096230413993,0.004103914350155817,0.004077808531462195,0.0015249025,0.001511987012052396,A_whole
equil,0.17026000000000008,0.15974,1,1.09716,0.000275,0.00027384582053877906,1.453,1.4571518045010892,0.004039841608781145,0.004017379257538251,0.0015137546489999998,0.0015042453445653638,A_whole
equil,0.17886000000000002,0.16831,1,1.0991,0.000291,0.00028930183237989277,1.449,1.4532606382629343,0.00399165309081058,0.00397069271422939,0.001501407504,0.0014912271519476107,A_whole
equil,0.18752999999999997,0.17695,1,1.10034,0.000307,0.00030524962487050127,1.447,1.450424941302399,0.003939712925042358,0.003920629145245928,0.001490886544,0.0014827041063912151,A_whole
equil,0.1962600000000001,0.18565,1,1.10139,0.000323,0.00032123357101187725,1.444,1.4475901269084979,0.003891811010381982,0.0038751788064805633,0.0014808643240000001,0.0014736815450351055,A_whole
equil,0.2050400000000001,0.19442,1,1.10214,0.000339,0.00033737674079987816,1.442,1.4450137393144742,0.0038470005814369695,0.0038318363368950573,0.0014714895999999999,0.0014654658947395865,A_whole
equil,0.21388000000000007,0.20324,1,1.1029,0.000355,0.00035341073325219374,1.439,1.4423080975094076,0.0038071720857649404,0.003793305056266883,0.001462144644,0.0014562526038247074,A_whole
equil,0.22276000000000007,0.21211,1,1.10312,0.000372,0.0003699130284205341,1.438,1.4402826601498555,0.0037645647781679977,0.0037527571794897623,0.001454201956,0.0014499762611070606,A_whole
equil,0.23168999999999995,0.22103,1,1.10355,0.000388,0.0003860884931853478,1.435,1.4377948791557549,0.003729607243843218,0.003718910501141096,0.001445672484,0.0014411998573863464,A_whole
equil,0.24065000000000003,0.22999,1,1.10349,0.000404,0.00040274066955144506,1.434,1.4359787680112692,0.0036922363943435723,0.003682664593938493,0.0014384573290000002,0.0014353841056497104,A_whole
equil,0.24965000000000015,0.23898,1,1.1034,0.000421,0.0004193528364094416,1.432,1.4340426020365389,0.0036583415822611536,0.003649829450308928,0.0014313358889999999,0.0014287764806557124,A_whole
equil,0.2586900000000001,0.24801,1,1.10331,0.000438,0.00043590151645866326,1.43,1.4320479377404407,0.0036277216407692965,0.003619779676826294,0.001424232121,0.001421693276847232,A_whole
equil,0.26775000000000015,0.25707,1,1.10277,0.000455,0.0004529730824105553,1.429,1.430658564781219,0.0035942718420710756,0.003587295610529758,0.001418350921,0.0014173198018569723,A_whole
equil,0.27684,0.26616,1,1.10241,0.000472,0.000469730805143963,1.427,1.428858845398766,0.0035653518977831382,0.003559834383528955,0.0014120309289999999,0.0014108371368011156,A_whole
equil,0.28596,0.27528,1,1.10187,0.000489,0.00048670501354082556,1.426,1.4273139201517215,0.0035375488871269897,0.00353230013136602,0.0014061750009999997,0.001405426194123595,A_whole
equil,0.29510000000000014,0.28442,1,1.10108,0.000506,0.0005040004833665934,1.425,1.4260521892540194,0.0035088090718762978,0.0035043168047689155,0.0014010048999999998,0.0014012363804365904,A_whole
equil,0.30427000000000004,0.29359,1,1.10047,0.000523,0.0005209854110888476,1.423,1.4244517902558067,0.00348379915875918,0.0034803691618709607,0.001395470736,0.001395324497411148,A_whole
equil,0.31346000000000007,0.30278,1,1.09958,0.00054,0.0005383873823335193,1.422,1.4232556577368993,0.003458012060454986,0.003454920745913284,0.0013906186809999998,0.0013912275889194526,A_whole
equil,0.32267,0.31199,1,1.09863,0.000558,0.0005558598989977632,1.421,1.4220674801394022,0.0034333402010990823,0.00343073014357239,0.0013859239839999998,0.0013870755586685764,A_whole
equil,0.33191000000000015,0.32122,1,1.09764,0.000575,0.0005733980192766817,1.42,1.4208819945270255,0.0034096561523322337,0.0034077288324528728,0.001381460224,0.0013828525405561074,A_whole
equil,0.34116000000000013,0.33047,1,1.09663,0.000593,0.0005909419271396294,1.419,1.419699904762255,0.00338683598182786,0.003385911885706918,0.0013770778810000002,0.0013785657493721626,A_whole
equil,0.35041999999999995,0.33974,1,1.09535,0.000611,0.0006089595289687191,1.418,1.4188616017590665,0.003363083992528878,0.0033627233836499783,0.0013733694810000002,0.001375834823647408,A_whole
equil,0.35971,0.34903,1,1.09445,0.000628,0.000626273062039026,1.417,1.417431900952412,0.0033452416184765674,0.003344752237959527,0.0013687780090000001,0.0013702411765834886,A_whole
equil,0.36901000000000006,0.35833,1,1.09306,0.000647,0.0006445348076474793,1.416,1.4167405628672494,0.0033219500297368356,0.0033225501274015226,0.001365450304,0.0013680769009817573,A_whole
equil,0.37833000000000006,0.36764,1,1.09185,0.000664,0.0006624456385429282,1.415,1.415711532853344,0.003302474386063815,0.003303590940446255,0.0013616838010000003,0.0013642625102489871,A_whole
equil,0.3876600000000001,0.37697,1,1.09057,0.000683,0.0006805034264971533,1.415,1.4147850320925672,0.003283325539039409,0.003284795627443393,0.0013581436089999998,0.0013608797807573068,A_whole
equil,0.3970100000000001,0.38631,1,1.08917,0.000701,0.0006988397484586357,1.414,1.414006460348011,0.0032639538334554826,0.0032657517601372144,0.0013549761000000002,0.0013581484160082472,A_whole
equil,0.4063700000000001,0.39567,1,1.0879,0.000719,0.0007169035955935333,1.413,1.4130244258100064,0.0032470758299343733,0.00324889588457106,0.0013514446440000003,0.0013544122369200532,A_whole
equil,0.41574,0.40503,1,1.0863,0.000738,0.0007357270779046718,1.412,1.4125079527173796,0.003226988224518282,0.003229546787512872,0.0013488725290000001,0.0013528302777451268,A_whole
equil,0.42513,0.41441,1,1.08503,0.000756,0.0007538267144480629,1.412,1.4114764757352662,0.0032116128362156015,0.0032143923189528337,0.001345495761,0.001348783285728663,A_whole
equil,0.4345300000000001,0.4238,1,1.08343,0.000775,0.0007727350715627939,1.411,1.4109405554891197,0.003193844197404554,0.0031965172603880534,0.001343002609,0.0013470346892257095,A_whole
equil,0.44394,0.4332,1,1.08198,0.000793,0.0007913092571985312,1.41,1.410152709971317,0.003177638390362272,0.003180958503391636,0.0013401456640000002,0.0013440665680110933,A_whole
equil,0.45336,0.44261,1,1.08052,0.000812,0.0008099423403584017,1.41,1.4093917214813094,0.003162249062740555,0.0031658190592250756,0.0013373648999999998,0.0013411931665892633,A_whole
equil,0.46279000000000003,0.45203,1,1.07896,0.000831,0.0008288687390809747,1.409,1.4087786789607735,0.0031464890859396947,0.0031502446041037535,0.0013348062249999998,0.0013389864633461188,A_whole
equil,0.47223000000000015,0.46145,1,1.07734,0.00085,0.0008479947254217267,1.409,1.4082349626294974,0.0031309732220770195,0.0031347252429385687,0.001332542016,0.0013370786048296655,A_whole
equil,0.4816800000000001,0.47089,1,1.07586,0.000869,0.0008667910369325719,1.408,1.4074853400476723,0.0031171306608789168,0.003121088491837704,0.001329915024,0.0013341767877729374,A_whole
equil,0.49114000000000013,0.48033,1,1.07412,0.000888,0.0008863509002015527,1.408,1.4071144757001455,0.003101235379765788,0.0031054147828894095,0.0013280193640000002,0.0013330308481862203,A_whole
equil,0.5006000000000002,0.48979,1,1.07262,0.000907,0.000905273772927982,1.407,1.4063817415364257,0.0030873166568190138,0.003092606257575773,0.0013255424640000002,0.0013301615380541501,A_whole
equil,0.5100800000000001,0.49924,1,1.07092,0.000927,0.0009248425799818749,1.407,1.4059504239950151,0.0030727118910695407,0.0030782391486258148,0.0013236499239999999,0.0013286867900480016,A_whole
equil,0.51956,0.50871,1,1.06934,0.000946,0.0009441016362441103,1.406,1.4053396061350925,0.0030599358201102984,0.003065481799159819,0.001321467904,0.0013263485978941554,A_whole
equil,0.5290600000000001,0.51818,1,1.0677,0.000966,0.0009636174113267355,1.406,1.4048265208761543,0.00304741308971292,0.003052476986598078,0.0013194329760000002,0.0013244503608236889,A_whole
equil,0.5385600000000001,0.52766,1,1.06593,0.000985,0.0009835833534475363,1.405,1.404498326803149,0.0030328986822247,0.003038662606574692,0.0013178352040000001,0.001323401168570335,A_whole
equil,0.54806,0.53714,1,1.06429,0.001005,0.0010031948866282827,1.405,1.4039734311107368,0.0030201819733514665,0.0030264996603206074,0.001315948176,0.0013214118823162615,A_whole
equil,0.55758,0.54663,1,1.06255,0.001025,0.0010232129007962305,1.404,1.4035955607935953,0.0030079383465463436,0.0030137238865362735,0.001314352516,0.0013200963272190563,A_whole
equil,0.5671000000000002,0.55612,1,1.06102,0.001044,0.001042598846970968,1.404,1.4029251417073354,0.002997077253460255,0.003003188803951605,0.001312250625,0.0013173934351917585,A_whole
equil,0.5766200000000001,0.56562,1,1.05916,0.001065,0.0010631489686540564,1.404,1.402754168763222,0.0029835448482346837,0.002989798922473559,0.0013110192639999999,0.00131701609334948,A_whole
equil,0.58615,0.57512,1,1.05743,0.001085,0.0010833362122918207,1.403,1.4023710995601828,0.0029709570483338666,0.0029780574451285634,0.0013094989689999997,0.0013156315408276934,A_whole
equil,0.59569,0.58463,1,1.05574,0.001105,0.0011034652528127333,1.403,1.4019372865723125,0.002959840869394369,0.0029669405330916706,0.0013079072250000003,0.001313996091186068,A_whole
equil,0.6052300000000002,0.59414,1,1.05391,0.001126,0.0011241621669967068,1.403,1.4017136984575964,0.0029476208811087747,0.00295479301480368,0.001306750201,0.0013133322469976228,A_whole
equil,0.6147800000000001,0.60366,1,1.05215,0.001146,0.0011446935575413933,1.403,1.401378194725932,0.0029367139786178457,0.002943620089346678,0.0013054491610000002,0.0013121326781615852,A_whole
equil,0.62433,0.61318,1,1.05044,0.001167,0.0011651136325722942,1.402,1.400980525102934,0.002925438846386375,0.002933120601816494,0.001304076544,0.0013106303472450822,A_whole
equil,0.63388,0.6227,1,1.04861,0.001188,0.0011860632546490668,1.402,1.4007673426527094,0.0029138320598346796,0.002921735966103578,0.001303065604,0.0013099802126088733,A_whole
equil,0.64344,0.63222,1,1.04686,0.001208,0.0012067999413062512,1.402,1.4004344900042176,0.0029035075750809955,0.0029113412812556243,0.0013018385610000002,0.0013087599238334167,A_whole
equil,0.6530100000000001,0.64175,1,1.045,0.00123,0.0012280662558899883,1.402,1.4002671123287371,0.002891875186007647,0.0029001565573922128,0.0013009727609999998,0.0013083038417145015,A_whole
equil,0.6625700000000001,0.65128,1,1.04305,0.001251,0.001249768700897264,1.402,1.400223134782203,0.002880638344309819,0.002888452395076934,0.0013003236000000001,0.001308415040721019,A_whole
equil,0.67214,0.66081,1,1.04129,0.001272,0.001270802879798791,1.401,1.3998906226598,0.0028700944770478605,0.0028787438302504175,0.001299242025,0.0013071680701969833,A_whole
equil,0.6817200000000001,0.67034,1,1.03942,0.001294,0.0012923995061140954,1.401,1.3997306017487474,0.0028591422960896214,0.002868193815593612,0.001298521225,0.0013067188509543722,A_whole
equil,0.69129,0.67987,1,1.0374,0.001316,0.0013147166597007307,1.401,1.399785537324695,0.002847986927619206,0.002856550031834592,0.0012981609,0.0013072657963554095,A_whole
equil,0.7008700000000001,0.68941,1,1.03558,0.001338,0.0013362891559882274,1.401,1.399531930107142,0.002837491985894123,0.0028469814696208155,0.0012973683610000002,0.001306362811043558,A_whole
equil,0.71045,0.69894,1,1.03357,0.00136,0.001358800223681314,1.401,1.3995648975693173,0.002826072653855827,0.002835876751958844,0.001297152256,0.0013067911920058605,A_whole
equil,0.72003,0.70848,1,1.03159,0.001383,0.0013812898280916217,1.401,1.3995406490054225,0.002815318680165736,0.0028253090361360267,0.001296864144,0.001306944819859798,A_whole
equil,0.7296200000000002,0.71802,1,1.02951,0.001406,0.0014043669258070027,1.402,1.3996510547418162,0.0028040623501563557,0.0028141040949390913,0.001296864144,0.001307720746189087,A_whole
equil,0.7392000000000001,0.72756,1,1.02758,0.001428,0.0014268543402595362,1.402,1.3995324161834042,0.002793770518759974,0.002804468301623297,0.0012965040489999998,0.0013074194389262241,A_whole
equil,0.7487900000000001,0.73709,1,1.02528,0.001453,0.0014512339052827328,1.402,1.3999534197630619,0.0027815853914660354,0.0027917688044571936,0.001297152256,0.0013096327241483442,A_whole
equil,0.75838,0.74663,1,1.02333,0.001475,0.0014740649398964757,1.402,1.3998242215535122,0.002771188039201316,0.00278251289530314,0.0012969361690000002,0.0013092697674148039,A_whole
equil,0.76797,0.75617,1,1.02109,0.0015,0.0014984533644480705,1.402,1.4001318928090212,0.002759381929948956,0.002770836494085151,0.0012975124409999998,0.0013109410546572654,A_whole
equil,0.77756,0.76571,1,1.01884,0.001524,0.001523043840832255,1.403,1.400427735674449,0.002747499024082952,0.0027593862768137607,0.0012981609,0.0013125514629824765,A_whole
equil,0.78715,0.77524,1,1.0166,0.001549,0.0015477408467788009,1.403,1.4006886701473744,0.002735429950564095,0.0027482977418909096,0.001298809521,0.0013139932793647527,A_whole
equil,0.79674,0.78478,1,1.01415,0.001575,0.001573696395388087,1.404,1.4012446573092827,0.002722410689609743,0.0027356326371787794,0.0013000351359999998,0.0013168078761216868,A_whole
equil,0.80633,0.79431,1,1.01178,0.001601,0.001599412498794671,1.404,1.4016453794827564,0.0027107583653121063,0.0027240188413888205,0.001301189184,0.0013188924304038158,A_whole
equil,0.81592,0.80384,1,1.00915,0.001628,0.0016267251232057903,1.405,1.402414371237613,0.002696429586736644,0.002710414459211845,0.0013029934089999998,0.0013226923626205333,A_whole
equil,0.82551,0.81337,1,1.00661,0.001655,0.001653756832931654,1.406,1.403001071712155,0.002683408101167469,0.0026980016170395815,0.0013046543999999998,0.00132563660480793,A_whole
equil,0.8350900000000001,0.8229,1,1.00408,0.001682,0.0016809327446059346,1.407,1.4035499791759123,0.0026701669887044107,0.002685958021724087,0.001306316449,0.0013283996509989807,A_whole
equil,0.8446800000000001,0.83242,1,1.00104,0.001712,0.0017112815943440554,1.408,1.4048504367358954,0.0026534778959746807,0.002669755138237512,0.0013093542250000002,0.0013346701281260194,A_whole
equil,0.85426,0.84194,1,0.99823,0.001741,0.0017405580394685828,1.409,1.4057310268175423,0.002638331427625264,0.0026560819371968317,0.0013119608410000001,0.0013389757583830433,A_whole
equil,0.8638399999999999,0.85146,1,0.99513,0.001773,0.001771850402467637,1.411,1.40702631774403,0.002622480765542314,0.0026402126326797812,0.0013152952890000001,0.00134521612340169,A_whole
equil,0.8734200000000001,0.86096,1,0.99198,0.001804,0.0018037753799520148,1.413,1.408343150367158,0.0026046104215779503,0.002624366947961512,0.0013189244890000002,0.0013515547748119273,A_whole
equil,0.8829800000000001,0.87046,1,0.98844,0.001839,0.0018384712519509655,1.415,1.4102315830955001,0.002584406105671359,0.002605512259208738,0.001323722689,0.0013605636154916864,A_whole
equil,0.8925400000000001,0.87995,1,0.9851,0.001873,0.001872308616134977,1.417,1.4117246024528292,0.002566924466191776,0.002588996767441809,0.0013280193640000002,0.0013677223571957598,A_whole
equil,0.90208,0.88942,1,0.981,0.001912,0.0019115361287375435,1.42,1.4144086065029786,0.00254270486854725,0.002566155758365595,0.001334587024,0.0013804512850247265,A_whole
equil,0.9115900000000001,0.89886,1,0.97717,0.00195,0.0019494849477985248,1.422,1.416565633597378,0.0025207851963877175,0.00254639089488997,0.001340584996,0.0013907154259556417,A_whole
equil,0.92107,0.90826,1,0.97268,0.001993,0.0019925245967735397,1.426,1.419776598689434,0.0024944340762329056,0.0025212073101327547,0.001348578729,0.0014059141180746784,A_whole
equil,0.93049,0.91761,1,0.9683,0.002036,0.0020354433037096764,1.429,1.4227394276515164,0.002467990541303597,0.0024976370267750826,0.0013565225610000001,0.001419953435040354,A_whole
equil,0.9398299999999999,0.92688,1,0.96294,0.002086,0.0020862151006271553,1.435,1.4273747578254976,0.00243407022705394,0.0024656694267848637,0.0013675204,0.0014418325804696035,A_whole
equil,0.94905,0.93602,1,0.95766,0.002138,0.002137333681492649,1.44,1.431839347070145,0.0023999232139715505,0.002435076351463811,0.0013787111609999997,0.0014629186595978491,A_whole
equil,0.9581,0.94499,1,0.95176,0.002194,0.0021942444260530966,1.447,1.4374682861626813,0.002361325664857989,0.002399151293247149,0.001392185344,0.001489471760080567,A_whole
equil,0.9669100000000002,0.95372,1,0.94519,0.002258,0.002257779323112822,1.455,1.4444543288924907,0.0023159130729946257,0.0023572690446635844,0.0014082757289999998,0.0015224017800520991,A_whole
equil,0.9753900000000002,0.96213,1,0.93836,0.002325,0.002324983575480048,1.464,1.45215242315229,0.0022668436344398663,0.002312973243220556,0.0014259686439999997,0.001558682777089672,A_whole
equil,0.9834500000000002,0.97012,1,0.93111,0.002398,0.002397513516986783,1.474,1.4610419907296137,0.002213466700702287,0.002264286564449041,0.001445748529,0.0016005624552967903,A_whole
equil,0.9909999999999999,0.9776,1,0.92298,0.00248,0.002480095386398359,1.487,1.4723153035705083,0.002150507138345267,0.0022062208480658776,0.001469495556,0.0016536336594534541,A_whole
equil,0.9979799999999999,0.98451,1,0.91488,0.002565,0.0025650311989117726,1.501,1.48427705220795,0.0020860080113718313,0.0021471692702602217,0.0014943636489999999,0.0017099156384502248,A_whole
equil,1.0043400000000002,0.99082,1,0.90619,0.002659,0.002658781737470918,1.517,1.4985900713431972,0.00201295618951332,0.002080317467926273,0.0015225604,0.001777182285530511,A_whole
equil,1.0101000000000002,0.99652,1,0.89757,0.002756,0.0027553818753913058,1.535,1.5139285144069594,0.001937609459736778,0.0020120135487665595,0.001551966025,0.0018491591203211026,A_whole
equil,1.0136100000000001,1.0,1,0.89417,0.002797,0.0027959322619515643,1.542,1.5187366449643593,0.0019085974700270554,0.001989766282118574,0.001564123401,0.0018717212904286217,A_whole
lag,0.0023999999999999577,0.00213,0,0.19168,2.1e-05,2.1193979650078864e-05,2.254,2.2477481060014175,0.056584943673512626,0.058027949271477225,0.0,nan,A_whole
lag,0.0036599999999999966,0.00276,0,0.26522,2.2e-05,2.1877788873641674e-05,2.225,2.2491495140038276,0.04148324735591496,0.04054672383462306,0.0,nan,A_whole
lag,0.00495000000000001,0.00347,0,0.33575,2.3e-05,2.2513889257279832e-05,2.253,2.254805948010225,0.030471560708319637,0.030876387013232566,0.0,nan,A_whole
lag,0.006290000000000129,0.00427,0,0.40133,2.4e-05,2.3497408724681137e-05,2.247,2.2670732067511197,0.024760071784564026,0.02432523437400488,0.0,nan,A_whole
lag,0.007680000000000131,0.00514,0,0.45809,2.5e-05,2.4951650346474104e-05,2.281,2.275523887494025,0.019438022596676013,0.019831914248068076,0.0,nan,A_whole
lag,0.009120000000000017,0.00611,0,0.51167,2.6e-05,2.611906238859713e-05,2.257,2.275560663383647,0.01724176200328166,0.016960737610603425,0.0,nan,A_whole
lag,0.010620000000000074,0.00716,0,0.56098,2.7e-05,2.738873713683639e-05,2.279,2.2822465509003433,0.014505944972222374,0.014614852933645521,0.0,nan,A_whole
lag,0.01218000000000008,0.0083,0,0.60637,2.9e-05,2.8710431418902225e-05,2.278,2.289011127092333,0.012853408320374944,0.0127766239639226,0.0,nan,A_whole
lag,0.0138100000000001,0.00953,0,0.64749,3e-05,3.017543293624735e-05,2.292,2.2974531993752523,0.011217829835034256,0.011250538546447933,0.0,nan,A_whole
lag,0.015510000000000135,0.01086,0,0.6855,3.2e-05,3.165947459935973e-05,2.294,2.3051281629063993,0.010076392247242957,0.010020500220376906,0.0,nan,A_whole
lag,0.017300000000000093,0.01229,0,0.71813,3.4e-05,3.349367974774509e-05,2.319,2.319355507363433,0.008782055573453046,0.008863727777532963,0.0,nan,A_whole
lag,0.019179999999999975,0.01383,0,0.75119,3.5e-05,3.493182828384263e-05,2.297,2.3115592816587176,0.008313154217713233,0.008213548265760729,0.0,nan,A_whole
lag,0.021150000000000002,0.01548,0,0.77965,3.7e-05,3.6789226624238015e-05,2.328,2.3295378520771615,0.0072764168840526375,0.007328387674348907,0.0,nan,A_whole
lag,0.02324000000000015,0.01726,0,0.80635,3.9e-05,3.86171758118628e-05,2.326,2.3337404978196696,0.0067271575368989455,0.006711015083590464,0.0,nan,A_whole
lag,0.02544000000000013,0.01917,0,0.83138,4.1e-05,4.046156388397651e-05,2.332,2.3378517250408124,0.006171940144685357,0.0061769008394731125,0.0,nan,A_whole
lag,0.02778999999999998,0.02123,0,0.85493,4.2e-05,4.2410505882450183e-05,2.336,2.3454337106104757,0.005694308102702075,0.005670754890873375,0.0,nan,A_whole
lag,0.030280000000000085,0.02344,0,0.87512,4.5e-05,4.468200605147411e-05,2.358,2.361972855676455,0.005118595945983427,0.005139254457959468,0.0,nan,A_whole
lag,0.032930000000000126,0.02584,0,0.89519,4.7e-05,4.6764416094527135e-05,2.352,2.3600076878233436,0.004823019901776333,0.0048133769158191465,0.0,nan,A_whole
lag,0.03577000000000008,0.02842,0,0.91342,4.9e-05,4.909659985969616e-05,2.364,2.369965781322765,0.004427472353094754,0.004431817284840278,0.0,nan,A_whole
lag,0.03881000000000001,0.03122,0,0.93108,5.1e-05,5.141186494356197e-05,2.365,2.3732720248802397,0.0041434521913693385,0.004133053309842856,0.0,nan,A_whole
lag,0.04208000000000012,0.03424,0,0.94631,5.4e-05,5.4105007286301294e-05,2.384,2.388966248851461,0.0037721832848590826,0.0037814035528840107,0.0,nan,A_whole
lag,0.04559000000000002,0.03753,0,0.96198,5.7e-05,5.6582249285740936e-05,2.377,2.385479278812506,0.003581132732564149,0.003574076444013271,0.0,nan,A_whole
lag,0.049370000000000136,0.04109,0,0.97594,5.9e-05,5.9403123618402854e-05,2.39,2.397003692077879,0.0032998799781471214,0.003302832733862891,0.0,nan,A_whole
lag,0.05346000000000006,0.04496,0,0.98925,6.2e-05,6.229730422044874e-05,2.395,2.4023383316407427,0.0030849703557621487,0.0030843045231781357,0.0,nan,A_whole
lag,0.05786000000000002,0.04916,0,1.00233,6.5e-05,6.520370351843106e-05,2.396,2.40413255468844,0.0029064402098488494,0.002901204502822058,0.0,nan,A_whole
lag,0.06259999999999999,0.0537,1,1.0136,6.9e-05,6.853751747423848e-05,2.267,2.422207795406301,0.0032353987350564294,0.0026359910257581776,0.0010730210490000002,1.4970487289529207e-33,A_whole
lag,0.0677000000000001,0.05862,1,1.02008,7.7e-05,7.36836168409098e-05,1.887,2.144782381013717,0.004715715460453935,0.0035619577309279732,0.002441051649,0.0017465926262188083,A_whole
lag,0.07316999999999996,0.06391,1,1.0295,8.8e-05,8.32690549312471e-05,1.661,1.7555319219200483,0.005408209165225649,0.005113835333995977,0.0023838806250000002,0.002356106370771176,A_whole
lag,0.07902000000000009,0.06959,1,1.03929,0.000101,9.532713810743448e-05,1.577,1.6315471226441556,0.0052040335552895126,0.005145453125294465,0.0021085545610000003,0.002151095887263097,A_whole
lag,0.08522000000000007,0.07564,1,1.0477,0.000113,0.00010794812064169197,1.528,1.5631496548801125,0.004938618960803972,0.004894436015466814,0.0019096900000000003,0.0019682605044421954,A_whole
lag,0.09177000000000013,0.08205,1,1.05541,0.000126,0.00012094099415110454,1.503,1.5170395697874812,0.004928672201584522,0.004894470406426074,0.0017815152640000003,0.001829194258790339,A_whole
lag,0.09865000000000013,0.0888,1,1.06288,0.00014,0.00013456036167637677,1.489,1.496651381041442,0.004849015336674609,0.004852438287835529,0.0017034605289999998,0.0017383304666056076,A_whole
lag,0.10583000000000009,0.09586,1,1.06887,0.000154,0.00014900785731025173,1.484,1.487397143600581,0.004711667165001838,0.004739036697867946,0.0016560830250000002,0.0016807918235147983,A_whole
lag,0.11326000000000014,0.10319,1,1.07439,0.000169,0.00016358864387967112,1.479,1.481515291624634,0.004588873206871686,0.004620989001419466,0.0016248154809999998,0.001642164404821985,A_whole
lag,0.12092999999999998,0.11076,1,1.07927,0.000183,0.0001784011777536369,1.475,1.4767692977342415,0.00448136473576482,0.004511522961515457,0.0016019205759999998,0.0016144455580056776,A_whole
lag,0.12880000000000003,0.11855,1,1.08372,0.000198,0.0001933107062171564,1.471,1.4721623583958852,0.004390143660063981,0.004416090923740701,0.001582687089,0.0015922225179761651,A_whole
lag,0.13683,0.12651,1,1.08704,0.000213,0.00020871902733549685,1.468,1.4686072466471543,0.00430074418032708,0.004323679633953201,0.0015676056490000004,0.0015752602525143716,A_whole
lag,0.14502000000000015,0.13464,1,1.09023,0.000228,0.00022406893311668742,1.463,1.4643575988152402,0.004228498953738743,0.004247849040489424,0.0015527540250000003,0.0015591383343585268,A_whole
lag,0.15332999999999997,0.1429,1,1.09293,0.000244,0.00023958619673051027,1.46,1.4604680250991262,0.004160750695546353,0.004178252921422804,0.0015389929000000002,0.0015444304365965001,A_whole
lag,0.16175000000000006,0.15127,1,1.09559,0.000259,0.00025497581373086655,1.455,1.4563897445425347,0.004103914350155817,0.004118530908902009,0.0015249025,0.0015297237285845833,A_whole
lag,0.17026000000000008,0.15974,1,1.09716,0.000275,0.00027105789961215073,1.453,1.4537651646611072,0.004039841608781145,0.0040534850156486064,0.0015137546489999998,0.0015181432433242319,A_whole
lag,0.17886000000000002,0.16831,1,1.0991,0.000291,0.0002866788531628648,1.449,1.450127271457606,0.00399165309081058,0.004003163152043025,0.001501407504,0.0015054083460576799,A_whole
lag,0.18752999999999997,0.17695,1,1.10034,0.000307,0.0003027717648870324,1.447,1.447498598280887,0.003939712925042358,0.003950057690277447,0.001490886544,0.0014945525978579575,A_whole
lag,0.1962600000000001,0.18565,1,1.10139,0.000323,0.00031888662934279624,1.444,1.444881837043085,0.003891811010381982,0.0039017842595511377,0.0014808643240000001,0.0014842160136539942,A_whole
lag,0.2050400000000001,0.19442,1,1.10214,0.000339,0.00033514688805912085,1.442,1.4425140768447016,0.0038470005814369695,0.003855906940222586,0.0014714895999999999,0.0014746782986661275,A_whole
lag,0.21388000000000007,0.20324,1,1.1029,0.000355,0.0003512882375806713,1.439,1.4399760344542192,0.0038071720857649404,0.003815305255669916,0.001462144644,0.0014650676809968204,A_whole
lag,0.22276000000000007,0.21211,1,1.10312,0.000372,0.00036788537749851826,1.438,1.438129407895531,0.0037645647781679977,0.0037727454837134726,0.001454201956,0.0014569350285967995,A_whole
lag,0.23168999999999995,0.22103,1,1.10355,0.000388,0.0003841490279474578,1.435,1.4357964325678891,0.003729607243843218,0.003737192863607785,0.001445672484,0.0014482347984958698,A_whole
lag,0.24065000000000003,0.22999,1,1.10349,0.000404,0.0004008791751562838,1.434,1.4341314634876396,0.0036922363943435723,0.003699351607917589,0.0014384573290000002,0.0014408687997449952,A_whole
lag,0.24965000000000015,0.23898,1,1.1034,0.000421,0.0004175623411806895,1.432,1.4323529947559057,0.0036583415822611536,0.003664982105522243,0.0014313358889999999,0.0014336176223803479,A_whole
lag,0.2586900000000001,0.24801,1,1.10331,0.000438,0.0004341759324640136,1.43,1.4304909425177592,0.0036277216407692965,0.003633636706179229,0.001424232121,0.0014263767836983768,A_whole
lag,0.26775000000000015,0.25707,1,1.10277,0.000455,0.0004513043314772041,1.429,1.429237686498689,0.0035942718420710756,0.003599889317685639,0.001418350921,0.0014203632946821858,A_whole
lag,0.27684,0.26616,1,1.10241,0.000472,0.00046811439907795194,1.427,1.4275765562875173,0.0035653518977831382,0.0035712229220211562,0.0014120309289999999,0.0014139271299622215,A_whole
lag,0.28596,0.27528,1,1.10187,0.000489,0.0004851352285792082,1.426,1.4261471672096095,0.0035375488871269897,0.0035426692362607605,0.0014061750009999997,0.0014079764017973764,A_whole
lag,0.29510000000000014,0.28442,1,1.10108,0.000506,0.0005024715522001648,1.425,1.4250103172192328,0.0035088090718762978,0.0035136509174031735,0.0014010048999999998,0.0014027281087625055,A_whole
lag,0.30427000000000004,0.29359,1,1.10047,0.000523,0.0005194939207064811,1.423,1.4235237761065764,0.00348379915875918,0.0034887811833074532,0.001395470736,0.001397050078049817,A_whole
lag,0.31346000000000007,0.30278,1,1.09958,0.00054,0.0005369282111182715,1.422,1.422429631414661,0.003458012060454986,0.003462508589744879,0.0013906186809999998,0.0013921257816444158,A_whole
lag,0.32267,0.31199,1,1.09863,0.000558,0.0005544290980041466,1.421,1.4213506783026586,0.0034333402010990823,0.0034374825603457225,0.0013859239839999998,0.0013874114957810795,A_whole
lag,0.33191000000000015,0.32122,1,1.09764,0.000575,0.0005719918556615413,1.42,1.420271309066007,0.0034096561523322337,0.0034136920337568253,0.001381460224,0.00138283555135373,A_whole
lag,0.34116000000000013,0.33047,1,1.09663,0.000593,0.0005895569835433138,1.419,1.4191852704786292,0.00338683598182786,0.003391169067813604,0.0013770778810000002,0.001378355128704963,A_whole
lag,0.35041999999999995,0.33974,1,1.09535,0.000611,0.000607591453594335,1.418,1.4184506570432747,0.003363083992528878,0.003367249278880528,0.0013733694810000002,0.001374616398308139,A_whole
lag,0.35971,0.34903,1,1.09445,0.000628,0.0006249204841212646,1.417,1.4171069296417307,0.0033452416184765674,0.0033486735207578313,0.0013687780090000001,0.0013699409190043891,A_whole
lag,0.36901000000000006,0.35833,1,1.09306,0.000647,0.0006431931641728646,1.416,1.4164944079292747,0.0033219500297368356,0.003325917942497415,0.001365450304,0.0013665415134223814,A_whole
lag,0.37833000000000006,0.36764,1,1.09185,0.000664,0.0006611130894152774,1.415,1.4155524220229159,0.003302474386063815,0.003306376630238757,0.0013616838010000003,0.0013627453626817334,A_whole
lag,0.3876600000000001,0.37697,1,1.09057,0.000683,0.000679177247966422,1.415,1.414702539956626,0.003283325539039409,0.003287071176497634,0.0013581436089999998,0.001359165067831594,A_whole
lag,0.3970100000000001,0.38631,1,1.08917,0.000701,0.0006975171858550118,1.414,1.4140019888442412,0.0032639538334554826,0.0032675209320874956,0.0013549761000000002,0.001355930123754761,A_whole
lag,0.4063700000000001,0.39567,1,1.0879,0.000719,0.0007155829780617015,1.413,1.413090235346705,0.0032470758299343733,0.003250213786044204,0.0013514446440000003,0.0013524140385477552,A_whole
lag,0.41574,0.40503,1,1.0863,0.000738,0.0007344050521625587,1.412,1.4126492179902244,0.003226988224518282,0.0032303934895097927,0.0013488725290000001,0.0013497753375811023,A_whole
lag,0.42513,0.41441,1,1.08503,0.000756,0.0007525024588911049,1.412,1.4116880207915026,0.0032116128362156015,0.003214806931469356,0.001345495761,0.0013463528814477463,A_whole
lag,0.4345300000000001,0.4238,1,1.08343,0.000775,0.0007714054556635763,1.411,1.411217708838268,0.003193844197404554,0.0031965330411862273,0.001343002609,0.0013437936901157406,A_whole
lag,0.44394,0.4332,1,1.08198,0.000793,0.000789972977940199,1.41,1.410497797243992,0.003177638390362272,0.003180570592396949,0.0013401456640000002,0.0013409135009250514,A_whole
lag,0.45336,0.44261,1,1.08052,0.000812,0.0008085976396206197,1.41,1.4097948666724096,0.003162249062740555,0.003165087925147458,0.0013373648999999998,0.0013380949039206943,A_whole
lag,0.46279000000000003,0.45203,1,1.07896,0.000831,0.0008275136924215955,1.409,1.4092373613230493,0.0031464890859396947,0.003149189916776108,0.0013348062249999998,0.0013355692022632398,A_whole
lag,0.47223000000000015,0.46145,1,1.07734,0.00085,0.0008466275472597351,1.409,1.4087535114317649,0.0031309732220770195,0.0031333293998619277,0.001332542016,0.0013332445597944978,A_whole
lag,0.4816800000000001,0.47089,1,1.07586,0.000869,0.0008654107202490395,1.408,1.408057941376947,0.0031171306608789168,0.003119387366013403,0.001329915024,0.001330613854875381,A_whole
lag,0.49114000000000013,0.48033,1,1.07412,0.000888,0.0008849550202057332,1.408,1.4077438367198631,0.003101235379765788,0.003103399778817426,0.0013280193640000002,0.001328675433326262,A_whole
lag,0.5006000000000002,0.48979,1,1.07262,0.000907,0.00090386175902573,1.407,1.4070656785570468,0.0030873166568190138,0.0030902921911935195,0.0013255424640000002,0.001326193793347702,A_whole
lag,0.5100800000000001,0.49924,1,1.07092,0.000927,0.0009234123019006328,1.407,1.4066860551573683,0.0030727118910695407,0.00307564655122968,0.0013236499239999999,0.0013242412726857014,A_whole
lag,0.51956,0.50871,1,1.06934,0.000946,0.0009426522221775914,1.406,1.4061257134197518,0.0030599358201102984,0.0030626199206319525,0.001321467904,0.0013220423377434576,A_whole
lag,0.5290600000000001,0.51818,1,1.0677,0.000966,0.0009621473829839394,1.406,1.4056583133192355,0.00304741308971292,0.003049374772333299,0.0013194329760000002,0.00132002364816983,A_whole
lag,0.5385600000000001,0.52766,1,1.06593,0.000985,0.0009820909999746943,1.405,1.405380743828522,0.0030328986822247,0.0030352984008566015,0.0013178352040000001,0.00131838236440971,A_whole
lag,0.54806,0.53714,1,1.06429,0.001005,0.001001679423260346,1.405,1.4049066546041498,0.0030201819733514665,0.003022874381455925,0.001315948176,0.0013164699185912263,A_whole
lag,0.55758,0.54663,1,1.06255,0.001025,0.0010216726578982857,1.404,1.4045791610735603,0.0030079383465463436,0.003009843697284155,0.001314352516,0.0013148398805077732,A_whole
lag,0.5671000000000002,0.55612,1,1.06102,0.001044,0.0010410334810900185,1.404,1.4039504351427718,0.002997077253460255,0.0029990989539757746,0.001312250625,0.0013127288236961649,A_whole
lag,0.5766200000000001,0.56562,1,1.05916,0.001065,0.0010615561625584014,1.404,1.4038228348819652,0.0029835448482346837,0.0029854968165290733,0.0013110192639999999,0.001311482471457479,A_whole
lag,0.58615,0.57512,1,1.05743,0.001085,0.0010817153002225016,1.403,1.4034893913249562,0.0029709570483338666,0.0029735115795687765,0.0013094989689999997,0.0013099643060466343,A_whole
lag,0.59569,0.58463,1,1.05574,0.001105,0.001101815210428839,1.403,1.4031013872324558,0.002959840869394369,0.0029621722518163958,0.0013079072250000003,0.0013083826976390408,A_whole
lag,0.6052300000000002,0.59414,1,1.05391,0.001126,0.00112248130818661,1.403,1.4029258450386652,0.0029476208811087747,0.0029497949585875023,0.001306750201,0.0013071958155221545,A_whole
lag,0.6147800000000001,0.60366,1,1.05215,0.001146,0.0011429809512908257,1.403,1.4026407726821009,0.0029367139786178457,0.0029383812462771323,0.0013054491610000002,0.0013058781298587862,A_whole
lag,0.62433,0.61318,1,1.05044,0.001167,0.0011633683249067173,1.402,1.4022895010417846,0.002925438846386375,0.0029276627422604577,0.001304076544,0.0013044757468272008,A_whole
lag,0.63388,0.6227,1,1.04861,0.001188,0.0011842836466748855,1.402,1.4021235592297723,0.0029138320598346796,0.00291605862043737,0.001303065604,0.0013034151993568223,A_whole
lag,0.64344,0.63222,1,1.04686,0.001208,0.0012049852130592556,1.402,1.4018377844973893,0.0029035075750809955,0.0029054457616868325,0.0013018385610000002,0.0013021936078296268,A_whole
lag,0.6530100000000001,0.64175,1,1.045,0.00123,0.0012262147981702935,1.402,1.4017188657225492,0.002891875186007647,0.0028940396147057027,0.0013009727609999998,0.0013012831972450502,A_whole
lag,0.6625700000000001,0.65128,1,1.04305,0.001251,0.0012478789415785766,1.402,1.4017315693931545,0.002880638344309819,0.0028820764187778235,0.0013003236000000001,0.001300655179381944,A_whole
lag,0.67214,0.66081,1,1.04129,0.001272,0.0012688742871379162,1.401,1.4014549383825317,0.0028700944770478605,0.002872111295078421,0.001299242025,0.001299589694315632,A_whole
lag,0.6817200000000001,0.67034,1,1.03942,0.001294,0.0012904303158316557,1.401,1.4013489166764204,0.0028591422960896214,0.0028613181703949758,0.001298521225,0.001298829427749745,A_whole
lag,0.69129,0.67987,1,1.0374,0.001316,0.001312704933732118,1.401,1.401466119623064,0.002847986927619206,0.0028493953542713907,0.0012981609,0.0012984995526486034,A_whole
lag,0.7008700000000001,0.68941,1,1.03558,0.001338,0.00133423431332315,1.401,1.4012749238542757,0.002837491985894123,0.0028395449319984023,0.0012973683610000002,0.0012977053190423478,A_whole
lag,0.71045,0.69894,1,1.03357,0.00136,0.001356700002561453,1.401,1.4013729843507363,0.002826072653855827,0.002828151501848764,0.001297152256,0.0012974269039827551,A_whole
lag,0.72003,0.70848,1,1.03159,0.001383,0.0013791428539145193,1.401,1.401418744530203,0.002815318680165736,0.002817272512528827,0.001296864144,0.0012971186786003273,A_whole
lag,0.7296200000000002,0.71802,1,1.02951,0.001406,0.001402171096168069,1.402,1.4016059683144775,0.0028040623501563557,0.002805727850812286,0.001296864144,0.0012971021941560448,A_whole
lag,0.7392000000000001,0.72756,1,1.02758,0.001428,0.0014246086896805396,1.402,1.4015637260242473,0.002793770518759974,0.0027957531748652427,0.0012965040489999998,0.001296751622185361,A_whole
lag,0.7487900000000001,0.73709,1,1.02528,0.001453,0.001448934943217555,1.402,1.4020736603010622,0.0027815853914660354,0.0027826664030399253,0.001297152256,0.0012973784520035254,A_whole
lag,0.75838,0.74663,1,1.02333,0.001475,0.0014717123265104819,1.402,1.4020345260325897,0.002771188039201316,0.002773011106050028,0.0012969361690000002,0.001297163523863105,A_whole
lag,0.76797,0.75617,1,1.02109,0.0015,0.0014960438222548344,1.402,1.4024374968432238,0.002759381929948956,0.0027609214926695145,0.0012975124409999998,0.001297721282326436,A_whole
lag,0.77756,0.76571,1,1.01884,0.001524,0.0015205752221735566,1.403,1.4028388584806404,0.002747499024082952,0.002749012688440274,0.0012981609,0.0012983553363371937,A_whole
lag,0.78715,0.77524,1,1.0166,0.001549,0.0015452109520519744,1.403,1.4032114051365607,0.002735429950564095,0.002737439803192498,0.001298809521,0.001299008355054308,A_whole
lag,0.79674,0.78478,1,1.01415,0.001575,0.001571101868672486,1.404,1.4038924685869418,0.002722410689609743,0.0027242373538542523,0.0013000351359999998,0.0013002496754681086,A_whole
lag,0.80633,0.79431,1,1.01178,0.001601,0.0015967510994249927,1.404,1.4044277199287838,0.0027107583653121063,0.0027120432199413684,0.001301189184,0.0013013381786759117,A_whole
lag,0.81592,0.80384,1,1.00915,0.001628,0.0016239928833772553,1.405,1.4053484267768808,0.002696429586736644,0.0026977923006068273,0.0013029934089999998,0.0013031525556369938,A_whole
lag,0.82551,0.81337,1,1.00661,0.001655,0.001650951095671891,1.406,1.4060998686454607,0.002683408101167469,0.0026846741874246927,0.0013046543999999998,0.0013047949799171396,A_whole
lag,0.8350900000000001,0.8229,1,1.00408,0.001682,0.001678050416165084,1.407,1.406819970737931,0.0026701669887044107,0.0026719010288584035,0.001306316449,0.0013064634194144813,A_whole
lag,0.8446800000000001,0.83242,1,1.00104,0.001712,0.0017083170348909699,1.408,1.4083211697216897,0.0026534778959746807,0.00265486115951729,0.0013093542250000002,0.0013095266336188962,A_whole
lag,0.85426,0.84194,1,0.99823,0.001741,0.0017375085068261915,1.409,1.409419976132652,0.002638331427625264,0.0026402682991268594,0.0013119608410000001,0.0013120731608302469,A_whole
lag,0.8638399999999999,0.85146,1,0.99513,0.001773,0.0017687107367590584,1.411,1.410958380928723,0.002622480765542314,0.0026233894539625965,0.0013152952890000001,0.001315456959993266,A_whole
lag,0.8734200000000001,0.86096,1,0.99198,0.001804,0.0018005410873503495,1.413,1.4125432108387188,0.0026046104215779503,0.0026064349484504405,0.0013189244890000002,0.0013190612106911991,A_whole
lag,0.8829800000000001,0.87046,1,0.98844,0.001839,0.0018351365616557217,1.415,1.4147406405834713,0.002584406105671359,0.0025863224494499576,0.001323722689,0.0013238219723437136,A_whole
lag,0.8925400000000001,0.87995,1,0.9851,0.001873,0.0018688691833636938,1.417,1.4165667408107845,0.002566924466191776,0.0025684446708845433,0.0013280193640000002,0.0013281570800853747,A_whole
lag,0.90208,0.88942,1,0.981,0.001912,0.0019079849421756987,1.42,1.4196462860048,0.00254270486854725,0.002544034502342815,0.001334587024,0.001334693633156892,A_whole
lag,0.9115900000000001,0.89886,1,0.97717,0.00195,0.0019458173977294926,1.422,1.4222367578404589,0.0025207851963877175,0.002522538527107558,0.001340584996,0.0013406762728606877,A_whole
lag,0.92107,0.90826,1,0.97268,0.001993,0.00198873438271166,1.426,1.4259548622520763,0.0024944340762329056,0.0024953848303170523,0.001348578729,0.0013486708781794265,A_whole
lag,0.93049,0.91761,1,0.9683,0.002036,0.0020315255108499324,1.429,1.4294783741433759,0.002467990541303597,0.0024696414393931537,0.0013565225610000001,0.00135660791494501,A_whole
lag,0.9398299999999999,0.92688,1,0.96294,0.002086,0.0020821658541271995,1.435,1.4347925759856137,0.00243407022705394,0.0024351408831806663,0.0013675204,0.0013676158950288808,A_whole
lag,0.94905,0.93602,1,0.95766,0.002138,0.0021331500031837054,1.44,1.4400265539537007,0.0023999232139715505,0.002401692975093742,0.0013787111609999997,0.0013788128042481027,A_whole
lag,0.9581,0.94499,1,0.95176,0.002194,0.002189927659689371,1.447,1.446557215737661,0.002361325664857989,0.002362524551176003,0.001392185344,0.0013922769222076414,A_whole
lag,0.9669100000000002,0.95372,1,0.94519,0.002258,0.0022533368463740658,1.455,1.4546180845591379,0.0023159130729946257,0.0023169050846499686,0.0014082757289999998,0.0014083502759331518,A_whole
lag,0.9753900000000002,0.96213,1,0.93836,0.002325,0.0023204274780620226,1.464,1.463560614395845,0.0022668436344398663,0.002268398839775298,0.0014259686439999997,0.001425989290391768,A_whole
lag,0.9834500000000002,0.97012,1,0.93111,0.002398,0.0023928667673945594,1.474,1.473891819567163,0.002213466700702287,0.0022150183804775115,0.001445748529,0.001445814956421793,A_whole
lag,0.9909999999999999,0.9776,1,0.92298,0.00248,0.0024754033804380736,1.487,1.4868940798094066,0.002150507138345267,0.0021516368617327266,0.001469495556,0.001469500000144074,A_whole
lag,0.9979799999999999,0.98451,1,0.91488,0.002565,0.0025603399779645735,1.501,1.500817816962986,0.0020860080113718313,0.0020867936443943794,0.0014943636489999999,0.0014943627765769305,A_whole
lag,1.0043400000000002,0.99082,1,0.90619,0.002659,0.0026541734185322632,1.517,1.5174325121365086,0.00201295618951332,0.0020135905777617,0.0015225604,0.0015225353847376668,A_whole
lag,1.0101000000000002,0.99652,1,0.89757,0.002756,0.0027509391043077968,1.535,1.535381291362291,0.001937609459736778,0.0019384749675654357,0.001551966025,0.0015519738411591958,A_whole
lag,1.0136100000000001,1.0,1,0.89417,0.002797,0.0027915307005857847,1.542,1.5416152212780112,0.0019085974700270554,0.0019122113651536884,0.001564123401,0.0015640770712231759,A_whole
equil,0.0677000000000001,0.05862,1,1.02008,7.7e-05,8.054753554892704e-05,1.887,1.719237063844178,0.004715715460453935,0.005577642051979771,0.002441051649,0.0024026348396606486,B_turb
equil,0.07316999999999996,0.06391,1,1.0295,8.8e-05,9.247571159046626e-05,1.661,1.644107885860624,0.005408209165225649,0.005273837643140539,0.0023838806250000002,0.0021292591517406345,B_turb
equil,0.07902000000000009,0.06959,1,1.03929,0.000101,0.00010406274760738418,1.577,1.58989431317266,0.0052040335552895126,0.00495632505015586,0.0021085545610000003,0.0019295609478333785,B_turb
equil,0.08522000000000007,0.07564,1,1.0477,0.000113,0.00011585407369024395,1.528,1.5449361203385399,0.004938618960803972,0.004766433354033902,0.0019096900000000003,0.001759896298518664,B_turb
equil,0.09177000000000013,0.08205,1,1.05541,0.000126,0.00012828213068644635,1.503,1.5229922969196414,0.004928672201584522,0.004742700094454863,0.0017815152640000003,0.0016902237613317817,B_turb
equil,0.09865000000000013,0.0888,1,1.06288,0.00014,0.00014119226298946503,1.489,1.5070247554910972,0.004849015336674609,0.004688421413919479,0.0017034605289999998,0.0016378602455592453,B_turb
equil,0.10583000000000009,0.09586,1,1.06887,0.000154,0.00015493672281055592,1.484,1.4983539461241784,0.004711667165001838,0.004590497367449094,0.0016560830250000002,0.00161665554673939,B_turb
equil,0.11326000000000014,0.10319,1,1.07439,0.000169,0.0001689093416583918,1.479,1.49073386485475,0.004588873206871686,0.004500762699135003,0.0016248154809999998,0.0015971215155638754,B_turb
equil,0.12092999999999998,0.11076,1,1.07927,0.000183,0.00018322345079119795,1.475,1.4841960610301157,0.00448136473576482,0.0044158100568625165,0.0016019205759999998,0.0015802119235113089,B_turb
equil,0.12880000000000003,0.11855,1,1.08372,0.000198,0.0001977228096127034,1.471,1.478243458474628,0.004390143660063981,0.004338488832654809,0.001582687089,0.0015639853051933124,B_turb
equil,0.13683,0.12651,1,1.08704,0.000213,0.00021280006139993868,1.468,1.4736457838638237,0.00430074418032708,0.004259937273541577,0.0015676056490000004,0.001552654580919012,B_turb
equil,0.14502000000000015,0.13464,1,1.09023,0.000228,0.00022786751916201145,1.463,1.4686855593251062,0.004228498953738743,0.004193963270757987,0.0015527540250000003,0.0015381355957763511,B_turb
equil,0.15332999999999997,0.1429,1,1.09293,0.000244,0.00024314238300003486,1.46,1.4643366004934715,0.004160750695546353,0.004131413049759074,0.0015389929000000002,0.0015253845900430232,B_turb
equil,0.16175000000000006,0.15127,1,1.09559,0.000259,0.00025831467134400523,1.455,1.4599808567483368,0.004103914350155817,0.004076681308918073,0.0015249025,0.0015115921720362552,B_turb
equil,0.17026000000000008,0.15974,1,1.09716,0.000275,0.000274211259508568,1.453,1.457047681463654,0.004039841608781145,0.004016350587719381,0.0015137546489999998,0.0015038835747320269,B_turb
equil,0.17886000000000002,0.16831,1,1.0991,0.000291,0.0002896608610856424,1.449,1.4531664587914057,0.00399165309081058,0.00396974447761974,0.001501407504,0.0014908961691746778,B_turb
equil,0.18752999999999997,0.17695,1,1.10034,0.000307,0.0003056033502067793,1.447,1.4503390026838254,0.003939712925042358,0.003919754597919192,0.001490886544,0.0014823984769450906,B_turb
equil,0.1962600000000001,0.18565,1,1.10139,0.000323,0.00032158248776197203,1.444,1.4475115238884957,0.003891811010381982,0.0038743670570878267,0.0014808643240000001,0.001473399256747107,B_turb
equil,0.2050400000000001,0.19442,1,1.10214,0.000339,0.0003377214215252065,1.442,1.4449415569181328,0.0038470005814369695,0.003831079828011519,0.0014714895999999999,0.0014652043888358681,B_turb
equil,0.21388000000000007,0.20324,1,1.1029,0.000355,0.0003537513817115786,1.439,1.4422415371867694,0.0038071720857649404,0.003792597208387228,0.001462144644,0.0014560095846003441,B_turb
equil,0.22276000000000007,0.21211,1,1.10312,0.000372,0.00037025040715086606,1.438,1.4402210247907128,0.0037645647781679977,0.003752093642870551,0.001454201956,0.0014497495161475801,B_turb
equil,0.23168999999999995,0.22103,1,1.10355,0.000388,0.0003864225540634109,1.435,1.4377377009616803,0.003729607243843218,0.0037182852906950514,0.001445672484,0.0014409882203619986,B_turb
equil,0.24065000000000003,0.22999,1,1.10349,0.000404,0.00040307207233299927,1.434,1.4359254756485091,0.0036922363943435723,0.003682075064692241,0.0014384573290000002,0.001435185598882747,B_turb
equil,0.24965000000000015,0.23898,1,1.1034,0.000421,0.00041968174904135843,1.432,1.433992880497119,0.0036583415822611536,0.0036492713028282693,0.0014313358889999999,0.0014285903036541513,B_turb
equil,0.2586900000000001,0.24801,1,1.10331,0.000438,0.0004362280613686187,1.43,1.4320014151041103,0.0036277216407692965,0.0036192499054567688,0.001424232121,0.0014215182460917543,B_turb
equil,0.26775000000000015,0.25707,1,1.10277,0.000455,0.000453297826110316,1.429,1.4306148780874268,0.0035942718420710756,0.003586792497515984,0.001418350921,0.0014171546206405243,B_turb
equil,0.27684,0.26616,1,1.10241,0.000472,0.0004700536717927929,1.427,1.4288178313058584,0.0035653518977831382,0.003559354451581365,0.0014120309289999999,0.0014106814830229697,B_turb
equil,0.28596,0.27528,1,1.10187,0.000489,0.00048702627345632686,1.426,1.4272752781616769,0.0035375488871269897,0.0035318419814030755,0.0014061750009999997,0.0014052789740394479,B_turb
equil,0.29510000000000014,0.28442,1,1.10108,0.000506,0.0005043204710723574,1.425,1.4260157203571084,0.0035088090718762978,0.003503878792950706,0.0014010048999999998,0.0014010969296021957,B_turb
equil,0.30427000000000004,0.29359,1,1.10047,0.000523,0.0005213040279737113,1.423,1.4244173555246804,0.00348379915875918,0.0034799490691271797,0.001395470736,0.0013951924475162128,B_turb
equil,0.31346000000000007,0.30278,1,1.09958,0.00054,0.0005387049755650164,1.422,1.4232230377026616,0.003458012060454986,0.0034545178149683335,0.0013906186809999998,0.0013911020983920317,B_turb
equil,0.32267,0.31199,1,1.09863,0.000558,0.0005561765964491104,1.421,1.4220365627029914,0.0034333402010990823,0.003430342860290205,0.0013859239839999998,0.0013869562941068547,B_turb
equil,0.33191000000000015,0.32122,1,1.09764,0.000575,0.0005737139215295327,1.42,1.4208526616524673,0.0034096561523322337,0.003407355973506864,0.001381460224,0.0013827391154366514,B_turb
equil,0.34116000000000013,0.33047,1,1.09663,0.000593,0.0005912571142649686,1.419,1.4196720340840183,0.00338683598182786,0.0033855524020507187,0.0013770778810000002,0.0013784577400422096,B_turb
equil,0.35041999999999995,0.33974,1,1.09535,0.000611,0.0006092743205527087,1.418,1.4188350802171632,0.003363083992528878,0.0033623766135392015,0.0013733694810000002,0.0013757318088465215,B_turb
equil,0.35971,0.34903,1,1.09445,0.000628,0.0006265871392284687,1.417,1.417406674645427,0.0033452416184765674,0.003344416652832601,0.0013687780090000001,0.0013701430560614728,B_turb
equil,0.36901000000000006,0.35833,1,1.09306,0.000647,0.0006448486946055214,1.416,1.416716473657737,0.0033219500297368356,0.0033222258935152495,0.001365450304,0.0013679829924021377,B_turb
equil,0.37833000000000006,0.36764,1,1.09185,0.000664,0.0006627592083718151,1.415,1.4156885585065149,0.003302474386063815,0.0033032767787023395,0.0013616838010000003,0.0013641728203333183,B_turb
equil,0.3876600000000001,0.37697,1,1.09057,0.000683,0.0006808167913420589,1.415,1.4147630844154477,0.003283325539039409,0.0032844910455736187,0.0013581436089999998,0.0013607939734110463,B_turb
equil,0.3970100000000001,0.38631,1,1.08917,0.000701,0.0006991530662113507,1.414,1.4139854734290949,0.0032639538334554826,0.0032654562725951343,0.0013549761000000002,0.0013580662476043491,B_turb
equil,0.4063700000000001,0.39567,1,1.0879,0.000719,0.0007172167806179483,1.413,1.4130043523968547,0.0032470758299343733,0.0032486087356509447,0.0013514446440000003,0.001354333563157532,B_turb
equil,0.41574,0.40503,1,1.0863,0.000738,0.000736040489922422,1.412,1.4124887170848093,0.003226988224518282,0.003229267882197917,0.0013488725290000001,0.0013527547811512384,B_turb
equil,0.42513,0.41441,1,1.08503,0.000756,0.0007541400685148922,1.412,1.4114580662154508,0.0032116128362156015,0.0032141206700108537,0.001345495761,0.001348710989125631,B_turb
equil,0.4345300000000001,0.4238,1,1.08343,0.000775,0.0007730487240714997,1.411,1.4109228897043053,0.003193844197404554,0.0031962529387013225,0.001343002609,0.0013469652338438537,B_turb
equil,0.44394,0.4332,1,1.08198,0.000793,0.0007916230967797814,1.41,1.410135771872428,0.003177638390362272,0.00318070081566109,0.0013401456640000002,0.001343999933957233,B_turb
equil,0.45336,0.44261,1,1.08052,0.000812,0.0008102564087783759,1.41,1.409375461895167,0.003162249062740555,0.00316556771126998,0.0013373648999999998,0.0013411291631258621,B_turb
equil,0.46279000000000003,0.45203,1,1.07896,0.000831,0.0008291831658355123,1.409,1.4087630534833298,0.0031464890859396947,0.0031499993836092643,0.0013348062249999998,0.0013389249136237966,B_turb
equil,0.47223000000000015,0.46145,1,1.07734,0.00085,0.0008483096008310094,1.409,1.4082199433080504,0.0031309732220770195,0.003134485839594521,0.001332542016,0.0013370194089501997,B_turb
equil,0.4816800000000001,0.47089,1,1.07586,0.000869,0.0008671062524168514,1.408,1.407470904948855,0.0031171306608789168,0.0031208544541460013,0.001329915024,0.0013341198815149493,B_turb
equil,0.49114000000000013,0.48033,1,1.07412,0.000888,0.0008866667416112717,1.408,1.4071005808704322,0.003101235379765788,0.003105186114894237,0.0013280193640000002,0.0013329760406700748,B_turb
equil,0.5006000000000002,0.48979,1,1.07262,0.000907,0.0009055900317700861,1.407,1.4063683809417196,0.0030873166568190138,0.0030923824003668303,0.0013255424640000002,0.0013301088397396413,B_turb
equil,0.5100800000000001,0.49924,1,1.07092,0.000927,0.0009251594805984825,1.407,1.4059375564431484,0.0030727118910695407,0.0030780201102662387,0.0013236499239999999,0.0013286360217558237,B_turb
equil,0.51956,0.50871,1,1.06934,0.000946,0.000944419086657093,1.406,1.405327218919772,0.0030599358201102984,0.00306526720576279,0.001321467904,0.0013262997282214104,B_turb
equil,0.5290600000000001,0.51818,1,1.0677,0.000966,0.0009639354956294503,1.406,1.4048145849878702,0.00304741308971292,0.0030522667238886583,0.0013194329760000002,0.0013244032710432742,B_turb
equil,0.5385600000000001,0.52766,1,1.06593,0.000985,0.000983902229228335,1.405,1.404486820288406,0.0030328986822247,0.0030384565653865793,0.0013178352040000001,0.001323355769574915,B_turb
equil,0.54806,0.53714,1,1.06429,0.001005,0.0010035144489455175,1.405,1.4039623466088142,0.0030201819733514665,0.0030262974990781168,0.001315948176,0.0013213681629581921,B_turb
equil,0.55758,0.54663,1,1.06255,0.001025,0.0010235332739705694,1.404,1.4035848757486074,0.0030079383465463436,0.0030135255307563395,0.001314352516,0.0013200541937205066,B_turb
equil,0.5671000000000002,0.55612,1,1.06102,0.001044,0.0010429198412453182,1.404,1.4029148453405589,0.002997077253460255,0.0030029939279254524,0.001312250625,0.0013173528602694305,B_turb
equil,0.5766200000000001,0.56562,1,1.05916,0.001065,0.0010634709447204683,1.404,1.4027442268224863,0.0029835448482346837,0.00298960768033231,0.0013110192639999999,0.0013169769180967508,B_turb
equil,0.58615,0.57512,1,1.05743,0.001085,0.0010836590612645345,1.403,1.4023615143071297,0.0029709570483338666,0.002977869513383757,0.0013094989689999997,0.0013155937939224448,B_turb
equil,0.59569,0.58463,1,1.05574,0.001105,0.0011037889555890856,1.403,1.4019280442146116,0.002959840869394369,0.0029667557555146046,0.0013079072250000003,0.0013139597214637073,B_turb
equil,0.6052300000000002,0.59414,1,1.05391,0.001126,0.001124486891780558,1.403,1.401704780983166,0.0029476208811087747,0.0029546113692154423,0.001306750201,0.0013132971767958984,B_turb
equil,0.6147800000000001,0.60366,1,1.05215,0.001146,0.0011450192543160222,1.403,1.401369597926296,0.0029367139786178457,0.0029434413674238346,0.0013054491610000002,0.0013120989008005102,B_turb
equil,0.62433,0.61318,1,1.05044,0.001167,0.0011654402711728728,1.402,1.4009722371660454,0.002925438846386375,0.0029329446615603072,0.001304076544,0.0013105978189544088,B_turb
equil,0.63388,0.6227,1,1.04861,0.001188,0.0011863909832533865,1.402,1.4007593477333737,0.0029138320598346796,0.002921562791244698,0.001303065604,0.0013099488647972336,B_turb
equil,0.64344,0.63222,1,1.04686,0.001208,0.0012071286970399366,1.402,1.4004267831439166,0.0029035075750809955,0.002911170695770558,0.0013018385610000002,0.0013087297443910254,B_turb
equil,0.6530100000000001,0.64175,1,1.045,0.00123,0.0012283961765956817,1.402,1.4002596804669076,0.002891875186007647,0.002899988542261053,0.0013009727609999998,0.0013082747744060498,B_turb
equil,0.6625700000000001,0.65128,1,1.04305,0.001251,0.0012500999070146175,1.402,1.4002159723107055,0.002880638344309819,0.002888286874827096,0.0013003236000000001,0.0013083870648479495,B_turb
equil,0.67214,0.66081,1,1.04129,0.001272,0.001271135189305966,1.401,1.3998837306865446,0.0028700944770478605,0.002878580561557078,0.001299242025,0.001307141203477892,B_turb
equil,0.6817200000000001,0.67034,1,1.03942,0.001294,0.0012927330579018319,1.401,1.3997239660441816,0.0028591422960896214,0.002868032806827498,0.001298521225,0.0013066930305608588,B_turb
equil,0.69129,0.67987,1,1.0374,0.001316,0.0013150516406435146,1.401,1.399779150809477,0.002847986927619206,0.002856391266450238,0.0012981609,0.0013072409920492334,B_turb
equil,0.7008700000000001,0.68941,1,1.03558,0.001338,0.0013366253700593399,1.401,1.3995257956947695,0.002837491985894123,0.0028468247114281225,0.0012973683610000002,0.0013063390476619877,B_turb
equil,0.71045,0.69894,1,1.03357,0.00136,0.001359137901486268,1.401,1.3995590027926605,0.002826072653855827,0.002835722050159321,0.001297152256,0.0013067684124191865,B_turb
equil,0.72003,0.70848,1,1.03159,0.001383,0.0013816289603090317,1.401,1.3995349933813734,0.002815318680165736,0.0028251562665814393,0.001296864144,0.0013069230281912369,B_turb
equil,0.7296200000000002,0.71802,1,1.02951,0.001406,0.001404707646941329,1.402,1.3996456343893016,0.0028040623501563557,0.0028139532229319616,0.001296864144,0.0013076999272982578,B_turb
equil,0.7392000000000001,0.72756,1,1.02758,0.001428,0.0014271965068219535,1.402,1.399527231399537,0.002793770518759974,0.0028043191500292876,0.0012965040489999998,0.0013073996026933114,B_turb
equil,0.7487900000000001,0.73709,1,1.02528,0.001453,0.0014515779586266688,1.402,1.3999484610998814,0.0027815853914660354,0.002791621505527236,0.001297152256,0.0013096138232454328,B_turb
equil,0.75838,0.74663,1,1.02333,0.001475,0.001474410508943786,1.402,1.3998194989195452,0.002771188039201316,0.002782367134046885,0.0012969361690000002,0.0013092518602174843,B_turb
equil,0.76797,0.75617,1,1.02109,0.0015,0.0014988008050828235,1.402,1.400127394868866,0.002759381929948956,0.0027706923807932935,0.0012975124409999998,0.0013109240866649003,B_turb
equil,0.77756,0.76571,1,1.01884,0.001524,0.001523393192841833,1.403,1.400423465740786,0.002747499024082952,0.0027592437096674066,0.0012981609,0.001312535453866542,B_turb
equil,0.78715,0.77524,1,1.0166,0.001549,0.0015480921265711449,1.403,1.4006846293092765,0.002735429950564095,0.002748156626848262,0.001298809521,0.0013139782385521476,B_turb
equil,0.79674,0.78478,1,1.01415,0.001575,0.001574049878988978,1.404,1.4012408445214672,0.002722410689609743,0.0027354929949416668,0.0013000351359999998,0.0013167937989461852,B_turb
equil,0.80633,0.79431,1,1.01178,0.001601,0.0015997681238728203,1.404,1.4016418009762448,0.0027107583653121063,0.0027238805226511994,0.001301189184,0.0013188793513599852,B_turb
equil,0.81592,0.80384,1,1.00915,0.001628,0.0016270832337184798,1.405,1.4024110274632953,0.002696429586736644,0.002710277503332261,0.0013029934089999998,0.001322680283259879,B_turb
equil,0.82551,0.81337,1,1.00661,0.001655,0.0016541173575937993,1.406,1.4029979717736087,0.002683408101167469,0.002697865859712981,0.0013046543999999998,0.0013256255729581635,B_turb
equil,0.8350900000000001,0.8229,1,1.00408,0.001682,0.001681295707227773,1.407,1.4035471249006943,0.0026701669887044107,0.002685823378182998,0.001306316449,0.0013283896789533464,B_turb
equil,0.8446800000000001,0.83242,1,1.00104,0.001712,0.0017116476629568974,1.408,1.4048478300778082,0.0026534778959746807,0.0026696217590057385,0.0013093542250000002,0.001334661220949117,B_turb
equil,0.85426,0.84194,1,0.99823,0.001741,0.0017409269774718193,1.409,1.4057286836213267,0.002638331427625264,0.0026559495647416635,0.0013119608410000001,0.0013389679972218042,B_turb
equil,0.8638399999999999,0.85146,1,0.99513,0.001773,0.001772222623049326,1.411,1.4070242435575284,0.002622480765542314,0.0026400813033486143,0.0013152952890000001,0.0013452095337533588,B_turb
equil,0.8734200000000001,0.86096,1,0.99198,0.001804,0.0018041510024552796,1.413,1.4083413575423265,0.0026046104215779503,0.0026242365558756973,0.0013189244890000002,0.0013515494173886612,B_turb
equil,0.8829800000000001,0.87046,1,0.98844,0.001839,0.0018388508451449522,1.415,1.4102300841120923,0.002584406105671359,0.002605382850567435,0.001323722689,0.0013605595475894832,B_turb
equil,0.8925400000000001,0.87995,1,0.9851,0.001873,0.001872691988353564,1.417,1.4117234154414227,0.002566924466191776,0.002588868099026786,0.0013280193640000002,0.0013677196696711897,B_turb
equil,0.90208,0.88942,1,0.981,0.001912,0.0019119243731896389,1.42,1.4144077469266385,0.00254270486854725,0.002566028036264359,0.001334587024,0.0013804500456503833,B_turb
equil,0.9115900000000001,0.89886,1,0.97717,0.00195,0.0019498777991977005,1.422,1.4165651277475133,0.0025207851963877175,0.0025462638048164388,0.001340584996,0.00139071576472268,B_turb
equil,0.92107,0.90826,1,0.97268,0.001993,0.00199292307319563,1.426,1.4197764700927522,0.0024944340762329056,0.0025210809842711374,0.001348578729,0.0014059161427313637,B_turb
equil,0.93049,0.91761,1,0.9683,0.002036,0.0020358473828409143,1.429,1.4227397052149993,0.002467990541303597,0.0024975112200707,0.0013565225610000001,0.0014199572863550312,B_turb
equil,0.9398299999999999,0.92688,1,0.96294,0.002086,0.002086626349830474,1.435,1.4273754795174034,0.00243407022705394,0.0024655443678708276,0.0013675204,0.001441838432453574,B_turb
equil,0.94905,0.93602,1,0.95766,0.002138,0.0021377521895120577,1.44,1.4318405565195877,0.0023999232139715505,0.0024349517534239676,0.0013787111609999997,0.001462926722315919,B_turb
equil,0.9581,0.94499,1,0.95176,0.002194,0.0021946713632349443,1.447,1.4374700310580057,0.002361325664857989,0.002399027203637835,0.001392185344,0.0014894822572254678,B_turb
equil,0.9669100000000002,0.95372,1,0.94519,0.002258,0.0022582160383834257,1.455,1.4444566718099465,0.0023159130729946257,0.002357145494258316,0.0014082757289999998,0.0015224150049407011,B_turb
equil,0.9753900000000002,0.96213,1,0.93836,0.002325,0.002325430865011901,1.464,1.4521554268539587,0.0022668436344398663,0.0023128500945182057,0.0014259686439999997,0.001558699026324997,B_turb
equil,0.9834500000000002,0.97012,1,0.93111,0.002398,0.0023979725204464424,1.474,1.461045722036665,0.002213466700702287,0.0022641637888395996,0.001445748529,0.0016005820416282897,B_turb
equil,0.9909999999999999,0.9776,1,0.92298,0.00248,0.0024805681787465027,1.487,1.4723198550240284,0.002150507138345267,0.002206098618510754,0.001469495556,0.0016536570085265692,B_turb
equil,0.9979799999999999,0.98451,1,0.91488,0.002565,0.0025655183913501603,1.501,1.4842824982475964,0.0020860080113718313,0.002147047418629832,0.0014943636489999999,0.0017099430925213727,B_turb
equil,1.0043400000000002,0.99082,1,0.90619,0.002659,0.0026592851943800415,1.517,1.498596515704209,0.00201295618951332,0.00208019614311355,0.0015225604,0.0017772143076732554,B_turb
equil,1.0101000000000002,0.99652,1,0.89757,0.002756,0.002755902319619171,1.535,1.5139360484615147,0.001937609459736778,0.002011892649055029,0.001551966025,0.001849196110265202,B_turb
equil,1.0136100000000001,1.0,1,0.89417,0.002797,0.0027964595673944455,1.542,1.5187447865256354,0.0019085974700270554,0.0019896447797958933,0.001564123401,0.0018717610665801737,B_turb
lag,0.0677000000000001,0.05862,1,1.02008,7.7e-05,7.406642223680397e-05,1.887,2.2573175058507817,0.004715715460453935,0.0030486279926649393,0.002441051649,0.0012862621469772583,B_turb
lag,0.07316999999999996,0.06391,1,1.0295,8.8e-05,8.24127527790105e-05,1.661,1.8010960312889766,0.005408209165225649,0.0048853874718573715,0.0023838806250000002,0.0023388686225737096,B_turb
lag,0.07902000000000009,0.06959,1,1.03929,0.000101,9.421376211962942e-05,1.577,1.6437849332205132,0.0052040335552895126,0.005129787748799017,0.0021085545610000003,0.002183544857950181,B_turb
lag,0.08522000000000007,0.07564,1,1.0477,0.000113,0.00010687872285375381,1.528,1.568712412258051,0.004938618960803972,0.004910491424507414,0.0019096900000000003,0.001989479038206407,B_turb
lag,0.09177000000000013,0.08205,1,1.05541,0.000126,0.00011989825819172781,1.503,1.5186424869827488,0.004928672201584522,0.004897486608249089,0.0017815152640000003,0.0018413888378097706,B_turb
lag,0.09865000000000013,0.0888,1,1.06288,0.00014,0.0001335604877882433,1.489,1.4974149571023552,0.004849015336674609,0.004859571758536639,0.0017034605289999998,0.0017450302058484351,B_turb
lag,0.10583000000000009,0.09586,1,1.06887,0.000154,0.00014805636500286537,1.484,1.487702955127222,0.004711667165001838,0.004747513899183448,0.0016560830250000002,0.0016847129486637098,B_turb
lag,0.11326000000000014,0.10319,1,1.07439,0.000169,0.00016268302685825816,1.479,1.4817498300697818,0.004588873206871686,0.004628224478544765,0.0016248154809999998,0.0016446592421478128,B_turb
lag,0.12092999999999998,0.11076,1,1.07927,0.000183,0.00017753429010770102,1.475,1.4770101598928513,0.00448136473576482,0.004517339394797676,0.0016019205759999998,0.0016162297044951782,B_turb
lag,0.12880000000000003,0.11855,1,1.08372,0.000198,0.00019247637676646733,1.471,1.4724113810590234,0.004390143660063981,0.004420794604605455,0.001582687089,0.0015936403440893925,B_turb
lag,0.13683,0.12651,1,1.08704,0.000213,0.0002079104298691323,1.468,1.4688526615800328,0.00430074418032708,0.0043275783129970175,0.0015676056490000004,0.0015764730471893528,B_turb
lag,0.14502000000000015,0.13464,1,1.09023,0.000228,0.00022328302991988258,1.463,1.4645895647064473,0.004228498953738743,0.004251183997936547,0.0015527540250000003,0.0015602152739539739,B_turb
lag,0.15332999999999997,0.1429,1,1.09293,0.000244,0.00023881975309782914,1.46,1.4606830335784118,0.004160750695546353,0.004181168282502612,0.0015389929000000002,0.0015454052911199863,B_turb
lag,0.16175000000000006,0.15127,1,1.09559,0.000259,0.00025422719027826205,1.455,1.4565870867225776,0.004103914350155817,0.004121124569511665,0.0015249025,0.0015306139211943644,B_turb
lag,0.17026000000000008,0.15974,1,1.09716,0.000275,0.0002703233237148356,1.453,1.453945632767867,0.004039841608781145,0.004055815561468555,0.0015137546489999998,0.0015189622585637782,B_turb
lag,0.17886000000000002,0.16831,1,1.0991,0.000291,0.00028595820295009467,1.449,1.4502911552820168,0.00399165309081058,0.00400529032730415,0.001501407504,0.001506162571424438,B_turb
lag,0.18752999999999997,0.17695,1,1.10034,0.000307,0.0003020626668863987,1.447,1.447648173342637,0.003939712925042358,0.003952006922845842,0.001490886544,0.00149524926350351,B_turb
lag,0.1962600000000001,0.18565,1,1.10139,0.000323,0.0003181879776644355,1.444,1.4450183654165463,0.003891811010381982,0.0039035844822708065,0.0014808643240000001,0.0014848607584190506,B_turb
lag,0.2050400000000001,0.19442,1,1.10214,0.000339,0.00033445744712633685,1.442,1.4426390037142298,0.0038470005814369695,0.003857578359934704,0.0014714895999999999,0.001475276154063865,B_turb
lag,0.21388000000000007,0.20324,1,1.1029,0.000355,0.0003506075313508324,1.439,1.4400906759059897,0.0038071720857649404,0.0038168649666822196,0.001462144644,0.0014656227013600072,B_turb
lag,0.22276000000000007,0.21211,1,1.10312,0.000372,0.0003672118218145721,1.438,1.4382351158998279,0.0037645647781679977,0.003774203786749308,0.001454201956,0.0014574517591718758,B_turb
lag,0.23168999999999995,0.22103,1,1.10355,0.000388,0.00038348266923641383,1.435,1.435894035439607,0.003729607243843218,0.0037385638224597417,0.001445672484,0.0014487163830318609,B_turb
lag,0.24065000000000003,0.22999,1,1.10349,0.000404,0.0004002186509054978,1.434,1.434222072522193,0.0036922363943435723,0.0037006415398432896,0.0014384573290000002,0.001441318895584737,B_turb
lag,0.24965000000000015,0.23898,1,1.1034,0.000421,0.00041690727629270654,1.432,1.4324372257438671,0.0036583415822611536,0.0036662005337015652,0.0014313358889999999,0.0014340390261263233,B_turb
lag,0.2586900000000001,0.24801,1,1.10331,0.000438,0.0004335260475394083,1.43,1.4305694647736122,0.0036277216407692965,0.003634790818495055,0.001424232121,0.0014267719172796492,B_turb
lag,0.26775000000000015,0.25707,1,1.10277,0.000455,0.0004506584645490466,1.429,1.4293112065541769,0.0035942718420710756,0.0036009830985447287,0.001418350921,0.00142073478580621,B_turb
lag,0.27684,0.26616,1,1.10241,0.000472,0.0004674726717153391,1.427,1.4276453838832044,0.0035653518977831382,0.0035722639652981006,0.0014120309289999999,0.001414276805820309,B_turb
lag,0.28596,0.27528,1,1.10187,0.000489,0.0004844970762892101,1.426,1.426211832554962,0.0035375488871269897,0.0035436611394889725,0.0014061750009999997,0.0014083061087862584,B_turb
lag,0.29510000000000014,0.28442,1,1.10108,0.000506,0.0005018362849313831,1.425,1.4250712082608428,0.0035088090718762978,0.00351459729757537,0.0014010048999999998,0.0014030396150808899,B_turb
lag,0.30427000000000004,0.29359,1,1.10047,0.000523,0.0005188617127604596,1.423,1.4235811341479716,0.00348379915875918,0.0034896870343509513,0.001395470736,0.0013973446488603387,B_turb
lag,0.31346000000000007,0.30278,1,1.09958,0.00054,0.0005362983523193263,1.422,1.4224838482272826,0.003458012060454986,0.0034633758968807766,0.0013906186809999998,0.0013924048420375494,B_turb
lag,0.32267,0.31199,1,1.09863,0.000558,0.0005538013158302118,1.421,1.4214019693009812,0.0034333402010990823,0.0034383145936073933,0.0013859239839999998,0.0013876762308909598,B_turb
lag,0.33191000000000015,0.32122,1,1.09764,0.000575,0.0005713659336021478,1.42,1.4203198806024133,0.0034096561523322337,0.0034144915883486935,0.001381460224,0.0013830869786448624,B_turb
lag,0.34116000000000013,0.33047,1,1.09663,0.000593,0.0005889327469122988,1.419,1.4192313306754645,0.00338683598182786,0.0033919386133442597,0.0013770778810000002,0.0013785941792829389,B_turb
lag,0.35041999999999995,0.33974,1,1.09535,0.000611,0.0006069682536888337,1.418,1.4184944127703123,0.003363083992528878,0.00336799033492211,0.0013733694810000002,0.0013748440434875578,B_turb
lag,0.35971,0.34903,1,1.09445,0.000628,0.000624298940918005,1.417,1.4171484596034423,0.0033452416184765674,0.0033493894952239265,0.0013687780090000001,0.001370157706291106,B_turb
lag,0.36901000000000006,0.35833,1,1.09306,0.000647,0.0006425722263619064,1.416,1.4165339889626676,0.0033219500297368356,0.0033266087616117125,0.001365450304,0.0013667483439603998,B_turb
lag,0.37833000000000006,0.36764,1,1.09185,0.000664,0.0006604929977673594,1.415,1.415590103675419,0.003302474386063815,0.003307044926282445,0.0013616838010000003,0.0013629427991668167,B_turb
lag,0.3876600000000001,0.37697,1,1.09057,0.000683,0.0006785577699548833,1.415,1.414738468385526,0.003283325539039409,0.0032877181787268647,0.0013581436089999998,0.0013593537046663092,B_turb
lag,0.3970100000000001,0.38631,1,1.08917,0.000701,0.0006968979994464768,1.414,1.4140362816411314,0.0032639538334554826,0.0032681477417447337,0.0013549761000000002,0.001356110527087932,B_turb
lag,0.4063700000000001,0.39567,1,1.0879,0.000719,0.0007149642441201213,1.413,1.4131229707837307,0.0032470758299343733,0.003250822082117087,0.0013514446440000003,0.0013525866431345626,B_turb
lag,0.41574,0.40503,1,1.0863,0.000738,0.0007337860503199515,1.412,1.412680531107143,0.003226988224518282,0.0032309835662979545,0.0013488725290000001,0.0013499407028090887,B_turb
lag,0.42513,0.41441,1,1.08503,0.000756,0.0007518837457496362,1.412,1.411717928920942,0.0032116128362156015,0.003215380877396289,0.001345495761,0.0013465112976585806,B_turb
lag,0.4345300000000001,0.4238,1,1.08343,0.000775,0.000770786318965536,1.411,1.4112463504059618,0.003193844197404554,0.0031970908713058496,0.001343002609,0.0013439456305671276,B_turb
lag,0.44394,0.4332,1,1.08198,0.000793,0.0007893536315010531,1.41,1.41052520268989,0.003177638390362272,0.0031811137489162152,0.0013401456640000002,0.0013410592720567798,B_turb
lag,0.45336,0.44261,1,1.08052,0.000812,0.0008079779947795973,1.41,1.4098211150041784,0.003162249062740555,0.0031656171380123658,0.0013373648999999998,0.0013382348229642616,B_turb
lag,0.46279000000000003,0.45203,1,1.07896,0.000831,0.0008268934875729334,1.409,1.40926252927746,0.0031464890859396947,0.003149705696355303,0.0013348062249999998,0.0013357035963523613,B_turb
lag,0.47223000000000015,0.46145,1,1.07734,0.00085,0.0008460065985984264,1.409,1.4087776506870031,0.0031309732220770195,0.0031338324064915982,0.001332542016,0.0013333737267872232,B_turb
lag,0.4816800000000001,0.47089,1,1.07586,0.000869,0.0008647892374156858,1.408,1.4080810874492427,0.0031171306608789168,0.003119878582914604,0.001329915024,0.0013307380143043647,B_turb
lag,0.49114000000000013,0.48033,1,1.07412,0.000888,0.0008843324337051042,1.408,1.40776606557044,0.003101235379765788,0.003103879261846363,0.0013280193640000002,0.0013287948889521442,B_turb
lag,0.5006000000000002,0.48979,1,1.07262,0.000907,0.0009032384762423808,1.407,1.4070870006869602,0.0030873166568190138,0.003090761100991047,0.0013255424640000002,0.0013263087170328949,B_turb
lag,0.5100800000000001,0.49924,1,1.07092,0.000927,0.0009227878757356747,1.407,1.4067065382878656,0.0030727118910695407,0.0030761049544148706,0.0013236499239999999,0.0013243519089036265,B_turb
lag,0.51956,0.50871,1,1.06934,0.000946,0.0009420268303221169,1.406,1.40614537984459,0.0030599358201102984,0.0030630686031234236,0.001321467904,0.001322148860283377,B_turb
lag,0.5290600000000001,0.51818,1,1.0677,0.000966,0.0009615208559383574,1.406,1.4056772103509287,0.00304741308971292,0.0030498140307742643,0.0013194329760000002,0.0013201262444003448,B_turb
lag,0.5385600000000001,0.52766,1,1.06593,0.000985,0.0009814630231441668,1.405,1.405398911065367,0.0030328986822247,0.003035728477404113,0.0013178352040000001,0.0013184812385368552,B_turb
lag,0.54806,0.53714,1,1.06429,0.001005,0.0010010502004160564,1.405,1.404924105045242,0.0030201819733514665,0.003023295985342922,0.001315948176,0.0013165652086635322,B_turb
lag,0.55758,0.54663,1,1.06255,0.001025,0.001021041940731908,1.404,1.4045959313833365,0.0030079383465463436,0.0030102570262147896,0.001314352516,0.0013149317478917085,B_turb
lag,0.5671000000000002,0.55612,1,1.06102,0.001044,0.001040401641066261,1.404,1.403966541074784,0.002997077253460255,0.002999504712459022,0.001312250625,0.0013128173704581195,B_turb
lag,0.5766200000000001,0.56562,1,1.05916,0.001065,0.0010609224853635297,1.404,1.4038383336456532,0.0029835448482346837,0.0029858947455994695,0.0013110192639999999,0.0013115678905445073,B_turb
lag,0.58615,0.57512,1,1.05743,0.001085,0.001081079998114477,1.403,1.403504282688024,0.0029709570483338666,0.00297390231339778,0.0013094989689999997,0.0013100467035280273,B_turb
lag,0.59569,0.58463,1,1.05574,0.001105,0.0011011783186317937,1.403,1.4031156923069361,0.002959840869394369,0.0029625561461972707,0.0013079072250000003,0.0013084621796923964,B_turb
lag,0.6052300000000002,0.59414,1,1.05391,0.001126,0.0011218424926198178,1.403,1.4029395935255653,0.0029476208811087747,0.0029501720889198767,0.001306750201,0.0013072725158680873,B_turb
lag,0.6147800000000001,0.60366,1,1.05215,0.001146,0.0011423403083885555,1.403,1.402653972121312,0.0029367139786178457,0.002938752040597603,0.0013054491610000002,0.0013059521403942858,B_turb
lag,0.62433,0.61318,1,1.05044,0.001167,0.0011627259119783775,1.402,1.4023021689890738,0.002925438846386375,0.0029280275241055265,0.001304076544,0.0013045471559323704,B_turb
lag,0.63388,0.6227,1,1.04861,0.001188,0.001183639169628545,1.402,1.4021357210199306,0.0029138320598346796,0.0029164174538176936,0.001303065604,0.0013034841162354418,B_turb
lag,0.64344,0.63222,1,1.04686,0.001208,0.0012043387940213705,1.402,1.4018494482532105,0.0029035075750809955,0.002905799014522415,0.0013018385610000002,0.001302260106306087,B_turb
lag,0.6530100000000001,0.64175,1,1.045,0.00123,0.0012255661637799343,1.402,1.4017300521017135,0.002891875186007647,0.0028943873515822754,0.0013009727609999998,0.0013013473711395332,B_turb
lag,0.6625700000000001,0.65128,1,1.04305,0.001251,0.0012472278526943375,1.402,1.4017422886705755,0.002880638344309819,0.0028824187916413747,0.0013003236000000001,0.0013007171225773398,B_turb
lag,0.67214,0.66081,1,1.04129,0.001272,0.0012682211008027626,1.401,1.4014651878658186,0.0028700944770478605,0.0028724488028667385,0.001299242025,0.0012996494517362365,B_turb
lag,0.6817200000000001,0.67034,1,1.03942,0.001294,0.0012897747569204686,1.401,1.401358716663033,0.0028591422960896214,0.0028616508373712274,0.001298521225,0.0012988870746808267,B_turb
lag,0.69129,0.67987,1,1.0374,0.001316,0.001312046632568437,1.401,1.4014754815756796,0.002847986927619206,0.0028497232209853318,0.0012981609,0.0012985551739848555,B_turb
lag,0.7008700000000001,0.68941,1,1.03558,0.001338,0.0013335736546934475,1.401,1.4012838421959386,0.002837491985894123,0.0028398684781036827,0.0012973683610000002,0.0012977589486336029,B_turb
lag,0.71045,0.69894,1,1.03357,0.00136,0.001356036530925636,1.401,1.4013814764807613,0.002826072653855827,0.002828470661690643,0.001297152256,0.001297478615569169,B_turb
lag,0.72003,0.70848,1,1.03159,0.001383,0.0013784765863800851,1.401,1.4014268104045466,0.002815318680165736,0.002817587540109835,0.001296864144,0.0012971685210444897,B_turb
lag,0.7296200000000002,0.71802,1,1.02951,0.001406,0.0014015017667118241,1.402,1.4016136123343663,0.0028040623501563557,0.002806038828341244,0.001296864144,0.0012971502229175232,B_turb
lag,0.7392000000000001,0.72756,1,1.02758,0.001428,0.0014239365796435556,1.402,1.401570945602054,0.002793770518759974,0.0027960604723951707,0.0012965040489999998,0.0012967978670311272,B_turb
lag,0.7487900000000001,0.73709,1,1.02528,0.001453,0.0014482591825391376,1.402,1.40208046744666,0.0027815853914660354,0.002782969776243872,0.001297152256,0.001297422986263574,B_turb
lag,0.75838,0.74663,1,1.02333,0.001475,0.0014710336447763324,1.402,1.4020409040088075,0.002771188039201316,0.0027733111801481357,0.0012969361690000002,0.0012972063526955622,B_turb
lag,0.76797,0.75617,1,1.02109,0.0015,0.001495361517815295,1.402,1.402443458480655,0.002759381929948956,0.002761218086691366,0.0012975124409999998,0.0012977624616634933,B_turb
lag,0.77756,0.76571,1,1.01884,0.001524,0.001519889215790354,1.403,1.4028443964813053,0.002747499024082952,0.002749306005992478,0.0012981609,0.0012983948987679258,B_turb
lag,0.78715,0.77524,1,1.0166,0.001549,0.0015445212105400672,1.403,1.4032165143160853,0.002735429950564095,0.0027377300457777165,0.001298809521,0.0012990463259481614,B_turb
lag,0.79674,0.78478,1,1.01415,0.001575,0.0015704078477977545,1.404,1.4038971461879053,0.002722410689609743,0.002724524493796664,0.0013000351359999998,0.0013002860951678533,B_turb
lag,0.80633,0.79431,1,1.01178,0.001601,0.0015960529210523866,1.404,1.4044319528323153,0.0027107583653121063,0.0027123275580391223,0.001301189184,0.001301373061858025,B_turb
lag,0.81592,0.80384,1,1.00915,0.001628,0.001623289869586515,1.405,1.4053522083184968,0.002696429586736644,0.0026980737733939657,0.0013029934089999998,0.0013031859379863532,B_turb
lag,0.82551,0.81337,1,1.00661,0.001655,0.0016502433859443043,1.406,1.4061031804564488,0.002683408101167469,0.002684953121906302,0.0013046543999999998,0.001304826869297862,B_turb
lag,0.8350900000000001,0.8229,1,1.00408,0.001682,0.0016773379627682942,1.407,1.4068228032503525,0.0026701669887044107,0.002672177620748756,0.001306316449,0.0013064938239651421,B_turb
lag,0.8446800000000001,0.83242,1,1.00104,0.001712,0.0017075985220416498,1.408,1.408323510333754,0.0026534778959746807,0.002655135125508666,0.0013093542250000002,0.0013095555917718145,B_turb
lag,0.85426,0.84194,1,0.99823,0.001741,0.0017367843993422209,1.409,1.4094217962848374,0.002638331427625264,0.0026405401379649193,0.0013119608410000001,0.0013121006655217992,B_turb
lag,0.8638399999999999,0.85146,1,0.99513,0.001773,0.001767980220284006,1.411,1.4109596611044124,0.002622480765542314,0.0026236591156917617,0.0013152952890000001,0.0013154830258561422,B_turb
lag,0.8734200000000001,0.86096,1,0.99198,0.001804,0.0017998039259156707,1.413,1.4125439229536285,0.0026046104215779503,0.002606702649065391,0.0013189244890000002,0.0013190858361750465,B_turb
lag,0.8829800000000001,0.87046,1,0.98844,0.001839,0.0018343916341550515,1.415,1.4147407521959392,0.002584406105671359,0.0025865881048904946,0.001323722689,0.001323845173884794,B_turb
lag,0.8925400000000001,0.87995,1,0.9851,0.001873,0.0018681168658698272,1.417,1.4165662153813285,0.002566924466191776,0.0025687087626435497,0.0013280193640000002,0.0013281788347560353,B_turb
lag,0.90208,0.88942,1,0.981,0.001912,0.0019072230802168752,1.42,1.419645078000476,0.00254270486854725,0.0025442966402881833,0.001334587024,0.0013347139631437496,B_turb
lag,0.9115900000000001,0.89886,1,0.97717,0.00195,0.001945046511666116,1.422,1.4222348178904798,0.0025207851963877175,0.0025227993134838292,0.001340584996,0.0013406951518736027,B_turb
lag,0.92107,0.90826,1,0.97268,0.001993,0.0019879524646366623,1.426,1.4259521280434815,0.0024944340762329056,0.002495644020330704,0.001348578729,0.0013486883110154565,B_turb
lag,0.93049,0.91761,1,0.9683,0.002036,0.0020307326014893158,1.429,1.4294747861385937,0.002467990541303597,0.002469899506496531,0.0013565225610000001,0.0013566238767206264,B_turb
lag,0.9398299999999999,0.92688,1,0.96294,0.002086,0.0020813588606109785,1.435,1.4347880378019968,0.00243407022705394,0.0024353973810389575,0.0013675204,0.0013676303994020877,B_turb
lag,0.94905,0.93602,1,0.95766,0.002138,0.0021323287448803407,1.44,1.4400209792625756,0.0023999232139715505,0.0024019484284971836,0.0013787111609999997,0.001378825833663341,B_turb
lag,0.9581,0.94499,1,0.95176,0.002194,0.002189089821700751,1.447,1.446550491023689,0.002361325664857989,0.00236277886011967,0.001392185344,0.001392288479720838,B_turb
lag,0.9669100000000002,0.95372,1,0.94519,0.002258,0.002252479757948958,1.455,1.4546100679853966,0.0023159130729946257,0.0023171581513994574,0.0014082757289999998,0.0014083603802907947,B_turb
lag,0.9753900000000002,0.96213,1,0.93836,0.002325,0.002319549554901455,1.464,1.4635511698524752,0.0022668436344398663,0.0022686508827245676,0.0014259686439999997,0.001425997965203264,B_turb
lag,0.9834500000000002,0.97012,1,0.93111,0.002398,0.0023919657426861416,1.474,1.4738807931023923,0.002213466700702287,0.002215269416521279,0.001445748529,0.0014458222437239363,B_turb
lag,0.9909999999999999,0.9776,1,0.92298,0.00248,0.0024744751326297924,1.487,1.4868812519392554,0.002150507138345267,0.0021518864973720324,0.001469495556,0.0014695059779556727,B_turb
lag,0.9979799999999999,0.98451,1,0.91488,0.002565,0.002559383270980758,1.501,1.5008030234253007,0.0020860080113718313,0.0020870421304327647,0.0014943636489999999,0.0014943675295128773,B_turb
lag,1.0043400000000002,0.99082,1,0.90619,0.002659,0.002653184528891983,1.517,1.517415500149851,0.00201295618951332,0.0020138375663858346,0.0015225604,0.0015225390241634666,B_turb
lag,1.0101000000000002,0.99652,1,0.89757,0.002756,0.002749916559392831,1.535,1.5353618481219578,0.001937609459736778,0.0019387205727387342,0.001551966025,0.001551976486826316,B_turb
lag,1.0136100000000001,1.0,1,0.89417,0.002797,0.0027904945524158237,1.542,1.5415944684539398,0.0019085974700270554,0.0019124577492806625,0.001564123401,0.0015640790876647445,B_turb
