alpha_deg,cl
0.0,-0.000000
2.0,0.241425
4.0,0.482556
6.0,0.723099
