check,rel_err
J_ff dir 0,6.596991653543837e-09
J_ff dir 1,9.845202350949271e-09
J_ff dir 2,6.558415533017649e-09
B gamma col 0,7.171419362033787e-08
