level,turb,eta_requested,eta_grid,x_c,y_c,cp,surface
L1,sst,0.20,0.2000,0.000000,0.000000,0.805548,upper
L1,sst,0.20,0.2000,0.000019,0.000793,0.782220,upper
L1,sst,0.20,0.2000,0.000080,0.001650,0.752273,upper
L1,sst,0.20,0.2000,0.000196,0.002574,0.713941,upper
L1,sst,0.20,0.2000,0.000377,0.003566,0.666712,upper
L1,sst,0.20,0.2000,0.000638,0.004627,0.609419,upper
L1,sst,0.20,0.2000,0.000993,0.005755,0.541300,upper
L1,sst,0.20,0.2000,0.001458,0.006948,0.461844,upper
L1,sst,0.20,0.2000,0.002052,0.008200,0.371085,upper
L1,sst,0.20,0.2000,0.002791,0.009505,0.269721,upper
L1,sst,0.20,0.2000,0.003694,0.010854,0.159240,upper
L1,sst,0.20,0.2000,0.004777,0.012236,0.041932,upper
L1,sst,0.20,0.2000,0.006058,0.013638,-0.079221,upper
L1,sst,0.20,0.2000,0.007551,0.015047,-0.200836,upper
L1,sst,0.20,0.2000,0.009271,0.016451,-0.319512,upper
L1,sst,0.20,0.2000,0.011228,0.017838,-0.432122,upper
L1,sst,0.20,0.2000,0.013436,0.019195,-0.536015,upper
L1,sst,0.20,0.2000,0.015904,0.020515,-0.629170,upper
L1,sst,0.20,0.2000,0.018643,0.021791,-0.710286,upper
L1,sst,0.20,0.2000,0.021664,0.023016,-0.778734,upper
L1,sst,0.20,0.2000,0.024979,0.024190,-0.834395,upper
L1,sst,0.20,0.2000,0.028600,0.025311,-0.877419,upper
L1,sst,0.20,0.2000,0.032543,0.026382,-0.908234,upper
L1,sst,0.20,0.2000,0.036823,0.027404,-0.926933,upper
L1,sst,0.20,0.2000,0.041456,0.028383,-0.933595,upper
L1,sst,0.20,0.2000,0.046463,0.029326,-0.926392,upper
L1,sst,0.20,0.2000,0.051862,0.030238,-0.900361,upper
L1,sst,0.20,0.2000,0.057676,0.031129,-0.849247,upper
L1,sst,0.20,0.2000,0.063928,0.032006,-0.755398,upper
L1,sst,0.20,0.2000,0.070642,0.032877,-0.642597,upper
L1,sst,0.20,0.2000,0.077844,0.033751,-0.543479,upper
L1,sst,0.20,0.2000,0.085558,0.034634,-0.477203,upper
L1,sst,0.20,0.2000,0.093813,0.035530,-0.456135,upper
L1,sst,0.20,0.2000,0.102634,0.036444,-0.454945,upper
L1,sst,0.20,0.2000,0.112049,0.037375,-0.454364,upper
L1,sst,0.20,0.2000,0.122085,0.038323,-0.449323,upper
L1,sst,0.20,0.2000,0.132769,0.039282,-0.445286,upper
L1,sst,0.20,0.2000,0.144125,0.040246,-0.449598,upper
L1,sst,0.20,0.2000,0.156179,0.041204,-0.462499,upper
L1,sst,0.20,0.2000,0.168952,0.042147,-0.476565,upper
L1,sst,0.20,0.2000,0.182464,0.043064,-0.486261,upper
L1,sst,0.20,0.2000,0.196731,0.043942,-0.492123,upper
L1,sst,0.20,0.2000,0.211767,0.044773,-0.495857,upper
L1,sst,0.20,0.2000,0.227580,0.045547,-0.498769,upper
L1,sst,0.20,0.2000,0.244175,0.046258,-0.502159,upper
L1,sst,0.20,0.2000,0.261551,0.046900,-0.506500,upper
L1,sst,0.20,0.2000,0.279701,0.047468,-0.512156,upper
L1,sst,0.20,0.2000,0.298615,0.047957,-0.519342,upper
L1,sst,0.20,0.2000,0.318273,0.048357,-0.528204,upper
L1,sst,0.20,0.2000,0.338651,0.048657,-0.539209,upper
L1,sst,0.20,0.2000,0.359716,0.048843,-0.552669,upper
L1,sst,0.20,0.2000,0.381432,0.048894,-0.568722,upper
L1,sst,0.20,0.2000,0.403750,0.048790,-0.587161,upper
L1,sst,0.20,0.2000,0.426620,0.048509,-0.607163,upper
L1,sst,0.20,0.2000,0.449981,0.048033,-0.627600,upper
L1,sst,0.20,0.2000,0.473769,0.047347,-0.647144,upper
L1,sst,0.20,0.2000,0.497911,0.046447,-0.664627,upper
L1,sst,0.20,0.2000,0.522334,0.045337,-0.678939,upper
L1,sst,0.20,0.2000,0.546959,0.044030,-0.687714,upper
L1,sst,0.20,0.2000,0.571705,0.042545,-0.681800,upper
L1,sst,0.20,0.2000,0.596493,0.040910,-0.635825,upper
L1,sst,0.20,0.2000,0.621239,0.039149,-0.510091,upper
L1,sst,0.20,0.2000,0.645864,0.037290,-0.340856,upper
L1,sst,0.20,0.2000,0.670288,0.035354,-0.222180,upper
L1,sst,0.20,0.2000,0.694435,0.033360,-0.169534,upper
L1,sst,0.20,0.2000,0.718230,0.031322,-0.142824,upper
L1,sst,0.20,0.2000,0.741604,0.029247,-0.120325,upper
L1,sst,0.20,0.2000,0.764492,0.027144,-0.098224,upper
L1,sst,0.20,0.2000,0.786835,0.025019,-0.074865,upper
L1,sst,0.20,0.2000,0.808581,0.022876,-0.051302,upper
L1,sst,0.20,0.2000,0.829682,0.020722,-0.027784,upper
L1,sst,0.20,0.2000,0.850101,0.018564,-0.002654,upper
L1,sst,0.20,0.2000,0.869805,0.016409,0.024488,upper
L1,sst,0.20,0.2000,0.888767,0.014267,0.052367,upper
L1,sst,0.20,0.2000,0.906971,0.012147,0.080245,upper
L1,sst,0.20,0.2000,0.924403,0.010062,0.108807,upper
L1,sst,0.20,0.2000,0.941059,0.008025,0.138527,upper
L1,sst,0.20,0.2000,0.956938,0.006050,0.168374,upper
L1,sst,0.20,0.2000,0.972047,0.004158,0.195528,upper
L1,sst,0.20,0.2000,0.986396,0.002368,0.214988,upper
L1,sst,0.20,0.2000,1.000000,0.000705,0.247952,upper
L1,sst,0.20,0.2000,0.000000,0.000000,0.805548,lower
L1,sst,0.20,0.2000,0.000019,-0.000793,0.825262,lower
L1,sst,0.20,0.2000,0.000080,-0.001650,0.841050,lower
L1,sst,0.20,0.2000,0.000196,-0.002574,0.851612,lower
L1,sst,0.20,0.2000,0.000377,-0.003566,0.856146,lower
L1,sst,0.20,0.2000,0.000638,-0.004627,0.853241,lower
L1,sst,0.20,0.2000,0.000993,-0.005755,0.841559,lower
L1,sst,0.20,0.2000,0.001458,-0.006948,0.819823,lower
L1,sst,0.20,0.2000,0.002052,-0.008200,0.787075,lower
L1,sst,0.20,0.2000,0.002791,-0.009505,0.742865,lower
L1,sst,0.20,0.2000,0.003694,-0.010854,0.687464,lower
L1,sst,0.20,0.2000,0.004777,-0.012236,0.622004,lower
L1,sst,0.20,0.2000,0.006058,-0.013638,0.548501,lower
L1,sst,0.20,0.2000,0.007551,-0.015047,0.469747,lower
L1,sst,0.20,0.2000,0.009271,-0.016451,0.389052,lower
L1,sst,0.20,0.2000,0.011228,-0.017838,0.309885,lower
L1,sst,0.20,0.2000,0.013436,-0.019195,0.235492,lower
L1,sst,0.20,0.2000,0.015904,-0.020515,0.168595,lower
L1,sst,0.20,0.2000,0.018643,-0.021791,0.111160,lower
L1,sst,0.20,0.2000,0.021664,-0.023016,0.064290,lower
L1,sst,0.20,0.2000,0.024979,-0.024190,0.028214,lower
L1,sst,0.20,0.2000,0.028600,-0.025311,0.002383,lower
L1,sst,0.20,0.2000,0.032543,-0.026382,-0.014372,lower
L1,sst,0.20,0.2000,0.036823,-0.027404,-0.023631,lower
L1,sst,0.20,0.2000,0.041456,-0.028383,-0.027157,lower
L1,sst,0.20,0.2000,0.046463,-0.029326,-0.026693,lower
L1,sst,0.20,0.2000,0.051862,-0.030238,-0.023825,lower
L1,sst,0.20,0.2000,0.057676,-0.031129,-0.019902,lower
L1,sst,0.20,0.2000,0.063928,-0.032006,-0.016024,lower
L1,sst,0.20,0.2000,0.070642,-0.032877,-0.013044,lower
L1,sst,0.20,0.2000,0.077844,-0.033751,-0.011583,lower
L1,sst,0.20,0.2000,0.085558,-0.034634,-0.012059,lower
L1,sst,0.20,0.2000,0.093813,-0.035530,-0.014707,lower
L1,sst,0.20,0.2000,0.102634,-0.036444,-0.019595,lower
L1,sst,0.20,0.2000,0.112049,-0.037375,-0.026644,lower
L1,sst,0.20,0.2000,0.122085,-0.038323,-0.035641,lower
L1,sst,0.20,0.2000,0.132769,-0.039282,-0.046259,lower
L1,sst,0.20,0.2000,0.144125,-0.040246,-0.058084,lower
L1,sst,0.20,0.2000,0.156179,-0.041204,-0.070648,lower
L1,sst,0.20,0.2000,0.168952,-0.042147,-0.083482,lower
L1,sst,0.20,0.2000,0.182464,-0.043064,-0.096166,lower
L1,sst,0.20,0.2000,0.196731,-0.043942,-0.108391,lower
L1,sst,0.20,0.2000,0.211767,-0.044773,-0.120007,lower
L1,sst,0.20,0.2000,0.227580,-0.045547,-0.131050,lower
L1,sst,0.20,0.2000,0.244175,-0.046258,-0.141737,lower
L1,sst,0.20,0.2000,0.261551,-0.046900,-0.152428,lower
L1,sst,0.20,0.2000,0.279701,-0.047468,-0.163553,lower
L1,sst,0.20,0.2000,0.298615,-0.047957,-0.175510,lower
L1,sst,0.20,0.2000,0.318273,-0.048357,-0.188566,lower
L1,sst,0.20,0.2000,0.338651,-0.048657,-0.202751,lower
L1,sst,0.20,0.2000,0.359716,-0.048843,-0.217775,lower
L1,sst,0.20,0.2000,0.381432,-0.048894,-0.232980,lower
L1,sst,0.20,0.2000,0.403750,-0.048790,-0.247338,lower
L1,sst,0.20,0.2000,0.426620,-0.048509,-0.259528,lower
L1,sst,0.20,0.2000,0.449981,-0.048033,-0.268114,lower
L1,sst,0.20,0.2000,0.473769,-0.047347,-0.271828,lower
L1,sst,0.20,0.2000,0.497911,-0.046447,-0.269905,lower
L1,sst,0.20,0.2000,0.522334,-0.045337,-0.262368,lower
L1,sst,0.20,0.2000,0.546959,-0.044030,-0.250038,lower
L1,sst,0.20,0.2000,0.571705,-0.042545,-0.234273,lower
L1,sst,0.20,0.2000,0.596493,-0.040910,-0.216551,lower
L1,sst,0.20,0.2000,0.621239,-0.039149,-0.198121,lower
L1,sst,0.20,0.2000,0.645864,-0.037290,-0.179833,lower
L1,sst,0.20,0.2000,0.670288,-0.035354,-0.162106,lower
L1,sst,0.20,0.2000,0.694435,-0.033360,-0.144995,lower
L1,sst,0.20,0.2000,0.718230,-0.031322,-0.128304,lower
L1,sst,0.20,0.2000,0.741604,-0.029247,-0.111714,lower
L1,sst,0.20,0.2000,0.764492,-0.027144,-0.094841,lower
L1,sst,0.20,0.2000,0.786835,-0.025019,-0.077278,lower
L1,sst,0.20,0.2000,0.808581,-0.022876,-0.058665,lower
L1,sst,0.20,0.2000,0.829682,-0.020722,-0.038753,lower
L1,sst,0.20,0.2000,0.850101,-0.018564,-0.017401,lower
L1,sst,0.20,0.2000,0.869805,-0.016409,0.005455,lower
L1,sst,0.20,0.2000,0.888767,-0.014267,0.029878,lower
L1,sst,0.20,0.2000,0.906971,-0.012147,0.055923,lower
L1,sst,0.20,0.2000,0.924403,-0.010062,0.083636,lower
L1,sst,0.20,0.2000,0.941059,-0.008025,0.112978,lower
L1,sst,0.20,0.2000,0.956938,-0.006050,0.143771,lower
L1,sst,0.20,0.2000,0.972047,-0.004158,0.174467,lower
L1,sst,0.20,0.2000,0.986396,-0.002368,0.200251,lower
L1,sst,0.20,0.2000,1.000000,-0.000705,0.242173,lower
L1,sst,0.44,0.4400,-0.000000,0.000000,0.765042,upper
L1,sst,0.44,0.4400,0.000019,0.000793,0.738839,upper
L1,sst,0.44,0.4400,0.000080,0.001650,0.705826,upper
L1,sst,0.44,0.4400,0.000196,0.002574,0.664197,upper
L1,sst,0.44,0.4400,0.000377,0.003566,0.613471,upper
L1,sst,0.44,0.4400,0.000638,0.004627,0.552509,upper
L1,sst,0.44,0.4400,0.000993,0.005755,0.480597,upper
L1,sst,0.44,0.4400,0.001458,0.006948,0.397290,upper
L1,sst,0.44,0.4400,0.002052,0.008200,0.302706,upper
L1,sst,0.44,0.4400,0.002791,0.009505,0.197633,upper
L1,sst,0.44,0.4400,0.003694,0.010854,0.083649,upper
L1,sst,0.44,0.4400,0.004777,0.012236,-0.036884,upper
L1,sst,0.44,0.4400,0.006058,0.013638,-0.160955,upper
L1,sst,0.44,0.4400,0.007551,0.015047,-0.285200,upper
L1,sst,0.44,0.4400,0.009271,0.016451,-0.406267,upper
L1,sst,0.44,0.4400,0.011228,0.017838,-0.521105,upper
L1,sst,0.44,0.4400,0.013436,0.019195,-0.627181,upper
L1,sst,0.44,0.4400,0.015904,0.020515,-0.722629,upper
L1,sst,0.44,0.4400,0.018643,0.021791,-0.806327,upper
L1,sst,0.44,0.4400,0.021664,0.023016,-0.877882,upper
L1,sst,0.44,0.4400,0.024979,0.024190,-0.937481,upper
L1,sst,0.44,0.4400,0.028600,0.025311,-0.985647,upper
L1,sst,0.44,0.4400,0.032543,0.026382,-1.023103,upper
L1,sst,0.44,0.4400,0.036823,0.027404,-1.050686,upper
L1,sst,0.44,0.4400,0.041456,0.028383,-1.069248,upper
L1,sst,0.44,0.4400,0.046462,0.029326,-1.079642,upper
L1,sst,0.44,0.4400,0.051862,0.030238,-1.082716,upper
L1,sst,0.44,0.4400,0.057676,0.031129,-1.079298,upper
L1,sst,0.44,0.4400,0.063928,0.032006,-1.070249,upper
L1,sst,0.44,0.4400,0.070642,0.032877,-1.056361,upper
L1,sst,0.44,0.4400,0.077844,0.033751,-1.038095,upper
L1,sst,0.44,0.4400,0.085558,0.034634,-1.014692,upper
L1,sst,0.44,0.4400,0.093813,0.035530,-0.982512,upper
L1,sst,0.44,0.4400,0.102634,0.036444,-0.924749,upper
L1,sst,0.44,0.4400,0.112049,0.037375,-0.826017,upper
L1,sst,0.44,0.4400,0.122085,0.038323,-0.704021,upper
L1,sst,0.44,0.4400,0.132769,0.039282,-0.597912,upper
L1,sst,0.44,0.4400,0.144125,0.040246,-0.540513,upper
L1,sst,0.44,0.4400,0.156179,0.041204,-0.531034,upper
L1,sst,0.44,0.4400,0.168952,0.042147,-0.544549,upper
L1,sst,0.44,0.4400,0.182464,0.043064,-0.564744,upper
L1,sst,0.44,0.4400,0.196731,0.043942,-0.583610,upper
L1,sst,0.44,0.4400,0.211767,0.044773,-0.597612,upper
L1,sst,0.44,0.4400,0.227580,0.045547,-0.606782,upper
L1,sst,0.44,0.4400,0.244175,0.046258,-0.611896,upper
L1,sst,0.44,0.4400,0.261551,0.046900,-0.614272,upper
L1,sst,0.44,0.4400,0.279701,0.047468,-0.615603,upper
L1,sst,0.44,0.4400,0.298615,0.047957,-0.617477,upper
L1,sst,0.44,0.4400,0.318273,0.048357,-0.621493,upper
L1,sst,0.44,0.4400,0.338651,0.048657,-0.628741,upper
L1,sst,0.44,0.4400,0.359716,0.048843,-0.639808,upper
L1,sst,0.44,0.4400,0.381432,0.048894,-0.654715,upper
L1,sst,0.44,0.4400,0.403750,0.048790,-0.672868,upper
L1,sst,0.44,0.4400,0.426620,0.048509,-0.693216,upper
L1,sst,0.44,0.4400,0.449981,0.048033,-0.713965,upper
L1,sst,0.44,0.4400,0.473769,0.047347,-0.732433,upper
L1,sst,0.44,0.4400,0.497911,0.046447,-0.741051,upper
L1,sst,0.44,0.4400,0.522334,0.045337,-0.707002,upper
L1,sst,0.44,0.4400,0.546959,0.044030,-0.559953,upper
L1,sst,0.44,0.4400,0.571705,0.042545,-0.344736,upper
L1,sst,0.44,0.4400,0.596493,0.040910,-0.207037,upper
L1,sst,0.44,0.4400,0.621239,0.039149,-0.162146,upper
L1,sst,0.44,0.4400,0.645864,0.037290,-0.143963,upper
L1,sst,0.44,0.4400,0.670288,0.035354,-0.126192,upper
L1,sst,0.44,0.4400,0.694435,0.033360,-0.108258,upper
L1,sst,0.44,0.4400,0.718230,0.031322,-0.091343,upper
L1,sst,0.44,0.4400,0.741604,0.029247,-0.073830,upper
L1,sst,0.44,0.4400,0.764492,0.027144,-0.054765,upper
L1,sst,0.44,0.4400,0.786835,0.025019,-0.034247,upper
L1,sst,0.44,0.4400,0.808581,0.022876,-0.012206,upper
L1,sst,0.44,0.4400,0.829682,0.020722,0.010028,upper
L1,sst,0.44,0.4400,0.850101,0.018564,0.031449,upper
L1,sst,0.44,0.4400,0.869805,0.016409,0.054015,upper
L1,sst,0.44,0.4400,0.888767,0.014267,0.079107,upper
L1,sst,0.44,0.4400,0.906971,0.012147,0.104990,upper
L1,sst,0.44,0.4400,0.924403,0.010062,0.130185,upper
L1,sst,0.44,0.4400,0.941059,0.008025,0.155282,upper
L1,sst,0.44,0.4400,0.956938,0.006050,0.180672,upper
L1,sst,0.44,0.4400,0.972047,0.004158,0.204906,upper
L1,sst,0.44,0.4400,0.986396,0.002368,0.223370,upper
L1,sst,0.44,0.4400,1.000000,0.000705,0.252916,upper
L1,sst,0.44,0.4400,-0.000000,0.000000,0.765042,lower
L1,sst,0.44,0.4400,0.000019,-0.000793,0.787637,lower
L1,sst,0.44,0.4400,0.000080,-0.001650,0.806462,lower
L1,sst,0.44,0.4400,0.000196,-0.002574,0.820251,lower
L1,sst,0.44,0.4400,0.000377,-0.003566,0.828170,lower
L1,sst,0.44,0.4400,0.000638,-0.004627,0.828747,lower
L1,sst,0.44,0.4400,0.000993,-0.005755,0.820605,lower
L1,sst,0.44,0.4400,0.001458,-0.006948,0.802399,lower
L1,sst,0.44,0.4400,0.002052,-0.008200,0.773079,lower
L1,sst,0.44,0.4400,0.002791,-0.009505,0.732089,lower
L1,sst,0.44,0.4400,0.003694,-0.010854,0.679588,lower
L1,sst,0.44,0.4400,0.004777,-0.012236,0.616596,lower
L1,sst,0.44,0.4400,0.006058,-0.013638,0.545039,lower
L1,sst,0.44,0.4400,0.007551,-0.015047,0.467631,lower
L1,sst,0.44,0.4400,0.009271,-0.016451,0.387633,lower
L1,sst,0.44,0.4400,0.011228,-0.017838,0.308484,lower
L1,sst,0.44,0.4400,0.013436,-0.019195,0.233435,lower
L1,sst,0.44,0.4400,0.015904,-0.020515,0.165251,lower
L1,sst,0.44,0.4400,0.018643,-0.021791,0.105984,lower
L1,sst,0.44,0.4400,0.021664,-0.023016,0.056843,lower
L1,sst,0.44,0.4400,0.024979,-0.024190,0.018190,lower
L1,sst,0.44,0.4400,0.028600,-0.025311,-0.010385,lower
L1,sst,0.44,0.4400,0.032543,-0.026382,-0.029916,lower
L1,sst,0.44,0.4400,0.036823,-0.027404,-0.041866,lower
L1,sst,0.44,0.4400,0.041456,-0.028383,-0.047909,lower
L1,sst,0.44,0.4400,0.046462,-0.029326,-0.049742,lower
L1,sst,0.44,0.4400,0.051862,-0.030238,-0.048936,lower
L1,sst,0.44,0.4400,0.057676,-0.031129,-0.046850,lower
L1,sst,0.44,0.4400,0.063928,-0.032006,-0.044604,lower
L1,sst,0.44,0.4400,0.070642,-0.032877,-0.043080,lower
L1,sst,0.44,0.4400,0.077844,-0.033751,-0.042929,lower
L1,sst,0.44,0.4400,0.085558,-0.034634,-0.044599,lower
L1,sst,0.44,0.4400,0.093813,-0.035530,-0.048347,lower
L1,sst,0.44,0.4400,0.102634,-0.036444,-0.054261,lower
L1,sst,0.44,0.4400,0.112049,-0.037375,-0.062272,lower
L1,sst,0.44,0.4400,0.122085,-0.038323,-0.072170,lower
L1,sst,0.44,0.4400,0.132769,-0.039282,-0.083622,lower
L1,sst,0.44,0.4400,0.144125,-0.040246,-0.096199,lower
L1,sst,0.44,0.4400,0.156179,-0.041204,-0.109409,lower
L1,sst,0.44,0.4400,0.168952,-0.042147,-0.122751,lower
L1,sst,0.44,0.4400,0.182464,-0.043064,-0.135771,lower
L1,sst,0.44,0.4400,0.196731,-0.043942,-0.148121,lower
L1,sst,0.44,0.4400,0.211767,-0.044773,-0.159614,lower
L1,sst,0.44,0.4400,0.227580,-0.045547,-0.170259,lower
L1,sst,0.44,0.4400,0.244175,-0.046258,-0.180251,lower
L1,sst,0.44,0.4400,0.261551,-0.046900,-0.189933,lower
L1,sst,0.44,0.4400,0.279701,-0.047468,-0.199716,lower
L1,sst,0.44,0.4400,0.298615,-0.047957,-0.209971,lower
L1,sst,0.44,0.4400,0.318273,-0.048357,-0.220920,lower
L1,sst,0.44,0.4400,0.338651,-0.048657,-0.232527,lower
L1,sst,0.44,0.4400,0.359716,-0.048843,-0.244415,lower
L1,sst,0.44,0.4400,0.381432,-0.048894,-0.255834,lower
L1,sst,0.44,0.4400,0.403750,-0.048790,-0.265696,lower
L1,sst,0.44,0.4400,0.426620,-0.048509,-0.272705,lower
L1,sst,0.44,0.4400,0.449981,-0.048033,-0.275603,lower
L1,sst,0.44,0.4400,0.473769,-0.047347,-0.273469,lower
L1,sst,0.44,0.4400,0.497911,-0.046447,-0.266021,lower
L1,sst,0.44,0.4400,0.522334,-0.045337,-0.253697,lower
L1,sst,0.44,0.4400,0.546959,-0.044030,-0.237512,lower
L1,sst,0.44,0.4400,0.571705,-0.042545,-0.218749,lower
L1,sst,0.44,0.4400,0.596493,-0.040910,-0.198667,lower
L1,sst,0.44,0.4400,0.621239,-0.039149,-0.178331,lower
L1,sst,0.44,0.4400,0.645864,-0.037290,-0.158486,lower
L1,sst,0.44,0.4400,0.670288,-0.035354,-0.139551,lower
L1,sst,0.44,0.4400,0.694435,-0.033360,-0.121572,lower
L1,sst,0.44,0.4400,0.718230,-0.031322,-0.104327,lower
L1,sst,0.44,0.4400,0.741604,-0.029247,-0.087461,lower
L1,sst,0.44,0.4400,0.764492,-0.027144,-0.070600,lower
L1,sst,0.44,0.4400,0.786835,-0.025019,-0.053443,lower
L1,sst,0.44,0.4400,0.808581,-0.022876,-0.035682,lower
L1,sst,0.44,0.4400,0.829682,-0.020722,-0.016997,lower
L1,sst,0.44,0.4400,0.850101,-0.018564,0.002910,lower
L1,sst,0.44,0.4400,0.869805,-0.016409,0.024203,lower
L1,sst,0.44,0.4400,0.888767,-0.014267,0.046910,lower
L1,sst,0.44,0.4400,0.906971,-0.012147,0.071096,lower
L1,sst,0.44,0.4400,0.924403,-0.010062,0.096878,lower
L1,sst,0.44,0.4400,0.941059,-0.008025,0.124274,lower
L1,sst,0.44,0.4400,0.956938,-0.006050,0.153116,lower
L1,sst,0.44,0.4400,0.972047,-0.004158,0.181870,lower
L1,sst,0.44,0.4400,0.986396,-0.002368,0.205993,lower
L1,sst,0.44,0.4400,1.000000,-0.000705,0.245506,lower
L1,sst,0.65,0.6500,-0.000000,0.000000,0.748759,upper
L1,sst,0.65,0.6500,0.000019,0.000793,0.721215,upper
L1,sst,0.65,0.6500,0.000080,0.001650,0.686794,upper
L1,sst,0.65,0.6500,0.000196,0.002574,0.643678,upper
L1,sst,0.65,0.6500,0.000377,0.003566,0.591402,upper
L1,sst,0.65,0.6500,0.000638,0.004627,0.528847,upper
L1,sst,0.65,0.6500,0.000993,0.005755,0.455328,upper
L1,sst,0.65,0.6500,0.001458,0.006948,0.370437,upper
L1,sst,0.65,0.6500,0.002052,0.008200,0.274336,upper
L1,sst,0.65,0.6500,0.002791,0.009505,0.167858,upper
L1,sst,0.65,0.6500,0.003694,0.010854,0.052624,upper
L1,sst,0.65,0.6500,0.004777,0.012236,-0.068965,upper
L1,sst,0.65,0.6500,0.006058,0.013638,-0.193878,upper
L1,sst,0.65,0.6500,0.007551,0.015047,-0.318747,upper
L1,sst,0.65,0.6500,0.009271,0.016451,-0.440238,upper
L1,sst,0.65,0.6500,0.011228,0.017838,-0.555338,upper
L1,sst,0.65,0.6500,0.013436,0.019195,-0.661574,upper
L1,sst,0.65,0.6500,0.015904,0.020515,-0.757154,upper
L1,sst,0.65,0.6500,0.018643,0.021791,-0.840992,upper
L1,sst,0.65,0.6500,0.021664,0.023016,-0.912736,upper
L1,sst,0.65,0.6500,0.024979,0.024190,-0.972629,upper
L1,sst,0.65,0.6500,0.028600,0.025311,-1.021241,upper
L1,sst,0.65,0.6500,0.032543,0.026382,-1.059342,upper
L1,sst,0.65,0.6500,0.036823,0.027404,-1.087819,upper
L1,sst,0.65,0.6500,0.041456,0.028383,-1.107569,upper
L1,sst,0.65,0.6500,0.046463,0.029326,-1.119469,upper
L1,sst,0.65,0.6500,0.051862,0.030238,-1.124390,upper
L1,sst,0.65,0.6500,0.057676,0.031129,-1.123186,upper
L1,sst,0.65,0.6500,0.063928,0.032006,-1.116696,upper
L1,sst,0.65,0.6500,0.070642,0.032877,-1.105782,upper
L1,sst,0.65,0.6500,0.077844,0.033751,-1.091324,upper
L1,sst,0.65,0.6500,0.085558,0.034634,-1.074166,upper
L1,sst,0.65,0.6500,0.093813,0.035530,-1.055238,upper
L1,sst,0.65,0.6500,0.102634,0.036444,-1.035465,upper
L1,sst,0.65,0.6500,0.112049,0.037375,-1.015727,upper
L1,sst,0.65,0.6500,0.122085,0.038323,-0.997040,upper
L1,sst,0.65,0.6500,0.132769,0.039282,-0.979809,upper
L1,sst,0.65,0.6500,0.144125,0.040246,-0.963287,upper
L1,sst,0.65,0.6500,0.156179,0.041204,-0.945287,upper
L1,sst,0.65,0.6500,0.168952,0.042147,-0.916990,upper
L1,sst,0.65,0.6500,0.182464,0.043064,-0.862860,upper
L1,sst,0.65,0.6500,0.196731,0.043942,-0.777346,upper
L1,sst,0.65,0.6500,0.211767,0.044773,-0.684987,upper
L1,sst,0.65,0.6500,0.227580,0.045547,-0.627882,upper
L1,sst,0.65,0.6500,0.244175,0.046258,-0.618797,upper
L1,sst,0.65,0.6500,0.261551,0.046900,-0.634038,upper
L1,sst,0.65,0.6500,0.279701,0.047468,-0.651987,upper
L1,sst,0.65,0.6500,0.298615,0.047957,-0.666109,upper
L1,sst,0.65,0.6500,0.318273,0.048357,-0.676295,upper
L1,sst,0.65,0.6500,0.338651,0.048657,-0.684953,upper
L1,sst,0.65,0.6500,0.359716,0.048843,-0.694414,upper
L1,sst,0.65,0.6500,0.381432,0.048894,-0.706042,upper
L1,sst,0.65,0.6500,0.403750,0.048790,-0.719311,upper
L1,sst,0.65,0.6500,0.426620,0.048509,-0.723998,upper
L1,sst,0.65,0.6500,0.449981,0.048033,-0.685653,upper
L1,sst,0.65,0.6500,0.473769,0.047347,-0.546278,upper
L1,sst,0.65,0.6500,0.497911,0.046447,-0.345499,upper
L1,sst,0.65,0.6500,0.522334,0.045337,-0.217685,upper
L1,sst,0.65,0.6500,0.546959,0.044030,-0.183859,upper
L1,sst,0.65,0.6500,0.571705,0.042545,-0.174676,upper
L1,sst,0.65,0.6500,0.596493,0.040910,-0.162137,upper
L1,sst,0.65,0.6500,0.621239,0.039149,-0.149390,upper
L1,sst,0.65,0.6500,0.645864,0.037290,-0.136849,upper
L1,sst,0.65,0.6500,0.670288,0.035354,-0.119793,upper
L1,sst,0.65,0.6500,0.694435,0.033360,-0.096577,upper
L1,sst,0.65,0.6500,0.718230,0.031322,-0.072955,upper
L1,sst,0.65,0.6500,0.741604,0.029247,-0.053684,upper
L1,sst,0.65,0.6500,0.764492,0.027144,-0.036224,upper
L1,sst,0.65,0.6500,0.786835,0.025019,-0.019585,upper
L1,sst,0.65,0.6500,0.808581,0.022876,-0.003400,upper
L1,sst,0.65,0.6500,0.829682,0.020722,0.016386,upper
L1,sst,0.65,0.6500,0.850101,0.018564,0.039806,upper
L1,sst,0.65,0.6500,0.869805,0.016409,0.062791,upper
L1,sst,0.65,0.6500,0.888767,0.014267,0.085533,upper
L1,sst,0.65,0.6500,0.906971,0.012147,0.110813,upper
L1,sst,0.65,0.6500,0.924403,0.010062,0.136911,upper
L1,sst,0.65,0.6500,0.941059,0.008025,0.160790,upper
L1,sst,0.65,0.6500,0.956938,0.006050,0.184717,upper
L1,sst,0.65,0.6500,0.972047,0.004158,0.209965,upper
L1,sst,0.65,0.6500,0.986396,0.002368,0.228658,upper
L1,sst,0.65,0.6500,1.000000,0.000705,0.257477,upper
L1,sst,0.65,0.6500,-0.000000,0.000000,0.748759,lower
L1,sst,0.65,0.6500,0.000019,-0.000793,0.772715,lower
L1,sst,0.65,0.6500,0.000080,-0.001650,0.792996,lower
L1,sst,0.65,0.6500,0.000196,-0.002574,0.808353,lower
L1,sst,0.65,0.6500,0.000377,-0.003566,0.817944,lower
L1,sst,0.65,0.6500,0.000638,-0.004627,0.820271,lower
L1,sst,0.65,0.6500,0.000993,-0.005755,0.813936,lower
L1,sst,0.65,0.6500,0.001458,-0.006948,0.797571,lower
L1,sst,0.65,0.6500,0.002052,-0.008200,0.770083,lower
L1,sst,0.65,0.6500,0.002791,-0.009505,0.730864,lower
L1,sst,0.65,0.6500,0.003694,-0.010854,0.680016,lower
L1,sst,0.65,0.6500,0.004777,-0.012236,0.618502,lower
L1,sst,0.65,0.6500,0.006058,-0.013638,0.548189,lower
L1,sst,0.65,0.6500,0.007551,-0.015047,0.471751,lower
L1,sst,0.65,0.6500,0.009271,-0.016451,0.392416,lower
L1,sst,0.65,0.6500,0.011228,-0.017838,0.313607,lower
L1,sst,0.65,0.6500,0.013436,-0.019195,0.238575,lower
L1,sst,0.65,0.6500,0.015904,-0.020515,0.170093,lower
L1,sst,0.65,0.6500,0.018643,-0.021791,0.110237,lower
L1,sst,0.65,0.6500,0.021664,-0.023016,0.060253,lower
L1,sst,0.65,0.6500,0.024979,-0.024190,0.020550,lower
L1,sst,0.65,0.6500,0.028600,-0.025311,-0.009224,lower
L1,sst,0.65,0.6500,0.032543,-0.026382,-0.030035,lower
L1,sst,0.65,0.6500,0.036823,-0.027404,-0.043286,lower
L1,sst,0.65,0.6500,0.041456,-0.028383,-0.050601,lower
L1,sst,0.65,0.6500,0.046463,-0.029326,-0.053637,lower
L1,sst,0.65,0.6500,0.051862,-0.030238,-0.053948,lower
L1,sst,0.65,0.6500,0.057676,-0.031129,-0.052888,lower
L1,sst,0.65,0.6500,0.063928,-0.032006,-0.051575,lower
L1,sst,0.65,0.6500,0.070642,-0.032877,-0.050897,lower
L1,sst,0.65,0.6500,0.077844,-0.033751,-0.051516,lower
L1,sst,0.65,0.6500,0.085558,-0.034634,-0.053888,lower
L1,sst,0.65,0.6500,0.093813,-0.035530,-0.058286,lower
L1,sst,0.65,0.6500,0.102634,-0.036444,-0.064805,lower
L1,sst,0.65,0.6500,0.112049,-0.037375,-0.073385,lower
L1,sst,0.65,0.6500,0.122085,-0.038323,-0.083821,lower
L1,sst,0.65,0.6500,0.132769,-0.039282,-0.095781,lower
L1,sst,0.65,0.6500,0.144125,-0.040246,-0.108833,lower
L1,sst,0.65,0.6500,0.156179,-0.041204,-0.122481,lower
L1,sst,0.65,0.6500,0.168952,-0.042147,-0.136212,lower
L1,sst,0.65,0.6500,0.182464,-0.043064,-0.149559,lower
L1,sst,0.65,0.6500,0.196731,-0.043942,-0.162162,lower
L1,sst,0.65,0.6500,0.211767,-0.044773,-0.173819,lower
L1,sst,0.65,0.6500,0.227580,-0.045547,-0.184529,lower
L1,sst,0.65,0.6500,0.244175,-0.046258,-0.194475,lower
L1,sst,0.65,0.6500,0.261551,-0.046900,-0.203998,lower
L1,sst,0.65,0.6500,0.279701,-0.047468,-0.213500,lower
L1,sst,0.65,0.6500,0.298615,-0.047957,-0.223345,lower
L1,sst,0.65,0.6500,0.318273,-0.048357,-0.233740,lower
L1,sst,0.65,0.6500,0.338651,-0.048657,-0.244628,lower
L1,sst,0.65,0.6500,0.359716,-0.048843,-0.255599,lower
L1,sst,0.65,0.6500,0.381432,-0.048894,-0.265861,lower
L1,sst,0.65,0.6500,0.403750,-0.048790,-0.274291,lower
L1,sst,0.65,0.6500,0.426620,-0.048509,-0.279573,lower
L1,sst,0.65,0.6500,0.449981,-0.048033,-0.280473,lower
L1,sst,0.65,0.6500,0.473769,-0.047347,-0.276146,lower
L1,sst,0.65,0.6500,0.497911,-0.046447,-0.266450,lower
L1,sst,0.65,0.6500,0.522334,-0.045337,-0.251957,lower
L1,sst,0.65,0.6500,0.546959,-0.044030,-0.233784,lower
L1,sst,0.65,0.6500,0.571705,-0.042545,-0.213280,lower
L1,sst,0.65,0.6500,0.596493,-0.040910,-0.191667,lower
L1,sst,0.65,0.6500,0.621239,-0.039149,-0.169991,lower
L1,sst,0.65,0.6500,0.645864,-0.037290,-0.148991,lower
L1,sst,0.65,0.6500,0.670288,-0.035354,-0.129101,lower
L1,sst,0.65,0.6500,0.694435,-0.033360,-0.110448,lower
L1,sst,0.65,0.6500,0.718230,-0.031322,-0.092913,lower
L1,sst,0.65,0.6500,0.741604,-0.029247,-0.076206,lower
L1,sst,0.65,0.6500,0.764492,-0.027144,-0.059753,lower
L1,sst,0.65,0.6500,0.786835,-0.025019,-0.043033,lower
L1,sst,0.65,0.6500,0.808581,-0.022876,-0.025757,lower
L1,sst,0.65,0.6500,0.829682,-0.020722,-0.007739,lower
L1,sst,0.65,0.6500,0.850101,-0.018564,0.011310,lower
L1,sst,0.65,0.6500,0.869805,-0.016409,0.031968,lower
L1,sst,0.65,0.6500,0.888767,-0.014267,0.054587,lower
L1,sst,0.65,0.6500,0.906971,-0.012147,0.078918,lower
L1,sst,0.65,0.6500,0.924403,-0.010062,0.104473,lower
L1,sst,0.65,0.6500,0.941059,-0.008025,0.130949,lower
L1,sst,0.65,0.6500,0.956938,-0.006050,0.158532,lower
L1,sst,0.65,0.6500,0.972047,-0.004158,0.186455,lower
L1,sst,0.65,0.6500,0.986396,-0.002368,0.210731,lower
L1,sst,0.65,0.6500,1.000000,-0.000705,0.250525,lower
L1,sst,0.80,0.8000,0.000000,0.000000,0.736896,upper
L1,sst,0.80,0.8000,0.000019,0.000793,0.708828,upper
L1,sst,0.80,0.8000,0.000080,0.001650,0.673861,upper
L1,sst,0.80,0.8000,0.000196,0.002574,0.630173,upper
L1,sst,0.80,0.8000,0.000377,0.003566,0.577308,upper
L1,sst,0.80,0.8000,0.000638,0.004627,0.514156,upper
L1,sst,0.80,0.8000,0.000993,0.005755,0.440047,upper
L1,sst,0.80,0.8000,0.001458,0.006948,0.354588,upper
L1,sst,0.80,0.8000,0.002052,0.008200,0.257958,upper
L1,sst,0.80,0.8000,0.002791,0.009505,0.151011,upper
L1,sst,0.80,0.8000,0.003694,0.010854,0.035389,upper
L1,sst,0.80,0.8000,0.004777,0.012236,-0.086497,upper
L1,sst,0.80,0.8000,0.006058,0.013638,-0.211608,upper
L1,sst,0.80,0.8000,0.007551,0.015047,-0.336579,upper
L1,sst,0.80,0.8000,0.009271,0.016451,-0.458094,upper
L1,sst,0.80,0.8000,0.011229,0.017838,-0.573168,upper
L1,sst,0.80,0.8000,0.013436,0.019195,-0.679345,upper
L1,sst,0.80,0.8000,0.015904,0.020515,-0.774842,upper
L1,sst,0.80,0.8000,0.018643,0.021791,-0.858599,upper
L1,sst,0.80,0.8000,0.021664,0.023016,-0.930303,upper
L1,sst,0.80,0.8000,0.024979,0.024190,-0.990224,upper
L1,sst,0.80,0.8000,0.028600,0.025311,-1.038964,upper
L1,sst,0.80,0.8000,0.032543,0.026382,-1.077306,upper
L1,sst,0.80,0.8000,0.036823,0.027404,-1.106132,upper
L1,sst,0.80,0.8000,0.041456,0.028383,-1.126344,upper
L1,sst,0.80,0.8000,0.046463,0.029326,-1.138838,upper
L1,sst,0.80,0.8000,0.051862,0.030238,-1.144498,upper
L1,sst,0.80,0.8000,0.057676,0.031129,-1.144186,upper
L1,sst,0.80,0.8000,0.063928,0.032006,-1.138755,upper
L1,sst,0.80,0.8000,0.070642,0.032877,-1.129067,upper
L1,sst,0.80,0.8000,0.077844,0.033751,-1.116008,upper
L1,sst,0.80,0.8000,0.085558,0.034634,-1.100492,upper
L1,sst,0.80,0.8000,0.093813,0.035530,-1.083428,upper
L1,sst,0.80,0.8000,0.102634,0.036444,-1.065694,upper
L1,sst,0.80,0.8000,0.112049,0.037375,-1.048176,upper
L1,sst,0.80,0.8000,0.122085,0.038323,-1.031672,upper
L1,sst,0.80,0.8000,0.132769,0.039282,-1.016762,upper
L1,sst,0.80,0.8000,0.144125,0.040246,-1.003833,upper
L1,sst,0.80,0.8000,0.156179,0.041204,-0.993012,upper
L1,sst,0.80,0.8000,0.168952,0.042147,-0.984173,upper
L1,sst,0.80,0.8000,0.182464,0.043064,-0.977065,upper
L1,sst,0.80,0.8000,0.196731,0.043942,-0.971450,upper
L1,sst,0.80,0.8000,0.211767,0.044773,-0.966432,upper
L1,sst,0.80,0.8000,0.227580,0.045547,-0.960095,upper
L1,sst,0.80,0.8000,0.244175,0.046258,-0.947436,upper
L1,sst,0.80,0.8000,0.261551,0.046900,-0.912184,upper
L1,sst,0.80,0.8000,0.279701,0.047468,-0.834257,upper
L1,sst,0.80,0.8000,0.298615,0.047957,-0.735794,upper
L1,sst,0.80,0.8000,0.318273,0.048357,-0.671187,upper
L1,sst,0.80,0.8000,0.338651,0.048657,-0.642714,upper
L1,sst,0.80,0.8000,0.359716,0.048843,-0.591761,upper
L1,sst,0.80,0.8000,0.381432,0.048894,-0.473700,upper
L1,sst,0.80,0.8000,0.403751,0.048790,-0.324581,upper
L1,sst,0.80,0.8000,0.426620,0.048509,-0.224898,upper
L1,sst,0.80,0.8000,0.449981,0.048033,-0.198273,upper
L1,sst,0.80,0.8000,0.473769,0.047347,-0.207788,upper
L1,sst,0.80,0.8000,0.497911,0.046447,-0.217694,upper
L1,sst,0.80,0.8000,0.522334,0.045337,-0.216215,upper
L1,sst,0.80,0.8000,0.546959,0.044030,-0.205978,upper
L1,sst,0.80,0.8000,0.571705,0.042545,-0.191138,upper
L1,sst,0.80,0.8000,0.596493,0.040910,-0.172959,upper
L1,sst,0.80,0.8000,0.621239,0.039149,-0.152906,upper
L1,sst,0.80,0.8000,0.645864,0.037290,-0.131908,upper
L1,sst,0.80,0.8000,0.670288,0.035354,-0.109318,upper
L1,sst,0.80,0.8000,0.694435,0.033360,-0.085742,upper
L1,sst,0.80,0.8000,0.718230,0.031322,-0.065158,upper
L1,sst,0.80,0.8000,0.741604,0.029247,-0.052346,upper
L1,sst,0.80,0.8000,0.764492,0.027144,-0.042941,upper
L1,sst,0.80,0.8000,0.786835,0.025019,-0.026495,upper
L1,sst,0.80,0.8000,0.808581,0.022876,-0.003168,upper
L1,sst,0.80,0.8000,0.829682,0.020722,0.018779,upper
L1,sst,0.80,0.8000,0.850101,0.018564,0.038030,upper
L1,sst,0.80,0.8000,0.869805,0.016409,0.059738,upper
L1,sst,0.80,0.8000,0.888768,0.014267,0.083850,upper
L1,sst,0.80,0.8000,0.906971,0.012147,0.105687,upper
L1,sst,0.80,0.8000,0.924403,0.010062,0.127869,upper
L1,sst,0.80,0.8000,0.941059,0.008025,0.155924,upper
L1,sst,0.80,0.8000,0.956938,0.006050,0.184895,upper
L1,sst,0.80,0.8000,0.972047,0.004158,0.206651,upper
L1,sst,0.80,0.8000,0.986396,0.002368,0.223198,upper
L1,sst,0.80,0.8000,1.000000,0.000705,0.257144,upper
L1,sst,0.80,0.8000,0.000000,0.000000,0.736896,lower
L1,sst,0.80,0.8000,0.000019,-0.000793,0.761384,lower
L1,sst,0.80,0.8000,0.000080,-0.001650,0.782236,lower
L1,sst,0.80,0.8000,0.000196,-0.002574,0.798211,lower
L1,sst,0.80,0.8000,0.000377,-0.003566,0.808461,lower
L1,sst,0.80,0.8000,0.000638,-0.004627,0.811478,lower
L1,sst,0.80,0.8000,0.000993,-0.005755,0.805853,lower
L1,sst,0.80,0.8000,0.001458,-0.006948,0.790210,lower
L1,sst,0.80,0.8000,0.002052,-0.008200,0.763433,lower
L1,sst,0.80,0.8000,0.002791,-0.009505,0.724891,lower
L1,sst,0.80,0.8000,0.003694,-0.010854,0.674660,lower
L1,sst,0.80,0.8000,0.004777,-0.012236,0.613675,lower
L1,sst,0.80,0.8000,0.006058,-0.013638,0.543780,lower
L1,sst,0.80,0.8000,0.007551,-0.015047,0.467622,lower
L1,sst,0.80,0.8000,0.009271,-0.016451,0.388414,lower
L1,sst,0.80,0.8000,0.011229,-0.017838,0.309568,lower
L1,sst,0.80,0.8000,0.013436,-0.019195,0.234332,lower
L1,sst,0.80,0.8000,0.015904,-0.020515,0.165486,lower
L1,sst,0.80,0.8000,0.018643,-0.021791,0.105116,lower
L1,sst,0.80,0.8000,0.021664,-0.023016,0.054492,lower
L1,sst,0.80,0.8000,0.024979,-0.024190,0.014049,lower
L1,sst,0.80,0.8000,0.028600,-0.025311,-0.016535,lower
L1,sst,0.80,0.8000,0.032543,-0.026382,-0.038199,lower
L1,sst,0.80,0.8000,0.036823,-0.027404,-0.052316,lower
L1,sst,0.80,0.8000,0.041456,-0.028383,-0.060485,lower
L1,sst,0.80,0.8000,0.046463,-0.029326,-0.064350,lower
L1,sst,0.80,0.8000,0.051862,-0.030238,-0.065454,lower
L1,sst,0.80,0.8000,0.057676,-0.031129,-0.065157,lower
L1,sst,0.80,0.8000,0.063928,-0.032006,-0.064585,lower
L1,sst,0.80,0.8000,0.070642,-0.032877,-0.064630,lower
L1,sst,0.80,0.8000,0.077844,-0.033751,-0.065964,lower
L1,sst,0.80,0.8000,0.085558,-0.034634,-0.069057,lower
L1,sst,0.80,0.8000,0.093813,-0.035530,-0.074188,lower
L1,sst,0.80,0.8000,0.102634,-0.036444,-0.081467,lower
L1,sst,0.80,0.8000,0.112049,-0.037375,-0.090840,lower
L1,sst,0.80,0.8000,0.122085,-0.038323,-0.102109,lower
L1,sst,0.80,0.8000,0.132769,-0.039282,-0.114947,lower
L1,sst,0.80,0.8000,0.144125,-0.040246,-0.128919,lower
L1,sst,0.80,0.8000,0.156179,-0.041204,-0.143525,lower
L1,sst,0.80,0.8000,0.168952,-0.042147,-0.158237,lower
L1,sst,0.80,0.8000,0.182464,-0.043064,-0.172569,lower
L1,sst,0.80,0.8000,0.196731,-0.043942,-0.186125,lower
L1,sst,0.80,0.8000,0.211767,-0.044773,-0.198664,lower
L1,sst,0.80,0.8000,0.227580,-0.045547,-0.210124,lower
L1,sst,0.80,0.8000,0.244175,-0.046258,-0.220622,lower
L1,sst,0.80,0.8000,0.261551,-0.046900,-0.230413,lower
L1,sst,0.80,0.8000,0.279701,-0.047468,-0.239796,lower
L1,sst,0.80,0.8000,0.298615,-0.047957,-0.249015,lower
L1,sst,0.80,0.8000,0.318273,-0.048357,-0.258140,lower
L1,sst,0.80,0.8000,0.338651,-0.048657,-0.266977,lower
L1,sst,0.80,0.8000,0.359716,-0.048843,-0.274998,lower
L1,sst,0.80,0.8000,0.381432,-0.048894,-0.281357,lower
L1,sst,0.80,0.8000,0.403751,-0.048790,-0.285003,lower
L1,sst,0.80,0.8000,0.426620,-0.048509,-0.284867,lower
L1,sst,0.80,0.8000,0.449981,-0.048033,-0.280149,lower
L1,sst,0.80,0.8000,0.473769,-0.047347,-0.270551,lower
L1,sst,0.80,0.8000,0.497911,-0.046447,-0.256396,lower
L1,sst,0.80,0.8000,0.522334,-0.045337,-0.238492,lower
L1,sst,0.80,0.8000,0.546959,-0.044030,-0.217912,lower
L1,sst,0.80,0.8000,0.571705,-0.042545,-0.195867,lower
L1,sst,0.80,0.8000,0.596493,-0.040910,-0.173368,lower
L1,sst,0.80,0.8000,0.621239,-0.039149,-0.151333,lower
L1,sst,0.80,0.8000,0.645864,-0.037290,-0.130477,lower
L1,sst,0.80,0.8000,0.670288,-0.035354,-0.111161,lower
L1,sst,0.80,0.8000,0.694435,-0.033360,-0.093454,lower
L1,sst,0.80,0.8000,0.718230,-0.031322,-0.077022,lower
L1,sst,0.80,0.8000,0.741604,-0.029247,-0.061442,lower
L1,sst,0.80,0.8000,0.764492,-0.027144,-0.046289,lower
L1,sst,0.80,0.8000,0.786835,-0.025019,-0.031113,lower
L1,sst,0.80,0.8000,0.808581,-0.022876,-0.015295,lower
L1,sst,0.80,0.8000,0.829682,-0.020722,0.001810,lower
L1,sst,0.80,0.8000,0.850101,-0.018564,0.020253,lower
L1,sst,0.80,0.8000,0.869805,-0.016409,0.039879,lower
L1,sst,0.80,0.8000,0.888768,-0.014267,0.060694,lower
L1,sst,0.80,0.8000,0.906971,-0.012147,0.083220,lower
L1,sst,0.80,0.8000,0.924403,-0.010062,0.108215,lower
L1,sst,0.80,0.8000,0.941059,-0.008025,0.135045,lower
L1,sst,0.80,0.8000,0.956938,-0.006050,0.162481,lower
L1,sst,0.80,0.8000,0.972047,-0.004158,0.189312,lower
L1,sst,0.80,0.8000,0.986396,-0.002368,0.212072,lower
L1,sst,0.80,0.8000,1.000000,-0.000705,0.252191,lower
L1,sst,0.90,0.9000,0.000000,0.000000,0.720888,upper
L1,sst,0.90,0.9000,0.000019,0.000793,0.693075,upper
L1,sst,0.90,0.9000,0.000080,0.001650,0.658367,upper
L1,sst,0.90,0.9000,0.000196,0.002574,0.614947,upper
L1,sst,0.90,0.9000,0.000377,0.003566,0.562355,upper
L1,sst,0.90,0.9000,0.000638,0.004627,0.499482,upper
L1,sst,0.90,0.9000,0.000993,0.005755,0.425655,upper
L1,sst,0.90,0.9000,0.001458,0.006948,0.340481,upper
L1,sst,0.90,0.9000,0.002052,0.008200,0.244137,upper
L1,sst,0.90,0.9000,0.002791,0.009505,0.137474,upper
L1,sst,0.90,0.9000,0.003694,0.010854,0.022131,upper
L1,sst,0.90,0.9000,0.004777,0.012236,-0.099486,upper
L1,sst,0.90,0.9000,0.006058,0.013638,-0.224340,upper
L1,sst,0.90,0.9000,0.007551,0.015047,-0.349076,upper
L1,sst,0.90,0.9000,0.009271,0.016451,-0.470378,upper
L1,sst,0.90,0.9000,0.011228,0.017838,-0.585266,upper
L1,sst,0.90,0.9000,0.013436,0.019195,-0.691300,upper
L1,sst,0.90,0.9000,0.015904,0.020515,-0.786709,upper
L1,sst,0.90,0.9000,0.018643,0.021791,-0.870446,upper
L1,sst,0.90,0.9000,0.021664,0.023016,-0.942214,upper
L1,sst,0.90,0.9000,0.024979,0.024190,-1.002302,upper
L1,sst,0.90,0.9000,0.028600,0.025311,-1.051300,upper
L1,sst,0.90,0.9000,0.032543,0.026382,-1.089993,upper
L1,sst,0.90,0.9000,0.036823,0.027404,-1.119278,upper
L1,sst,0.90,0.9000,0.041456,0.028383,-1.140073,upper
L1,sst,0.90,0.9000,0.046462,0.029326,-1.153282,upper
L1,sst,0.90,0.9000,0.051862,0.030238,-1.159804,upper
L1,sst,0.90,0.9000,0.057676,0.031129,-1.160509,upper
L1,sst,0.90,0.9000,0.063928,0.032006,-1.156258,upper
L1,sst,0.90,0.9000,0.070642,0.032877,-1.147919,upper
L1,sst,0.90,0.9000,0.077844,0.033751,-1.136394,upper
L1,sst,0.90,0.9000,0.085558,0.034634,-1.122614,upper
L1,sst,0.90,0.9000,0.093813,0.035530,-1.107516,upper
L1,sst,0.90,0.9000,0.102634,0.036444,-1.092019,upper
L1,sst,0.90,0.9000,0.112049,0.037375,-1.077018,upper
L1,sst,0.90,0.9000,0.122085,0.038323,-1.063327,upper
L1,sst,0.90,0.9000,0.132769,0.039282,-1.051584,upper
L1,sst,0.90,0.9000,0.144125,0.040246,-1.042202,upper
L1,sst,0.90,0.9000,0.156179,0.041204,-1.035294,upper
L1,sst,0.90,0.9000,0.168952,0.042147,-1.030635,upper
L1,sst,0.90,0.9000,0.182464,0.043064,-1.027803,upper
L1,sst,0.90,0.9000,0.196731,0.043942,-1.026250,upper
L1,sst,0.90,0.9000,0.211767,0.044773,-1.024271,upper
L1,sst,0.90,0.9000,0.227580,0.045547,-1.017131,upper
L1,sst,0.90,0.9000,0.244175,0.046258,-0.990580,upper
L1,sst,0.90,0.9000,0.261551,0.046900,-0.893856,upper
L1,sst,0.90,0.9000,0.279701,0.047468,-0.691764,upper
L1,sst,0.90,0.9000,0.298615,0.047957,-0.476948,upper
L1,sst,0.90,0.9000,0.318273,0.048357,-0.318389,upper
L1,sst,0.90,0.9000,0.338651,0.048657,-0.220024,upper
L1,sst,0.90,0.9000,0.359716,0.048843,-0.187115,upper
L1,sst,0.90,0.9000,0.381432,0.048894,-0.187081,upper
L1,sst,0.90,0.9000,0.403750,0.048790,-0.201336,upper
L1,sst,0.90,0.9000,0.426620,0.048509,-0.220507,upper
L1,sst,0.90,0.9000,0.449982,0.048033,-0.235629,upper
L1,sst,0.90,0.9000,0.473769,0.047347,-0.242164,upper
L1,sst,0.90,0.9000,0.497911,0.046447,-0.239179,upper
L1,sst,0.90,0.9000,0.522334,0.045337,-0.228146,upper
L1,sst,0.90,0.9000,0.546959,0.044030,-0.210636,upper
L1,sst,0.90,0.9000,0.571705,0.042545,-0.188736,upper
L1,sst,0.90,0.9000,0.596493,0.040910,-0.165677,upper
L1,sst,0.90,0.9000,0.621239,0.039149,-0.144371,upper
L1,sst,0.90,0.9000,0.645864,0.037290,-0.125822,upper
L1,sst,0.90,0.9000,0.670288,0.035354,-0.108878,upper
L1,sst,0.90,0.9000,0.694435,0.033360,-0.094516,upper
L1,sst,0.90,0.9000,0.718230,0.031322,-0.083224,upper
L1,sst,0.90,0.9000,0.741604,0.029247,-0.070371,upper
L1,sst,0.90,0.9000,0.764492,0.027144,-0.052356,upper
L1,sst,0.90,0.9000,0.786835,0.025019,-0.030802,upper
L1,sst,0.90,0.9000,0.808581,0.022876,-0.009881,upper
L1,sst,0.90,0.9000,0.829682,0.020722,0.008600,upper
L1,sst,0.90,0.9000,0.850101,0.018564,0.025147,upper
L1,sst,0.90,0.9000,0.869805,0.016409,0.040675,upper
L1,sst,0.90,0.9000,0.888767,0.014267,0.059127,upper
L1,sst,0.90,0.9000,0.906971,0.012147,0.084966,upper
L1,sst,0.90,0.9000,0.924403,0.010062,0.115309,upper
L1,sst,0.90,0.9000,0.941059,0.008025,0.141038,upper
L1,sst,0.90,0.9000,0.956938,0.006050,0.159868,upper
L1,sst,0.90,0.9000,0.972047,0.004158,0.181609,upper
L1,sst,0.90,0.9000,0.986396,0.002368,0.208033,upper
L1,sst,0.90,0.9000,1.000000,0.000705,0.244474,upper
L1,sst,0.90,0.9000,0.000000,0.000000,0.720888,lower
L1,sst,0.90,0.9000,0.000019,-0.000793,0.745104,lower
L1,sst,0.90,0.9000,0.000080,-0.001650,0.765653,lower
L1,sst,0.90,0.9000,0.000196,-0.002574,0.781283,lower
L1,sst,0.90,0.9000,0.000377,-0.003566,0.791143,lower
L1,sst,0.90,0.9000,0.000638,-0.004627,0.793719,lower
L1,sst,0.90,0.9000,0.000993,-0.005755,0.787597,lower
L1,sst,0.90,0.9000,0.001458,-0.006948,0.771390,lower
L1,sst,0.90,0.9000,0.002052,-0.008200,0.743980,lower
L1,sst,0.90,0.9000,0.002791,-0.009505,0.704731,lower
L1,sst,0.90,0.9000,0.003694,-0.010854,0.653716,lower
L1,sst,0.90,0.9000,0.004777,-0.012236,0.591871,lower
L1,sst,0.90,0.9000,0.006058,-0.013638,0.521040,lower
L1,sst,0.90,0.9000,0.007551,-0.015047,0.443874,lower
L1,sst,0.90,0.9000,0.009271,-0.016451,0.363585,lower
L1,sst,0.90,0.9000,0.011228,-0.017838,0.283590,lower
L1,sst,0.90,0.9000,0.013436,-0.019195,0.207144,lower
L1,sst,0.90,0.9000,0.015904,-0.020515,0.137037,lower
L1,sst,0.90,0.9000,0.018643,-0.021791,0.075373,lower
L1,sst,0.90,0.9000,0.021664,-0.023016,0.023443,lower
L1,sst,0.90,0.9000,0.024979,-0.024190,-0.018288,lower
L1,sst,0.90,0.9000,0.028600,-0.025311,-0.050117,lower
L1,sst,0.90,0.9000,0.032543,-0.026382,-0.072961,lower
L1,sst,0.90,0.9000,0.036823,-0.027404,-0.088186,lower
L1,sst,0.90,0.9000,0.041456,-0.028383,-0.097401,lower
L1,sst,0.90,0.9000,0.046462,-0.029326,-0.102263,lower
L1,sst,0.90,0.9000,0.051862,-0.030238,-0.104340,lower
L1,sst,0.90,0.9000,0.057676,-0.031129,-0.105017,lower
L1,sst,0.90,0.9000,0.063928,-0.032006,-0.105451,lower
L1,sst,0.90,0.9000,0.070642,-0.032877,-0.106555,lower
L1,sst,0.90,0.9000,0.077844,-0.033751,-0.109016,lower
L1,sst,0.90,0.9000,0.085558,-0.034634,-0.113308,lower
L1,sst,0.90,0.9000,0.093813,-0.035530,-0.119710,lower
L1,sst,0.90,0.9000,0.102634,-0.036444,-0.128313,lower
L1,sst,0.90,0.9000,0.112049,-0.037375,-0.139032,lower
L1,sst,0.90,0.9000,0.122085,-0.038323,-0.151615,lower
L1,sst,0.90,0.9000,0.132769,-0.039282,-0.165655,lower
L1,sst,0.90,0.9000,0.144125,-0.040246,-0.180610,lower
L1,sst,0.90,0.9000,0.156179,-0.041204,-0.195837,lower
L1,sst,0.90,0.9000,0.168952,-0.042147,-0.210638,lower
L1,sst,0.90,0.9000,0.182464,-0.043064,-0.224331,lower
L1,sst,0.90,0.9000,0.196731,-0.043942,-0.236324,lower
L1,sst,0.90,0.9000,0.211767,-0.044773,-0.246196,lower
L1,sst,0.90,0.9000,0.227580,-0.045547,-0.253758,lower
L1,sst,0.90,0.9000,0.244175,-0.046258,-0.259072,lower
L1,sst,0.90,0.9000,0.261551,-0.046900,-0.262439,lower
L1,sst,0.90,0.9000,0.279701,-0.047468,-0.264298,lower
L1,sst,0.90,0.9000,0.298615,-0.047957,-0.265117,lower
L1,sst,0.90,0.9000,0.318273,-0.048357,-0.265269,lower
L1,sst,0.90,0.9000,0.338651,-0.048657,-0.264916,lower
L1,sst,0.90,0.9000,0.359716,-0.048843,-0.263947,lower
L1,sst,0.90,0.9000,0.381432,-0.048894,-0.261976,lower
L1,sst,0.90,0.9000,0.403750,-0.048790,-0.258433,lower
L1,sst,0.90,0.9000,0.426620,-0.048509,-0.252651,lower
L1,sst,0.90,0.9000,0.449982,-0.048033,-0.244057,lower
L1,sst,0.90,0.9000,0.473769,-0.047347,-0.232357,lower
L1,sst,0.90,0.9000,0.497911,-0.046447,-0.217580,lower
L1,sst,0.90,0.9000,0.522334,-0.045337,-0.200155,lower
L1,sst,0.90,0.9000,0.546959,-0.044030,-0.180800,lower
L1,sst,0.90,0.9000,0.571705,-0.042545,-0.160485,lower
L1,sst,0.90,0.9000,0.596493,-0.040910,-0.140155,lower
L1,sst,0.90,0.9000,0.621239,-0.039149,-0.120654,lower
L1,sst,0.90,0.9000,0.645864,-0.037290,-0.102631,lower
L1,sst,0.90,0.9000,0.670288,-0.035354,-0.086254,lower
L1,sst,0.90,0.9000,0.694435,-0.033360,-0.071547,lower
L1,sst,0.90,0.9000,0.718230,-0.031322,-0.058180,lower
L1,sst,0.90,0.9000,0.741604,-0.029247,-0.045564,lower
L1,sst,0.90,0.9000,0.764492,-0.027144,-0.033076,lower
L1,sst,0.90,0.9000,0.786835,-0.025019,-0.020075,lower
L1,sst,0.90,0.9000,0.808581,-0.022876,-0.006390,lower
L1,sst,0.90,0.9000,0.829682,-0.020722,0.008178,lower
L1,sst,0.90,0.9000,0.850101,-0.018564,0.024005,lower
L1,sst,0.90,0.9000,0.869805,-0.016409,0.041409,lower
L1,sst,0.90,0.9000,0.888767,-0.014267,0.060583,lower
L1,sst,0.90,0.9000,0.906971,-0.012147,0.080993,lower
L1,sst,0.90,0.9000,0.924403,-0.010062,0.102230,lower
L1,sst,0.90,0.9000,0.941059,-0.008025,0.125105,lower
L1,sst,0.90,0.9000,0.956938,-0.006050,0.150714,lower
L1,sst,0.90,0.9000,0.972047,-0.004158,0.178301,lower
L1,sst,0.90,0.9000,0.986396,-0.002368,0.201864,lower
L1,sst,0.90,0.9000,1.000000,-0.000705,0.239437,lower
L1,sst,0.96,0.9600,-0.000000,0.000000,0.684102,upper
L1,sst,0.96,0.9600,0.000018,0.000793,0.657199,upper
L1,sst,0.96,0.9600,0.000080,0.001650,0.623429,upper
L1,sst,0.96,0.9600,0.000196,0.002574,0.580985,upper
L1,sst,0.96,0.9600,0.000377,0.003566,0.529394,upper
L1,sst,0.96,0.9600,0.000638,0.004627,0.467540,upper
L1,sst,0.96,0.9600,0.000993,0.005755,0.394739,upper
L1,sst,0.96,0.9600,0.001458,0.006948,0.310586,upper
L1,sst,0.96,0.9600,0.002052,0.008200,0.215240,upper
L1,sst,0.96,0.9600,0.002791,0.009505,0.109538,upper
L1,sst,0.96,0.9600,0.003694,0.010854,-0.004904,upper
L1,sst,0.96,0.9600,0.004777,0.012236,-0.125696,upper
L1,sst,0.96,0.9600,0.006058,0.013638,-0.249823,upper
L1,sst,0.96,0.9600,0.007551,0.015047,-0.373942,upper
L1,sst,0.96,0.9600,0.009271,0.016451,-0.494754,upper
L1,sst,0.96,0.9600,0.011228,0.017838,-0.609296,upper
L1,sst,0.96,0.9600,0.013436,0.019195,-0.715146,upper
L1,sst,0.96,0.9600,0.015904,0.020515,-0.810554,upper
L1,sst,0.96,0.9600,0.018643,0.021791,-0.894497,upper
L1,sst,0.96,0.9600,0.021664,0.023016,-0.966704,upper
L1,sst,0.96,0.9600,0.024979,0.024190,-1.027467,upper
L1,sst,0.96,0.9600,0.028600,0.025311,-1.077386,upper
L1,sst,0.96,0.9600,0.032543,0.026382,-1.117266,upper
L1,sst,0.96,0.9600,0.036823,0.027404,-1.148008,upper
L1,sst,0.96,0.9600,0.041456,0.028383,-1.170523,upper
L1,sst,0.96,0.9600,0.046463,0.029326,-1.185683,upper
L1,sst,0.96,0.9600,0.051862,0.030238,-1.194313,upper
L1,sst,0.96,0.9600,0.057676,0.031129,-1.197191,upper
L1,sst,0.96,0.9600,0.063928,0.032006,-1.195023,upper
L1,sst,0.96,0.9600,0.070642,0.032877,-1.188436,upper
L1,sst,0.96,0.9600,0.077844,0.033751,-1.177974,upper
L1,sst,0.96,0.9600,0.085558,0.034634,-1.164099,upper
L1,sst,0.96,0.9600,0.093813,0.035530,-1.147200,upper
L1,sst,0.96,0.9600,0.102634,0.036444,-1.127526,upper
L1,sst,0.96,0.9600,0.112049,0.037375,-1.105114,upper
L1,sst,0.96,0.9600,0.122085,0.038323,-1.079693,upper
L1,sst,0.96,0.9600,0.132769,0.039282,-1.050966,upper
L1,sst,0.96,0.9600,0.144125,0.040246,-1.019086,upper
L1,sst,0.96,0.9600,0.156179,0.041204,-0.984593,upper
L1,sst,0.96,0.9600,0.168952,0.042147,-0.948397,upper
L1,sst,0.96,0.9600,0.182463,0.043064,-0.910940,upper
L1,sst,0.96,0.9600,0.196731,0.043942,-0.870724,upper
L1,sst,0.96,0.9600,0.211767,0.044773,-0.817998,upper
L1,sst,0.96,0.9600,0.227580,0.045547,-0.725432,upper
L1,sst,0.96,0.9600,0.244175,0.046258,-0.572494,upper
L1,sst,0.96,0.9600,0.261551,0.046900,-0.412240,upper
L1,sst,0.96,0.9600,0.279701,0.047468,-0.305849,upper
L1,sst,0.96,0.9600,0.298615,0.047957,-0.261581,upper
L1,sst,0.96,0.9600,0.318273,0.048357,-0.258437,upper
L1,sst,0.96,0.9600,0.338651,0.048657,-0.264472,upper
L1,sst,0.96,0.9600,0.359717,0.048843,-0.270111,upper
L1,sst,0.96,0.9600,0.381432,0.048894,-0.274782,upper
L1,sst,0.96,0.9600,0.403750,0.048790,-0.277432,upper
L1,sst,0.96,0.9600,0.426620,0.048509,-0.276446,upper
L1,sst,0.96,0.9600,0.449981,0.048033,-0.271317,upper
L1,sst,0.96,0.9600,0.473769,0.047347,-0.262609,upper
L1,sst,0.96,0.9600,0.497911,0.046447,-0.250271,upper
L1,sst,0.96,0.9600,0.522334,0.045337,-0.234197,upper
L1,sst,0.96,0.9600,0.546959,0.044030,-0.215837,upper
L1,sst,0.96,0.9600,0.571705,0.042545,-0.197920,upper
L1,sst,0.96,0.9600,0.596493,0.040910,-0.182088,upper
L1,sst,0.96,0.9600,0.621239,0.039149,-0.167003,upper
L1,sst,0.96,0.9600,0.645864,0.037290,-0.150913,upper
L1,sst,0.96,0.9600,0.670288,0.035354,-0.134425,upper
L1,sst,0.96,0.9600,0.694435,0.033360,-0.119007,upper
L1,sst,0.96,0.9600,0.718230,0.031322,-0.104446,upper
L1,sst,0.96,0.9600,0.741603,0.029247,-0.089657,upper
L1,sst,0.96,0.9600,0.764492,0.027144,-0.074339,upper
L1,sst,0.96,0.9600,0.786835,0.025019,-0.058195,upper
L1,sst,0.96,0.9600,0.808581,0.022876,-0.042316,upper
L1,sst,0.96,0.9600,0.829682,0.020722,-0.028070,upper
L1,sst,0.96,0.9600,0.850101,0.018564,-0.013917,upper
L1,sst,0.96,0.9600,0.869805,0.016409,0.002631,upper
L1,sst,0.96,0.9600,0.888767,0.014267,0.023317,upper
L1,sst,0.96,0.9600,0.906971,0.012147,0.045116,upper
L1,sst,0.96,0.9600,0.924403,0.010062,0.060941,upper
L1,sst,0.96,0.9600,0.941059,0.008025,0.073769,upper
L1,sst,0.96,0.9600,0.956938,0.006050,0.094273,upper
L1,sst,0.96,0.9600,0.972047,0.004158,0.123252,upper
L1,sst,0.96,0.9600,0.986396,0.002368,0.148577,upper
L1,sst,0.96,0.9600,1.000000,0.000705,0.181872,upper
L1,sst,0.96,0.9600,-0.000000,0.000000,0.684102,lower
L1,sst,0.96,0.9600,0.000018,-0.000793,0.707362,lower
L1,sst,0.96,0.9600,0.000080,-0.001650,0.726856,lower
L1,sst,0.96,0.9600,0.000196,-0.002574,0.741313,lower
L1,sst,0.96,0.9600,0.000377,-0.003566,0.749864,lower
L1,sst,0.96,0.9600,0.000638,-0.004627,0.750993,lower
L1,sst,0.96,0.9600,0.000993,-0.005755,0.743275,lower
L1,sst,0.96,0.9600,0.001458,-0.006948,0.725314,lower
L1,sst,0.96,0.9600,0.002052,-0.008200,0.695995,lower
L1,sst,0.96,0.9600,0.002791,-0.009505,0.654690,lower
L1,sst,0.96,0.9600,0.003694,-0.010854,0.601483,lower
L1,sst,0.96,0.9600,0.004777,-0.012236,0.537325,lower
L1,sst,0.96,0.9600,0.006058,-0.013638,0.464076,lower
L1,sst,0.96,0.9600,0.007551,-0.015047,0.384396,lower
L1,sst,0.96,0.9600,0.009271,-0.016451,0.301508,lower
L1,sst,0.96,0.9600,0.011228,-0.017838,0.218836,lower
L1,sst,0.96,0.9600,0.013436,-0.019195,0.139642,lower
L1,sst,0.96,0.9600,0.015904,-0.020515,0.066733,lower
L1,sst,0.96,0.9600,0.018643,-0.021791,0.002250,lower
L1,sst,0.96,0.9600,0.021664,-0.023016,-0.052466,lower
L1,sst,0.96,0.9600,0.024979,-0.024190,-0.096882,lower
L1,sst,0.96,0.9600,0.028600,-0.025311,-0.131215,lower
L1,sst,0.96,0.9600,0.032543,-0.026382,-0.156306,lower
L1,sst,0.96,0.9600,0.036823,-0.027404,-0.173457,lower
L1,sst,0.96,0.9600,0.041456,-0.028383,-0.184231,lower
L1,sst,0.96,0.9600,0.046463,-0.029326,-0.190260,lower
L1,sst,0.96,0.9600,0.051862,-0.030238,-0.193093,lower
L1,sst,0.96,0.9600,0.057676,-0.031129,-0.194100,lower
L1,sst,0.96,0.9600,0.063928,-0.032006,-0.194407,lower
L1,sst,0.96,0.9600,0.070642,-0.032877,-0.194881,lower
L1,sst,0.96,0.9600,0.077844,-0.033751,-0.196145,lower
L1,sst,0.96,0.9600,0.085558,-0.034634,-0.198602,lower
L1,sst,0.96,0.9600,0.093813,-0.035530,-0.202451,lower
L1,sst,0.96,0.9600,0.102634,-0.036444,-0.207705,lower
L1,sst,0.96,0.9600,0.112049,-0.037375,-0.214202,lower
L1,sst,0.96,0.9600,0.122085,-0.038323,-0.221630,lower
L1,sst,0.96,0.9600,0.132769,-0.039282,-0.229538,lower
L1,sst,0.96,0.9600,0.144125,-0.040246,-0.237371,lower
L1,sst,0.96,0.9600,0.156179,-0.041204,-0.244515,lower
L1,sst,0.96,0.9600,0.168952,-0.042147,-0.250360,lower
L1,sst,0.96,0.9600,0.182463,-0.043064,-0.254376,lower
L1,sst,0.96,0.9600,0.196731,-0.043942,-0.256202,lower
L1,sst,0.96,0.9600,0.211767,-0.044773,-0.255716,lower
L1,sst,0.96,0.9600,0.227580,-0.045547,-0.253057,lower
L1,sst,0.96,0.9600,0.244175,-0.046258,-0.248615,lower
L1,sst,0.96,0.9600,0.261551,-0.046900,-0.242958,lower
L1,sst,0.96,0.9600,0.279701,-0.047468,-0.236710,lower
L1,sst,0.96,0.9600,0.298615,-0.047957,-0.230451,lower
L1,sst,0.96,0.9600,0.318273,-0.048357,-0.224620,lower
L1,sst,0.96,0.9600,0.338651,-0.048657,-0.219425,lower
L1,sst,0.96,0.9600,0.359717,-0.048843,-0.214815,lower
L1,sst,0.96,0.9600,0.381432,-0.048894,-0.210462,lower
L1,sst,0.96,0.9600,0.403750,-0.048790,-0.205798,lower
L1,sst,0.96,0.9600,0.426620,-0.048509,-0.200103,lower
L1,sst,0.96,0.9600,0.449981,-0.048033,-0.192662,lower
L1,sst,0.96,0.9600,0.473769,-0.047347,-0.182967,lower
L1,sst,0.96,0.9600,0.497911,-0.046447,-0.170807,lower
L1,sst,0.96,0.9600,0.522334,-0.045337,-0.156431,lower
L1,sst,0.96,0.9600,0.546959,-0.044030,-0.140465,lower
L1,sst,0.96,0.9600,0.571705,-0.042545,-0.123745,lower
L1,sst,0.96,0.9600,0.596493,-0.040910,-0.107140,lower
L1,sst,0.96,0.9600,0.621239,-0.039149,-0.091367,lower
L1,sst,0.96,0.9600,0.645864,-0.037290,-0.076944,lower
L1,sst,0.96,0.9600,0.670288,-0.035354,-0.063984,lower
L1,sst,0.96,0.9600,0.694435,-0.033360,-0.052364,lower
L1,sst,0.96,0.9600,0.718230,-0.031322,-0.041656,lower
L1,sst,0.96,0.9600,0.741603,-0.029247,-0.031306,lower
L1,sst,0.96,0.9600,0.764492,-0.027144,-0.021019,lower
L1,sst,0.96,0.9600,0.786835,-0.025019,-0.010396,lower
L1,sst,0.96,0.9600,0.808581,-0.022876,0.000751,lower
L1,sst,0.96,0.9600,0.829682,-0.020722,0.012609,lower
L1,sst,0.96,0.9600,0.850101,-0.018564,0.025491,lower
L1,sst,0.96,0.9600,0.869805,-0.016409,0.039026,lower
L1,sst,0.96,0.9600,0.888767,-0.014267,0.052911,lower
L1,sst,0.96,0.9600,0.906971,-0.012147,0.067786,lower
L1,sst,0.96,0.9600,0.924403,-0.010062,0.084626,lower
L1,sst,0.96,0.9600,0.941059,-0.008025,0.103637,lower
L1,sst,0.96,0.9600,0.956938,-0.006050,0.123762,lower
L1,sst,0.96,0.9600,0.972047,-0.004158,0.143097,lower
L1,sst,0.96,0.9600,0.986396,-0.002368,0.158333,lower
L1,sst,0.96,0.9600,1.000000,-0.000705,0.184718,lower
L1,sst,0.99,0.9900,0.000000,0.000000,0.589439,upper
L1,sst,0.99,0.9900,0.000019,0.000793,0.564264,upper
L1,sst,0.99,0.9900,0.000080,0.001650,0.532265,upper
L1,sst,0.99,0.9900,0.000196,0.002574,0.491659,upper
L1,sst,0.99,0.9900,0.000377,0.003566,0.442122,upper
L1,sst,0.99,0.9900,0.000638,0.004627,0.382941,upper
L1,sst,0.99,0.9900,0.000993,0.005755,0.313051,upper
L1,sst,0.99,0.9900,0.001458,0.006948,0.231994,upper
L1,sst,0.99,0.9900,0.002052,0.008200,0.140124,upper
L1,sst,0.99,0.9900,0.002791,0.009505,0.038218,upper
L1,sst,0.99,0.9900,0.003694,0.010854,-0.072047,upper
L1,sst,0.99,0.9900,0.004777,0.012236,-0.188293,upper
L1,sst,0.99,0.9900,0.006058,0.013638,-0.307504,upper
L1,sst,0.99,0.9900,0.007551,0.015047,-0.426346,upper
L1,sst,0.99,0.9900,0.009271,0.016451,-0.541495,upper
L1,sst,0.99,0.9900,0.011228,0.017838,-0.649985,upper
L1,sst,0.99,0.9900,0.013436,0.019195,-0.749701,upper
L1,sst,0.99,0.9900,0.015904,0.020515,-0.839067,upper
L1,sst,0.99,0.9900,0.018643,0.021791,-0.916441,upper
L1,sst,0.99,0.9900,0.021664,0.023016,-0.981067,upper
L1,sst,0.99,0.9900,0.024979,0.024190,-1.033316,upper
L1,sst,0.99,0.9900,0.028600,0.025311,-1.073796,upper
L1,sst,0.99,0.9900,0.032543,0.026382,-1.103276,upper
L1,sst,0.99,0.9900,0.036823,0.027404,-1.122792,upper
L1,sst,0.99,0.9900,0.041456,0.028383,-1.133372,upper
L1,sst,0.99,0.9900,0.046463,0.029326,-1.135739,upper
L1,sst,0.99,0.9900,0.051862,0.030238,-1.130402,upper
L1,sst,0.99,0.9900,0.057676,0.031129,-1.117987,upper
L1,sst,0.99,0.9900,0.063928,0.032006,-1.099323,upper
L1,sst,0.99,0.9900,0.070643,0.032877,-1.075289,upper
L1,sst,0.99,0.9900,0.077844,0.033751,-1.046858,upper
L1,sst,0.99,0.9900,0.085558,0.034634,-1.015387,upper
L1,sst,0.99,0.9900,0.093813,0.035530,-0.982892,upper
L1,sst,0.99,0.9900,0.102634,0.036444,-0.951873,upper
L1,sst,0.99,0.9900,0.112049,0.037375,-0.924393,upper
L1,sst,0.99,0.9900,0.122085,0.038323,-0.901272,upper
L1,sst,0.99,0.9900,0.132769,0.039282,-0.881897,upper
L1,sst,0.99,0.9900,0.144125,0.040246,-0.864595,upper
L1,sst,0.99,0.9900,0.156179,0.041204,-0.847270,upper
L1,sst,0.99,0.9900,0.168952,0.042147,-0.827062,upper
L1,sst,0.99,0.9900,0.182464,0.043064,-0.799263,upper
L1,sst,0.99,0.9900,0.196731,0.043942,-0.756227,upper
L1,sst,0.99,0.9900,0.211767,0.044773,-0.694070,upper
L1,sst,0.99,0.9900,0.227580,0.045547,-0.622212,upper
L1,sst,0.99,0.9900,0.244175,0.046258,-0.552027,upper
L1,sst,0.99,0.9900,0.261551,0.046900,-0.489225,upper
L1,sst,0.99,0.9900,0.279701,0.047468,-0.442828,upper
L1,sst,0.99,0.9900,0.298615,0.047957,-0.414360,upper
L1,sst,0.99,0.9900,0.318273,0.048357,-0.395597,upper
L1,sst,0.99,0.9900,0.338651,0.048657,-0.382065,upper
L1,sst,0.99,0.9900,0.359716,0.048843,-0.372165,upper
L1,sst,0.99,0.9900,0.381432,0.048894,-0.364682,upper
L1,sst,0.99,0.9900,0.403750,0.048790,-0.358560,upper
L1,sst,0.99,0.9900,0.426620,0.048509,-0.352649,upper
L1,sst,0.99,0.9900,0.449981,0.048033,-0.345955,upper
L1,sst,0.99,0.9900,0.473769,0.047347,-0.337463,upper
L1,sst,0.99,0.9900,0.497911,0.046447,-0.326662,upper
L1,sst,0.99,0.9900,0.522334,0.045337,-0.313903,upper
L1,sst,0.99,0.9900,0.546959,0.044030,-0.299422,upper
L1,sst,0.99,0.9900,0.571705,0.042545,-0.283343,upper
L1,sst,0.99,0.9900,0.596493,0.040910,-0.266362,upper
L1,sst,0.99,0.9900,0.621239,0.039149,-0.249240,upper
L1,sst,0.99,0.9900,0.645864,0.037290,-0.232414,upper
L1,sst,0.99,0.9900,0.670288,0.035354,-0.215539,upper
L1,sst,0.99,0.9900,0.694435,0.033360,-0.197928,upper
L1,sst,0.99,0.9900,0.718230,0.031322,-0.179724,upper
L1,sst,0.99,0.9900,0.741604,0.029247,-0.161310,upper
L1,sst,0.99,0.9900,0.764492,0.027144,-0.142774,upper
L1,sst,0.99,0.9900,0.786835,0.025019,-0.123627,upper
L1,sst,0.99,0.9900,0.808581,0.022876,-0.102832,upper
L1,sst,0.99,0.9900,0.829683,0.020722,-0.080797,upper
L1,sst,0.99,0.9900,0.850101,0.018564,-0.058954,upper
L1,sst,0.99,0.9900,0.869805,0.016409,-0.037286,upper
L1,sst,0.99,0.9900,0.888767,0.014267,-0.015793,upper
L1,sst,0.99,0.9900,0.906971,0.012147,0.005430,upper
L1,sst,0.99,0.9900,0.924403,0.010062,0.026981,upper
L1,sst,0.99,0.9900,0.941059,0.008025,0.045875,upper
L1,sst,0.99,0.9900,0.956939,0.006050,0.059344,upper
L1,sst,0.99,0.9900,0.972047,0.004158,0.071071,upper
L1,sst,0.99,0.9900,0.986396,0.002368,0.081863,upper
L1,sst,0.99,0.9900,1.000000,0.000705,0.098410,upper
L1,sst,0.99,0.9900,0.000000,0.000000,0.589439,lower
L1,sst,0.99,0.9900,0.000019,-0.000793,0.610722,lower
L1,sst,0.99,0.9900,0.000080,-0.001650,0.628106,lower
L1,sst,0.99,0.9900,0.000196,-0.002574,0.640135,lower
L1,sst,0.99,0.9900,0.000377,-0.003566,0.646143,lower
L1,sst,0.99,0.9900,0.000638,-0.004627,0.645373,lower
L1,sst,0.99,0.9900,0.000993,-0.005755,0.636018,lower
L1,sst,0.99,0.9900,0.001458,-0.006948,0.616365,lower
L1,sst,0.99,0.9900,0.002052,-0.008200,0.585446,lower
L1,sst,0.99,0.9900,0.002791,-0.009505,0.542563,lower
L1,sst,0.99,0.9900,0.003694,-0.010854,0.487913,lower
L1,sst,0.99,0.9900,0.004777,-0.012236,0.422551,lower
L1,sst,0.99,0.9900,0.006058,-0.013638,0.348461,lower
L1,sst,0.99,0.9900,0.007551,-0.015047,0.268395,lower
L1,sst,0.99,0.9900,0.009271,-0.016451,0.185626,lower
L1,sst,0.99,0.9900,0.011228,-0.017838,0.103599,lower
L1,sst,0.99,0.9900,0.013436,-0.019195,0.025588,lower
L1,sst,0.99,0.9900,0.015904,-0.020515,-0.045575,lower
L1,sst,0.99,0.9900,0.018643,-0.021791,-0.107705,lower
L1,sst,0.99,0.9900,0.021664,-0.023016,-0.159397,lower
L1,sst,0.99,0.9900,0.024979,-0.024190,-0.200071,lower
L1,sst,0.99,0.9900,0.028600,-0.025311,-0.229925,lower
L1,sst,0.99,0.9900,0.032543,-0.026382,-0.249836,lower
L1,sst,0.99,0.9900,0.036823,-0.027404,-0.261192,lower
L1,sst,0.99,0.9900,0.041456,-0.028383,-0.265689,lower
L1,sst,0.99,0.9900,0.046463,-0.029326,-0.265125,lower
L1,sst,0.99,0.9900,0.051862,-0.030238,-0.261214,lower
L1,sst,0.99,0.9900,0.057676,-0.031129,-0.255457,lower
L1,sst,0.99,0.9900,0.063928,-0.032006,-0.249076,lower
L1,sst,0.99,0.9900,0.070643,-0.032877,-0.242990,lower
L1,sst,0.99,0.9900,0.077844,-0.033751,-0.237840,lower
L1,sst,0.99,0.9900,0.085558,-0.034634,-0.234015,lower
L1,sst,0.99,0.9900,0.093813,-0.035530,-0.231673,lower
L1,sst,0.99,0.9900,0.102634,-0.036444,-0.230771,lower
L1,sst,0.99,0.9900,0.112049,-0.037375,-0.231089,lower
L1,sst,0.99,0.9900,0.122085,-0.038323,-0.232261,lower
L1,sst,0.99,0.9900,0.132769,-0.039282,-0.233811,lower
L1,sst,0.99,0.9900,0.144125,-0.040246,-0.235200,lower
L1,sst,0.99,0.9900,0.156179,-0.041204,-0.235876,lower
L1,sst,0.99,0.9900,0.168952,-0.042147,-0.235333,lower
L1,sst,0.99,0.9900,0.182464,-0.043064,-0.233184,lower
L1,sst,0.99,0.9900,0.196731,-0.043942,-0.229211,lower
L1,sst,0.99,0.9900,0.211767,-0.044773,-0.223408,lower
L1,sst,0.99,0.9900,0.227580,-0.045547,-0.215998,lower
L1,sst,0.99,0.9900,0.244175,-0.046258,-0.207413,lower
L1,sst,0.99,0.9900,0.261551,-0.046900,-0.198252,lower
L1,sst,0.99,0.9900,0.279701,-0.047468,-0.189194,lower
L1,sst,0.99,0.9900,0.298615,-0.047957,-0.180892,lower
L1,sst,0.99,0.9900,0.318273,-0.048357,-0.173861,lower
L1,sst,0.99,0.9900,0.338651,-0.048657,-0.168358,lower
L1,sst,0.99,0.9900,0.359716,-0.048843,-0.164305,lower
L1,sst,0.99,0.9900,0.381432,-0.048894,-0.161286,lower
L1,sst,0.99,0.9900,0.403750,-0.048790,-0.158587,lower
L1,sst,0.99,0.9900,0.426620,-0.048509,-0.155298,lower
L1,sst,0.99,0.9900,0.449981,-0.048033,-0.150526,lower
L1,sst,0.99,0.9900,0.473769,-0.047347,-0.143680,lower
L1,sst,0.99,0.9900,0.497911,-0.046447,-0.134557,lower
L1,sst,0.99,0.9900,0.522334,-0.045337,-0.123399,lower
L1,sst,0.99,0.9900,0.546959,-0.044030,-0.110819,lower
L1,sst,0.99,0.9900,0.571705,-0.042545,-0.097574,lower
L1,sst,0.99,0.9900,0.596493,-0.040910,-0.084395,lower
L1,sst,0.99,0.9900,0.621239,-0.039149,-0.071842,lower
L1,sst,0.99,0.9900,0.645864,-0.037290,-0.060249,lower
L1,sst,0.99,0.9900,0.670288,-0.035354,-0.049655,lower
L1,sst,0.99,0.9900,0.694435,-0.033360,-0.039927,lower
L1,sst,0.99,0.9900,0.718230,-0.031322,-0.030788,lower
L1,sst,0.99,0.9900,0.741604,-0.029247,-0.021914,lower
L1,sst,0.99,0.9900,0.764492,-0.027144,-0.013147,lower
L1,sst,0.99,0.9900,0.786835,-0.025019,-0.004195,lower
L1,sst,0.99,0.9900,0.808581,-0.022876,0.005044,lower
L1,sst,0.99,0.9900,0.829683,-0.020722,0.014500,lower
L1,sst,0.99,0.9900,0.850101,-0.018564,0.024322,lower
L1,sst,0.99,0.9900,0.869805,-0.016409,0.034375,lower
L1,sst,0.99,0.9900,0.888767,-0.014267,0.044607,lower
L1,sst,0.99,0.9900,0.906971,-0.012147,0.055400,lower
L1,sst,0.99,0.9900,0.924403,-0.010062,0.066987,lower
L1,sst,0.99,0.9900,0.941059,-0.008025,0.078528,lower
L1,sst,0.99,0.9900,0.956939,-0.006050,0.087889,lower
L1,sst,0.99,0.9900,0.972047,-0.004158,0.093722,lower
L1,sst,0.99,0.9900,0.986396,-0.002368,0.095651,lower
L1,sst,0.99,0.9900,1.000000,-0.000705,0.101468,lower
L1,sa,0.20,0.2000,0.000000,0.000000,0.805334,upper
L1,sa,0.20,0.2000,0.000019,0.000793,0.781954,upper
L1,sa,0.20,0.2000,0.000080,0.001650,0.751957,upper
L1,sa,0.20,0.2000,0.000196,0.002574,0.713578,upper
L1,sa,0.20,0.2000,0.000377,0.003566,0.666304,upper
L1,sa,0.20,0.2000,0.000638,0.004627,0.608971,upper
L1,sa,0.20,0.2000,0.000993,0.005755,0.540817,upper
L1,sa,0.20,0.2000,0.001458,0.006948,0.461335,upper
L1,sa,0.20,0.2000,0.002052,0.008200,0.370561,upper
L1,sa,0.20,0.2000,0.002791,0.009505,0.269192,upper
L1,sa,0.20,0.2000,0.003694,0.010854,0.158715,upper
L1,sa,0.20,0.2000,0.004777,0.012236,0.041418,upper
L1,sa,0.20,0.2000,0.006058,0.013638,-0.079720,upper
L1,sa,0.20,0.2000,0.007551,0.015047,-0.201318,upper
L1,sa,0.20,0.2000,0.009271,0.016451,-0.319976,upper
L1,sa,0.20,0.2000,0.011228,0.017838,-0.432565,upper
L1,sa,0.20,0.2000,0.013436,0.019195,-0.536434,upper
L1,sa,0.20,0.2000,0.015904,0.020515,-0.629570,upper
L1,sa,0.20,0.2000,0.018643,0.021791,-0.710684,upper
L1,sa,0.20,0.2000,0.021664,0.023016,-0.779152,upper
L1,sa,0.20,0.2000,0.024979,0.024190,-0.834856,upper
L1,sa,0.20,0.2000,0.028600,0.025311,-0.877949,upper
L1,sa,0.20,0.2000,0.032543,0.026382,-0.908856,upper
L1,sa,0.20,0.2000,0.036823,0.027404,-0.927682,upper
L1,sa,0.20,0.2000,0.041456,0.028383,-0.934543,upper
L1,sa,0.20,0.2000,0.046463,0.029326,-0.927942,upper
L1,sa,0.20,0.2000,0.051862,0.030238,-0.903217,upper
L1,sa,0.20,0.2000,0.057676,0.031129,-0.856126,upper
L1,sa,0.20,0.2000,0.063928,0.032006,-0.765130,upper
L1,sa,0.20,0.2000,0.070642,0.032877,-0.649079,upper
L1,sa,0.20,0.2000,0.077844,0.033751,-0.543223,upper
L1,sa,0.20,0.2000,0.085558,0.034634,-0.472339,upper
L1,sa,0.20,0.2000,0.093813,0.035530,-0.450728,upper
L1,sa,0.20,0.2000,0.102634,0.036444,-0.450899,upper
L1,sa,0.20,0.2000,0.112049,0.037375,-0.453021,upper
L1,sa,0.20,0.2000,0.122085,0.038323,-0.450141,upper
L1,sa,0.20,0.2000,0.132769,0.039282,-0.446129,upper
L1,sa,0.20,0.2000,0.144125,0.040246,-0.449346,upper
L1,sa,0.20,0.2000,0.156179,0.041204,-0.461628,upper
L1,sa,0.20,0.2000,0.168952,0.042147,-0.475861,upper
L1,sa,0.20,0.2000,0.182464,0.043064,-0.486242,upper
L1,sa,0.20,0.2000,0.196731,0.043942,-0.492811,upper
L1,sa,0.20,0.2000,0.211767,0.044773,-0.496907,upper
L1,sa,0.20,0.2000,0.227580,0.045547,-0.499861,upper
L1,sa,0.20,0.2000,0.244175,0.046258,-0.503072,upper
L1,sa,0.20,0.2000,0.261551,0.046900,-0.507150,upper
L1,sa,0.20,0.2000,0.279701,0.047468,-0.512600,upper
L1,sa,0.20,0.2000,0.298615,0.047957,-0.519695,upper
L1,sa,0.20,0.2000,0.318273,0.048357,-0.528606,upper
L1,sa,0.20,0.2000,0.338651,0.048657,-0.539749,upper
L1,sa,0.20,0.2000,0.359716,0.048843,-0.553371,upper
L1,sa,0.20,0.2000,0.381432,0.048894,-0.569568,upper
L1,sa,0.20,0.2000,0.403750,0.048790,-0.588092,upper
L1,sa,0.20,0.2000,0.426620,0.048509,-0.608129,upper
L1,sa,0.20,0.2000,0.449981,0.048033,-0.628580,upper
L1,sa,0.20,0.2000,0.473769,0.047347,-0.648096,upper
L1,sa,0.20,0.2000,0.497911,0.046447,-0.665489,upper
L1,sa,0.20,0.2000,0.522334,0.045337,-0.679974,upper
L1,sa,0.20,0.2000,0.546959,0.044030,-0.689886,upper
L1,sa,0.20,0.2000,0.571705,0.042545,-0.690382,upper
L1,sa,0.20,0.2000,0.596493,0.040910,-0.665249,upper
L1,sa,0.20,0.2000,0.621239,0.039149,-0.565314,upper
L1,sa,0.20,0.2000,0.645864,0.037290,-0.389669,upper
L1,sa,0.20,0.2000,0.670288,0.035354,-0.241643,upper
L1,sa,0.20,0.2000,0.694435,0.033360,-0.173413,upper
L1,sa,0.20,0.2000,0.718230,0.031322,-0.144081,upper
L1,sa,0.20,0.2000,0.741604,0.029247,-0.122387,upper
L1,sa,0.20,0.2000,0.764492,0.027144,-0.101230,upper
L1,sa,0.20,0.2000,0.786835,0.025019,-0.078660,upper
L1,sa,0.20,0.2000,0.808581,0.022876,-0.055313,upper
L1,sa,0.20,0.2000,0.829682,0.020722,-0.032278,upper
L1,sa,0.20,0.2000,0.850101,0.018564,-0.008130,upper
L1,sa,0.20,0.2000,0.869805,0.016409,0.018387,upper
L1,sa,0.20,0.2000,0.888767,0.014267,0.046612,upper
L1,sa,0.20,0.2000,0.906971,0.012147,0.075430,upper
L1,sa,0.20,0.2000,0.924403,0.010062,0.105053,upper
L1,sa,0.20,0.2000,0.941059,0.008025,0.136413,upper
L1,sa,0.20,0.2000,0.956938,0.006050,0.169248,upper
L1,sa,0.20,0.2000,0.972047,0.004158,0.201222,upper
L1,sa,0.20,0.2000,0.986396,0.002368,0.227563,upper
L1,sa,0.20,0.2000,1.000000,0.000705,0.268502,upper
L1,sa,0.20,0.2000,0.000000,0.000000,0.805334,lower
L1,sa,0.20,0.2000,0.000019,-0.000793,0.825104,lower
L1,sa,0.20,0.2000,0.000080,-0.001650,0.840956,lower
L1,sa,0.20,0.2000,0.000196,-0.002574,0.851594,lower
L1,sa,0.20,0.2000,0.000377,-0.003566,0.856215,lower
L1,sa,0.20,0.2000,0.000638,-0.004627,0.853407,lower
L1,sa,0.20,0.2000,0.000993,-0.005755,0.841835,lower
L1,sa,0.20,0.2000,0.001458,-0.006948,0.820220,lower
L1,sa,0.20,0.2000,0.002052,-0.008200,0.787605,lower
L1,sa,0.20,0.2000,0.002791,-0.009505,0.743537,lower
L1,sa,0.20,0.2000,0.003694,-0.010854,0.688286,lower
L1,sa,0.20,0.2000,0.004777,-0.012236,0.622977,lower
L1,sa,0.20,0.2000,0.006058,-0.013638,0.549622,lower
L1,sa,0.20,0.2000,0.007551,-0.015047,0.471009,lower
L1,sa,0.20,0.2000,0.009271,-0.016451,0.390442,lower
L1,sa,0.20,0.2000,0.011228,-0.017838,0.311385,lower
L1,sa,0.20,0.2000,0.013436,-0.019195,0.237080,lower
L1,sa,0.20,0.2000,0.015904,-0.020515,0.170246,lower
L1,sa,0.20,0.2000,0.018643,-0.021791,0.112849,lower
L1,sa,0.20,0.2000,0.021664,-0.023016,0.065989,lower
L1,sa,0.20,0.2000,0.024979,-0.024190,0.029899,lower
L1,sa,0.20,0.2000,0.028600,-0.025311,0.004032,lower
L1,sa,0.20,0.2000,0.032543,-0.026382,-0.012773,lower
L1,sa,0.20,0.2000,0.036823,-0.027404,-0.022087,lower
L1,sa,0.20,0.2000,0.041456,-0.028383,-0.025664,lower
L1,sa,0.20,0.2000,0.046463,-0.029326,-0.025241,lower
L1,sa,0.20,0.2000,0.051862,-0.030238,-0.022403,lower
L1,sa,0.20,0.2000,0.057676,-0.031129,-0.018505,lower
L1,sa,0.20,0.2000,0.063928,-0.032006,-0.014648,lower
L1,sa,0.20,0.2000,0.070642,-0.032877,-0.011687,lower
L1,sa,0.20,0.2000,0.077844,-0.033751,-0.010244,lower
L1,sa,0.20,0.2000,0.085558,-0.034634,-0.010738,lower
L1,sa,0.20,0.2000,0.093813,-0.035530,-0.013402,lower
L1,sa,0.20,0.2000,0.102634,-0.036444,-0.018304,lower
L1,sa,0.20,0.2000,0.112049,-0.037375,-0.025364,lower
L1,sa,0.20,0.2000,0.122085,-0.038323,-0.034368,lower
L1,sa,0.20,0.2000,0.132769,-0.039282,-0.044987,lower
L1,sa,0.20,0.2000,0.144125,-0.040246,-0.056806,lower
L1,sa,0.20,0.2000,0.156179,-0.041204,-0.069357,lower
L1,sa,0.20,0.2000,0.168952,-0.042147,-0.082170,lower
L1,sa,0.20,0.2000,0.182464,-0.043064,-0.094826,lower
L1,sa,0.20,0.2000,0.196731,-0.043942,-0.107017,lower
L1,sa,0.20,0.2000,0.211767,-0.044773,-0.118591,lower
L1,sa,0.20,0.2000,0.227580,-0.045547,-0.129584,lower
L1,sa,0.20,0.2000,0.244175,-0.046258,-0.140214,lower
L1,sa,0.20,0.2000,0.261551,-0.046900,-0.150839,lower
L1,sa,0.20,0.2000,0.279701,-0.047468,-0.161886,lower
L1,sa,0.20,0.2000,0.298615,-0.047957,-0.173755,lower
L1,sa,0.20,0.2000,0.318273,-0.048357,-0.186706,lower
L1,sa,0.20,0.2000,0.338651,-0.048657,-0.200768,lower
L1,sa,0.20,0.2000,0.359716,-0.048843,-0.215647,lower
L1,sa,0.20,0.2000,0.381432,-0.048894,-0.230678,lower
L1,sa,0.20,0.2000,0.403750,-0.048790,-0.244832,lower
L1,sa,0.20,0.2000,0.426620,-0.048509,-0.256792,lower
L1,sa,0.20,0.2000,0.449981,-0.048033,-0.265132,lower
L1,sa,0.20,0.2000,0.473769,-0.047347,-0.268598,lower
L1,sa,0.20,0.2000,0.497911,-0.046447,-0.266451,lower
L1,sa,0.20,0.2000,0.522334,-0.045337,-0.258720,lower
L1,sa,0.20,0.2000,0.546959,-0.044030,-0.246217,lower
L1,sa,0.20,0.2000,0.571705,-0.042545,-0.230284,lower
L1,sa,0.20,0.2000,0.596493,-0.040910,-0.212366,lower
L1,sa,0.20,0.2000,0.621239,-0.039149,-0.193700,lower
L1,sa,0.20,0.2000,0.645864,-0.037290,-0.175131,lower
L1,sa,0.20,0.2000,0.670288,-0.035354,-0.157089,lower
L1,sa,0.20,0.2000,0.694435,-0.033360,-0.139642,lower
L1,sa,0.20,0.2000,0.718230,-0.031322,-0.122613,lower
L1,sa,0.20,0.2000,0.741604,-0.029247,-0.105693,lower
L1,sa,0.20,0.2000,0.764492,-0.027144,-0.088490,lower
L1,sa,0.20,0.2000,0.786835,-0.025019,-0.070600,lower
L1,sa,0.20,0.2000,0.808581,-0.022876,-0.051665,lower
L1,sa,0.20,0.2000,0.829682,-0.020722,-0.031422,lower
L1,sa,0.20,0.2000,0.850101,-0.018564,-0.009721,lower
L1,sa,0.20,0.2000,0.869805,-0.016409,0.013530,lower
L1,sa,0.20,0.2000,0.888767,-0.014267,0.038433,lower
L1,sa,0.20,0.2000,0.906971,-0.012147,0.065102,lower
L1,sa,0.20,0.2000,0.924403,-0.010062,0.093614,lower
L1,sa,0.20,0.2000,0.941059,-0.008025,0.123999,lower
L1,sa,0.20,0.2000,0.956938,-0.006050,0.156148,lower
L1,sa,0.20,0.2000,0.972047,-0.004158,0.188941,lower
L1,sa,0.20,0.2000,0.986396,-0.002368,0.218656,lower
L1,sa,0.20,0.2000,1.000000,-0.000705,0.265043,lower
L1,sa,0.44,0.4400,-0.000000,0.000000,0.764623,upper
L1,sa,0.44,0.4400,0.000019,0.000793,0.738343,upper
L1,sa,0.44,0.4400,0.000080,0.001650,0.705256,upper
L1,sa,0.44,0.4400,0.000196,0.002574,0.663557,upper
L1,sa,0.44,0.4400,0.000377,0.003566,0.612764,upper
L1,sa,0.44,0.4400,0.000638,0.004627,0.551741,upper
L1,sa,0.44,0.4400,0.000993,0.005755,0.479776,upper
L1,sa,0.44,0.4400,0.001458,0.006948,0.396428,upper
L1,sa,0.44,0.4400,0.002052,0.008200,0.301814,upper
L1,sa,0.44,0.4400,0.002791,0.009505,0.196725,upper
L1,sa,0.44,0.4400,0.003694,0.010854,0.082740,upper
L1,sa,0.44,0.4400,0.004777,0.012236,-0.037780,upper
L1,sa,0.44,0.4400,0.006058,0.013638,-0.161824,upper
L1,sa,0.44,0.4400,0.007551,0.015047,-0.286034,upper
L1,sa,0.44,0.4400,0.009271,0.016451,-0.407063,upper
L1,sa,0.44,0.4400,0.011228,0.017838,-0.521860,upper
L1,sa,0.44,0.4400,0.013436,0.019195,-0.627899,upper
L1,sa,0.44,0.4400,0.015904,0.020515,-0.723320,upper
L1,sa,0.44,0.4400,0.018643,0.021791,-0.807007,upper
L1,sa,0.44,0.4400,0.021664,0.023016,-0.878565,upper
L1,sa,0.44,0.4400,0.024979,0.024190,-0.938168,upper
L1,sa,0.44,0.4400,0.028600,0.025311,-0.986345,upper
L1,sa,0.44,0.4400,0.032543,0.026382,-1.023827,upper
L1,sa,0.44,0.4400,0.036823,0.027404,-1.051457,upper
L1,sa,0.44,0.4400,0.041456,0.028383,-1.070088,upper
L1,sa,0.44,0.4400,0.046462,0.029326,-1.080556,upper
L1,sa,0.44,0.4400,0.051862,0.030238,-1.083702,upper
L1,sa,0.44,0.4400,0.057676,0.031129,-1.080349,upper
L1,sa,0.44,0.4400,0.063928,0.032006,-1.071342,upper
L1,sa,0.44,0.4400,0.070642,0.032877,-1.057451,upper
L1,sa,0.44,0.4400,0.077844,0.033751,-1.039332,upper
L1,sa,0.44,0.4400,0.085558,0.034634,-1.016945,upper
L1,sa,0.44,0.4400,0.093813,0.035530,-0.988227,upper
L1,sa,0.44,0.4400,0.102634,0.036444,-0.938098,upper
L1,sa,0.44,0.4400,0.112049,0.037375,-0.842924,upper
L1,sa,0.44,0.4400,0.122085,0.038323,-0.712503,upper
L1,sa,0.44,0.4400,0.132769,0.039282,-0.594348,upper
L1,sa,0.44,0.4400,0.144125,0.040246,-0.531902,upper
L1,sa,0.44,0.4400,0.156179,0.041204,-0.523708,upper
L1,sa,0.44,0.4400,0.168952,0.042147,-0.539777,upper
L1,sa,0.44,0.4400,0.182464,0.043064,-0.562443,upper
L1,sa,0.44,0.4400,0.196731,0.043942,-0.583153,upper
L1,sa,0.44,0.4400,0.211767,0.044773,-0.598190,upper
L1,sa,0.44,0.4400,0.227580,0.045547,-0.607901,upper
L1,sa,0.44,0.4400,0.244175,0.046258,-0.613292,upper
L1,sa,0.44,0.4400,0.261551,0.046900,-0.615783,upper
L1,sa,0.44,0.4400,0.279701,0.047468,-0.617137,upper
L1,sa,0.44,0.4400,0.298615,0.047957,-0.618973,upper
L1,sa,0.44,0.4400,0.318273,0.048357,-0.622899,upper
L1,sa,0.44,0.4400,0.338651,0.048657,-0.630040,upper
L1,sa,0.44,0.4400,0.359716,0.048843,-0.640992,upper
L1,sa,0.44,0.4400,0.381432,0.048894,-0.655786,upper
L1,sa,0.44,0.4400,0.403750,0.048790,-0.673876,upper
L1,sa,0.44,0.4400,0.426620,0.048509,-0.694149,upper
L1,sa,0.44,0.4400,0.449981,0.048033,-0.715274,upper
L1,sa,0.44,0.4400,0.473769,0.047347,-0.735515,upper
L1,sa,0.44,0.4400,0.497911,0.046447,-0.751719,upper
L1,sa,0.44,0.4400,0.522334,0.045337,-0.742777,upper
L1,sa,0.44,0.4400,0.546959,0.044030,-0.640145,upper
L1,sa,0.44,0.4400,0.571705,0.042545,-0.416379,upper
L1,sa,0.44,0.4400,0.596493,0.040910,-0.222611,upper
L1,sa,0.44,0.4400,0.621239,0.039149,-0.153914,upper
L1,sa,0.44,0.4400,0.645864,0.037290,-0.137126,upper
L1,sa,0.44,0.4400,0.670288,0.035354,-0.124006,upper
L1,sa,0.44,0.4400,0.694435,0.033360,-0.107580,upper
L1,sa,0.44,0.4400,0.718230,0.031322,-0.090774,upper
L1,sa,0.44,0.4400,0.741604,0.029247,-0.073373,upper
L1,sa,0.44,0.4400,0.764492,0.027144,-0.054624,upper
L1,sa,0.44,0.4400,0.786835,0.025019,-0.035421,upper
L1,sa,0.44,0.4400,0.808581,0.022876,-0.015506,upper
L1,sa,0.44,0.4400,0.829682,0.020722,0.005240,upper
L1,sa,0.44,0.4400,0.850101,0.018564,0.025735,upper
L1,sa,0.44,0.4400,0.869805,0.016409,0.047560,upper
L1,sa,0.44,0.4400,0.888767,0.014267,0.072674,upper
L1,sa,0.44,0.4400,0.906971,0.012147,0.099739,upper
L1,sa,0.44,0.4400,0.924403,0.010062,0.126684,upper
L1,sa,0.44,0.4400,0.941059,0.008025,0.153424,upper
L1,sa,0.44,0.4400,0.956938,0.006050,0.181224,upper
L1,sa,0.44,0.4400,0.972047,0.004158,0.209830,upper
L1,sa,0.44,0.4400,0.986396,0.002368,0.234792,upper
L1,sa,0.44,0.4400,1.000000,0.000705,0.273874,upper
L1,sa,0.44,0.4400,-0.000000,0.000000,0.764623,lower
L1,sa,0.44,0.4400,0.000019,-0.000793,0.787300,lower
L1,sa,0.44,0.4400,0.000080,-0.001650,0.806220,lower
L1,sa,0.44,0.4400,0.000196,-0.002574,0.820117,lower
L1,sa,0.44,0.4400,0.000377,-0.003566,0.828160,lower
L1,sa,0.44,0.4400,0.000638,-0.004627,0.828876,lower
L1,sa,0.44,0.4400,0.000993,-0.005755,0.820888,lower
L1,sa,0.44,0.4400,0.001458,-0.006948,0.802853,lower
L1,sa,0.44,0.4400,0.002052,-0.008200,0.773719,lower
L1,sa,0.44,0.4400,0.002791,-0.009505,0.732929,lower
L1,sa,0.44,0.4400,0.003694,-0.010854,0.680636,lower
L1,sa,0.44,0.4400,0.004777,-0.012236,0.617858,lower
L1,sa,0.44,0.4400,0.006058,-0.013638,0.546510,lower
L1,sa,0.44,0.4400,0.007551,-0.015047,0.469303,lower
L1,sa,0.44,0.4400,0.009271,-0.016451,0.389488,lower
L1,sa,0.44,0.4400,0.011228,-0.017838,0.310498,lower
L1,sa,0.44,0.4400,0.013436,-0.019195,0.235582,lower
L1,sa,0.44,0.4400,0.015904,-0.020515,0.167500,lower
L1,sa,0.44,0.4400,0.018643,-0.021791,0.108300,lower
L1,sa,0.44,0.4400,0.021664,-0.023016,0.059193,lower
L1,sa,0.44,0.4400,0.024979,-0.024190,0.020540,lower
L1,sa,0.44,0.4400,0.028600,-0.025311,-0.008064,lower
L1,sa,0.44,0.4400,0.032543,-0.026382,-0.027644,lower
L1,sa,0.44,0.4400,0.036823,-0.027404,-0.039653,lower
L1,sa,0.44,0.4400,0.041456,-0.028383,-0.045759,lower
L1,sa,0.44,0.4400,0.046462,-0.029326,-0.047648,lower
L1,sa,0.44,0.4400,0.051862,-0.030238,-0.046888,lower
L1,sa,0.44,0.4400,0.057676,-0.031129,-0.044842,lower
L1,sa,0.44,0.4400,0.063928,-0.032006,-0.042633,lower
L1,sa,0.44,0.4400,0.070642,-0.032877,-0.041141,lower
L1,sa,0.44,0.4400,0.077844,-0.033751,-0.041021,lower
L1,sa,0.44,0.4400,0.085558,-0.034634,-0.042717,lower
L1,sa,0.44,0.4400,0.093813,-0.035530,-0.046488,lower
L1,sa,0.44,0.4400,0.102634,-0.036444,-0.052419,lower
L1,sa,0.44,0.4400,0.112049,-0.037375,-0.060440,lower
L1,sa,0.44,0.4400,0.122085,-0.038323,-0.070340,lower
L1,sa,0.44,0.4400,0.132769,-0.039282,-0.081786,lower
L1,sa,0.44,0.4400,0.144125,-0.040246,-0.094346,lower
L1,sa,0.44,0.4400,0.156179,-0.041204,-0.107531,lower
L1,sa,0.44,0.4400,0.168952,-0.042147,-0.120838,lower
L1,sa,0.44,0.4400,0.182464,-0.043064,-0.133813,lower
L1,sa,0.44,0.4400,0.196731,-0.043942,-0.146109,lower
L1,sa,0.44,0.4400,0.211767,-0.044773,-0.157540,lower
L1,sa,0.44,0.4400,0.227580,-0.045547,-0.168114,lower
L1,sa,0.44,0.4400,0.244175,-0.046258,-0.178025,lower
L1,sa,0.44,0.4400,0.261551,-0.046900,-0.187614,lower
L1,sa,0.44,0.4400,0.279701,-0.047468,-0.197292,lower
L1,sa,0.44,0.4400,0.298615,-0.047957,-0.207429,lower
L1,sa,0.44,0.4400,0.318273,-0.048357,-0.218244,lower
L1,sa,0.44,0.4400,0.338651,-0.048657,-0.229699,lower
L1,sa,0.44,0.4400,0.359716,-0.048843,-0.241421,lower
L1,sa,0.44,0.4400,0.381432,-0.048894,-0.252658,lower
L1,sa,0.44,0.4400,0.403750,-0.048790,-0.262330,lower
L1,sa,0.44,0.4400,0.426620,-0.048509,-0.269150,lower
L1,sa,0.44,0.4400,0.449981,-0.048033,-0.271872,lower
L1,sa,0.44,0.4400,0.473769,-0.047347,-0.269583,lower
L1,sa,0.44,0.4400,0.497911,-0.046447,-0.261997,lower
L1,sa,0.44,0.4400,0.522334,-0.045337,-0.249524,lower
L1,sa,0.44,0.4400,0.546959,-0.044030,-0.233125,lower
L1,sa,0.44,0.4400,0.571705,-0.042545,-0.214071,lower
L1,sa,0.44,0.4400,0.596493,-0.040910,-0.193592,lower
L1,sa,0.44,0.4400,0.621239,-0.039149,-0.172791,lower
L1,sa,0.44,0.4400,0.645864,-0.037290,-0.152498,lower
L1,sa,0.44,0.4400,0.670288,-0.035354,-0.133154,lower
L1,sa,0.44,0.4400,0.694435,-0.033360,-0.114878,lower
L1,sa,0.44,0.4400,0.718230,-0.031322,-0.097456,lower
L1,sa,0.44,0.4400,0.741604,-0.029247,-0.080507,lower
L1,sa,0.44,0.4400,0.764492,-0.027144,-0.063620,lower
L1,sa,0.44,0.4400,0.786835,-0.025019,-0.046417,lower
L1,sa,0.44,0.4400,0.808581,-0.022876,-0.028545,lower
L1,sa,0.44,0.4400,0.829682,-0.020722,-0.009637,lower
L1,sa,0.44,0.4400,0.850101,-0.018564,0.010586,lower
L1,sa,0.44,0.4400,0.869805,-0.016409,0.032263,lower
L1,sa,0.44,0.4400,0.888767,-0.014267,0.055447,lower
L1,sa,0.44,0.4400,0.906971,-0.012147,0.080209,lower
L1,sa,0.44,0.4400,0.924403,-0.010062,0.106739,lower
L1,sa,0.44,0.4400,0.941059,-0.008025,0.135268,lower
L1,sa,0.44,0.4400,0.956938,-0.006050,0.165720,lower
L1,sa,0.44,0.4400,0.972047,-0.004158,0.196949,lower
L1,sa,0.44,0.4400,0.986396,-0.002368,0.225382,lower
L1,sa,0.44,0.4400,1.000000,-0.000705,0.270037,lower
L1,sa,0.65,0.6500,-0.000000,0.000000,0.748101,upper
L1,sa,0.65,0.6500,0.000019,0.000793,0.720456,upper
L1,sa,0.65,0.6500,0.000080,0.001650,0.685936,upper
L1,sa,0.65,0.6500,0.000196,0.002574,0.642723,upper
L1,sa,0.65,0.6500,0.000377,0.003566,0.590355,upper
L1,sa,0.65,0.6500,0.000638,0.004627,0.527717,upper
L1,sa,0.65,0.6500,0.000993,0.005755,0.454127,upper
L1,sa,0.65,0.6500,0.001458,0.006948,0.369179,upper
L1,sa,0.65,0.6500,0.002052,0.008200,0.273035,upper
L1,sa,0.65,0.6500,0.002791,0.009505,0.166532,upper
L1,sa,0.65,0.6500,0.003694,0.010854,0.051293,upper
L1,sa,0.65,0.6500,0.004777,0.012236,-0.070286,upper
L1,sa,0.65,0.6500,0.006058,0.013638,-0.195172,upper
L1,sa,0.65,0.6500,0.007551,0.015047,-0.320003,upper
L1,sa,0.65,0.6500,0.009271,0.016451,-0.441451,upper
L1,sa,0.65,0.6500,0.011228,0.017838,-0.556504,upper
L1,sa,0.65,0.6500,0.013436,0.019195,-0.662693,upper
L1,sa,0.65,0.6500,0.015904,0.020515,-0.758227,upper
L1,sa,0.65,0.6500,0.018643,0.021791,-0.842020,upper
L1,sa,0.65,0.6500,0.021664,0.023016,-0.913732,upper
L1,sa,0.65,0.6500,0.024979,0.024190,-0.973611,upper
L1,sa,0.65,0.6500,0.028600,0.025311,-1.022232,upper
L1,sa,0.65,0.6500,0.032543,0.026382,-1.060362,upper
L1,sa,0.65,0.6500,0.036823,0.027404,-1.088877,upper
L1,sa,0.65,0.6500,0.041456,0.028383,-1.108671,upper
L1,sa,0.65,0.6500,0.046463,0.029326,-1.120627,upper
L1,sa,0.65,0.6500,0.051862,0.030238,-1.125617,upper
L1,sa,0.65,0.6500,0.057676,0.031129,-1.124495,upper
L1,sa,0.65,0.6500,0.063928,0.032006,-1.118101,upper
L1,sa,0.65,0.6500,0.070642,0.032877,-1.107290,upper
L1,sa,0.65,0.6500,0.077844,0.033751,-1.092930,upper
L1,sa,0.65,0.6500,0.085558,0.034634,-1.075865,upper
L1,sa,0.65,0.6500,0.093813,0.035530,-1.057007,upper
L1,sa,0.65,0.6500,0.102634,0.036444,-1.037246,upper
L1,sa,0.65,0.6500,0.112049,0.037375,-1.017449,upper
L1,sa,0.65,0.6500,0.122085,0.038323,-0.998644,upper
L1,sa,0.65,0.6500,0.132769,0.039282,-0.981341,upper
L1,sa,0.65,0.6500,0.144125,0.040246,-0.965246,upper
L1,sa,0.65,0.6500,0.156179,0.041204,-0.948870,upper
L1,sa,0.65,0.6500,0.168952,0.042147,-0.924617,upper
L1,sa,0.65,0.6500,0.182464,0.043064,-0.875652,upper
L1,sa,0.65,0.6500,0.196731,0.043942,-0.790219,upper
L1,sa,0.65,0.6500,0.211767,0.044773,-0.690009,upper
L1,sa,0.65,0.6500,0.227580,0.045547,-0.624461,upper
L1,sa,0.65,0.6500,0.244175,0.046258,-0.613014,upper
L1,sa,0.65,0.6500,0.261551,0.046900,-0.630048,upper
L1,sa,0.65,0.6500,0.279701,0.047468,-0.650428,upper
L1,sa,0.65,0.6500,0.298615,0.047957,-0.666274,upper
L1,sa,0.65,0.6500,0.318273,0.048357,-0.677432,upper
L1,sa,0.65,0.6500,0.338651,0.048657,-0.686670,upper
L1,sa,0.65,0.6500,0.359716,0.048843,-0.696480,upper
L1,sa,0.65,0.6500,0.381432,0.048894,-0.708617,upper
L1,sa,0.65,0.6500,0.403750,0.048790,-0.723274,upper
L1,sa,0.65,0.6500,0.426620,0.048509,-0.736735,upper
L1,sa,0.65,0.6500,0.449981,0.048033,-0.729494,upper
L1,sa,0.65,0.6500,0.473769,0.047347,-0.631392,upper
L1,sa,0.65,0.6500,0.497911,0.046447,-0.416921,upper
L1,sa,0.65,0.6500,0.522334,0.045337,-0.232835,upper
L1,sa,0.65,0.6500,0.546959,0.044030,-0.172199,upper
L1,sa,0.65,0.6500,0.571705,0.042545,-0.165322,upper
L1,sa,0.65,0.6500,0.596493,0.040910,-0.158316,upper
L1,sa,0.65,0.6500,0.621239,0.039149,-0.146234,upper
L1,sa,0.65,0.6500,0.645864,0.037290,-0.132899,upper
L1,sa,0.65,0.6500,0.670288,0.035354,-0.115793,upper
L1,sa,0.65,0.6500,0.694435,0.033360,-0.093580,upper
L1,sa,0.65,0.6500,0.718230,0.031322,-0.071101,upper
L1,sa,0.65,0.6500,0.741604,0.029247,-0.054411,upper
L1,sa,0.65,0.6500,0.764492,0.027144,-0.040867,upper
L1,sa,0.65,0.6500,0.786835,0.025019,-0.026517,upper
L1,sa,0.65,0.6500,0.808581,0.022876,-0.011516,upper
L1,sa,0.65,0.6500,0.829682,0.020722,0.007364,upper
L1,sa,0.65,0.6500,0.850101,0.018564,0.031684,upper
L1,sa,0.65,0.6500,0.869805,0.016409,0.056895,upper
L1,sa,0.65,0.6500,0.888767,0.014267,0.080621,upper
L1,sa,0.65,0.6500,0.906971,0.012147,0.105059,upper
L1,sa,0.65,0.6500,0.924403,0.010062,0.131468,upper
L1,sa,0.65,0.6500,0.941059,0.008025,0.158170,upper
L1,sa,0.65,0.6500,0.956938,0.006050,0.184835,upper
L1,sa,0.65,0.6500,0.972047,0.004158,0.213781,upper
L1,sa,0.65,0.6500,0.986396,0.002368,0.240790,upper
L1,sa,0.65,0.6500,1.000000,0.000705,0.279985,upper
L1,sa,0.65,0.6500,-0.000000,0.000000,0.748101,lower
L1,sa,0.65,0.6500,0.000019,-0.000793,0.772165,lower
L1,sa,0.65,0.6500,0.000080,-0.001650,0.792569,lower
L1,sa,0.65,0.6500,0.000196,-0.002574,0.808068,lower
L1,sa,0.65,0.6500,0.000377,-0.003566,0.817821,lower
L1,sa,0.65,0.6500,0.000638,-0.004627,0.820327,lower
L1,sa,0.65,0.6500,0.000993,-0.005755,0.814192,lower
L1,sa,0.65,0.6500,0.001458,-0.006948,0.798048,lower
L1,sa,0.65,0.6500,0.002052,-0.008200,0.770799,lower
L1,sa,0.65,0.6500,0.002791,-0.009505,0.731835,lower
L1,sa,0.65,0.6500,0.003694,-0.010854,0.681253,lower
L1,sa,0.65,0.6500,0.004777,-0.012236,0.620009,lower
L1,sa,0.65,0.6500,0.006058,-0.013638,0.549966,lower
L1,sa,0.65,0.6500,0.007551,-0.015047,0.473785,lower
L1,sa,0.65,0.6500,0.009271,-0.016451,0.394685,lower
L1,sa,0.65,0.6500,0.011228,-0.017838,0.316084,lower
L1,sa,0.65,0.6500,0.013436,-0.019195,0.241224,lower
L1,sa,0.65,0.6500,0.015904,-0.020515,0.172876,lower
L1,sa,0.65,0.6500,0.018643,-0.021791,0.113113,lower
L1,sa,0.65,0.6500,0.021664,-0.023016,0.063181,lower
L1,sa,0.65,0.6500,0.024979,-0.024190,0.023490,lower
L1,sa,0.65,0.6500,0.028600,-0.025311,-0.006306,lower
L1,sa,0.65,0.6500,0.032543,-0.026382,-0.027171,lower
L1,sa,0.65,0.6500,0.036823,-0.027404,-0.040496,lower
L1,sa,0.65,0.6500,0.041456,-0.028383,-0.047893,lower
L1,sa,0.65,0.6500,0.046463,-0.029326,-0.051011,lower
L1,sa,0.65,0.6500,0.051862,-0.030238,-0.051395,lower
L1,sa,0.65,0.6500,0.057676,-0.031129,-0.050397,lower
L1,sa,0.65,0.6500,0.063928,-0.032006,-0.049138,lower
L1,sa,0.65,0.6500,0.070642,-0.032877,-0.048508,lower
L1,sa,0.65,0.6500,0.077844,-0.033751,-0.049169,lower
L1,sa,0.65,0.6500,0.085558,-0.034634,-0.051580,lower
L1,sa,0.65,0.6500,0.093813,-0.035530,-0.056009,lower
L1,sa,0.65,0.6500,0.102634,-0.036444,-0.062551,lower
L1,sa,0.65,0.6500,0.112049,-0.037375,-0.071146,lower
L1,sa,0.65,0.6500,0.122085,-0.038323,-0.081586,lower
L1,sa,0.65,0.6500,0.132769,-0.039282,-0.093541,lower
L1,sa,0.65,0.6500,0.144125,-0.040246,-0.106578,lower
L1,sa,0.65,0.6500,0.156179,-0.041204,-0.120200,lower
L1,sa,0.65,0.6500,0.168952,-0.042147,-0.133896,lower
L1,sa,0.65,0.6500,0.182464,-0.043064,-0.147199,lower
L1,sa,0.65,0.6500,0.196731,-0.043942,-0.159749,lower
L1,sa,0.65,0.6500,0.211767,-0.044773,-0.171349,lower
L1,sa,0.65,0.6500,0.227580,-0.045547,-0.181992,lower
L1,sa,0.65,0.6500,0.244175,-0.046258,-0.191865,lower
L1,sa,0.65,0.6500,0.261551,-0.046900,-0.201305,lower
L1,sa,0.65,0.6500,0.279701,-0.047468,-0.210714,lower
L1,sa,0.65,0.6500,0.298615,-0.047957,-0.220454,lower
L1,sa,0.65,0.6500,0.318273,-0.048357,-0.230732,lower
L1,sa,0.65,0.6500,0.338651,-0.048657,-0.241485,lower
L1,sa,0.65,0.6500,0.359716,-0.048843,-0.252306,lower
L1,sa,0.65,0.6500,0.381432,-0.048894,-0.262402,lower
L1,sa,0.65,0.6500,0.403750,-0.048790,-0.270658,lower
L1,sa,0.65,0.6500,0.426620,-0.048509,-0.275751,lower
L1,sa,0.65,0.6500,0.449981,-0.048033,-0.276438,lower
L1,sa,0.65,0.6500,0.473769,-0.047347,-0.271883,lower
L1,sa,0.65,0.6500,0.497911,-0.046447,-0.261896,lower
L1,sa,0.65,0.6500,0.522334,-0.045337,-0.247040,lower
L1,sa,0.65,0.6500,0.546959,-0.044030,-0.228410,lower
L1,sa,0.65,0.6500,0.571705,-0.042545,-0.207384,lower
L1,sa,0.65,0.6500,0.596493,-0.040910,-0.185266,lower
L1,sa,0.65,0.6500,0.621239,-0.039149,-0.163214,lower
L1,sa,0.65,0.6500,0.645864,-0.037290,-0.142154,lower
L1,sa,0.65,0.6500,0.670288,-0.035354,-0.122484,lower
L1,sa,0.65,0.6500,0.694435,-0.033360,-0.104312,lower
L1,sa,0.65,0.6500,0.718230,-0.031322,-0.087346,lower
L1,sa,0.65,0.6500,0.741604,-0.029247,-0.070953,lower
L1,sa,0.65,0.6500,0.764492,-0.027144,-0.054547,lower
L1,sa,0.65,0.6500,0.786835,-0.025019,-0.037526,lower
L1,sa,0.65,0.6500,0.808581,-0.022876,-0.019643,lower
L1,sa,0.65,0.6500,0.829682,-0.020722,-0.000921,lower
L1,sa,0.65,0.6500,0.850101,-0.018564,0.018856,lower
L1,sa,0.65,0.6500,0.869805,-0.016409,0.040056,lower
L1,sa,0.65,0.6500,0.888767,-0.014267,0.063018,lower
L1,sa,0.65,0.6500,0.906971,-0.012147,0.087732,lower
L1,sa,0.65,0.6500,0.924403,-0.010062,0.113966,lower
L1,sa,0.65,0.6500,0.941059,-0.008025,0.141856,lower
L1,sa,0.65,0.6500,0.956938,-0.006050,0.171677,lower
L1,sa,0.65,0.6500,0.972047,-0.004158,0.202621,lower
L1,sa,0.65,0.6500,0.986396,-0.002368,0.231006,lower
L1,sa,0.65,0.6500,1.000000,-0.000705,0.275582,lower
L1,sa,0.80,0.8000,0.000000,0.000000,0.736032,upper
L1,sa,0.80,0.8000,0.000019,0.000793,0.707848,upper
L1,sa,0.80,0.8000,0.000080,0.001650,0.672766,upper
L1,sa,0.80,0.8000,0.000196,0.002574,0.628965,upper
L1,sa,0.80,0.8000,0.000377,0.003566,0.575993,upper
L1,sa,0.80,0.8000,0.000638,0.004627,0.512743,upper
L1,sa,0.80,0.8000,0.000993,0.005755,0.438547,upper
L1,sa,0.80,0.8000,0.001458,0.006948,0.353018,upper
L1,sa,0.80,0.8000,0.002052,0.008200,0.256337,upper
L1,sa,0.80,0.8000,0.002791,0.009505,0.149361,upper
L1,sa,0.80,0.8000,0.003694,0.010854,0.033729,upper
L1,sa,0.80,0.8000,0.004777,0.012236,-0.088147,upper
L1,sa,0.80,0.8000,0.006058,0.013638,-0.213229,upper
L1,sa,0.80,0.8000,0.007551,0.015047,-0.338159,upper
L1,sa,0.80,0.8000,0.009271,0.016451,-0.459619,upper
L1,sa,0.80,0.8000,0.011229,0.017838,-0.574621,upper
L1,sa,0.80,0.8000,0.013436,0.019195,-0.680721,upper
L1,sa,0.80,0.8000,0.015904,0.020515,-0.776157,upper
L1,sa,0.80,0.8000,0.018643,0.021791,-0.859872,upper
L1,sa,0.80,0.8000,0.021664,0.023016,-0.931550,upper
L1,sa,0.80,0.8000,0.024979,0.024190,-0.991464,upper
L1,sa,0.80,0.8000,0.028600,0.025311,-1.040206,upper
L1,sa,0.80,0.8000,0.032543,0.026382,-1.078559,upper
L1,sa,0.80,0.8000,0.036823,0.027404,-1.107412,upper
L1,sa,0.80,0.8000,0.041456,0.028383,-1.127671,upper
L1,sa,0.80,0.8000,0.046463,0.029326,-1.140227,upper
L1,sa,0.80,0.8000,0.051862,0.030238,-1.145961,upper
L1,sa,0.80,0.8000,0.057676,0.031129,-1.145733,upper
L1,sa,0.80,0.8000,0.063928,0.032006,-1.140393,upper
L1,sa,0.80,0.8000,0.070642,0.032877,-1.130798,upper
L1,sa,0.80,0.8000,0.077844,0.033751,-1.117828,upper
L1,sa,0.80,0.8000,0.085558,0.034634,-1.102385,upper
L1,sa,0.80,0.8000,0.093813,0.035530,-1.085377,upper
L1,sa,0.80,0.8000,0.102634,0.036444,-1.067681,upper
L1,sa,0.80,0.8000,0.112049,0.037375,-1.050185,upper
L1,sa,0.80,0.8000,0.122085,0.038323,-1.033687,upper
L1,sa,0.80,0.8000,0.132769,0.039282,-1.018776,upper
L1,sa,0.80,0.8000,0.144125,0.040246,-1.005842,upper
L1,sa,0.80,0.8000,0.156179,0.041204,-0.995010,upper
L1,sa,0.80,0.8000,0.168952,0.042147,-0.986151,upper
L1,sa,0.80,0.8000,0.182464,0.043064,-0.979000,upper
L1,sa,0.80,0.8000,0.196731,0.043942,-0.973295,upper
L1,sa,0.80,0.8000,0.211767,0.044773,-0.968298,upper
L1,sa,0.80,0.8000,0.227580,0.045547,-0.962773,upper
L1,sa,0.80,0.8000,0.244175,0.046258,-0.953097,upper
L1,sa,0.80,0.8000,0.261551,0.046900,-0.924475,upper
L1,sa,0.80,0.8000,0.279701,0.047468,-0.851212,upper
L1,sa,0.80,0.8000,0.298615,0.047957,-0.747780,upper
L1,sa,0.80,0.8000,0.318273,0.048357,-0.679747,upper
L1,sa,0.80,0.8000,0.338651,0.048657,-0.662401,upper
L1,sa,0.80,0.8000,0.359716,0.048843,-0.637444,upper
L1,sa,0.80,0.8000,0.381432,0.048894,-0.540242,upper
L1,sa,0.80,0.8000,0.403751,0.048790,-0.372408,upper
L1,sa,0.80,0.8000,0.426620,0.048509,-0.231653,upper
L1,sa,0.80,0.8000,0.449981,0.048033,-0.183196,upper
L1,sa,0.80,0.8000,0.473769,0.047347,-0.193375,upper
L1,sa,0.80,0.8000,0.497911,0.046447,-0.212186,upper
L1,sa,0.80,0.8000,0.522334,0.045337,-0.216904,upper
L1,sa,0.80,0.8000,0.546959,0.044030,-0.207904,upper
L1,sa,0.80,0.8000,0.571705,0.042545,-0.191940,upper
L1,sa,0.80,0.8000,0.596493,0.040910,-0.171384,upper
L1,sa,0.80,0.8000,0.621239,0.039149,-0.148707,upper
L1,sa,0.80,0.8000,0.645864,0.037290,-0.127334,upper
L1,sa,0.80,0.8000,0.670288,0.035354,-0.107211,upper
L1,sa,0.80,0.8000,0.694435,0.033360,-0.088803,upper
L1,sa,0.80,0.8000,0.718230,0.031322,-0.072993,upper
L1,sa,0.80,0.8000,0.741604,0.029247,-0.061215,upper
L1,sa,0.80,0.8000,0.764492,0.027144,-0.052222,upper
L1,sa,0.80,0.8000,0.786835,0.025019,-0.036563,upper
L1,sa,0.80,0.8000,0.808581,0.022876,-0.011526,upper
L1,sa,0.80,0.8000,0.829682,0.020722,0.014173,upper
L1,sa,0.80,0.8000,0.850101,0.018564,0.035569,upper
L1,sa,0.80,0.8000,0.869805,0.016409,0.055035,upper
L1,sa,0.80,0.8000,0.888768,0.014267,0.076618,upper
L1,sa,0.80,0.8000,0.906971,0.012147,0.099769,upper
L1,sa,0.80,0.8000,0.924403,0.010062,0.122517,upper
L1,sa,0.80,0.8000,0.941059,0.008025,0.149647,upper
L1,sa,0.80,0.8000,0.956938,0.006050,0.183294,upper
L1,sa,0.80,0.8000,0.972047,0.004158,0.214198,upper
L1,sa,0.80,0.8000,0.986396,0.002368,0.235567,upper
L1,sa,0.80,0.8000,1.000000,0.000705,0.274245,upper
L1,sa,0.80,0.8000,0.000000,0.000000,0.736032,lower
L1,sa,0.80,0.8000,0.000019,-0.000793,0.760645,lower
L1,sa,0.80,0.8000,0.000080,-0.001650,0.781639,lower
L1,sa,0.80,0.8000,0.000196,-0.002574,0.797777,lower
L1,sa,0.80,0.8000,0.000377,-0.003566,0.808213,lower
L1,sa,0.80,0.8000,0.000638,-0.004627,0.811436,lower
L1,sa,0.80,0.8000,0.000993,-0.005755,0.806040,lower
L1,sa,0.80,0.8000,0.001458,-0.006948,0.790649,lower
L1,sa,0.80,0.8000,0.002052,-0.008200,0.764144,lower
L1,sa,0.80,0.8000,0.002791,-0.009505,0.725893,lower
L1,sa,0.80,0.8000,0.003694,-0.010854,0.675964,lower
L1,sa,0.80,0.8000,0.004777,-0.012236,0.615286,lower
L1,sa,0.80,0.8000,0.006058,-0.013638,0.545694,lower
L1,sa,0.80,0.8000,0.007551,-0.015047,0.469826,lower
L1,sa,0.80,0.8000,0.009271,-0.016451,0.390883,lower
L1,sa,0.80,0.8000,0.011229,-0.017838,0.312273,lower
L1,sa,0.80,0.8000,0.013436,-0.019195,0.237234,lower
L1,sa,0.80,0.8000,0.015904,-0.020515,0.168542,lower
L1,sa,0.80,0.8000,0.018643,-0.021791,0.108280,lower
L1,sa,0.80,0.8000,0.021664,-0.023016,0.057716,lower
L1,sa,0.80,0.8000,0.024979,-0.024190,0.017284,lower
L1,sa,0.80,0.8000,0.028600,-0.025311,-0.013332,lower
L1,sa,0.80,0.8000,0.032543,-0.026382,-0.035061,lower
L1,sa,0.80,0.8000,0.036823,-0.027404,-0.049264,lower
L1,sa,0.80,0.8000,0.041456,-0.028383,-0.057531,lower
L1,sa,0.80,0.8000,0.046463,-0.029326,-0.061494,lower
L1,sa,0.80,0.8000,0.051862,-0.030238,-0.062689,lower
L1,sa,0.80,0.8000,0.057676,-0.031129,-0.062470,lower
L1,sa,0.80,0.8000,0.063928,-0.032006,-0.061964,lower
L1,sa,0.80,0.8000,0.070642,-0.032877,-0.062067,lower
L1,sa,0.80,0.8000,0.077844,-0.033751,-0.063454,lower
L1,sa,0.80,0.8000,0.085558,-0.034634,-0.066593,lower
L1,sa,0.80,0.8000,0.093813,-0.035530,-0.071765,lower
L1,sa,0.80,0.8000,0.102634,-0.036444,-0.079075,lower
L1,sa,0.80,0.8000,0.112049,-0.037375,-0.088469,lower
L1,sa,0.80,0.8000,0.122085,-0.038323,-0.099750,lower
L1,sa,0.80,0.8000,0.132769,-0.039282,-0.112589,lower
L1,sa,0.80,0.8000,0.144125,-0.040246,-0.126552,lower
L1,sa,0.80,0.8000,0.156179,-0.041204,-0.141138,lower
L1,sa,0.80,0.8000,0.168952,-0.042147,-0.155822,lower
L1,sa,0.80,0.8000,0.182464,-0.043064,-0.170116,lower
L1,sa,0.80,0.8000,0.196731,-0.043942,-0.183629,lower
L1,sa,0.80,0.8000,0.211767,-0.044773,-0.196117,lower
L1,sa,0.80,0.8000,0.227580,-0.045547,-0.207522,lower
L1,sa,0.80,0.8000,0.244175,-0.046258,-0.217958,lower
L1,sa,0.80,0.8000,0.261551,-0.046900,-0.227678,lower
L1,sa,0.80,0.8000,0.279701,-0.047468,-0.236981,lower
L1,sa,0.80,0.8000,0.298615,-0.047957,-0.246108,lower
L1,sa,0.80,0.8000,0.318273,-0.048357,-0.255134,lower
L1,sa,0.80,0.8000,0.338651,-0.048657,-0.263853,lower
L1,sa,0.80,0.8000,0.359716,-0.048843,-0.271737,lower
L1,sa,0.80,0.8000,0.381432,-0.048894,-0.277937,lower
L1,sa,0.80,0.8000,0.403751,-0.048790,-0.281399,lower
L1,sa,0.80,0.8000,0.426620,-0.048509,-0.281028,lower
L1,sa,0.80,0.8000,0.449981,-0.048033,-0.275991,lower
L1,sa,0.80,0.8000,0.473769,-0.047347,-0.266004,lower
L1,sa,0.80,0.8000,0.497911,-0.046447,-0.251327,lower
L1,sa,0.80,0.8000,0.522334,-0.045337,-0.232861,lower
L1,sa,0.80,0.8000,0.546959,-0.044030,-0.211840,lower
L1,sa,0.80,0.8000,0.571705,-0.042545,-0.189521,lower
L1,sa,0.80,0.8000,0.596493,-0.040910,-0.167168,lower
L1,sa,0.80,0.8000,0.621239,-0.039149,-0.145678,lower
L1,sa,0.80,0.8000,0.645864,-0.037290,-0.125672,lower
L1,sa,0.80,0.8000,0.670288,-0.035354,-0.107336,lower
L1,sa,0.80,0.8000,0.694435,-0.033360,-0.090353,lower
L1,sa,0.80,0.8000,0.718230,-0.031322,-0.074236,lower
L1,sa,0.80,0.8000,0.741604,-0.029247,-0.058298,lower
L1,sa,0.80,0.8000,0.764492,-0.027144,-0.042209,lower
L1,sa,0.80,0.8000,0.786835,-0.025019,-0.025822,lower
L1,sa,0.80,0.8000,0.808581,-0.022876,-0.008788,lower
L1,sa,0.80,0.8000,0.829682,-0.020722,0.008972,lower
L1,sa,0.80,0.8000,0.850101,-0.018564,0.027468,lower
L1,sa,0.80,0.8000,0.869805,-0.016409,0.046835,lower
L1,sa,0.80,0.8000,0.888768,-0.014267,0.067491,lower
L1,sa,0.80,0.8000,0.906971,-0.012147,0.090344,lower
L1,sa,0.80,0.8000,0.924403,-0.010062,0.116029,lower
L1,sa,0.80,0.8000,0.941059,-0.008025,0.144064,lower
L1,sa,0.80,0.8000,0.956938,-0.006050,0.173372,lower
L1,sa,0.80,0.8000,0.972047,-0.004158,0.202812,lower
L1,sa,0.80,0.8000,0.986396,-0.002368,0.229659,lower
L1,sa,0.80,0.8000,1.000000,-0.000705,0.273171,lower
L1,sa,0.90,0.9000,0.000000,0.000000,0.719889,upper
L1,sa,0.90,0.9000,0.000019,0.000793,0.691952,upper
L1,sa,0.90,0.9000,0.000080,0.001650,0.657124,upper
L1,sa,0.90,0.9000,0.000196,0.002574,0.613585,upper
L1,sa,0.90,0.9000,0.000377,0.003566,0.560880,upper
L1,sa,0.90,0.9000,0.000638,0.004627,0.497902,upper
L1,sa,0.90,0.9000,0.000993,0.005755,0.423983,upper
L1,sa,0.90,0.9000,0.001458,0.006948,0.338733,upper
L1,sa,0.90,0.9000,0.002052,0.008200,0.242334,upper
L1,sa,0.90,0.9000,0.002791,0.009505,0.135639,upper
L1,sa,0.90,0.9000,0.003694,0.010854,0.020286,upper
L1,sa,0.90,0.9000,0.004777,0.012236,-0.101315,upper
L1,sa,0.90,0.9000,0.006058,0.013638,-0.226133,upper
L1,sa,0.90,0.9000,0.007551,0.015047,-0.350816,upper
L1,sa,0.90,0.9000,0.009271,0.016451,-0.472054,upper
L1,sa,0.90,0.9000,0.011228,0.017838,-0.586869,upper
L1,sa,0.90,0.9000,0.013436,0.019195,-0.692828,upper
L1,sa,0.90,0.9000,0.015904,0.020515,-0.788180,upper
L1,sa,0.90,0.9000,0.018643,0.021791,-0.871880,upper
L1,sa,0.90,0.9000,0.021664,0.023016,-0.943622,upper
L1,sa,0.90,0.9000,0.024979,0.024190,-1.003687,upper
L1,sa,0.90,0.9000,0.028600,0.025311,-1.052676,upper
L1,sa,0.90,0.9000,0.032543,0.026382,-1.091380,upper
L1,sa,0.90,0.9000,0.036823,0.027404,-1.120696,upper
L1,sa,0.90,0.9000,0.041456,0.028383,-1.141540,upper
L1,sa,0.90,0.9000,0.046462,0.029326,-1.154812,upper
L1,sa,0.90,0.9000,0.051862,0.030238,-1.161403,upper
L1,sa,0.90,0.9000,0.057676,0.031129,-1.162185,upper
L1,sa,0.90,0.9000,0.063928,0.032006,-1.158020,upper
L1,sa,0.90,0.9000,0.070642,0.032877,-1.149775,upper
L1,sa,0.90,0.9000,0.077844,0.033751,-1.138343,upper
L1,sa,0.90,0.9000,0.085558,0.034634,-1.124644,upper
L1,sa,0.90,0.9000,0.093813,0.035530,-1.109607,upper
L1,sa,0.90,0.9000,0.102634,0.036444,-1.094143,upper
L1,sa,0.90,0.9000,0.112049,0.037375,-1.079150,upper
L1,sa,0.90,0.9000,0.122085,0.038323,-1.065444,upper
L1,sa,0.90,0.9000,0.132769,0.039282,-1.053677,upper
L1,sa,0.90,0.9000,0.144125,0.040246,-1.044271,upper
L1,sa,0.90,0.9000,0.156179,0.041204,-1.037338,upper
L1,sa,0.90,0.9000,0.168952,0.042147,-1.032674,upper
L1,sa,0.90,0.9000,0.182464,0.043064,-1.029811,upper
L1,sa,0.90,0.9000,0.196731,0.043942,-1.028015,upper
L1,sa,0.90,0.9000,0.211767,0.044773,-1.026165,upper
L1,sa,0.90,0.9000,0.227580,0.045547,-1.023014,upper
L1,sa,0.90,0.9000,0.244175,0.046258,-1.014369,upper
L1,sa,0.90,0.9000,0.261551,0.046900,-0.978756,upper
L1,sa,0.90,0.9000,0.279701,0.047468,-0.845607,upper
L1,sa,0.90,0.9000,0.298615,0.047957,-0.576211,upper
L1,sa,0.90,0.9000,0.318273,0.048357,-0.296401,upper
L1,sa,0.90,0.9000,0.338651,0.048657,-0.153405,upper
L1,sa,0.90,0.9000,0.359716,0.048843,-0.136454,upper
L1,sa,0.90,0.9000,0.381432,0.048894,-0.164912,upper
L1,sa,0.90,0.9000,0.403750,0.048790,-0.197587,upper
L1,sa,0.90,0.9000,0.426620,0.048509,-0.224544,upper
L1,sa,0.90,0.9000,0.449982,0.048033,-0.241641,upper
L1,sa,0.90,0.9000,0.473769,0.047347,-0.247624,upper
L1,sa,0.90,0.9000,0.497911,0.046447,-0.242625,upper
L1,sa,0.90,0.9000,0.522334,0.045337,-0.229329,upper
L1,sa,0.90,0.9000,0.546959,0.044030,-0.210726,upper
L1,sa,0.90,0.9000,0.571705,0.042545,-0.188804,upper
L1,sa,0.90,0.9000,0.596493,0.040910,-0.166421,upper
L1,sa,0.90,0.9000,0.621239,0.039149,-0.146616,upper
L1,sa,0.90,0.9000,0.645864,0.037290,-0.131511,upper
L1,sa,0.90,0.9000,0.670288,0.035354,-0.118627,upper
L1,sa,0.90,0.9000,0.694435,0.033360,-0.105370,upper
L1,sa,0.90,0.9000,0.718230,0.031322,-0.092990,upper
L1,sa,0.90,0.9000,0.741604,0.029247,-0.078466,upper
L1,sa,0.90,0.9000,0.764492,0.027144,-0.058411,upper
L1,sa,0.90,0.9000,0.786835,0.025019,-0.034557,upper
L1,sa,0.90,0.9000,0.808581,0.022876,-0.011550,upper
L1,sa,0.90,0.9000,0.829682,0.020722,0.006068,upper
L1,sa,0.90,0.9000,0.850101,0.018564,0.020418,upper
L1,sa,0.90,0.9000,0.869805,0.016409,0.035041,upper
L1,sa,0.90,0.9000,0.888767,0.014267,0.050349,upper
L1,sa,0.90,0.9000,0.906971,0.012147,0.071717,upper
L1,sa,0.90,0.9000,0.924403,0.010062,0.102974,upper
L1,sa,0.90,0.9000,0.941059,0.008025,0.136171,upper
L1,sa,0.90,0.9000,0.956938,0.006050,0.162636,upper
L1,sa,0.90,0.9000,0.972047,0.004158,0.185353,upper
L1,sa,0.90,0.9000,0.986396,0.002368,0.211571,upper
L1,sa,0.90,0.9000,1.000000,0.000705,0.258741,upper
L1,sa,0.90,0.9000,0.000000,0.000000,0.719889,lower
L1,sa,0.90,0.9000,0.000019,-0.000793,0.744237,lower
L1,sa,0.90,0.9000,0.000080,-0.001650,0.764936,lower
L1,sa,0.90,0.9000,0.000196,-0.002574,0.780740,lower
L1,sa,0.90,0.9000,0.000377,-0.003566,0.790795,lower
L1,sa,0.90,0.9000,0.000638,-0.004627,0.793588,lower
L1,sa,0.90,0.9000,0.000993,-0.005755,0.787706,lower
L1,sa,0.90,0.9000,0.001458,-0.006948,0.771764,lower
L1,sa,0.90,0.9000,0.002052,-0.008200,0.744640,lower
L1,sa,0.90,0.9000,0.002791,-0.009505,0.705695,lower
L1,sa,0.90,0.9000,0.003694,-0.010854,0.654997,lower
L1,sa,0.90,0.9000,0.004777,-0.012236,0.593474,lower
L1,sa,0.90,0.9000,0.006058,-0.013638,0.522960,lower
L1,sa,0.90,0.9000,0.007551,-0.015047,0.446096,lower
L1,sa,0.90,0.9000,0.009271,-0.016451,0.366084,lower
L1,sa,0.90,0.9000,0.011228,-0.017838,0.286335,lower
L1,sa,0.90,0.9000,0.013436,-0.019195,0.210093,lower
L1,sa,0.90,0.9000,0.015904,-0.020515,0.140145,lower
L1,sa,0.90,0.9000,0.018643,-0.021791,0.078592,lower
L1,sa,0.90,0.9000,0.021664,-0.023016,0.026723,lower
L1,sa,0.90,0.9000,0.024979,-0.024190,-0.014998,lower
L1,sa,0.90,0.9000,0.028600,-0.025311,-0.046862,lower
L1,sa,0.90,0.9000,0.032543,-0.026382,-0.069778,lower
L1,sa,0.90,0.9000,0.036823,-0.027404,-0.085097,lower
L1,sa,0.90,0.9000,0.041456,-0.028383,-0.094415,lower
L1,sa,0.90,0.9000,0.046462,-0.029326,-0.099382,lower
L1,sa,0.90,0.9000,0.051862,-0.030238,-0.101559,lower
L1,sa,0.90,0.9000,0.057676,-0.031129,-0.102327,lower
L1,sa,0.90,0.9000,0.063928,-0.032006,-0.102839,lower
L1,sa,0.90,0.9000,0.070642,-0.032877,-0.104011,lower
L1,sa,0.90,0.9000,0.077844,-0.033751,-0.106535,lower
L1,sa,0.90,0.9000,0.085558,-0.034634,-0.110885,lower
L1,sa,0.90,0.9000,0.093813,-0.035530,-0.117337,lower
L1,sa,0.90,0.9000,0.102634,-0.036444,-0.125982,lower
L1,sa,0.90,0.9000,0.112049,-0.037375,-0.136734,lower
L1,sa,0.90,0.9000,0.122085,-0.038323,-0.149341,lower
L1,sa,0.90,0.9000,0.132769,-0.039282,-0.163397,lower
L1,sa,0.90,0.9000,0.144125,-0.040246,-0.178362,lower
L1,sa,0.90,0.9000,0.156179,-0.041204,-0.193592,lower
L1,sa,0.90,0.9000,0.168952,-0.042147,-0.208393,lower
L1,sa,0.90,0.9000,0.182464,-0.043064,-0.222086,lower
L1,sa,0.90,0.9000,0.196731,-0.043942,-0.234080,lower
L1,sa,0.90,0.9000,0.211767,-0.044773,-0.243956,lower
L1,sa,0.90,0.9000,0.227580,-0.045547,-0.251523,lower
L1,sa,0.90,0.9000,0.244175,-0.046258,-0.256844,lower
L1,sa,0.90,0.9000,0.261551,-0.046900,-0.260205,lower
L1,sa,0.90,0.9000,0.279701,-0.047468,-0.262036,lower
L1,sa,0.90,0.9000,0.298615,-0.047957,-0.262798,lower
L1,sa,0.90,0.9000,0.318273,-0.048357,-0.262848,lower
L1,sa,0.90,0.9000,0.338651,-0.048657,-0.262328,lower
L1,sa,0.90,0.9000,0.359716,-0.048843,-0.261110,lower
L1,sa,0.90,0.9000,0.381432,-0.048894,-0.258812,lower
L1,sa,0.90,0.9000,0.403750,-0.048790,-0.254836,lower
L1,sa,0.90,0.9000,0.426620,-0.048509,-0.248548,lower
L1,sa,0.90,0.9000,0.449982,-0.048033,-0.239422,lower
L1,sa,0.90,0.9000,0.473769,-0.047347,-0.227234,lower
L1,sa,0.90,0.9000,0.497911,-0.046447,-0.212114,lower
L1,sa,0.90,0.9000,0.522334,-0.045337,-0.194609,lower
L1,sa,0.90,0.9000,0.546959,-0.044030,-0.175655,lower
L1,sa,0.90,0.9000,0.571705,-0.042545,-0.156118,lower
L1,sa,0.90,0.9000,0.596493,-0.040910,-0.136969,lower
L1,sa,0.90,0.9000,0.621239,-0.039149,-0.118787,lower
L1,sa,0.90,0.9000,0.645864,-0.037290,-0.101629,lower
L1,sa,0.90,0.9000,0.670288,-0.035354,-0.085586,lower
L1,sa,0.90,0.9000,0.694435,-0.033360,-0.070271,lower
L1,sa,0.90,0.9000,0.718230,-0.031322,-0.055516,lower
L1,sa,0.90,0.9000,0.741604,-0.029247,-0.041293,lower
L1,sa,0.90,0.9000,0.764492,-0.027144,-0.027218,lower
L1,sa,0.90,0.9000,0.786835,-0.025019,-0.013358,lower
L1,sa,0.90,0.9000,0.808581,-0.022876,0.000399,lower
L1,sa,0.90,0.9000,0.829682,-0.020722,0.014541,lower
L1,sa,0.90,0.9000,0.850101,-0.018564,0.029492,lower
L1,sa,0.90,0.9000,0.869805,-0.016409,0.046096,lower
L1,sa,0.90,0.9000,0.888767,-0.014267,0.065046,lower
L1,sa,0.90,0.9000,0.906971,-0.012147,0.086009,lower
L1,sa,0.90,0.9000,0.924403,-0.010062,0.108525,lower
L1,sa,0.90,0.9000,0.941059,-0.008025,0.132993,lower
L1,sa,0.90,0.9000,0.956938,-0.006050,0.160063,lower
L1,sa,0.90,0.9000,0.972047,-0.004158,0.189169,lower
L1,sa,0.90,0.9000,0.986396,-0.002368,0.215845,lower
L1,sa,0.90,0.9000,1.000000,-0.000705,0.259340,lower
L1,sa,0.96,0.9600,-0.000000,0.000000,0.683029,upper
L1,sa,0.96,0.9600,0.000018,0.000793,0.656004,upper
L1,sa,0.96,0.9600,0.000080,0.001650,0.622112,upper
L1,sa,0.96,0.9600,0.000196,0.002574,0.579549,upper
L1,sa,0.96,0.9600,0.000377,0.003566,0.527845,upper
L1,sa,0.96,0.9600,0.000638,0.004627,0.465886,upper
L1,sa,0.96,0.9600,0.000993,0.005755,0.392994,upper
L1,sa,0.96,0.9600,0.001458,0.006948,0.308765,upper
L1,sa,0.96,0.9600,0.002052,0.008200,0.213365,upper
L1,sa,0.96,0.9600,0.002791,0.009505,0.107631,upper
L1,sa,0.96,0.9600,0.003694,0.010854,-0.006818,upper
L1,sa,0.96,0.9600,0.004777,0.012236,-0.127593,upper
L1,sa,0.96,0.9600,0.006058,0.013638,-0.251681,upper
L1,sa,0.96,0.9600,0.007551,0.015047,-0.375746,upper
L1,sa,0.96,0.9600,0.009271,0.016451,-0.496492,upper
L1,sa,0.96,0.9600,0.011228,0.017838,-0.610959,upper
L1,sa,0.96,0.9600,0.013436,0.019195,-0.716735,upper
L1,sa,0.96,0.9600,0.015904,0.020515,-0.812088,upper
L1,sa,0.96,0.9600,0.018643,0.021791,-0.895994,upper
L1,sa,0.96,0.9600,0.021664,0.023016,-0.968166,upper
L1,sa,0.96,0.9600,0.024979,0.024190,-1.028901,upper
L1,sa,0.96,0.9600,0.028600,0.025311,-1.078815,upper
L1,sa,0.96,0.9600,0.032543,0.026382,-1.118712,upper
L1,sa,0.96,0.9600,0.036823,0.027404,-1.149493,upper
L1,sa,0.96,0.9600,0.041456,0.028383,-1.172056,upper
L1,sa,0.96,0.9600,0.046463,0.029326,-1.187270,upper
L1,sa,0.96,0.9600,0.051862,0.030238,-1.195964,upper
L1,sa,0.96,0.9600,0.057676,0.031129,-1.198915,upper
L1,sa,0.96,0.9600,0.063928,0.032006,-1.196829,upper
L1,sa,0.96,0.9600,0.070642,0.032877,-1.190338,upper
L1,sa,0.96,0.9600,0.077844,0.033751,-1.179991,upper
L1,sa,0.96,0.9600,0.085558,0.034634,-1.166258,upper
L1,sa,0.96,0.9600,0.093813,0.035530,-1.149530,upper
L1,sa,0.96,0.9600,0.102634,0.036444,-1.130069,upper
L1,sa,0.96,0.9600,0.112049,0.037375,-1.107922,upper
L1,sa,0.96,0.9600,0.122085,0.038323,-1.082814,upper
L1,sa,0.96,0.9600,0.132769,0.039282,-1.054442,upper
L1,sa,0.96,0.9600,0.144125,0.040246,-1.022950,upper
L1,sa,0.96,0.9600,0.156179,0.041204,-0.988880,upper
L1,sa,0.96,0.9600,0.168952,0.042147,-0.953028,upper
L1,sa,0.96,0.9600,0.182463,0.043064,-0.916463,upper
L1,sa,0.96,0.9600,0.196731,0.043942,-0.880080,upper
L1,sa,0.96,0.9600,0.211767,0.044773,-0.841624,upper
L1,sa,0.96,0.9600,0.227580,0.045547,-0.783305,upper
L1,sa,0.96,0.9600,0.244175,0.046258,-0.667247,upper
L1,sa,0.96,0.9600,0.261551,0.046900,-0.476731,upper
L1,sa,0.96,0.9600,0.279701,0.047468,-0.301204,upper
L1,sa,0.96,0.9600,0.298615,0.047957,-0.231707,upper
L1,sa,0.96,0.9600,0.318273,0.048357,-0.236830,upper
L1,sa,0.96,0.9600,0.338651,0.048657,-0.256802,upper
L1,sa,0.96,0.9600,0.359717,0.048843,-0.270098,upper
L1,sa,0.96,0.9600,0.381432,0.048894,-0.277373,upper
L1,sa,0.96,0.9600,0.403750,0.048790,-0.280077,upper
L1,sa,0.96,0.9600,0.426620,0.048509,-0.278304,upper
L1,sa,0.96,0.9600,0.449981,0.048033,-0.272424,upper
L1,sa,0.96,0.9600,0.473769,0.047347,-0.263181,upper
L1,sa,0.96,0.9600,0.497911,0.046447,-0.250864,upper
L1,sa,0.96,0.9600,0.522334,0.045337,-0.235710,upper
L1,sa,0.96,0.9600,0.546959,0.044030,-0.218876,upper
L1,sa,0.96,0.9600,0.571705,0.042545,-0.202165,upper
L1,sa,0.96,0.9600,0.596493,0.040910,-0.187312,upper
L1,sa,0.96,0.9600,0.621239,0.039149,-0.173470,upper
L1,sa,0.96,0.9600,0.645864,0.037290,-0.158164,upper
L1,sa,0.96,0.9600,0.670288,0.035354,-0.141747,upper
L1,sa,0.96,0.9600,0.694435,0.033360,-0.125005,upper
L1,sa,0.96,0.9600,0.718230,0.031322,-0.108206,upper
L1,sa,0.96,0.9600,0.741603,0.029247,-0.092172,upper
L1,sa,0.96,0.9600,0.764492,0.027144,-0.076503,upper
L1,sa,0.96,0.9600,0.786835,0.025019,-0.061425,upper
L1,sa,0.96,0.9600,0.808581,0.022876,-0.047241,upper
L1,sa,0.96,0.9600,0.829682,0.020722,-0.033344,upper
L1,sa,0.96,0.9600,0.850101,0.018564,-0.019750,upper
L1,sa,0.96,0.9600,0.869805,0.016409,-0.003957,upper
L1,sa,0.96,0.9600,0.888767,0.014267,0.016834,upper
L1,sa,0.96,0.9600,0.906971,0.012147,0.039857,upper
L1,sa,0.96,0.9600,0.924403,0.010062,0.060010,upper
L1,sa,0.96,0.9600,0.941059,0.008025,0.076069,upper
L1,sa,0.96,0.9600,0.956938,0.006050,0.093908,upper
L1,sa,0.96,0.9600,0.972047,0.004158,0.120240,upper
L1,sa,0.96,0.9600,0.986396,0.002368,0.149222,upper
L1,sa,0.96,0.9600,1.000000,0.000705,0.189545,upper
L1,sa,0.96,0.9600,-0.000000,0.000000,0.683029,lower
L1,sa,0.96,0.9600,0.000018,-0.000793,0.706421,lower
L1,sa,0.96,0.9600,0.000080,-0.001650,0.726065,lower
L1,sa,0.96,0.9600,0.000196,-0.002574,0.740695,lower
L1,sa,0.96,0.9600,0.000377,-0.003566,0.749441,lower
L1,sa,0.96,0.9600,0.000638,-0.004627,0.750786,lower
L1,sa,0.96,0.9600,0.000993,-0.005755,0.743308,lower
L1,sa,0.96,0.9600,0.001458,-0.006948,0.725611,lower
L1,sa,0.96,0.9600,0.002052,-0.008200,0.696576,lower
L1,sa,0.96,0.9600,0.002791,-0.009505,0.655573,lower
L1,sa,0.96,0.9600,0.003694,-0.010854,0.602680,lower
L1,sa,0.96,0.9600,0.004777,-0.012236,0.538841,lower
L1,sa,0.96,0.9600,0.006058,-0.013638,0.465905,lower
L1,sa,0.96,0.9600,0.007551,-0.015047,0.386525,lower
L1,sa,0.96,0.9600,0.009271,-0.016451,0.303912,lower
L1,sa,0.96,0.9600,0.011228,-0.017838,0.221482,lower
L1,sa,0.96,0.9600,0.013436,-0.019195,0.142490,lower
L1,sa,0.96,0.9600,0.015904,-0.020515,0.069740,lower
L1,sa,0.96,0.9600,0.018643,-0.021791,0.005366,lower
L1,sa,0.96,0.9600,0.021664,-0.023016,-0.049291,lower
L1,sa,0.96,0.9600,0.024979,-0.024190,-0.093699,lower
L1,sa,0.96,0.9600,0.028600,-0.025311,-0.128072,lower
L1,sa,0.96,0.9600,0.032543,-0.026382,-0.153241,lower
L1,sa,0.96,0.9600,0.036823,-0.027404,-0.170495,lower
L1,sa,0.96,0.9600,0.041456,-0.028383,-0.181388,lower
L1,sa,0.96,0.9600,0.046463,-0.029326,-0.187544,lower
L1,sa,0.96,0.9600,0.051862,-0.030238,-0.190508,lower
L1,sa,0.96,0.9600,0.057676,-0.031129,-0.191637,lower
L1,sa,0.96,0.9600,0.063928,-0.032006,-0.192054,lower
L1,sa,0.96,0.9600,0.070642,-0.032877,-0.192629,lower
L1,sa,0.96,0.9600,0.077844,-0.033751,-0.193992,lower
L1,sa,0.96,0.9600,0.085558,-0.034634,-0.196545,lower
L1,sa,0.96,0.9600,0.093813,-0.035530,-0.200488,lower
L1,sa,0.96,0.9600,0.102634,-0.036444,-0.205832,lower
L1,sa,0.96,0.9600,0.112049,-0.037375,-0.212416,lower
L1,sa,0.96,0.9600,0.122085,-0.038323,-0.219928,lower
L1,sa,0.96,0.9600,0.132769,-0.039282,-0.227917,lower
L1,sa,0.96,0.9600,0.144125,-0.040246,-0.235828,lower
L1,sa,0.96,0.9600,0.156179,-0.041204,-0.243046,lower
L1,sa,0.96,0.9600,0.168952,-0.042147,-0.248959,lower
L1,sa,0.96,0.9600,0.182463,-0.043064,-0.253037,lower
L1,sa,0.96,0.9600,0.196731,-0.043942,-0.254914,lower
L1,sa,0.96,0.9600,0.211767,-0.044773,-0.254456,lower
L1,sa,0.96,0.9600,0.227580,-0.045547,-0.251794,lower
L1,sa,0.96,0.9600,0.244175,-0.046258,-0.247307,lower
L1,sa,0.96,0.9600,0.261551,-0.046900,-0.241541,lower
L1,sa,0.96,0.9600,0.279701,-0.047468,-0.235110,lower
L1,sa,0.96,0.9600,0.298615,-0.047957,-0.228595,lower
L1,sa,0.96,0.9600,0.318273,-0.048357,-0.222422,lower
L1,sa,0.96,0.9600,0.338651,-0.048657,-0.216811,lower
L1,sa,0.96,0.9600,0.359717,-0.048843,-0.211732,lower
L1,sa,0.96,0.9600,0.381432,-0.048894,-0.206902,lower
L1,sa,0.96,0.9600,0.403750,-0.048790,-0.201794,lower
L1,sa,0.96,0.9600,0.426620,-0.048509,-0.195766,lower
L1,sa,0.96,0.9600,0.449981,-0.048033,-0.188201,lower
L1,sa,0.96,0.9600,0.473769,-0.047347,-0.178604,lower
L1,sa,0.96,0.9600,0.497911,-0.046447,-0.166866,lower
L1,sa,0.96,0.9600,0.522334,-0.045337,-0.153174,lower
L1,sa,0.96,0.9600,0.546959,-0.044030,-0.138079,lower
L1,sa,0.96,0.9600,0.571705,-0.042545,-0.122261,lower
L1,sa,0.96,0.9600,0.596493,-0.040910,-0.106313,lower
L1,sa,0.96,0.9600,0.621239,-0.039149,-0.090815,lower
L1,sa,0.96,0.9600,0.645864,-0.037290,-0.075950,lower
L1,sa,0.96,0.9600,0.670288,-0.035354,-0.061956,lower
L1,sa,0.96,0.9600,0.694435,-0.033360,-0.048980,lower
L1,sa,0.96,0.9600,0.718230,-0.031322,-0.036883,lower
L1,sa,0.96,0.9600,0.741603,-0.029247,-0.025872,lower
L1,sa,0.96,0.9600,0.764492,-0.027144,-0.015658,lower
L1,sa,0.96,0.9600,0.786835,-0.025019,-0.005744,lower
L1,sa,0.96,0.9600,0.808581,-0.022876,0.004173,lower
L1,sa,0.96,0.9600,0.829682,-0.020722,0.015207,lower
L1,sa,0.96,0.9600,0.850101,-0.018564,0.027757,lower
L1,sa,0.96,0.9600,0.869805,-0.016409,0.041362,lower
L1,sa,0.96,0.9600,0.888767,-0.014267,0.056182,lower
L1,sa,0.96,0.9600,0.906971,-0.012147,0.072055,lower
L1,sa,0.96,0.9600,0.924403,-0.010062,0.089134,lower
L1,sa,0.96,0.9600,0.941059,-0.008025,0.107723,lower
L1,sa,0.96,0.9600,0.956938,-0.006050,0.126869,lower
L1,sa,0.96,0.9600,0.972047,-0.004158,0.145618,lower
L1,sa,0.96,0.9600,0.986396,-0.002368,0.162977,lower
L1,sa,0.96,0.9600,1.000000,-0.000705,0.193382,lower
L1,sa,0.99,0.9900,0.000000,0.000000,0.588339,upper
L1,sa,0.99,0.9900,0.000019,0.000793,0.563051,upper
L1,sa,0.99,0.9900,0.000080,0.001650,0.530939,upper
L1,sa,0.99,0.9900,0.000196,0.002574,0.490212,upper
L1,sa,0.99,0.9900,0.000377,0.003566,0.440556,upper
L1,sa,0.99,0.9900,0.000638,0.004627,0.381279,upper
L1,sa,0.99,0.9900,0.000993,0.005755,0.311319,upper
L1,sa,0.99,0.9900,0.001458,0.006948,0.230190,upper
L1,sa,0.99,0.9900,0.002052,0.008200,0.138253,upper
L1,sa,0.99,0.9900,0.002791,0.009505,0.036304,upper
L1,sa,0.99,0.9900,0.003694,0.010854,-0.073976,upper
L1,sa,0.99,0.9900,0.004777,0.012236,-0.190210,upper
L1,sa,0.99,0.9900,0.006058,0.013638,-0.309387,upper
L1,sa,0.99,0.9900,0.007551,0.015047,-0.428179,upper
L1,sa,0.99,0.9900,0.009271,0.016451,-0.543265,upper
L1,sa,0.99,0.9900,0.011228,0.017838,-0.651685,upper
L1,sa,0.99,0.9900,0.013436,0.019195,-0.751318,upper
L1,sa,0.99,0.9900,0.015904,0.020515,-0.840628,upper
L1,sa,0.99,0.9900,0.018643,0.021791,-0.917998,upper
L1,sa,0.99,0.9900,0.021664,0.023016,-0.982656,upper
L1,sa,0.99,0.9900,0.024979,0.024190,-1.034957,upper
L1,sa,0.99,0.9900,0.028600,0.025311,-1.075500,upper
L1,sa,0.99,0.9900,0.032543,0.026382,-1.105065,upper
L1,sa,0.99,0.9900,0.036823,0.027404,-1.124660,upper
L1,sa,0.99,0.9900,0.041456,0.028383,-1.135313,upper
L1,sa,0.99,0.9900,0.046463,0.029326,-1.137814,upper
L1,sa,0.99,0.9900,0.051862,0.030238,-1.132735,upper
L1,sa,0.99,0.9900,0.057676,0.031129,-1.120721,upper
L1,sa,0.99,0.9900,0.063928,0.032006,-1.102563,upper
L1,sa,0.99,0.9900,0.070643,0.032877,-1.079112,upper
L1,sa,0.99,0.9900,0.077844,0.033751,-1.051321,upper
L1,sa,0.99,0.9900,0.085558,0.034634,-1.020483,upper
L1,sa,0.99,0.9900,0.093813,0.035530,-0.988488,upper
L1,sa,0.99,0.9900,0.102634,0.036444,-0.957690,upper
L1,sa,0.99,0.9900,0.112049,0.037375,-0.930169,upper
L1,sa,0.99,0.9900,0.122085,0.038323,-0.906957,upper
L1,sa,0.99,0.9900,0.132769,0.039282,-0.887716,upper
L1,sa,0.99,0.9900,0.144125,0.040246,-0.870999,upper
L1,sa,0.99,0.9900,0.156179,0.041204,-0.855101,upper
L1,sa,0.99,0.9900,0.168952,0.042147,-0.838259,upper
L1,sa,0.99,0.9900,0.182464,0.043064,-0.817270,upper
L1,sa,0.99,0.9900,0.196731,0.043942,-0.785547,upper
L1,sa,0.99,0.9900,0.211767,0.044773,-0.734367,upper
L1,sa,0.99,0.9900,0.227580,0.045547,-0.662206,upper
L1,sa,0.99,0.9900,0.244175,0.046258,-0.580266,upper
L1,sa,0.99,0.9900,0.261551,0.046900,-0.504369,upper
L1,sa,0.99,0.9900,0.279701,0.047468,-0.448745,upper
L1,sa,0.99,0.9900,0.298615,0.047957,-0.417171,upper
L1,sa,0.99,0.9900,0.318273,0.048357,-0.399319,upper
L1,sa,0.99,0.9900,0.338651,0.048657,-0.386308,upper
L1,sa,0.99,0.9900,0.359716,0.048843,-0.376274,upper
L1,sa,0.99,0.9900,0.381432,0.048894,-0.368556,upper
L1,sa,0.99,0.9900,0.403750,0.048790,-0.362298,upper
L1,sa,0.99,0.9900,0.426620,0.048509,-0.356503,upper
L1,sa,0.99,0.9900,0.449981,0.048033,-0.350091,upper
L1,sa,0.99,0.9900,0.473769,0.047347,-0.341947,upper
L1,sa,0.99,0.9900,0.497911,0.046447,-0.331528,upper
L1,sa,0.99,0.9900,0.522334,0.045337,-0.319144,upper
L1,sa,0.99,0.9900,0.546959,0.044030,-0.305187,upper
L1,sa,0.99,0.9900,0.571705,0.042545,-0.289826,upper
L1,sa,0.99,0.9900,0.596493,0.040910,-0.273614,upper
L1,sa,0.99,0.9900,0.621239,0.039149,-0.257145,upper
L1,sa,0.99,0.9900,0.645864,0.037290,-0.240484,upper
L1,sa,0.99,0.9900,0.670288,0.035354,-0.223445,upper
L1,sa,0.99,0.9900,0.694435,0.033360,-0.205661,upper
L1,sa,0.99,0.9900,0.718230,0.031322,-0.187126,upper
L1,sa,0.99,0.9900,0.741604,0.029247,-0.168473,upper
L1,sa,0.99,0.9900,0.764492,0.027144,-0.149917,upper
L1,sa,0.99,0.9900,0.786835,0.025019,-0.130762,upper
L1,sa,0.99,0.9900,0.808581,0.022876,-0.110342,upper
L1,sa,0.99,0.9900,0.829683,0.020722,-0.088624,upper
L1,sa,0.99,0.9900,0.850101,0.018564,-0.066121,upper
L1,sa,0.99,0.9900,0.869805,0.016409,-0.043651,upper
L1,sa,0.99,0.9900,0.888767,0.014267,-0.021448,upper
L1,sa,0.99,0.9900,0.906971,0.012147,0.000979,upper
L1,sa,0.99,0.9900,0.924403,0.010062,0.023217,upper
L1,sa,0.99,0.9900,0.941059,0.008025,0.042853,upper
L1,sa,0.99,0.9900,0.956939,0.006050,0.058069,upper
L1,sa,0.99,0.9900,0.972047,0.004158,0.070481,upper
L1,sa,0.99,0.9900,0.986396,0.002368,0.080564,upper
L1,sa,0.99,0.9900,1.000000,0.000705,0.098221,upper
L1,sa,0.99,0.9900,0.000000,0.000000,0.588339,lower
L1,sa,0.99,0.9900,0.000019,-0.000793,0.609745,lower
L1,sa,0.99,0.9900,0.000080,-0.001650,0.627265,lower
L1,sa,0.99,0.9900,0.000196,-0.002574,0.639447,lower
L1,sa,0.99,0.9900,0.000377,-0.003566,0.645636,lower
L1,sa,0.99,0.9900,0.000638,-0.004627,0.645087,lower
L1,sa,0.99,0.9900,0.000993,-0.005755,0.635976,lower
L1,sa,0.99,0.9900,0.001458,-0.006948,0.616573,lower
L1,sa,0.99,0.9900,0.002052,-0.008200,0.585917,lower
L1,sa,0.99,0.9900,0.002791,-0.009505,0.543311,lower
L1,sa,0.99,0.9900,0.003694,-0.010854,0.488948,lower
L1,sa,0.99,0.9900,0.004777,-0.012236,0.423875,lower
L1,sa,0.99,0.9900,0.006058,-0.013638,0.350067,lower
L1,sa,0.99,0.9900,0.007551,-0.015047,0.270269,lower
L1,sa,0.99,0.9900,0.009271,-0.016451,0.187745,lower
L1,sa,0.99,0.9900,0.011228,-0.017838,0.105930,lower
L1,sa,0.99,0.9900,0.013436,-0.019195,0.028092,lower
L1,sa,0.99,0.9900,0.015904,-0.020515,-0.042943,lower
L1,sa,0.99,0.9900,0.018643,-0.021791,-0.104993,lower
L1,sa,0.99,0.9900,0.021664,-0.023016,-0.156658,lower
L1,sa,0.99,0.9900,0.024979,-0.024190,-0.197360,lower
L1,sa,0.99,0.9900,0.028600,-0.025311,-0.227294,lower
L1,sa,0.99,0.9900,0.032543,-0.026382,-0.247325,lower
L1,sa,0.99,0.9900,0.036823,-0.027404,-0.258827,lower
L1,sa,0.99,0.9900,0.041456,-0.028383,-0.263482,lower
L1,sa,0.99,0.9900,0.046463,-0.029326,-0.263081,lower
L1,sa,0.99,0.9900,0.051862,-0.030238,-0.259327,lower
L1,sa,0.99,0.9900,0.057676,-0.031129,-0.253713,lower
L1,sa,0.99,0.9900,0.063928,-0.032006,-0.247458,lower
L1,sa,0.99,0.9900,0.070643,-0.032877,-0.241491,lower
L1,sa,0.99,0.9900,0.077844,-0.033751,-0.236456,lower
L1,sa,0.99,0.9900,0.085558,-0.034634,-0.232743,lower
L1,sa,0.99,0.9900,0.093813,-0.035530,-0.230510,lower
L1,sa,0.99,0.9900,0.102634,-0.036444,-0.229711,lower
L1,sa,0.99,0.9900,0.112049,-0.037375,-0.230126,lower
L1,sa,0.99,0.9900,0.122085,-0.038323,-0.231392,lower
L1,sa,0.99,0.9900,0.132769,-0.039282,-0.233033,lower
L1,sa,0.99,0.9900,0.144125,-0.040246,-0.234506,lower
L1,sa,0.99,0.9900,0.156179,-0.041204,-0.235255,lower
L1,sa,0.99,0.9900,0.168952,-0.042147,-0.234772,lower
L1,sa,0.99,0.9900,0.182464,-0.043064,-0.232664,lower
L1,sa,0.99,0.9900,0.196731,-0.043942,-0.228709,lower
L1,sa,0.99,0.9900,0.211767,-0.044773,-0.222890,lower
L1,sa,0.99,0.9900,0.227580,-0.045547,-0.215415,lower
L1,sa,0.99,0.9900,0.244175,-0.046258,-0.206692,lower
L1,sa,0.99,0.9900,0.261551,-0.046900,-0.197294,lower
L1,sa,0.99,0.9900,0.279701,-0.047468,-0.187893,lower
L1,sa,0.99,0.9900,0.298615,-0.047957,-0.179166,lower
L1,sa,0.99,0.9900,0.318273,-0.048357,-0.171653,lower
L1,sa,0.99,0.9900,0.338651,-0.048657,-0.165653,lower
L1,sa,0.99,0.9900,0.359716,-0.048843,-0.161144,lower
L1,sa,0.99,0.9900,0.381432,-0.048894,-0.157752,lower
L1,sa,0.99,0.9900,0.403750,-0.048790,-0.154789,lower
L1,sa,0.99,0.9900,0.426620,-0.048509,-0.151405,lower
L1,sa,0.99,0.9900,0.449981,-0.048033,-0.146751,lower
L1,sa,0.99,0.9900,0.473769,-0.047347,-0.140177,lower
L1,sa,0.99,0.9900,0.497911,-0.046447,-0.131501,lower
L1,sa,0.99,0.9900,0.522334,-0.045337,-0.120905,lower
L1,sa,0.99,0.9900,0.546959,-0.044030,-0.108858,lower
L1,sa,0.99,0.9900,0.571705,-0.042545,-0.096029,lower
L1,sa,0.99,0.9900,0.596493,-0.040910,-0.082988,lower
L1,sa,0.99,0.9900,0.621239,-0.039149,-0.070252,lower
L1,sa,0.99,0.9900,0.645864,-0.037290,-0.058142,lower
L1,sa,0.99,0.9900,0.670288,-0.035354,-0.046797,lower
L1,sa,0.99,0.9900,0.694435,-0.033360,-0.036340,lower
L1,sa,0.99,0.9900,0.718230,-0.031322,-0.026662,lower
L1,sa,0.99,0.9900,0.741604,-0.029247,-0.017663,lower
L1,sa,0.99,0.9900,0.764492,-0.027144,-0.009183,lower
L1,sa,0.99,0.9900,0.786835,-0.025019,-0.000682,lower
L1,sa,0.99,0.9900,0.808581,-0.022876,0.008054,lower
L1,sa,0.99,0.9900,0.829683,-0.020722,0.017253,lower
L1,sa,0.99,0.9900,0.850101,-0.018564,0.027244,lower
L1,sa,0.99,0.9900,0.869805,-0.016409,0.037417,lower
L1,sa,0.99,0.9900,0.888767,-0.014267,0.047874,lower
L1,sa,0.99,0.9900,0.906971,-0.012147,0.059076,lower
L1,sa,0.99,0.9900,0.924403,-0.010062,0.070171,lower
L1,sa,0.99,0.9900,0.941059,-0.008025,0.080788,lower
L1,sa,0.99,0.9900,0.956939,-0.006050,0.090138,lower
L1,sa,0.99,0.9900,0.972047,-0.004158,0.096495,lower
L1,sa,0.99,0.9900,0.986396,-0.002368,0.099365,lower
L1,sa,0.99,0.9900,1.000000,-0.000705,0.104112,lower
L2,sst,0.20,0.2000,0.000000,0.000000,0.804994,upper
L2,sst,0.20,0.2000,0.000008,0.000522,0.790111,upper
L2,sst,0.20,0.2000,0.000034,0.001072,0.772446,upper
L2,sst,0.20,0.2000,0.000080,0.001650,0.751382,upper
L2,sst,0.20,0.2000,0.000151,0.002259,0.726843,upper
L2,sst,0.20,0.2000,0.000249,0.002897,0.698434,upper
L2,sst,0.20,0.2000,0.000377,0.003566,0.665861,upper
L2,sst,0.20,0.2000,0.000541,0.004266,0.628812,upper
L2,sst,0.20,0.2000,0.000745,0.004995,0.587031,upper
L2,sst,0.20,0.2000,0.000993,0.005755,0.540310,upper
L2,sst,0.20,0.2000,0.001290,0.006543,0.488524,upper
L2,sst,0.20,0.2000,0.001641,0.007359,0.431650,upper
L2,sst,0.20,0.2000,0.002052,0.008200,0.369788,upper
L2,sst,0.20,0.2000,0.002527,0.009065,0.303181,upper
L2,sst,0.20,0.2000,0.003073,0.009951,0.232228,upper
L2,sst,0.20,0.2000,0.003694,0.010854,0.157488,upper
L2,sst,0.20,0.2000,0.004395,0.011772,0.079676,upper
L2,sst,0.20,0.2000,0.005182,0.012701,-0.000358,upper
L2,sst,0.20,0.2000,0.006058,0.013638,-0.081658,upper
L2,sst,0.20,0.2000,0.007029,0.014577,-0.163205,upper
L2,sst,0.20,0.2000,0.008099,0.015516,-0.243967,upper
L2,sst,0.20,0.2000,0.009271,0.016451,-0.322936,upper
L2,sst,0.20,0.2000,0.010549,0.017378,-0.399178,upper
L2,sst,0.20,0.2000,0.011936,0.018294,-0.471859,upper
L2,sst,0.20,0.2000,0.013436,0.019195,-0.540282,upper
L2,sst,0.20,0.2000,0.015052,0.020080,-0.603895,upper
L2,sst,0.20,0.2000,0.016786,0.020946,-0.662302,upper
L2,sst,0.20,0.2000,0.018643,0.021791,-0.715244,upper
L2,sst,0.20,0.2000,0.020625,0.022613,-0.762564,upper
L2,sst,0.20,0.2000,0.022735,0.023413,-0.804223,upper
L2,sst,0.20,0.2000,0.024979,0.024190,-0.840275,upper
L2,sst,0.20,0.2000,0.027358,0.024943,-0.870820,upper
L2,sst,0.20,0.2000,0.029878,0.025674,-0.895973,upper
L2,sst,0.20,0.2000,0.032543,0.026382,-0.915846,upper
L2,sst,0.20,0.2000,0.035358,0.027068,-0.930506,upper
L2,sst,0.20,0.2000,0.038327,0.027735,-0.939975,upper
L2,sst,0.20,0.2000,0.041456,0.028383,-0.944091,upper
L2,sst,0.20,0.2000,0.044751,0.029015,-0.942510,upper
L2,sst,0.20,0.2000,0.048218,0.029633,-0.933931,upper
L2,sst,0.20,0.2000,0.051862,0.030238,-0.915334,upper
L2,sst,0.20,0.2000,0.055691,0.030834,-0.881177,upper
L2,sst,0.20,0.2000,0.059710,0.031422,-0.823172,upper
L2,sst,0.20,0.2000,0.063928,0.032006,-0.757448,upper
L2,sst,0.20,0.2000,0.068352,0.032587,-0.691539,upper
L2,sst,0.20,0.2000,0.072988,0.033168,-0.606240,upper
L2,sst,0.20,0.2000,0.077844,0.033751,-0.526292,upper
L2,sst,0.20,0.2000,0.082928,0.034338,-0.481913,upper
L2,sst,0.20,0.2000,0.088248,0.034931,-0.470585,upper
L2,sst,0.20,0.2000,0.093813,0.035530,-0.473098,upper
L2,sst,0.20,0.2000,0.099629,0.036137,-0.467348,upper
L2,sst,0.20,0.2000,0.105705,0.036752,-0.450369,upper
L2,sst,0.20,0.2000,0.112049,0.037375,-0.433691,upper
L2,sst,0.20,0.2000,0.118669,0.038006,-0.429624,upper
L2,sst,0.20,0.2000,0.125573,0.038642,-0.437160,upper
L2,sst,0.20,0.2000,0.132769,0.039282,-0.449907,upper
L2,sst,0.20,0.2000,0.140263,0.039924,-0.461924,upper
L2,sst,0.20,0.2000,0.148065,0.040566,-0.469576,upper
L2,sst,0.20,0.2000,0.156179,0.041204,-0.474021,upper
L2,sst,0.20,0.2000,0.164613,0.041835,-0.477064,upper
L2,sst,0.20,0.2000,0.173373,0.042456,-0.479627,upper
L2,sst,0.20,0.2000,0.182464,0.043064,-0.482267,upper
L2,sst,0.20,0.2000,0.191890,0.043654,-0.485067,upper
L2,sst,0.20,0.2000,0.201657,0.044225,-0.488139,upper
L2,sst,0.20,0.2000,0.211767,0.044773,-0.491380,upper
L2,sst,0.20,0.2000,0.222222,0.045296,-0.494787,upper
L2,sst,0.20,0.2000,0.233025,0.045792,-0.498324,upper
L2,sst,0.20,0.2000,0.244175,0.046258,-0.501952,upper
L2,sst,0.20,0.2000,0.255672,0.046694,-0.505680,upper
L2,sst,0.20,0.2000,0.267515,0.047098,-0.509529,upper
L2,sst,0.20,0.2000,0.279701,0.047468,-0.513540,upper
L2,sst,0.20,0.2000,0.292227,0.047803,-0.517756,upper
L2,sst,0.20,0.2000,0.305086,0.048100,-0.522445,upper
L2,sst,0.20,0.2000,0.318273,0.048357,-0.527883,upper
L2,sst,0.20,0.2000,0.331780,0.048569,-0.534357,upper
L2,sst,0.20,0.2000,0.345598,0.048733,-0.542122,upper
L2,sst,0.20,0.2000,0.359716,0.048843,-0.551304,upper
L2,sst,0.20,0.2000,0.374124,0.048893,-0.561920,upper
L2,sst,0.20,0.2000,0.388807,0.048878,-0.573832,upper
L2,sst,0.20,0.2000,0.403750,0.048790,-0.586814,upper
L2,sst,0.20,0.2000,0.418939,0.048624,-0.600498,upper
L2,sst,0.20,0.2000,0.434356,0.048373,-0.614482,upper
L2,sst,0.20,0.2000,0.449981,0.048033,-0.628360,upper
L2,sst,0.20,0.2000,0.465797,0.047599,-0.641700,upper
L2,sst,0.20,0.2000,0.481780,0.047071,-0.654113,upper
L2,sst,0.20,0.2000,0.497911,0.046447,-0.665227,upper
L2,sst,0.20,0.2000,0.514167,0.045730,-0.674790,upper
L2,sst,0.20,0.2000,0.530524,0.044922,-0.682561,upper
L2,sst,0.20,0.2000,0.546959,0.044030,-0.688227,upper
L2,sst,0.20,0.2000,0.563448,0.043058,-0.690303,upper
L2,sst,0.20,0.2000,0.579967,0.042016,-0.683229,upper
L2,sst,0.20,0.2000,0.596493,0.040910,-0.652083,upper
L2,sst,0.20,0.2000,0.613000,0.039748,-0.572998,upper
L2,sst,0.20,0.2000,0.629465,0.038539,-0.450381,upper
L2,sst,0.20,0.2000,0.645864,0.037290,-0.329204,upper
L2,sst,0.20,0.2000,0.662174,0.036007,-0.245476,upper
L2,sst,0.20,0.2000,0.678372,0.034695,-0.198554,upper
L2,sst,0.20,0.2000,0.694435,0.033360,-0.169391,upper
L2,sst,0.20,0.2000,0.710341,0.032005,-0.146066,upper
L2,sst,0.20,0.2000,0.726071,0.030634,-0.128281,upper
L2,sst,0.20,0.2000,0.741604,0.029247,-0.115894,upper
L2,sst,0.20,0.2000,0.756920,0.027848,-0.104472,upper
L2,sst,0.20,0.2000,0.772003,0.026438,-0.090462,upper
L2,sst,0.20,0.2000,0.786835,0.025019,-0.073148,upper
L2,sst,0.20,0.2000,0.801401,0.023592,-0.055129,upper
L2,sst,0.20,0.2000,0.815688,0.022159,-0.039832,upper
L2,sst,0.20,0.2000,0.829682,0.020722,-0.026604,upper
L2,sst,0.20,0.2000,0.843373,0.019283,-0.011515,upper
L2,sst,0.20,0.2000,0.856750,0.017845,0.007107,upper
L2,sst,0.20,0.2000,0.869805,0.016409,0.026854,upper
L2,sst,0.20,0.2000,0.882530,0.014979,0.044813,upper
L2,sst,0.20,0.2000,0.894920,0.013557,0.061928,upper
L2,sst,0.20,0.2000,0.906971,0.012147,0.081063,upper
L2,sst,0.20,0.2000,0.918679,0.010753,0.101717,upper
L2,sst,0.20,0.2000,0.930042,0.009377,0.121461,upper
L2,sst,0.20,0.2000,0.941059,0.008025,0.140132,upper
L2,sst,0.20,0.2000,0.951731,0.006700,0.159050,upper
L2,sst,0.20,0.2000,0.962060,0.005410,0.178602,upper
L2,sst,0.20,0.2000,0.972047,0.004158,0.197888,upper
L2,sst,0.20,0.2000,0.981697,0.002952,0.215488,upper
L2,sst,0.20,0.2000,0.991012,0.001799,0.228083,upper
L2,sst,0.20,0.2000,1.000000,0.000705,0.251960,upper
L2,sst,0.20,0.2000,0.000000,0.000000,0.804994,lower
L2,sst,0.20,0.2000,0.000008,-0.000522,0.818353,lower
L2,sst,0.20,0.2000,0.000034,-0.001072,0.830138,lower
L2,sst,0.20,0.2000,0.000080,-0.001650,0.839986,lower
L2,sst,0.20,0.2000,0.000151,-0.002259,0.847765,lower
L2,sst,0.20,0.2000,0.000249,-0.002897,0.853042,lower
L2,sst,0.20,0.2000,0.000377,-0.003566,0.855428,lower
L2,sst,0.20,0.2000,0.000541,-0.004266,0.854508,lower
L2,sst,0.20,0.2000,0.000745,-0.004995,0.849867,lower
L2,sst,0.20,0.2000,0.000993,-0.005755,0.841097,lower
L2,sst,0.20,0.2000,0.001290,-0.006543,0.827832,lower
L2,sst,0.20,0.2000,0.001641,-0.007359,0.809765,lower
L2,sst,0.20,0.2000,0.002052,-0.008200,0.786676,lower
L2,sst,0.20,0.2000,0.002527,-0.009065,0.758462,lower
L2,sst,0.20,0.2000,0.003073,-0.009951,0.725162,lower
L2,sst,0.20,0.2000,0.003694,-0.010854,0.686977,lower
L2,sst,0.20,0.2000,0.004395,-0.011772,0.644286,lower
L2,sst,0.20,0.2000,0.005182,-0.012701,0.597644,lower
L2,sst,0.20,0.2000,0.006058,-0.013638,0.547773,lower
L2,sst,0.20,0.2000,0.007029,-0.014577,0.495536,lower
L2,sst,0.20,0.2000,0.008099,-0.015516,0.441903,lower
L2,sst,0.20,0.2000,0.009271,-0.016451,0.387906,lower
L2,sst,0.20,0.2000,0.010549,-0.017378,0.334584,lower
L2,sst,0.20,0.2000,0.011936,-0.018294,0.282937,lower
L2,sst,0.20,0.2000,0.013436,-0.019195,0.233877,lower
L2,sst,0.20,0.2000,0.015052,-0.020080,0.188192,lower
L2,sst,0.20,0.2000,0.016786,-0.020946,0.146518,lower
L2,sst,0.20,0.2000,0.018643,-0.021791,0.109314,lower
L2,sst,0.20,0.2000,0.020625,-0.022613,0.076864,lower
L2,sst,0.20,0.2000,0.022735,-0.023413,0.049273,lower
L2,sst,0.20,0.2000,0.024979,-0.024190,0.026480,lower
L2,sst,0.20,0.2000,0.027358,-0.024943,0.008277,lower
L2,sst,0.20,0.2000,0.029878,-0.025674,-0.005668,lower
L2,sst,0.20,0.2000,0.032543,-0.026382,-0.015782,lower
L2,sst,0.20,0.2000,0.035358,-0.027068,-0.022559,lower
L2,sst,0.20,0.2000,0.038327,-0.027735,-0.026522,lower
L2,sst,0.20,0.2000,0.041456,-0.028383,-0.028207,lower
L2,sst,0.20,0.2000,0.044751,-0.029015,-0.028132,lower
L2,sst,0.20,0.2000,0.048218,-0.029633,-0.026778,lower
L2,sst,0.20,0.2000,0.051862,-0.030238,-0.024581,lower
L2,sst,0.20,0.2000,0.055691,-0.030834,-0.021932,lower
L2,sst,0.20,0.2000,0.059710,-0.031422,-0.019168,lower
L2,sst,0.20,0.2000,0.063928,-0.032006,-0.016582,lower
L2,sst,0.20,0.2000,0.068352,-0.032587,-0.014411,lower
L2,sst,0.20,0.2000,0.072988,-0.033168,-0.012851,lower
L2,sst,0.20,0.2000,0.077844,-0.033751,-0.012054,lower
L2,sst,0.20,0.2000,0.082928,-0.034338,-0.012133,lower
L2,sst,0.20,0.2000,0.088248,-0.034931,-0.013164,lower
L2,sst,0.20,0.2000,0.093813,-0.035530,-0.015191,lower
L2,sst,0.20,0.2000,0.099629,-0.036137,-0.018226,lower
L2,sst,0.20,0.2000,0.105705,-0.036752,-0.022250,lower
L2,sst,0.20,0.2000,0.112049,-0.037375,-0.027219,lower
L2,sst,0.20,0.2000,0.118669,-0.038006,-0.033063,lower
L2,sst,0.20,0.2000,0.125573,-0.038642,-0.039685,lower
L2,sst,0.20,0.2000,0.132769,-0.039282,-0.046976,lower
L2,sst,0.20,0.2000,0.140263,-0.039924,-0.054805,lower
L2,sst,0.20,0.2000,0.148065,-0.040566,-0.063032,lower
L2,sst,0.20,0.2000,0.156179,-0.041204,-0.071515,lower
L2,sst,0.20,0.2000,0.164613,-0.041835,-0.080112,lower
L2,sst,0.20,0.2000,0.173373,-0.042456,-0.088691,lower
L2,sst,0.20,0.2000,0.182464,-0.043064,-0.097141,lower
L2,sst,0.20,0.2000,0.191890,-0.043654,-0.105374,lower
L2,sst,0.20,0.2000,0.201657,-0.044225,-0.113336,lower
L2,sst,0.20,0.2000,0.211767,-0.044773,-0.121011,lower
L2,sst,0.20,0.2000,0.222222,-0.045296,-0.128421,lower
L2,sst,0.20,0.2000,0.233025,-0.045792,-0.135623,lower
L2,sst,0.20,0.2000,0.244175,-0.046258,-0.142711,lower
L2,sst,0.20,0.2000,0.255672,-0.046694,-0.149801,lower
L2,sst,0.20,0.2000,0.267515,-0.047098,-0.157023,lower
L2,sst,0.20,0.2000,0.279701,-0.047468,-0.164511,lower
L2,sst,0.20,0.2000,0.292227,-0.047803,-0.172386,lower
L2,sst,0.20,0.2000,0.305086,-0.048100,-0.180738,lower
L2,sst,0.20,0.2000,0.318273,-0.048357,-0.189620,lower
L2,sst,0.20,0.2000,0.331780,-0.048569,-0.199031,lower
L2,sst,0.20,0.2000,0.345598,-0.048733,-0.208904,lower
L2,sst,0.20,0.2000,0.359716,-0.048843,-0.219097,lower
L2,sst,0.20,0.2000,0.374124,-0.048893,-0.229394,lower
L2,sst,0.20,0.2000,0.388807,-0.048878,-0.239499,lower
L2,sst,0.20,0.2000,0.403750,-0.048790,-0.249049,lower
L2,sst,0.20,0.2000,0.418939,-0.048624,-0.257621,lower
L2,sst,0.20,0.2000,0.434356,-0.048373,-0.264770,lower
L2,sst,0.20,0.2000,0.449981,-0.048033,-0.270056,lower
L2,sst,0.20,0.2000,0.465797,-0.047599,-0.273102,lower
L2,sst,0.20,0.2000,0.481780,-0.047071,-0.273639,lower
L2,sst,0.20,0.2000,0.497911,-0.046447,-0.271557,lower
L2,sst,0.20,0.2000,0.514167,-0.045730,-0.266928,lower
L2,sst,0.20,0.2000,0.530524,-0.044922,-0.259983,lower
L2,sst,0.20,0.2000,0.546959,-0.044030,-0.251076,lower
L2,sst,0.20,0.2000,0.563448,-0.043058,-0.240628,lower
L2,sst,0.20,0.2000,0.579967,-0.042016,-0.229090,lower
L2,sst,0.20,0.2000,0.596493,-0.040910,-0.216892,lower
L2,sst,0.20,0.2000,0.613000,-0.039748,-0.204401,lower
L2,sst,0.20,0.2000,0.629465,-0.038539,-0.191912,lower
L2,sst,0.20,0.2000,0.645864,-0.037290,-0.179620,lower
L2,sst,0.20,0.2000,0.662174,-0.036007,-0.167623,lower
L2,sst,0.20,0.2000,0.678372,-0.034695,-0.155939,lower
L2,sst,0.20,0.2000,0.694435,-0.033360,-0.144523,lower
L2,sst,0.20,0.2000,0.710341,-0.032005,-0.133292,lower
L2,sst,0.20,0.2000,0.726071,-0.030634,-0.122148,lower
L2,sst,0.20,0.2000,0.741604,-0.029247,-0.110987,lower
L2,sst,0.20,0.2000,0.756920,-0.027848,-0.099705,lower
L2,sst,0.20,0.2000,0.772003,-0.026438,-0.088196,lower
L2,sst,0.20,0.2000,0.786835,-0.025019,-0.076372,lower
L2,sst,0.20,0.2000,0.801401,-0.023592,-0.064138,lower
L2,sst,0.20,0.2000,0.815688,-0.022159,-0.051386,lower
L2,sst,0.20,0.2000,0.829682,-0.020722,-0.038024,lower
L2,sst,0.20,0.2000,0.843373,-0.019283,-0.023969,lower
L2,sst,0.20,0.2000,0.856750,-0.017845,-0.009196,lower
L2,sst,0.20,0.2000,0.869805,-0.016409,0.006276,lower
L2,sst,0.20,0.2000,0.882530,-0.014979,0.022438,lower
L2,sst,0.20,0.2000,0.894920,-0.013557,0.039269,lower
L2,sst,0.20,0.2000,0.906971,-0.012147,0.056766,lower
L2,sst,0.20,0.2000,0.918679,-0.010753,0.074995,lower
L2,sst,0.20,0.2000,0.930042,-0.009377,0.093967,lower
L2,sst,0.20,0.2000,0.941059,-0.008025,0.113648,lower
L2,sst,0.20,0.2000,0.951731,-0.006700,0.134049,lower
L2,sst,0.20,0.2000,0.962060,-0.005410,0.155021,lower
L2,sst,0.20,0.2000,0.972047,-0.004158,0.176301,lower
L2,sst,0.20,0.2000,0.981697,-0.002952,0.197271,lower
L2,sst,0.20,0.2000,0.991012,-0.001799,0.214470,lower
L2,sst,0.20,0.2000,1.000000,-0.000705,0.246084,lower
L2,sst,0.44,0.4400,-0.000000,0.000000,0.766031,upper
L2,sst,0.44,0.4400,0.000008,0.000522,0.749311,upper
L2,sst,0.44,0.4400,0.000034,0.001072,0.729725,upper
L2,sst,0.44,0.4400,0.000080,0.001650,0.706638,upper
L2,sst,0.44,0.4400,0.000151,0.002259,0.679981,upper
L2,sst,0.44,0.4400,0.000249,0.002897,0.649361,upper
L2,sst,0.44,0.4400,0.000377,0.003566,0.614494,upper
L2,sst,0.44,0.4400,0.000541,0.004266,0.575077,upper
L2,sst,0.44,0.4400,0.000745,0.004995,0.530864,upper
L2,sst,0.44,0.4400,0.000993,0.005755,0.481666,upper
L2,sst,0.44,0.4400,0.001290,0.006543,0.427378,upper
L2,sst,0.44,0.4400,0.001641,0.007359,0.368001,upper
L2,sst,0.44,0.4400,0.002052,0.008200,0.303659,upper
L2,sst,0.44,0.4400,0.002527,0.009065,0.234621,upper
L2,sst,0.44,0.4400,0.003073,0.009951,0.161312,upper
L2,sst,0.44,0.4400,0.003694,0.010854,0.084317,upper
L2,sst,0.44,0.4400,0.004395,0.011772,0.004373,upper
L2,sst,0.44,0.4400,0.005181,0.012701,-0.077654,upper
L2,sst,0.44,0.4400,0.006058,0.013638,-0.160797,upper
L2,sst,0.44,0.4400,0.007029,0.014577,-0.244039,upper
L2,sst,0.44,0.4400,0.008099,0.015516,-0.326355,upper
L2,sst,0.44,0.4400,0.009271,0.016451,-0.406757,upper
L2,sst,0.44,0.4400,0.010549,0.017378,-0.484333,upper
L2,sst,0.44,0.4400,0.011936,0.018294,-0.558290,upper
L2,sst,0.44,0.4400,0.013436,0.019195,-0.627988,upper
L2,sst,0.44,0.4400,0.015052,0.020080,-0.692927,upper
L2,sst,0.44,0.4400,0.016786,0.020946,-0.752727,upper
L2,sst,0.44,0.4400,0.018643,0.021791,-0.807184,upper
L2,sst,0.44,0.4400,0.020625,0.022613,-0.856248,upper
L2,sst,0.44,0.4400,0.022735,0.023413,-0.899947,upper
L2,sst,0.44,0.4400,0.024979,0.024190,-0.938385,upper
L2,sst,0.44,0.4400,0.027358,0.024943,-0.971738,upper
L2,sst,0.44,0.4400,0.029878,0.025674,-1.000216,upper
L2,sst,0.44,0.4400,0.032543,0.026382,-1.024056,upper
L2,sst,0.44,0.4400,0.035358,0.027068,-1.043507,upper
L2,sst,0.44,0.4400,0.038327,0.027735,-1.058827,upper
L2,sst,0.44,0.4400,0.041456,0.028383,-1.070268,upper
L2,sst,0.44,0.4400,0.044751,0.029015,-1.078074,upper
L2,sst,0.44,0.4400,0.048218,0.029633,-1.082488,upper
L2,sst,0.44,0.4400,0.051862,0.030238,-1.083744,upper
L2,sst,0.44,0.4400,0.055691,0.030834,-1.082073,upper
L2,sst,0.44,0.4400,0.059710,0.031422,-1.077754,upper
L2,sst,0.44,0.4400,0.063928,0.032006,-1.071059,upper
L2,sst,0.44,0.4400,0.068352,0.032587,-1.062333,upper
L2,sst,0.44,0.4400,0.072988,0.033168,-1.051804,upper
L2,sst,0.44,0.4400,0.077844,0.033751,-1.039372,upper
L2,sst,0.44,0.4400,0.082928,0.034338,-1.024893,upper
L2,sst,0.44,0.4400,0.088248,0.034931,-1.007730,upper
L2,sst,0.44,0.4400,0.093813,0.035530,-0.986598,upper
L2,sst,0.44,0.4400,0.099629,0.036137,-0.957947,upper
L2,sst,0.44,0.4400,0.105705,0.036752,-0.915930,upper
L2,sst,0.44,0.4400,0.112049,0.037375,-0.850643,upper
L2,sst,0.44,0.4400,0.118669,0.038006,-0.761130,upper
L2,sst,0.44,0.4400,0.125573,0.038642,-0.662838,upper
L2,sst,0.44,0.4400,0.132769,0.039282,-0.586089,upper
L2,sst,0.44,0.4400,0.140263,0.039924,-0.544642,upper
L2,sst,0.44,0.4400,0.148065,0.040566,-0.529687,upper
L2,sst,0.44,0.4400,0.156179,0.041204,-0.532898,upper
L2,sst,0.44,0.4400,0.164613,0.041835,-0.544635,upper
L2,sst,0.44,0.4400,0.173373,0.042456,-0.558823,upper
L2,sst,0.44,0.4400,0.182464,0.043064,-0.571344,upper
L2,sst,0.44,0.4400,0.191890,0.043654,-0.581447,upper
L2,sst,0.44,0.4400,0.201657,0.044225,-0.589400,upper
L2,sst,0.44,0.4400,0.211767,0.044773,-0.595408,upper
L2,sst,0.44,0.4400,0.222222,0.045296,-0.599836,upper
L2,sst,0.44,0.4400,0.233025,0.045792,-0.603164,upper
L2,sst,0.44,0.4400,0.244175,0.046258,-0.605862,upper
L2,sst,0.44,0.4400,0.255672,0.046694,-0.608065,upper
L2,sst,0.44,0.4400,0.267515,0.047098,-0.609981,upper
L2,sst,0.44,0.4400,0.279701,0.047468,-0.611760,upper
L2,sst,0.44,0.4400,0.292227,0.047803,-0.613571,upper
L2,sst,0.44,0.4400,0.305086,0.048100,-0.615938,upper
L2,sst,0.44,0.4400,0.318273,0.048357,-0.619387,upper
L2,sst,0.44,0.4400,0.331780,0.048569,-0.624300,upper
L2,sst,0.44,0.4400,0.345598,0.048733,-0.630967,upper
L2,sst,0.44,0.4400,0.359716,0.048843,-0.639443,upper
L2,sst,0.44,0.4400,0.374124,0.048893,-0.649645,upper
L2,sst,0.44,0.4400,0.388807,0.048878,-0.661355,upper
L2,sst,0.44,0.4400,0.403751,0.048790,-0.674206,upper
L2,sst,0.44,0.4400,0.418939,0.048624,-0.687828,upper
L2,sst,0.44,0.4400,0.434356,0.048373,-0.701704,upper
L2,sst,0.44,0.4400,0.449981,0.048033,-0.715339,upper
L2,sst,0.44,0.4400,0.465797,0.047599,-0.728403,upper
L2,sst,0.44,0.4400,0.481780,0.047071,-0.740445,upper
L2,sst,0.44,0.4400,0.497911,0.046447,-0.749057,upper
L2,sst,0.44,0.4400,0.514167,0.045730,-0.743185,upper
L2,sst,0.44,0.4400,0.530524,0.044922,-0.693328,upper
L2,sst,0.44,0.4400,0.546959,0.044030,-0.559145,upper
L2,sst,0.44,0.4400,0.563448,0.043058,-0.383614,upper
L2,sst,0.44,0.4400,0.579967,0.042016,-0.261925,upper
L2,sst,0.44,0.4400,0.596493,0.040910,-0.203935,upper
L2,sst,0.44,0.4400,0.613000,0.039748,-0.174215,upper
L2,sst,0.44,0.4400,0.629465,0.038539,-0.154843,upper
L2,sst,0.44,0.4400,0.645864,0.037290,-0.138985,upper
L2,sst,0.44,0.4400,0.662174,0.036007,-0.124348,upper
L2,sst,0.44,0.4400,0.678372,0.034695,-0.111107,upper
L2,sst,0.44,0.4400,0.694435,0.033360,-0.101141,upper
L2,sst,0.44,0.4400,0.710342,0.032005,-0.094439,upper
L2,sst,0.44,0.4400,0.726071,0.030634,-0.087194,upper
L2,sst,0.44,0.4400,0.741604,0.029247,-0.075988,upper
L2,sst,0.44,0.4400,0.756920,0.027848,-0.060228,upper
L2,sst,0.44,0.4400,0.772003,0.026438,-0.042407,upper
L2,sst,0.44,0.4400,0.786835,0.025019,-0.027088,upper
L2,sst,0.44,0.4400,0.801401,0.023592,-0.015328,upper
L2,sst,0.44,0.4400,0.815688,0.022159,-0.004303,upper
L2,sst,0.44,0.4400,0.829682,0.020722,0.007992,upper
L2,sst,0.44,0.4400,0.843373,0.019283,0.022280,upper
L2,sst,0.44,0.4400,0.856750,0.017845,0.037957,upper
L2,sst,0.44,0.4400,0.869805,0.016409,0.053851,upper
L2,sst,0.44,0.4400,0.882530,0.014979,0.070559,upper
L2,sst,0.44,0.4400,0.894920,0.013557,0.087988,upper
L2,sst,0.44,0.4400,0.906971,0.012147,0.104562,upper
L2,sst,0.44,0.4400,0.918679,0.010753,0.120934,upper
L2,sst,0.44,0.4400,0.930042,0.009377,0.138595,upper
L2,sst,0.44,0.4400,0.941059,0.008025,0.156854,upper
L2,sst,0.44,0.4400,0.951731,0.006700,0.174622,upper
L2,sst,0.44,0.4400,0.962060,0.005410,0.191414,upper
L2,sst,0.44,0.4400,0.972047,0.004158,0.207174,upper
L2,sst,0.44,0.4400,0.981697,0.002952,0.222739,upper
L2,sst,0.44,0.4400,0.991012,0.001799,0.235667,upper
L2,sst,0.44,0.4400,1.000000,0.000705,0.257614,upper
L2,sst,0.44,0.4400,-0.000000,0.000000,0.766031,lower
L2,sst,0.44,0.4400,0.000008,-0.000522,0.781227,lower
L2,sst,0.44,0.4400,0.000034,-0.001072,0.794921,lower
L2,sst,0.44,0.4400,0.000080,-0.001650,0.806762,lower
L2,sst,0.44,0.4400,0.000151,-0.002259,0.816614,lower
L2,sst,0.44,0.4400,0.000249,-0.002897,0.824036,lower
L2,sst,0.44,0.4400,0.000377,-0.003566,0.828631,lower
L2,sst,0.44,0.4400,0.000541,-0.004266,0.829966,lower
L2,sst,0.44,0.4400,0.000745,-0.004995,0.827613,lower
L2,sst,0.44,0.4400,0.000993,-0.005755,0.821148,lower
L2,sst,0.44,0.4400,0.001290,-0.006543,0.810182,lower
L2,sst,0.44,0.4400,0.001641,-0.007359,0.794379,lower
L2,sst,0.44,0.4400,0.002052,-0.008200,0.773493,lower
L2,sst,0.44,0.4400,0.002527,-0.009065,0.747389,lower
L2,sst,0.44,0.4400,0.003073,-0.009951,0.716071,lower
L2,sst,0.44,0.4400,0.003694,-0.010854,0.679710,lower
L2,sst,0.44,0.4400,0.004395,-0.011772,0.638649,lower
L2,sst,0.44,0.4400,0.005181,-0.012701,0.593414,lower
L2,sst,0.44,0.4400,0.006058,-0.013638,0.544701,lower
L2,sst,0.44,0.4400,0.007029,-0.014577,0.493351,lower
L2,sst,0.44,0.4400,0.008099,-0.015516,0.440320,lower
L2,sst,0.44,0.4400,0.009271,-0.016451,0.386628,lower
L2,sst,0.44,0.4400,0.010549,-0.017378,0.333313,lower
L2,sst,0.44,0.4400,0.011936,-0.018294,0.281377,lower
L2,sst,0.44,0.4400,0.013436,-0.019195,0.231741,lower
L2,sst,0.44,0.4400,0.015052,-0.020080,0.185211,lower
L2,sst,0.44,0.4400,0.016786,-0.020946,0.142440,lower
L2,sst,0.44,0.4400,0.018643,-0.021791,0.103919,lower
L2,sst,0.44,0.4400,0.020625,-0.022613,0.069960,lower
L2,sst,0.44,0.4400,0.022735,-0.023413,0.040707,lower
L2,sst,0.44,0.4400,0.024979,-0.024190,0.016139,lower
L2,sst,0.44,0.4400,0.027358,-0.024943,-0.003909,lower
L2,sst,0.44,0.4400,0.029878,-0.025674,-0.019727,lower
L2,sst,0.44,0.4400,0.032543,-0.026382,-0.031704,lower
L2,sst,0.44,0.4400,0.035358,-0.027068,-0.040296,lower
L2,sst,0.44,0.4400,0.038327,-0.027735,-0.046005,lower
L2,sst,0.44,0.4400,0.041456,-0.028383,-0.049341,lower
L2,sst,0.44,0.4400,0.044751,-0.029015,-0.050810,lower
L2,sst,0.44,0.4400,0.048218,-0.029633,-0.050894,lower
L2,sst,0.44,0.4400,0.051862,-0.030238,-0.050029,lower
L2,sst,0.44,0.4400,0.055691,-0.030834,-0.048610,lower
L2,sst,0.44,0.4400,0.059710,-0.031422,-0.046981,lower
L2,sst,0.44,0.4400,0.063928,-0.032006,-0.045439,lower
L2,sst,0.44,0.4400,0.068352,-0.032587,-0.044235,lower
L2,sst,0.44,0.4400,0.072988,-0.033168,-0.043571,lower
L2,sst,0.44,0.4400,0.077844,-0.033751,-0.043610,lower
L2,sst,0.44,0.4400,0.082928,-0.034338,-0.044474,lower
L2,sst,0.44,0.4400,0.088248,-0.034931,-0.046247,lower
L2,sst,0.44,0.4400,0.093813,-0.035530,-0.048979,lower
L2,sst,0.44,0.4400,0.099629,-0.036137,-0.052687,lower
L2,sst,0.44,0.4400,0.105705,-0.036752,-0.057357,lower
L2,sst,0.44,0.4400,0.112049,-0.037375,-0.062947,lower
L2,sst,0.44,0.4400,0.118669,-0.038006,-0.069387,lower
L2,sst,0.44,0.4400,0.125573,-0.038642,-0.076580,lower
L2,sst,0.44,0.4400,0.132769,-0.039282,-0.084413,lower
L2,sst,0.44,0.4400,0.140263,-0.039924,-0.092751,lower
L2,sst,0.44,0.4400,0.148065,-0.040566,-0.101446,lower
L2,sst,0.44,0.4400,0.156179,-0.041204,-0.110348,lower
L2,sst,0.44,0.4400,0.164613,-0.041835,-0.119303,lower
L2,sst,0.44,0.4400,0.173373,-0.042456,-0.128171,lower
L2,sst,0.44,0.4400,0.182464,-0.043064,-0.136827,lower
L2,sst,0.44,0.4400,0.191890,-0.043654,-0.145173,lower
L2,sst,0.44,0.4400,0.201657,-0.044225,-0.153143,lower
L2,sst,0.44,0.4400,0.211767,-0.044773,-0.160710,lower
L2,sst,0.44,0.4400,0.222222,-0.045296,-0.167887,lower
L2,sst,0.44,0.4400,0.233025,-0.045792,-0.174727,lower
L2,sst,0.44,0.4400,0.244175,-0.046258,-0.181317,lower
L2,sst,0.44,0.4400,0.255672,-0.046694,-0.187768,lower
L2,sst,0.44,0.4400,0.267515,-0.047098,-0.194205,lower
L2,sst,0.44,0.4400,0.279701,-0.047468,-0.200756,lower
L2,sst,0.44,0.4400,0.292227,-0.047803,-0.207533,lower
L2,sst,0.44,0.4400,0.305086,-0.048100,-0.214617,lower
L2,sst,0.44,0.4400,0.318273,-0.048357,-0.222043,lower
L2,sst,0.44,0.4400,0.331780,-0.048569,-0.229789,lower
L2,sst,0.44,0.4400,0.345598,-0.048733,-0.237760,lower
L2,sst,0.44,0.4400,0.359716,-0.048843,-0.245786,lower
L2,sst,0.44,0.4400,0.374124,-0.048893,-0.253621,lower
L2,sst,0.44,0.4400,0.388807,-0.048878,-0.260943,lower
L2,sst,0.44,0.4400,0.403751,-0.048790,-0.267374,lower
L2,sst,0.44,0.4400,0.418939,-0.048624,-0.272504,lower
L2,sst,0.44,0.4400,0.434356,-0.048373,-0.275927,lower
L2,sst,0.44,0.4400,0.449981,-0.048033,-0.277289,lower
L2,sst,0.44,0.4400,0.465797,-0.047599,-0.276328,lower
L2,sst,0.44,0.4400,0.481780,-0.047071,-0.272923,lower
L2,sst,0.44,0.4400,0.497911,-0.046447,-0.267109,lower
L2,sst,0.44,0.4400,0.514167,-0.045730,-0.259090,lower
L2,sst,0.44,0.4400,0.530524,-0.044922,-0.249180,lower
L2,sst,0.44,0.4400,0.546959,-0.044030,-0.237745,lower
L2,sst,0.44,0.4400,0.563448,-0.043058,-0.225183,lower
L2,sst,0.44,0.4400,0.579967,-0.042016,-0.211879,lower
L2,sst,0.44,0.4400,0.596493,-0.040910,-0.198168,lower
L2,sst,0.44,0.4400,0.613000,-0.039748,-0.184386,lower
L2,sst,0.44,0.4400,0.629465,-0.038539,-0.170833,lower
L2,sst,0.44,0.4400,0.645864,-0.037290,-0.157713,lower
L2,sst,0.44,0.4400,0.662174,-0.036007,-0.145128,lower
L2,sst,0.44,0.4400,0.678372,-0.034695,-0.133046,lower
L2,sst,0.44,0.4400,0.694435,-0.033360,-0.121314,lower
L2,sst,0.44,0.4400,0.710342,-0.032005,-0.109802,lower
L2,sst,0.44,0.4400,0.726071,-0.030634,-0.098417,lower
L2,sst,0.44,0.4400,0.741604,-0.029247,-0.087101,lower
L2,sst,0.44,0.4400,0.756920,-0.027848,-0.075837,lower
L2,sst,0.44,0.4400,0.772003,-0.026438,-0.064553,lower
L2,sst,0.44,0.4400,0.786835,-0.025019,-0.053144,lower
L2,sst,0.44,0.4400,0.801401,-0.023592,-0.041506,lower
L2,sst,0.44,0.4400,0.815688,-0.022159,-0.029545,lower
L2,sst,0.44,0.4400,0.829682,-0.020722,-0.017154,lower
L2,sst,0.44,0.4400,0.843373,-0.019283,-0.004234,lower
L2,sst,0.44,0.4400,0.856750,-0.017845,0.009330,lower
L2,sst,0.44,0.4400,0.869805,-0.016409,0.023763,lower
L2,sst,0.44,0.4400,0.882530,-0.014979,0.039131,lower
L2,sst,0.44,0.4400,0.894920,-0.013557,0.055393,lower
L2,sst,0.44,0.4400,0.906971,-0.012147,0.072433,lower
L2,sst,0.44,0.4400,0.918679,-0.010753,0.089869,lower
L2,sst,0.44,0.4400,0.930042,-0.009377,0.107615,lower
L2,sst,0.44,0.4400,0.941059,-0.008025,0.125759,lower
L2,sst,0.44,0.4400,0.951731,-0.006700,0.144366,lower
L2,sst,0.44,0.4400,0.962060,-0.005410,0.163714,lower
L2,sst,0.44,0.4400,0.972047,-0.004158,0.183790,lower
L2,sst,0.44,0.4400,0.981697,-0.002952,0.203846,lower
L2,sst,0.44,0.4400,0.991012,-0.001799,0.220225,lower
L2,sst,0.44,0.4400,1.000000,-0.000705,0.250321,lower
L2,sst,0.65,0.6500,0.000000,0.000000,0.749944,upper
L2,sst,0.65,0.6500,0.000008,0.000522,0.732360,upper
L2,sst,0.65,0.6500,0.000034,0.001072,0.711878,upper
L2,sst,0.65,0.6500,0.000080,0.001650,0.687858,upper
L2,sst,0.65,0.6500,0.000151,0.002259,0.660233,upper
L2,sst,0.65,0.6500,0.000248,0.002897,0.628616,upper
L2,sst,0.65,0.6500,0.000377,0.003566,0.592725,upper
L2,sst,0.65,0.6500,0.000541,0.004266,0.552266,upper
L2,sst,0.65,0.6500,0.000745,0.004995,0.507002,upper
L2,sst,0.65,0.6500,0.000993,0.005755,0.456752,upper
L2,sst,0.65,0.6500,0.001290,0.006543,0.401423,upper
L2,sst,0.65,0.6500,0.001641,0.007359,0.341024,upper
L2,sst,0.65,0.6500,0.002052,0.008200,0.275695,upper
L2,sst,0.65,0.6500,0.002527,0.009065,0.205717,upper
L2,sst,0.65,0.6500,0.003073,0.009951,0.131529,upper
L2,sst,0.65,0.6500,0.003694,0.010854,0.053729,upper
L2,sst,0.65,0.6500,0.004395,0.011772,-0.026936,upper
L2,sst,0.65,0.6500,0.005182,0.012701,-0.109592,upper
L2,sst,0.65,0.6500,0.006058,0.013638,-0.193269,upper
L2,sst,0.65,0.6500,0.007029,0.014577,-0.276950,upper
L2,sst,0.65,0.6500,0.008099,0.015516,-0.359617,upper
L2,sst,0.65,0.6500,0.009271,0.016451,-0.440292,upper
L2,sst,0.65,0.6500,0.010549,0.017378,-0.518071,upper
L2,sst,0.65,0.6500,0.011936,0.018294,-0.592172,upper
L2,sst,0.65,0.6500,0.013436,0.019195,-0.661976,upper
L2,sst,0.65,0.6500,0.015052,0.020080,-0.726999,upper
L2,sst,0.65,0.6500,0.016786,0.020946,-0.786869,upper
L2,sst,0.65,0.6500,0.018643,0.021791,-0.841397,upper
L2,sst,0.65,0.6500,0.020625,0.022613,-0.890554,upper
L2,sst,0.65,0.6500,0.022735,0.023413,-0.934389,upper
L2,sst,0.65,0.6500,0.024979,0.024190,-0.973027,upper
L2,sst,0.65,0.6500,0.027358,0.024943,-1.006662,upper
L2,sst,0.65,0.6500,0.029878,0.025674,-1.035510,upper
L2,sst,0.65,0.6500,0.032543,0.026382,-1.059813,upper
L2,sst,0.65,0.6500,0.035358,0.027068,-1.079829,upper
L2,sst,0.65,0.6500,0.038327,0.027735,-1.095825,upper
L2,sst,0.65,0.6500,0.041456,0.028383,-1.108068,upper
L2,sst,0.65,0.6500,0.044751,0.029015,-1.116820,upper
L2,sst,0.65,0.6500,0.048218,0.029633,-1.122341,upper
L2,sst,0.65,0.6500,0.051862,0.030238,-1.124881,upper
L2,sst,0.65,0.6500,0.055691,0.030834,-1.124689,upper
L2,sst,0.65,0.6500,0.059710,0.031422,-1.122015,upper
L2,sst,0.65,0.6500,0.063928,0.032006,-1.117106,upper
L2,sst,0.65,0.6500,0.068352,0.032587,-1.110221,upper
L2,sst,0.65,0.6500,0.072988,0.033168,-1.101622,upper
L2,sst,0.65,0.6500,0.077844,0.033751,-1.091569,upper
L2,sst,0.65,0.6500,0.082928,0.034338,-1.080323,upper
L2,sst,0.65,0.6500,0.088248,0.034931,-1.068155,upper
L2,sst,0.65,0.6500,0.093813,0.035530,-1.055334,upper
L2,sst,0.65,0.6500,0.099629,0.036137,-1.042133,upper
L2,sst,0.65,0.6500,0.105705,0.036752,-1.028841,upper
L2,sst,0.65,0.6500,0.112049,0.037375,-1.015691,upper
L2,sst,0.65,0.6500,0.118669,0.038006,-1.002939,upper
L2,sst,0.65,0.6500,0.125573,0.038642,-0.990840,upper
L2,sst,0.65,0.6500,0.132769,0.039282,-0.979484,upper
L2,sst,0.65,0.6500,0.140263,0.039924,-0.968921,upper
L2,sst,0.65,0.6500,0.148064,0.040566,-0.958947,upper
L2,sst,0.65,0.6500,0.156179,0.041204,-0.948946,upper
L2,sst,0.65,0.6500,0.164613,0.041835,-0.937114,upper
L2,sst,0.65,0.6500,0.173373,0.042456,-0.918166,upper
L2,sst,0.65,0.6500,0.182464,0.043064,-0.881959,upper
L2,sst,0.65,0.6500,0.191890,0.043654,-0.822346,upper
L2,sst,0.65,0.6500,0.201657,0.044225,-0.746633,upper
L2,sst,0.65,0.6500,0.211767,0.044773,-0.676135,upper
L2,sst,0.65,0.6500,0.222222,0.045296,-0.632500,upper
L2,sst,0.65,0.6500,0.233025,0.045792,-0.618173,upper
L2,sst,0.65,0.6500,0.244175,0.046258,-0.622212,upper
L2,sst,0.65,0.6500,0.255672,0.046694,-0.633363,upper
L2,sst,0.65,0.6500,0.267515,0.047098,-0.644628,upper
L2,sst,0.65,0.6500,0.279701,0.047468,-0.654094,upper
L2,sst,0.65,0.6500,0.292227,0.047803,-0.661564,upper
L2,sst,0.65,0.6500,0.305086,0.048100,-0.667462,upper
L2,sst,0.65,0.6500,0.318273,0.048357,-0.672279,upper
L2,sst,0.65,0.6500,0.331780,0.048569,-0.676744,upper
L2,sst,0.65,0.6500,0.345598,0.048733,-0.681814,upper
L2,sst,0.65,0.6500,0.359716,0.048843,-0.688219,upper
L2,sst,0.65,0.6500,0.374124,0.048893,-0.696440,upper
L2,sst,0.65,0.6500,0.388807,0.048878,-0.706498,upper
L2,sst,0.65,0.6500,0.403750,0.048790,-0.717598,upper
L2,sst,0.65,0.6500,0.418939,0.048624,-0.727451,upper
L2,sst,0.65,0.6500,0.434356,0.048373,-0.730072,upper
L2,sst,0.65,0.6500,0.449981,0.048033,-0.703514,upper
L2,sst,0.65,0.6500,0.465797,0.047599,-0.605401,upper
L2,sst,0.65,0.6500,0.481780,0.047071,-0.444881,upper
L2,sst,0.65,0.6500,0.497911,0.046447,-0.306661,upper
L2,sst,0.65,0.6500,0.514167,0.045730,-0.234138,upper
L2,sst,0.65,0.6500,0.530524,0.044922,-0.202027,upper
L2,sst,0.65,0.6500,0.546959,0.044030,-0.182984,upper
L2,sst,0.65,0.6500,0.563448,0.043058,-0.168246,upper
L2,sst,0.65,0.6500,0.579967,0.042016,-0.158936,upper
L2,sst,0.65,0.6500,0.596493,0.040910,-0.154843,upper
L2,sst,0.65,0.6500,0.613000,0.039748,-0.152003,upper
L2,sst,0.65,0.6500,0.629465,0.038539,-0.145029,upper
L2,sst,0.65,0.6500,0.645864,0.037290,-0.133058,upper
L2,sst,0.65,0.6500,0.662174,0.036007,-0.118247,upper
L2,sst,0.65,0.6500,0.678372,0.034695,-0.101932,upper
L2,sst,0.65,0.6500,0.694435,0.033360,-0.085692,upper
L2,sst,0.65,0.6500,0.710341,0.032005,-0.073344,upper
L2,sst,0.65,0.6500,0.726071,0.030634,-0.067370,upper
L2,sst,0.65,0.6500,0.741604,0.029247,-0.062683,upper
L2,sst,0.65,0.6500,0.756920,0.027848,-0.051407,upper
L2,sst,0.65,0.6500,0.772003,0.026438,-0.033551,upper
L2,sst,0.65,0.6500,0.786835,0.025019,-0.015356,upper
L2,sst,0.65,0.6500,0.801401,0.023592,-0.001681,upper
L2,sst,0.65,0.6500,0.815688,0.022159,0.008479,upper
L2,sst,0.65,0.6500,0.829682,0.020722,0.020321,upper
L2,sst,0.65,0.6500,0.843373,0.019283,0.034546,upper
L2,sst,0.65,0.6500,0.856750,0.017845,0.048126,upper
L2,sst,0.65,0.6500,0.869805,0.016409,0.060903,upper
L2,sst,0.65,0.6500,0.882530,0.014979,0.074773,upper
L2,sst,0.65,0.6500,0.894920,0.013557,0.092221,upper
L2,sst,0.65,0.6500,0.906971,0.012147,0.112807,upper
L2,sst,0.65,0.6500,0.918679,0.010753,0.131323,upper
L2,sst,0.65,0.6500,0.930042,0.009377,0.146011,upper
L2,sst,0.65,0.6500,0.941059,0.008025,0.160561,upper
L2,sst,0.65,0.6500,0.951731,0.006700,0.177306,upper
L2,sst,0.65,0.6500,0.962060,0.005410,0.195470,upper
L2,sst,0.65,0.6500,0.972047,0.004158,0.213040,upper
L2,sst,0.65,0.6500,0.981697,0.002952,0.228548,upper
L2,sst,0.65,0.6500,0.991013,0.001799,0.239797,upper
L2,sst,0.65,0.6500,1.000000,0.000705,0.261842,upper
L2,sst,0.65,0.6500,0.000000,0.000000,0.749944,lower
L2,sst,0.65,0.6500,0.000008,-0.000522,0.766011,lower
L2,sst,0.65,0.6500,0.000034,-0.001072,0.780617,lower
L2,sst,0.65,0.6500,0.000080,-0.001650,0.793421,lower
L2,sst,0.65,0.6500,0.000151,-0.002259,0.804284,lower
L2,sst,0.65,0.6500,0.000248,-0.002897,0.812762,lower
L2,sst,0.65,0.6500,0.000377,-0.003566,0.818456,lower
L2,sst,0.65,0.6500,0.000541,-0.004266,0.820925,lower
L2,sst,0.65,0.6500,0.000745,-0.004995,0.819736,lower
L2,sst,0.65,0.6500,0.000993,-0.005755,0.814460,lower
L2,sst,0.65,0.6500,0.001290,-0.006543,0.804695,lower
L2,sst,0.65,0.6500,0.001641,-0.007359,0.790096,lower
L2,sst,0.65,0.6500,0.002052,-0.008200,0.770401,lower
L2,sst,0.65,0.6500,0.002527,-0.009065,0.745460,lower
L2,sst,0.65,0.6500,0.003073,-0.009951,0.715262,lower
L2,sst,0.65,0.6500,0.003694,-0.010854,0.679958,lower
L2,sst,0.65,0.6500,0.004395,-0.011772,0.639878,lower
L2,sst,0.65,0.6500,0.005182,-0.012701,0.595529,lower
L2,sst,0.65,0.6500,0.006058,-0.013638,0.547594,lower
L2,sst,0.65,0.6500,0.007029,-0.014577,0.496901,lower
L2,sst,0.65,0.6500,0.008099,-0.015516,0.444395,lower
L2,sst,0.65,0.6500,0.009271,-0.016451,0.391090,lower
L2,sst,0.65,0.6500,0.010549,-0.017378,0.338017,lower
L2,sst,0.65,0.6500,0.011936,-0.018294,0.286179,lower
L2,sst,0.65,0.6500,0.013436,-0.019195,0.236499,lower
L2,sst,0.65,0.6500,0.015052,-0.020080,0.189784,lower
L2,sst,0.65,0.6500,0.016786,-0.020946,0.146699,lower
L2,sst,0.65,0.6500,0.018643,-0.021791,0.107740,lower
L2,sst,0.65,0.6500,0.020625,-0.022613,0.073235,lower
L2,sst,0.65,0.6500,0.022735,-0.023413,0.043339,lower
L2,sst,0.65,0.6500,0.024979,-0.024190,0.018050,lower
L2,sst,0.65,0.6500,0.027358,-0.024943,-0.002782,lower
L2,sst,0.65,0.6500,0.029878,-0.025674,-0.019429,lower
L2,sst,0.65,0.6500,0.032543,-0.026382,-0.032260,lower
L2,sst,0.65,0.6500,0.035358,-0.027068,-0.041718,lower
L2,sst,0.65,0.6500,0.038327,-0.027735,-0.048284,lower
L2,sst,0.65,0.6500,0.041456,-0.028383,-0.052459,lower
L2,sst,0.65,0.6500,0.044751,-0.029015,-0.054737,lower
L2,sst,0.65,0.6500,0.048218,-0.029633,-0.055591,lower
L2,sst,0.65,0.6500,0.051862,-0.030238,-0.055456,lower
L2,sst,0.65,0.6500,0.055691,-0.030834,-0.054725,lower
L2,sst,0.65,0.6500,0.059710,-0.031422,-0.053742,lower
L2,sst,0.65,0.6500,0.063928,-0.032006,-0.052805,lower
L2,sst,0.65,0.6500,0.068352,-0.032587,-0.052166,lower
L2,sst,0.65,0.6500,0.072988,-0.033168,-0.052031,lower
L2,sst,0.65,0.6500,0.077844,-0.033751,-0.052567,lower
L2,sst,0.65,0.6500,0.082928,-0.034338,-0.053900,lower
L2,sst,0.65,0.6500,0.088248,-0.034931,-0.056116,lower
L2,sst,0.65,0.6500,0.093813,-0.035530,-0.059270,lower
L2,sst,0.65,0.6500,0.099629,-0.036137,-0.063382,lower
L2,sst,0.65,0.6500,0.105705,-0.036752,-0.068439,lower
L2,sst,0.65,0.6500,0.112049,-0.037375,-0.074402,lower
L2,sst,0.65,0.6500,0.118669,-0.038006,-0.081203,lower
L2,sst,0.65,0.6500,0.125573,-0.038642,-0.088745,lower
L2,sst,0.65,0.6500,0.132769,-0.039282,-0.096915,lower
L2,sst,0.65,0.6500,0.140263,-0.039924,-0.105576,lower
L2,sst,0.65,0.6500,0.148064,-0.040566,-0.114580,lower
L2,sst,0.65,0.6500,0.156179,-0.041204,-0.123774,lower
L2,sst,0.65,0.6500,0.164613,-0.041835,-0.133000,lower
L2,sst,0.65,0.6500,0.173373,-0.042456,-0.142115,lower
L2,sst,0.65,0.6500,0.182464,-0.043064,-0.150992,lower
L2,sst,0.65,0.6500,0.191890,-0.043654,-0.159525,lower
L2,sst,0.65,0.6500,0.201657,-0.044225,-0.167646,lower
L2,sst,0.65,0.6500,0.211767,-0.044773,-0.175325,lower
L2,sst,0.65,0.6500,0.222222,-0.045296,-0.182571,lower
L2,sst,0.65,0.6500,0.233025,-0.045792,-0.189434,lower
L2,sst,0.65,0.6500,0.244175,-0.046258,-0.196002,lower
L2,sst,0.65,0.6500,0.255672,-0.046694,-0.202382,lower
L2,sst,0.65,0.6500,0.267515,-0.047098,-0.208699,lower
L2,sst,0.65,0.6500,0.279701,-0.047468,-0.215080,lower
L2,sst,0.65,0.6500,0.292227,-0.047803,-0.221633,lower
L2,sst,0.65,0.6500,0.305086,-0.048100,-0.228436,lower
L2,sst,0.65,0.6500,0.318273,-0.048357,-0.235521,lower
L2,sst,0.65,0.6500,0.331780,-0.048569,-0.242857,lower
L2,sst,0.65,0.6500,0.345598,-0.048733,-0.250339,lower
L2,sst,0.65,0.6500,0.359716,-0.048843,-0.257787,lower
L2,sst,0.65,0.6500,0.374124,-0.048893,-0.264939,lower
L2,sst,0.65,0.6500,0.388807,-0.048878,-0.271459,lower
L2,sst,0.65,0.6500,0.403750,-0.048790,-0.276959,lower
L2,sst,0.65,0.6500,0.418939,-0.048624,-0.281020,lower
L2,sst,0.65,0.6500,0.434356,-0.048373,-0.283238,lower
L2,sst,0.65,0.6500,0.449981,-0.048033,-0.283278,lower
L2,sst,0.65,0.6500,0.465797,-0.047599,-0.280917,lower
L2,sst,0.65,0.6500,0.481780,-0.047071,-0.276067,lower
L2,sst,0.65,0.6500,0.497911,-0.046447,-0.268817,lower
L2,sst,0.65,0.6500,0.514167,-0.045730,-0.259399,lower
L2,sst,0.65,0.6500,0.530524,-0.044922,-0.248144,lower
L2,sst,0.65,0.6500,0.546959,-0.044030,-0.235470,lower
L2,sst,0.65,0.6500,0.563448,-0.043058,-0.221805,lower
L2,sst,0.65,0.6500,0.579967,-0.042016,-0.207509,lower
L2,sst,0.65,0.6500,0.596493,-0.040910,-0.192840,lower
L2,sst,0.65,0.6500,0.613000,-0.039748,-0.178021,lower
L2,sst,0.65,0.6500,0.629465,-0.038539,-0.163280,lower
L2,sst,0.65,0.6500,0.645864,-0.037290,-0.148972,lower
L2,sst,0.65,0.6500,0.662174,-0.036007,-0.135564,lower
L2,sst,0.65,0.6500,0.678372,-0.034695,-0.123213,lower
L2,sst,0.65,0.6500,0.694435,-0.033360,-0.111767,lower
L2,sst,0.65,0.6500,0.710341,-0.032005,-0.100792,lower
L2,sst,0.65,0.6500,0.726071,-0.030634,-0.089660,lower
L2,sst,0.65,0.6500,0.741604,-0.029247,-0.078151,lower
L2,sst,0.65,0.6500,0.756920,-0.027848,-0.066274,lower
L2,sst,0.65,0.6500,0.772003,-0.026438,-0.054180,lower
L2,sst,0.65,0.6500,0.786835,-0.025019,-0.042255,lower
L2,sst,0.65,0.6500,0.801401,-0.023592,-0.030587,lower
L2,sst,0.65,0.6500,0.815688,-0.022159,-0.019192,lower
L2,sst,0.65,0.6500,0.829682,-0.020722,-0.007868,lower
L2,sst,0.65,0.6500,0.843373,-0.019283,0.004012,lower
L2,sst,0.65,0.6500,0.856750,-0.017845,0.016897,lower
L2,sst,0.65,0.6500,0.869805,-0.016409,0.031201,lower
L2,sst,0.65,0.6500,0.882530,-0.014979,0.046925,lower
L2,sst,0.65,0.6500,0.894920,-0.013557,0.063598,lower
L2,sst,0.65,0.6500,0.906971,-0.012147,0.080815,lower
L2,sst,0.65,0.6500,0.918679,-0.010753,0.098188,lower
L2,sst,0.65,0.6500,0.930042,-0.009377,0.115641,lower
L2,sst,0.65,0.6500,0.941059,-0.008025,0.133312,lower
L2,sst,0.65,0.6500,0.951731,-0.006700,0.151469,lower
L2,sst,0.65,0.6500,0.962060,-0.005410,0.170363,lower
L2,sst,0.65,0.6500,0.972047,-0.004158,0.189974,lower
L2,sst,0.65,0.6500,0.981697,-0.002952,0.209718,lower
L2,sst,0.65,0.6500,0.991013,-0.001799,0.226019,lower
L2,sst,0.65,0.6500,1.000000,-0.000705,0.255958,lower
L2,sst,0.80,0.8000,0.000000,0.000000,0.738078,upper
L2,sst,0.80,0.8000,0.000008,0.000522,0.720166,upper
L2,sst,0.80,0.8000,0.000034,0.001072,0.699347,upper
L2,sst,0.80,0.8000,0.000080,0.001650,0.674977,upper
L2,sst,0.80,0.8000,0.000151,0.002259,0.646991,upper
L2,sst,0.80,0.8000,0.000249,0.002897,0.615003,upper
L2,sst,0.80,0.8000,0.000377,0.003566,0.578734,upper
L2,sst,0.80,0.8000,0.000541,0.004266,0.537893,upper
L2,sst,0.80,0.8000,0.000745,0.004995,0.492246,upper
L2,sst,0.80,0.8000,0.000993,0.005755,0.441619,upper
L2,sst,0.80,0.8000,0.001290,0.006543,0.385922,upper
L2,sst,0.80,0.8000,0.001641,0.007359,0.325170,upper
L2,sst,0.80,0.8000,0.002052,0.008200,0.259508,upper
L2,sst,0.80,0.8000,0.002527,0.009065,0.189225,upper
L2,sst,0.80,0.8000,0.003073,0.009951,0.114763,upper
L2,sst,0.80,0.8000,0.003694,0.010854,0.036724,upper
L2,sst,0.80,0.8000,0.004395,0.011772,-0.044142,upper
L2,sst,0.80,0.8000,0.005182,0.012701,-0.126957,upper
L2,sst,0.80,0.8000,0.006058,0.013638,-0.210754,upper
L2,sst,0.80,0.8000,0.007029,0.014577,-0.294513,upper
L2,sst,0.80,0.8000,0.008099,0.015516,-0.377218,upper
L2,sst,0.80,0.8000,0.009271,0.016451,-0.457894,upper
L2,sst,0.80,0.8000,0.010549,0.017378,-0.535646,upper
L2,sst,0.80,0.8000,0.011936,0.018294,-0.609702,upper
L2,sst,0.80,0.8000,0.013436,0.019195,-0.679442,upper
L2,sst,0.80,0.8000,0.015052,0.020080,-0.744387,upper
L2,sst,0.80,0.8000,0.016786,0.020946,-0.804193,upper
L2,sst,0.80,0.8000,0.018643,0.021791,-0.858689,upper
L2,sst,0.80,0.8000,0.020625,0.022613,-0.907842,upper
L2,sst,0.80,0.8000,0.022735,0.023413,-0.951700,upper
L2,sst,0.80,0.8000,0.024979,0.024190,-0.990387,upper
L2,sst,0.80,0.8000,0.027358,0.024943,-1.024097,upper
L2,sst,0.80,0.8000,0.029878,0.025674,-1.053059,upper
L2,sst,0.80,0.8000,0.032543,0.026382,-1.077521,upper
L2,sst,0.80,0.8000,0.035358,0.027068,-1.097749,upper
L2,sst,0.80,0.8000,0.038327,0.027735,-1.114016,upper
L2,sst,0.80,0.8000,0.041456,0.028383,-1.126590,upper
L2,sst,0.80,0.8000,0.044751,0.029015,-1.135734,upper
L2,sst,0.80,0.8000,0.048218,0.029633,-1.141706,upper
L2,sst,0.80,0.8000,0.051862,0.030238,-1.144760,upper
L2,sst,0.80,0.8000,0.055691,0.030834,-1.145145,upper
L2,sst,0.80,0.8000,0.059711,0.031422,-1.143114,upper
L2,sst,0.80,0.8000,0.063928,0.032006,-1.138922,upper
L2,sst,0.80,0.8000,0.068352,0.032587,-1.132826,upper
L2,sst,0.80,0.8000,0.072988,0.033168,-1.125093,upper
L2,sst,0.80,0.8000,0.077844,0.033751,-1.115997,upper
L2,sst,0.80,0.8000,0.082928,0.034338,-1.105809,upper
L2,sst,0.80,0.8000,0.088248,0.034931,-1.094802,upper
L2,sst,0.80,0.8000,0.093813,0.035530,-1.083244,upper
L2,sst,0.80,0.8000,0.099629,0.036137,-1.071416,upper
L2,sst,0.80,0.8000,0.105705,0.036752,-1.059584,upper
L2,sst,0.80,0.8000,0.112049,0.037375,-1.047993,upper
L2,sst,0.80,0.8000,0.118669,0.038006,-1.036859,upper
L2,sst,0.80,0.8000,0.125573,0.038642,-1.026349,upper
L2,sst,0.80,0.8000,0.132769,0.039282,-1.016619,upper
L2,sst,0.80,0.8000,0.140263,0.039924,-1.007765,upper
L2,sst,0.80,0.8000,0.148065,0.040566,-0.999844,upper
L2,sst,0.80,0.8000,0.156179,0.041204,-0.992864,upper
L2,sst,0.80,0.8000,0.164613,0.041835,-0.986766,upper
L2,sst,0.80,0.8000,0.173373,0.042456,-0.981475,upper
L2,sst,0.80,0.8000,0.182464,0.043064,-0.976865,upper
L2,sst,0.80,0.8000,0.191890,0.043654,-0.972817,upper
L2,sst,0.80,0.8000,0.201657,0.044225,-0.969250,upper
L2,sst,0.80,0.8000,0.211767,0.044773,-0.966128,upper
L2,sst,0.80,0.8000,0.222222,0.045296,-0.963074,upper
L2,sst,0.80,0.8000,0.233025,0.045792,-0.959119,upper
L2,sst,0.80,0.8000,0.244175,0.046258,-0.952547,upper
L2,sst,0.80,0.8000,0.255672,0.046694,-0.938234,upper
L2,sst,0.80,0.8000,0.267515,0.047098,-0.905529,upper
L2,sst,0.80,0.8000,0.279701,0.047468,-0.845309,upper
L2,sst,0.80,0.8000,0.292227,0.047803,-0.767970,upper
L2,sst,0.80,0.8000,0.305086,0.048100,-0.703703,upper
L2,sst,0.80,0.8000,0.318273,0.048357,-0.669945,upper
L2,sst,0.80,0.8000,0.331780,0.048569,-0.655395,upper
L2,sst,0.80,0.8000,0.345598,0.048733,-0.634473,upper
L2,sst,0.80,0.8000,0.359716,0.048843,-0.580373,upper
L2,sst,0.80,0.8000,0.374124,0.048893,-0.482748,upper
L2,sst,0.80,0.8000,0.388807,0.048878,-0.368671,upper
L2,sst,0.80,0.8000,0.403751,0.048790,-0.279550,upper
L2,sst,0.80,0.8000,0.418939,0.048624,-0.230535,upper
L2,sst,0.80,0.8000,0.434356,0.048373,-0.211745,upper
L2,sst,0.80,0.8000,0.449981,0.048033,-0.206535,upper
L2,sst,0.80,0.8000,0.465797,0.047599,-0.204485,upper
L2,sst,0.80,0.8000,0.481780,0.047071,-0.202769,upper
L2,sst,0.80,0.8000,0.497911,0.046447,-0.199979,upper
L2,sst,0.80,0.8000,0.514166,0.045730,-0.195493,upper
L2,sst,0.80,0.8000,0.530524,0.044922,-0.192023,upper
L2,sst,0.80,0.8000,0.546959,0.044030,-0.192467,upper
L2,sst,0.80,0.8000,0.563448,0.043058,-0.194147,upper
L2,sst,0.80,0.8000,0.579967,0.042016,-0.189512,upper
L2,sst,0.80,0.8000,0.596493,0.040910,-0.173242,upper
L2,sst,0.80,0.8000,0.613000,0.039748,-0.149588,upper
L2,sst,0.80,0.8000,0.629465,0.038539,-0.127072,upper
L2,sst,0.80,0.8000,0.645864,0.037290,-0.112004,upper
L2,sst,0.80,0.8000,0.662174,0.036007,-0.106879,upper
L2,sst,0.80,0.8000,0.678372,0.034695,-0.105282,upper
L2,sst,0.80,0.8000,0.694435,0.033360,-0.096100,upper
L2,sst,0.80,0.8000,0.710341,0.032005,-0.076774,upper
L2,sst,0.80,0.8000,0.726071,0.030634,-0.055170,upper
L2,sst,0.80,0.8000,0.741604,0.029247,-0.042082,upper
L2,sst,0.80,0.8000,0.756920,0.027848,-0.039216,upper
L2,sst,0.80,0.8000,0.772003,0.026438,-0.035892,upper
L2,sst,0.80,0.8000,0.786835,0.025019,-0.022228,upper
L2,sst,0.80,0.8000,0.801401,0.023592,-0.000435,upper
L2,sst,0.80,0.8000,0.815688,0.022159,0.016601,upper
L2,sst,0.80,0.8000,0.829682,0.020722,0.021912,upper
L2,sst,0.80,0.8000,0.843373,0.019283,0.024616,upper
L2,sst,0.80,0.8000,0.856750,0.017845,0.035892,upper
L2,sst,0.80,0.8000,0.869805,0.016409,0.056835,upper
L2,sst,0.80,0.8000,0.882530,0.014979,0.081162,upper
L2,sst,0.80,0.8000,0.894920,0.013557,0.099669,upper
L2,sst,0.80,0.8000,0.906971,0.012147,0.109571,upper
L2,sst,0.80,0.8000,0.918679,0.010753,0.119845,upper
L2,sst,0.80,0.8000,0.930042,0.009377,0.137392,upper
L2,sst,0.80,0.8000,0.941059,0.008025,0.157148,upper
L2,sst,0.80,0.8000,0.951731,0.006700,0.174495,upper
L2,sst,0.80,0.8000,0.962060,0.005410,0.190950,upper
L2,sst,0.80,0.8000,0.972047,0.004158,0.207356,upper
L2,sst,0.80,0.8000,0.981697,0.002952,0.224366,upper
L2,sst,0.80,0.8000,0.991013,0.001799,0.239244,upper
L2,sst,0.80,0.8000,1.000000,0.000705,0.263198,upper
L2,sst,0.80,0.8000,0.000000,0.000000,0.738078,lower
L2,sst,0.80,0.8000,0.000008,-0.000522,0.754474,lower
L2,sst,0.80,0.8000,0.000034,-0.001072,0.769427,lower
L2,sst,0.80,0.8000,0.000080,-0.001650,0.782597,lower
L2,sst,0.80,0.8000,0.000151,-0.002259,0.793845,lower
L2,sst,0.80,0.8000,0.000249,-0.002897,0.802725,lower
L2,sst,0.80,0.8000,0.000377,-0.003566,0.808838,lower
L2,sst,0.80,0.8000,0.000541,-0.004266,0.811740,lower
L2,sst,0.80,0.8000,0.000745,-0.004995,0.810993,lower
L2,sst,0.80,0.8000,0.000993,-0.005755,0.806167,lower
L2,sst,0.80,0.8000,0.001290,-0.006543,0.796855,lower
L2,sst,0.80,0.8000,0.001641,-0.007359,0.782707,lower
L2,sst,0.80,0.8000,0.002052,-0.008200,0.763453,lower
L2,sst,0.80,0.8000,0.002527,-0.009065,0.738938,lower
L2,sst,0.80,0.8000,0.003073,-0.009951,0.709143,lower
L2,sst,0.80,0.8000,0.003694,-0.010854,0.674210,lower
L2,sst,0.80,0.8000,0.004395,-0.011772,0.634461,lower
L2,sst,0.80,0.8000,0.005182,-0.012701,0.590397,lower
L2,sst,0.80,0.8000,0.006058,-0.013638,0.542692,lower
L2,sst,0.80,0.8000,0.007029,-0.014577,0.492170,lower
L2,sst,0.80,0.8000,0.008099,-0.015516,0.439769,lower
L2,sst,0.80,0.8000,0.009271,-0.016451,0.386501,lower
L2,sst,0.80,0.8000,0.010549,-0.017378,0.333394,lower
L2,sst,0.80,0.8000,0.011936,-0.018294,0.281449,lower
L2,sst,0.80,0.8000,0.013436,-0.019195,0.231591,lower
L2,sst,0.80,0.8000,0.015052,-0.020080,0.184628,lower
L2,sst,0.80,0.8000,0.016786,-0.020946,0.141227,lower
L2,sst,0.80,0.8000,0.018643,-0.021791,0.101892,lower
L2,sst,0.80,0.8000,0.020625,-0.022613,0.066954,lower
L2,sst,0.80,0.8000,0.022735,-0.023413,0.036578,lower
L2,sst,0.80,0.8000,0.024979,-0.024190,0.010769,lower
L2,sst,0.80,0.8000,0.027358,-0.024943,-0.010612,lower
L2,sst,0.80,0.8000,0.029878,-0.025674,-0.027830,lower
L2,sst,0.80,0.8000,0.032543,-0.026382,-0.041244,lower
L2,sst,0.80,0.8000,0.035358,-0.027068,-0.051288,lower
L2,sst,0.80,0.8000,0.038327,-0.027735,-0.058434,lower
L2,sst,0.80,0.8000,0.041456,-0.028383,-0.063178,lower
L2,sst,0.80,0.8000,0.044751,-0.029015,-0.066010,lower
L2,sst,0.80,0.8000,0.048218,-0.029633,-0.067400,lower
L2,sst,0.80,0.8000,0.051862,-0.030238,-0.067786,lower
L2,sst,0.80,0.8000,0.055691,-0.030834,-0.067563,lower
L2,sst,0.80,0.8000,0.059711,-0.031422,-0.067080,lower
L2,sst,0.80,0.8000,0.063928,-0.032006,-0.066635,lower
L2,sst,0.80,0.8000,0.068352,-0.032587,-0.066482,lower
L2,sst,0.80,0.8000,0.072988,-0.033168,-0.066832,lower
L2,sst,0.80,0.8000,0.077844,-0.033751,-0.067853,lower
L2,sst,0.80,0.8000,0.082928,-0.034338,-0.069676,lower
L2,sst,0.80,0.8000,0.088248,-0.034931,-0.072392,lower
L2,sst,0.80,0.8000,0.093813,-0.035530,-0.076057,lower
L2,sst,0.80,0.8000,0.099629,-0.036137,-0.080695,lower
L2,sst,0.80,0.8000,0.105705,-0.036752,-0.086297,lower
L2,sst,0.80,0.8000,0.112049,-0.037375,-0.092827,lower
L2,sst,0.80,0.8000,0.118669,-0.038006,-0.100217,lower
L2,sst,0.80,0.8000,0.125573,-0.038642,-0.108375,lower
L2,sst,0.80,0.8000,0.132769,-0.039282,-0.117187,lower
L2,sst,0.80,0.8000,0.140263,-0.039924,-0.126518,lower
L2,sst,0.80,0.8000,0.148065,-0.040566,-0.136220,lower
L2,sst,0.80,0.8000,0.156179,-0.041204,-0.146136,lower
L2,sst,0.80,0.8000,0.164613,-0.041835,-0.156107,lower
L2,sst,0.80,0.8000,0.173373,-0.042456,-0.165985,lower
L2,sst,0.80,0.8000,0.182464,-0.043064,-0.175637,lower
L2,sst,0.80,0.8000,0.191890,-0.043654,-0.184949,lower
L2,sst,0.80,0.8000,0.201657,-0.044225,-0.193844,lower
L2,sst,0.80,0.8000,0.211767,-0.044773,-0.202278,lower
L2,sst,0.80,0.8000,0.222222,-0.045296,-0.210246,lower
L2,sst,0.80,0.8000,0.233025,-0.045792,-0.217781,lower
L2,sst,0.80,0.8000,0.244175,-0.046258,-0.224947,lower
L2,sst,0.80,0.8000,0.255672,-0.046694,-0.231828,lower
L2,sst,0.80,0.8000,0.267515,-0.047098,-0.238518,lower
L2,sst,0.80,0.8000,0.279701,-0.047468,-0.245108,lower
L2,sst,0.80,0.8000,0.292227,-0.047803,-0.251662,lower
L2,sst,0.80,0.8000,0.305086,-0.048100,-0.258209,lower
L2,sst,0.80,0.8000,0.318273,-0.048357,-0.264723,lower
L2,sst,0.80,0.8000,0.331780,-0.048569,-0.271111,lower
L2,sst,0.80,0.8000,0.345598,-0.048733,-0.277206,lower
L2,sst,0.80,0.8000,0.359716,-0.048843,-0.282766,lower
L2,sst,0.80,0.8000,0.374124,-0.048893,-0.287487,lower
L2,sst,0.80,0.8000,0.388807,-0.048878,-0.291025,lower
L2,sst,0.80,0.8000,0.403751,-0.048790,-0.293026,lower
L2,sst,0.80,0.8000,0.418939,-0.048624,-0.293159,lower
L2,sst,0.80,0.8000,0.434356,-0.048373,-0.291180,lower
L2,sst,0.80,0.8000,0.449981,-0.048033,-0.286949,lower
L2,sst,0.80,0.8000,0.465797,-0.047599,-0.280463,lower
L2,sst,0.80,0.8000,0.481780,-0.047071,-0.271849,lower
L2,sst,0.80,0.8000,0.497911,-0.046447,-0.261323,lower
L2,sst,0.80,0.8000,0.514166,-0.045730,-0.249152,lower
L2,sst,0.80,0.8000,0.530524,-0.044922,-0.235591,lower
L2,sst,0.80,0.8000,0.546959,-0.044030,-0.220981,lower
L2,sst,0.80,0.8000,0.563448,-0.043058,-0.205709,lower
L2,sst,0.80,0.8000,0.579967,-0.042016,-0.190246,lower
L2,sst,0.80,0.8000,0.596493,-0.040910,-0.175147,lower
L2,sst,0.80,0.8000,0.613000,-0.039748,-0.160602,lower
L2,sst,0.80,0.8000,0.629465,-0.038539,-0.146655,lower
L2,sst,0.80,0.8000,0.645864,-0.037290,-0.133170,lower
L2,sst,0.80,0.8000,0.662174,-0.036007,-0.119982,lower
L2,sst,0.80,0.8000,0.678372,-0.034695,-0.107454,lower
L2,sst,0.80,0.8000,0.694435,-0.033360,-0.095894,lower
L2,sst,0.80,0.8000,0.710341,-0.032005,-0.085345,lower
L2,sst,0.80,0.8000,0.726071,-0.030634,-0.075345,lower
L2,sst,0.80,0.8000,0.741604,-0.029247,-0.065026,lower
L2,sst,0.80,0.8000,0.756920,-0.027848,-0.053890,lower
L2,sst,0.80,0.8000,0.772003,-0.026438,-0.041989,lower
L2,sst,0.80,0.8000,0.786835,-0.025019,-0.030089,lower
L2,sst,0.80,0.8000,0.801401,-0.023592,-0.018844,lower
L2,sst,0.80,0.8000,0.815688,-0.022159,-0.008074,lower
L2,sst,0.80,0.8000,0.829682,-0.020722,0.002636,lower
L2,sst,0.80,0.8000,0.843373,-0.019283,0.013953,lower
L2,sst,0.80,0.8000,0.856750,-0.017845,0.026345,lower
L2,sst,0.80,0.8000,0.869805,-0.016409,0.039456,lower
L2,sst,0.80,0.8000,0.882530,-0.014979,0.053364,lower
L2,sst,0.80,0.8000,0.894920,-0.013557,0.068490,lower
L2,sst,0.80,0.8000,0.906971,-0.012147,0.084626,lower
L2,sst,0.80,0.8000,0.918679,-0.010753,0.101767,lower
L2,sst,0.80,0.8000,0.930042,-0.009377,0.119455,lower
L2,sst,0.80,0.8000,0.941059,-0.008025,0.136777,lower
L2,sst,0.80,0.8000,0.951731,-0.006700,0.154143,lower
L2,sst,0.80,0.8000,0.962060,-0.005410,0.172185,lower
L2,sst,0.80,0.8000,0.972047,-0.004158,0.191172,lower
L2,sst,0.80,0.8000,0.981697,-0.002952,0.210760,lower
L2,sst,0.80,0.8000,0.991013,-0.001799,0.226851,lower
L2,sst,0.80,0.8000,1.000000,-0.000705,0.256977,lower
L2,sst,0.90,0.9000,0.000000,0.000000,0.721654,upper
L2,sst,0.90,0.9000,0.000008,0.000522,0.703932,upper
L2,sst,0.90,0.9000,0.000034,0.001072,0.683307,upper
L2,sst,0.90,0.9000,0.000080,0.001650,0.659136,upper
L2,sst,0.90,0.9000,0.000151,0.002259,0.631354,upper
L2,sst,0.90,0.9000,0.000249,0.002897,0.599572,upper
L2,sst,0.90,0.9000,0.000377,0.003566,0.563513,upper
L2,sst,0.90,0.9000,0.000541,0.004266,0.522885,upper
L2,sst,0.90,0.9000,0.000745,0.004995,0.477453,upper
L2,sst,0.90,0.9000,0.000993,0.005755,0.427040,upper
L2,sst,0.90,0.9000,0.001290,0.006543,0.371558,upper
L2,sst,0.90,0.9000,0.001641,0.007359,0.311023,upper
L2,sst,0.90,0.9000,0.002052,0.008200,0.245577,upper
L2,sst,0.90,0.9000,0.002527,0.009065,0.175509,upper
L2,sst,0.90,0.9000,0.003073,0.009951,0.101260,upper
L2,sst,0.90,0.9000,0.003694,0.010854,0.023431,upper
L2,sst,0.90,0.9000,0.004395,0.011772,-0.057229,upper
L2,sst,0.90,0.9000,0.005182,0.012701,-0.139843,upper
L2,sst,0.90,0.9000,0.006058,0.013638,-0.223446,upper
L2,sst,0.90,0.9000,0.007029,0.014577,-0.307021,upper
L2,sst,0.90,0.9000,0.008099,0.015516,-0.389553,upper
L2,sst,0.90,0.9000,0.009271,0.016451,-0.470072,upper
L2,sst,0.90,0.9000,0.010549,0.017378,-0.547685,upper
L2,sst,0.90,0.9000,0.011936,0.018294,-0.621621,upper
L2,sst,0.90,0.9000,0.013436,0.019195,-0.691264,upper
L2,sst,0.90,0.9000,0.015052,0.020080,-0.756150,upper
L2,sst,0.90,0.9000,0.016786,0.020946,-0.815940,upper
L2,sst,0.90,0.9000,0.018643,0.021791,-0.870448,upper
L2,sst,0.90,0.9000,0.020625,0.022613,-0.919636,upper
L2,sst,0.90,0.9000,0.022735,0.023413,-0.963561,upper
L2,sst,0.90,0.9000,0.024979,0.024190,-1.002354,upper
L2,sst,0.90,0.9000,0.027358,0.024943,-1.036211,upper
L2,sst,0.90,0.9000,0.029878,0.025674,-1.065370,upper
L2,sst,0.90,0.9000,0.032543,0.026382,-1.090085,upper
L2,sst,0.90,0.9000,0.035358,0.027068,-1.110617,upper
L2,sst,0.90,0.9000,0.038327,0.027735,-1.127232,upper
L2,sst,0.90,0.9000,0.041456,0.028383,-1.140207,upper
L2,sst,0.90,0.9000,0.044751,0.029015,-1.149808,upper
L2,sst,0.90,0.9000,0.048218,0.029633,-1.156300,upper
L2,sst,0.90,0.9000,0.051862,0.030238,-1.159938,upper
L2,sst,0.90,0.9000,0.055691,0.030834,-1.160975,upper
L2,sst,0.90,0.9000,0.059710,0.031422,-1.159669,upper
L2,sst,0.90,0.9000,0.063928,0.032006,-1.156278,upper
L2,sst,0.90,0.9000,0.068352,0.032587,-1.151066,upper
L2,sst,0.90,0.9000,0.072988,0.033168,-1.144296,upper
L2,sst,0.90,0.9000,0.077844,0.033751,-1.136246,upper
L2,sst,0.90,0.9000,0.082928,0.034338,-1.127194,upper
L2,sst,0.90,0.9000,0.088248,0.034931,-1.117417,upper
L2,sst,0.90,0.9000,0.093813,0.035530,-1.107185,upper
L2,sst,0.90,0.9000,0.099629,0.036137,-1.096775,upper
L2,sst,0.90,0.9000,0.105705,0.036752,-1.086457,upper
L2,sst,0.90,0.9000,0.112049,0.037375,-1.076482,upper
L2,sst,0.90,0.9000,0.118669,0.038006,-1.067069,upper
L2,sst,0.90,0.9000,0.125573,0.038642,-1.058403,upper
L2,sst,0.90,0.9000,0.132769,0.039282,-1.050636,upper
L2,sst,0.90,0.9000,0.140263,0.039924,-1.043879,upper
L2,sst,0.90,0.9000,0.148065,0.040566,-1.038204,upper
L2,sst,0.90,0.9000,0.156179,0.041204,-1.033638,upper
L2,sst,0.90,0.9000,0.164613,0.041835,-1.030164,upper
L2,sst,0.90,0.9000,0.173373,0.042456,-1.027740,upper
L2,sst,0.90,0.9000,0.182464,0.043064,-1.026271,upper
L2,sst,0.90,0.9000,0.191890,0.043654,-1.025564,upper
L2,sst,0.90,0.9000,0.201657,0.044225,-1.025528,upper
L2,sst,0.90,0.9000,0.211767,0.044773,-1.026501,upper
L2,sst,0.90,0.9000,0.222222,0.045296,-1.027622,upper
L2,sst,0.90,0.9000,0.233025,0.045792,-1.024309,upper
L2,sst,0.90,0.9000,0.244175,0.046258,-1.008200,upper
L2,sst,0.90,0.9000,0.255672,0.046694,-0.944518,upper
L2,sst,0.90,0.9000,0.267515,0.047098,-0.780759,upper
L2,sst,0.90,0.9000,0.279701,0.047468,-0.588801,upper
L2,sst,0.90,0.9000,0.292227,0.047803,-0.470776,upper
L2,sst,0.90,0.9000,0.305086,0.048100,-0.396377,upper
L2,sst,0.90,0.9000,0.318273,0.048357,-0.323709,upper
L2,sst,0.90,0.9000,0.331780,0.048569,-0.260894,upper
L2,sst,0.90,0.9000,0.345598,0.048733,-0.215548,upper
L2,sst,0.90,0.9000,0.359717,0.048843,-0.184372,upper
L2,sst,0.90,0.9000,0.374124,0.048893,-0.169485,upper
L2,sst,0.90,0.9000,0.388807,0.048878,-0.168889,upper
L2,sst,0.90,0.9000,0.403751,0.048790,-0.177014,upper
L2,sst,0.90,0.9000,0.418939,0.048624,-0.189121,upper
L2,sst,0.90,0.9000,0.434356,0.048373,-0.201157,upper
L2,sst,0.90,0.9000,0.449981,0.048033,-0.210281,upper
L2,sst,0.90,0.9000,0.465797,0.047599,-0.215389,upper
L2,sst,0.90,0.9000,0.481780,0.047071,-0.216307,upper
L2,sst,0.90,0.9000,0.497911,0.046447,-0.213913,upper
L2,sst,0.90,0.9000,0.514167,0.045730,-0.209217,upper
L2,sst,0.90,0.9000,0.530524,0.044922,-0.202807,upper
L2,sst,0.90,0.9000,0.546959,0.044030,-0.195295,upper
L2,sst,0.90,0.9000,0.563448,0.043058,-0.186167,upper
L2,sst,0.90,0.9000,0.579967,0.042016,-0.175207,upper
L2,sst,0.90,0.9000,0.596493,0.040910,-0.162431,upper
L2,sst,0.90,0.9000,0.613000,0.039748,-0.147094,upper
L2,sst,0.90,0.9000,0.629465,0.038539,-0.130390,upper
L2,sst,0.90,0.9000,0.645864,0.037290,-0.114223,upper
L2,sst,0.90,0.9000,0.662174,0.036007,-0.101591,upper
L2,sst,0.90,0.9000,0.678372,0.034695,-0.096108,upper
L2,sst,0.90,0.9000,0.694435,0.033360,-0.093577,upper
L2,sst,0.90,0.9000,0.710342,0.032005,-0.086677,upper
L2,sst,0.90,0.9000,0.726071,0.030634,-0.070983,upper
L2,sst,0.90,0.9000,0.741604,0.029247,-0.047568,upper
L2,sst,0.90,0.9000,0.756920,0.027848,-0.028875,upper
L2,sst,0.90,0.9000,0.772003,0.026438,-0.023642,upper
L2,sst,0.90,0.9000,0.786835,0.025019,-0.027249,upper
L2,sst,0.90,0.9000,0.801401,0.023592,-0.030440,upper
L2,sst,0.90,0.9000,0.815688,0.022159,-0.020990,upper
L2,sst,0.90,0.9000,0.829682,0.020722,0.002696,upper
L2,sst,0.90,0.9000,0.843373,0.019283,0.027046,upper
L2,sst,0.90,0.9000,0.856750,0.017845,0.043066,upper
L2,sst,0.90,0.9000,0.869805,0.016409,0.050811,upper
L2,sst,0.90,0.9000,0.882530,0.014979,0.056426,upper
L2,sst,0.90,0.9000,0.894920,0.013557,0.068519,upper
L2,sst,0.90,0.9000,0.906971,0.012147,0.088073,upper
L2,sst,0.90,0.9000,0.918679,0.010753,0.108224,upper
L2,sst,0.90,0.9000,0.930042,0.009377,0.124153,upper
L2,sst,0.90,0.9000,0.941059,0.008025,0.138608,upper
L2,sst,0.90,0.9000,0.951731,0.006700,0.155520,upper
L2,sst,0.90,0.9000,0.962060,0.005410,0.174244,upper
L2,sst,0.90,0.9000,0.972047,0.004158,0.193435,upper
L2,sst,0.90,0.9000,0.981697,0.002952,0.211111,upper
L2,sst,0.90,0.9000,0.991012,0.001799,0.222955,upper
L2,sst,0.90,0.9000,1.000000,0.000705,0.245866,upper
L2,sst,0.90,0.9000,0.000000,0.000000,0.721654,lower
L2,sst,0.90,0.9000,0.000008,-0.000522,0.737853,lower
L2,sst,0.90,0.9000,0.000034,-0.001072,0.752593,lower
L2,sst,0.90,0.9000,0.000080,-0.001650,0.765533,lower
L2,sst,0.90,0.9000,0.000151,-0.002259,0.776530,lower
L2,sst,0.90,0.9000,0.000249,-0.002897,0.785140,lower
L2,sst,0.90,0.9000,0.000377,-0.003566,0.790958,lower
L2,sst,0.90,0.9000,0.000541,-0.004266,0.793541,lower
L2,sst,0.90,0.9000,0.000745,-0.004995,0.792449,lower
L2,sst,0.90,0.9000,0.000993,-0.005755,0.787250,lower
L2,sst,0.90,0.9000,0.001290,-0.006543,0.777535,lower
L2,sst,0.90,0.9000,0.001641,-0.007359,0.762951,lower
L2,sst,0.90,0.9000,0.002052,-0.008200,0.743230,lower
L2,sst,0.90,0.9000,0.002527,-0.009065,0.718214,lower
L2,sst,0.90,0.9000,0.003073,-0.009951,0.687882,lower
L2,sst,0.90,0.9000,0.003694,-0.010854,0.652380,lower
L2,sst,0.90,0.9000,0.004395,-0.011772,0.612027,lower
L2,sst,0.90,0.9000,0.005182,-0.012701,0.567324,lower
L2,sst,0.90,0.9000,0.006058,-0.013638,0.518946,lower
L2,sst,0.90,0.9000,0.007029,-0.014577,0.467717,lower
L2,sst,0.90,0.9000,0.008099,-0.015516,0.414577,lower
L2,sst,0.90,0.9000,0.009271,-0.016451,0.360537,lower
L2,sst,0.90,0.9000,0.010549,-0.017378,0.306629,lower
L2,sst,0.90,0.9000,0.011936,-0.018294,0.253853,lower
L2,sst,0.90,0.9000,0.013436,-0.019195,0.203137,lower
L2,sst,0.90,0.9000,0.015052,-0.020080,0.155293,lower
L2,sst,0.90,0.9000,0.016786,-0.020946,0.110991,lower
L2,sst,0.90,0.9000,0.018643,-0.021791,0.070741,lower
L2,sst,0.90,0.9000,0.020625,-0.022613,0.034883,lower
L2,sst,0.90,0.9000,0.022735,-0.023413,0.003590,lower
L2,sst,0.90,0.9000,0.024979,-0.024190,-0.023128,lower
L2,sst,0.90,0.9000,0.027358,-0.024943,-0.045397,lower
L2,sst,0.90,0.9000,0.029878,-0.025674,-0.063472,lower
L2,sst,0.90,0.9000,0.032543,-0.026382,-0.077710,lower
L2,sst,0.90,0.9000,0.035358,-0.027068,-0.088543,lower
L2,sst,0.90,0.9000,0.038327,-0.027735,-0.096449,lower
L2,sst,0.90,0.9000,0.041456,-0.028383,-0.101927,lower
L2,sst,0.90,0.9000,0.044751,-0.029015,-0.105475,lower
L2,sst,0.90,0.9000,0.048218,-0.029633,-0.107570,lower
L2,sst,0.90,0.9000,0.051862,-0.030238,-0.108659,lower
L2,sst,0.90,0.9000,0.055691,-0.030834,-0.109148,lower
L2,sst,0.90,0.9000,0.059710,-0.031422,-0.109395,lower
L2,sst,0.90,0.9000,0.063928,-0.032006,-0.109709,lower
L2,sst,0.90,0.9000,0.068352,-0.032587,-0.110351,lower
L2,sst,0.90,0.9000,0.072988,-0.033168,-0.111539,lower
L2,sst,0.90,0.9000,0.077844,-0.033751,-0.113447,lower
L2,sst,0.90,0.9000,0.082928,-0.034338,-0.116211,lower
L2,sst,0.90,0.9000,0.088248,-0.034931,-0.119924,lower
L2,sst,0.90,0.9000,0.093813,-0.035530,-0.124646,lower
L2,sst,0.90,0.9000,0.099629,-0.036137,-0.130399,lower
L2,sst,0.90,0.9000,0.105705,-0.036752,-0.137172,lower
L2,sst,0.90,0.9000,0.112049,-0.037375,-0.144921,lower
L2,sst,0.90,0.9000,0.118669,-0.038006,-0.153571,lower
L2,sst,0.90,0.9000,0.125573,-0.038642,-0.163013,lower
L2,sst,0.90,0.9000,0.132769,-0.039282,-0.173112,lower
L2,sst,0.90,0.9000,0.140263,-0.039924,-0.183705,lower
L2,sst,0.90,0.9000,0.148065,-0.040566,-0.194608,lower
L2,sst,0.90,0.9000,0.156179,-0.041204,-0.205616,lower
L2,sst,0.90,0.9000,0.164613,-0.041835,-0.216514,lower
L2,sst,0.90,0.9000,0.173373,-0.042456,-0.227087,lower
L2,sst,0.90,0.9000,0.182464,-0.043064,-0.237124,lower
L2,sst,0.90,0.9000,0.191890,-0.043654,-0.246426,lower
L2,sst,0.90,0.9000,0.201657,-0.044225,-0.254827,lower
L2,sst,0.90,0.9000,0.211767,-0.044773,-0.262195,lower
L2,sst,0.90,0.9000,0.222222,-0.045296,-0.268438,lower
L2,sst,0.90,0.9000,0.233025,-0.045792,-0.273520,lower
L2,sst,0.90,0.9000,0.244175,-0.046258,-0.277455,lower
L2,sst,0.90,0.9000,0.255672,-0.046694,-0.280298,lower
L2,sst,0.90,0.9000,0.267515,-0.047098,-0.282151,lower
L2,sst,0.90,0.9000,0.279701,-0.047468,-0.283141,lower
L2,sst,0.90,0.9000,0.292227,-0.047803,-0.283411,lower
L2,sst,0.90,0.9000,0.305086,-0.048100,-0.283094,lower
L2,sst,0.90,0.9000,0.318273,-0.048357,-0.282307,lower
L2,sst,0.90,0.9000,0.331780,-0.048569,-0.281131,lower
L2,sst,0.90,0.9000,0.345598,-0.048733,-0.279602,lower
L2,sst,0.90,0.9000,0.359717,-0.048843,-0.277691,lower
L2,sst,0.90,0.9000,0.374124,-0.048893,-0.275332,lower
L2,sst,0.90,0.9000,0.388807,-0.048878,-0.272398,lower
L2,sst,0.90,0.9000,0.403751,-0.048790,-0.268733,lower
L2,sst,0.90,0.9000,0.418939,-0.048624,-0.264172,lower
L2,sst,0.90,0.9000,0.434356,-0.048373,-0.258543,lower
L2,sst,0.90,0.9000,0.449981,-0.048033,-0.251684,lower
L2,sst,0.90,0.9000,0.465797,-0.047599,-0.243444,lower
L2,sst,0.90,0.9000,0.481780,-0.047071,-0.233836,lower
L2,sst,0.90,0.9000,0.497911,-0.046447,-0.222850,lower
L2,sst,0.90,0.9000,0.514167,-0.045730,-0.210678,lower
L2,sst,0.90,0.9000,0.530524,-0.044922,-0.197655,lower
L2,sst,0.90,0.9000,0.546959,-0.044030,-0.183925,lower
L2,sst,0.90,0.9000,0.563448,-0.043058,-0.170058,lower
L2,sst,0.90,0.9000,0.579967,-0.042016,-0.156399,lower
L2,sst,0.90,0.9000,0.596493,-0.040910,-0.143446,lower
L2,sst,0.90,0.9000,0.613000,-0.039748,-0.131698,lower
L2,sst,0.90,0.9000,0.629465,-0.038539,-0.121016,lower
L2,sst,0.90,0.9000,0.645864,-0.037290,-0.111171,lower
L2,sst,0.90,0.9000,0.662174,-0.036007,-0.100730,lower
L2,sst,0.90,0.9000,0.678372,-0.034695,-0.088880,lower
L2,sst,0.90,0.9000,0.694435,-0.033360,-0.075462,lower
L2,sst,0.90,0.9000,0.710342,-0.032005,-0.061231,lower
L2,sst,0.90,0.9000,0.726071,-0.030634,-0.049135,lower
L2,sst,0.90,0.9000,0.741604,-0.029247,-0.040207,lower
L2,sst,0.90,0.9000,0.756920,-0.027848,-0.034545,lower
L2,sst,0.90,0.9000,0.772003,-0.026438,-0.030795,lower
L2,sst,0.90,0.9000,0.786835,-0.025019,-0.024928,lower
L2,sst,0.90,0.9000,0.801401,-0.023592,-0.015942,lower
L2,sst,0.90,0.9000,0.815688,-0.022159,-0.004393,lower
L2,sst,0.90,0.9000,0.829682,-0.020722,0.008566,lower
L2,sst,0.90,0.9000,0.843373,-0.019283,0.019416,lower
L2,sst,0.90,0.9000,0.856750,-0.017845,0.028371,lower
L2,sst,0.90,0.9000,0.869805,-0.016409,0.037681,lower
L2,sst,0.90,0.9000,0.882530,-0.014979,0.048136,lower
L2,sst,0.90,0.9000,0.894920,-0.013557,0.062802,lower
L2,sst,0.90,0.9000,0.906971,-0.012147,0.080504,lower
L2,sst,0.90,0.9000,0.918679,-0.010753,0.097276,lower
L2,sst,0.90,0.9000,0.930042,-0.009377,0.114010,lower
L2,sst,0.90,0.9000,0.941059,-0.008025,0.129277,lower
L2,sst,0.90,0.9000,0.951731,-0.006700,0.143097,lower
L2,sst,0.90,0.9000,0.962060,-0.005410,0.159814,lower
L2,sst,0.90,0.9000,0.972047,-0.004158,0.178385,lower
L2,sst,0.90,0.9000,0.981697,-0.002952,0.196611,lower
L2,sst,0.90,0.9000,0.991012,-0.001799,0.212676,lower
L2,sst,0.90,0.9000,1.000000,-0.000705,0.242189,lower
L2,sst,0.96,0.9600,0.000000,0.000000,0.681517,upper
L2,sst,0.96,0.9600,0.000008,0.000522,0.664469,upper
L2,sst,0.96,0.9600,0.000034,0.001072,0.644533,upper
L2,sst,0.96,0.9600,0.000080,0.001650,0.621075,upper
L2,sst,0.96,0.9600,0.000151,0.002259,0.594023,upper
L2,sst,0.96,0.9600,0.000249,0.002897,0.562990,upper
L2,sst,0.96,0.9600,0.000377,0.003566,0.527694,upper
L2,sst,0.96,0.9600,0.000541,0.004266,0.487841,upper
L2,sst,0.96,0.9600,0.000745,0.004995,0.443192,upper
L2,sst,0.96,0.9600,0.000993,0.005755,0.393567,upper
L2,sst,0.96,0.9600,0.001290,0.006543,0.338872,upper
L2,sst,0.96,0.9600,0.001641,0.007359,0.279118,upper
L2,sst,0.96,0.9600,0.002052,0.008200,0.214443,upper
L2,sst,0.96,0.9600,0.002527,0.009065,0.145129,upper
L2,sst,0.96,0.9600,0.003073,0.009951,0.071613,upper
L2,sst,0.96,0.9600,0.003694,0.010854,-0.005512,upper
L2,sst,0.96,0.9600,0.004395,0.011772,-0.085503,upper
L2,sst,0.96,0.9600,0.005182,0.012701,-0.167491,upper
L2,sst,0.96,0.9600,0.006058,0.013638,-0.250513,upper
L2,sst,0.96,0.9600,0.007029,0.014577,-0.333562,upper
L2,sst,0.96,0.9600,0.008099,0.015516,-0.415628,upper
L2,sst,0.96,0.9600,0.009271,0.016451,-0.495745,upper
L2,sst,0.96,0.9600,0.010549,0.017378,-0.573029,upper
L2,sst,0.96,0.9600,0.011936,0.018294,-0.646723,upper
L2,sst,0.96,0.9600,0.013436,0.019195,-0.716217,upper
L2,sst,0.96,0.9600,0.015052,0.020080,-0.781032,upper
L2,sst,0.96,0.9600,0.016786,0.020946,-0.840827,upper
L2,sst,0.96,0.9600,0.018643,0.021791,-0.895433,upper
L2,sst,0.96,0.9600,0.020625,0.022613,-0.944823,upper
L2,sst,0.96,0.9600,0.022735,0.023413,-0.989057,upper
L2,sst,0.96,0.9600,0.024979,0.024190,-1.028277,upper
L2,sst,0.96,0.9600,0.027358,0.024943,-1.062692,upper
L2,sst,0.96,0.9600,0.029878,0.025674,-1.092535,upper
L2,sst,0.96,0.9600,0.032543,0.026382,-1.118061,upper
L2,sst,0.96,0.9600,0.035358,0.027068,-1.139543,upper
L2,sst,0.96,0.9600,0.038327,0.027735,-1.157262,upper
L2,sst,0.96,0.9600,0.041456,0.028383,-1.171500,upper
L2,sst,0.96,0.9600,0.044751,0.029015,-1.182537,upper
L2,sst,0.96,0.9600,0.048218,0.029633,-1.190651,upper
L2,sst,0.96,0.9600,0.051862,0.030238,-1.196106,upper
L2,sst,0.96,0.9600,0.055691,0.030834,-1.199160,upper
L2,sst,0.96,0.9600,0.059710,0.031422,-1.200066,upper
L2,sst,0.96,0.9600,0.063928,0.032006,-1.199076,upper
L2,sst,0.96,0.9600,0.068352,0.032587,-1.196435,upper
L2,sst,0.96,0.9600,0.072988,0.033168,-1.192366,upper
L2,sst,0.96,0.9600,0.077844,0.033751,-1.187070,upper
L2,sst,0.96,0.9600,0.082928,0.034338,-1.180720,upper
L2,sst,0.96,0.9600,0.088249,0.034931,-1.173446,upper
L2,sst,0.96,0.9600,0.093813,0.035530,-1.165324,upper
L2,sst,0.96,0.9600,0.099629,0.036137,-1.156380,upper
L2,sst,0.96,0.9600,0.105705,0.036752,-1.146577,upper
L2,sst,0.96,0.9600,0.112049,0.037375,-1.135827,upper
L2,sst,0.96,0.9600,0.118669,0.038006,-1.123971,upper
L2,sst,0.96,0.9600,0.125573,0.038642,-1.110717,upper
L2,sst,0.96,0.9600,0.132769,0.039282,-1.095603,upper
L2,sst,0.96,0.9600,0.140263,0.039924,-1.077888,upper
L2,sst,0.96,0.9600,0.148065,0.040566,-1.056818,upper
L2,sst,0.96,0.9600,0.156179,0.041204,-1.032011,upper
L2,sst,0.96,0.9600,0.164613,0.041835,-1.003686,upper
L2,sst,0.96,0.9600,0.173373,0.042456,-0.972836,upper
L2,sst,0.96,0.9600,0.182464,0.043064,-0.940470,upper
L2,sst,0.96,0.9600,0.191890,0.043654,-0.906941,upper
L2,sst,0.96,0.9600,0.201657,0.044225,-0.868657,upper
L2,sst,0.96,0.9600,0.211767,0.044773,-0.807500,upper
L2,sst,0.96,0.9600,0.222222,0.045296,-0.689274,upper
L2,sst,0.96,0.9600,0.233025,0.045792,-0.533989,upper
L2,sst,0.96,0.9600,0.244175,0.046258,-0.409185,upper
L2,sst,0.96,0.9600,0.255672,0.046694,-0.324684,upper
L2,sst,0.96,0.9600,0.267515,0.047098,-0.267968,upper
L2,sst,0.96,0.9600,0.279701,0.047468,-0.238141,upper
L2,sst,0.96,0.9600,0.292227,0.047803,-0.222789,upper
L2,sst,0.96,0.9600,0.305086,0.048100,-0.215684,upper
L2,sst,0.96,0.9600,0.318273,0.048357,-0.217146,upper
L2,sst,0.96,0.9600,0.331780,0.048569,-0.224476,upper
L2,sst,0.96,0.9600,0.345598,0.048733,-0.232832,upper
L2,sst,0.96,0.9600,0.359717,0.048843,-0.239596,upper
L2,sst,0.96,0.9600,0.374124,0.048893,-0.243001,upper
L2,sst,0.96,0.9600,0.388807,0.048878,-0.243393,upper
L2,sst,0.96,0.9600,0.403751,0.048790,-0.243064,upper
L2,sst,0.96,0.9600,0.418939,0.048624,-0.243981,upper
L2,sst,0.96,0.9600,0.434356,0.048373,-0.247060,upper
L2,sst,0.96,0.9600,0.449981,0.048033,-0.250802,upper
L2,sst,0.96,0.9600,0.465797,0.047599,-0.252120,upper
L2,sst,0.96,0.9600,0.481780,0.047071,-0.249357,upper
L2,sst,0.96,0.9600,0.497911,0.046447,-0.242049,upper
L2,sst,0.96,0.9600,0.514167,0.045730,-0.230865,upper
L2,sst,0.96,0.9600,0.530523,0.044922,-0.217643,upper
L2,sst,0.96,0.9600,0.546959,0.044030,-0.204770,upper
L2,sst,0.96,0.9600,0.563448,0.043058,-0.194476,upper
L2,sst,0.96,0.9600,0.579967,0.042016,-0.187224,upper
L2,sst,0.96,0.9600,0.596493,0.040910,-0.180736,upper
L2,sst,0.96,0.9600,0.613000,0.039748,-0.171303,upper
L2,sst,0.96,0.9600,0.629465,0.038539,-0.157382,upper
L2,sst,0.96,0.9600,0.645864,0.037290,-0.141406,upper
L2,sst,0.96,0.9600,0.662174,0.036007,-0.127917,upper
L2,sst,0.96,0.9600,0.678372,0.034695,-0.119185,upper
L2,sst,0.96,0.9600,0.694435,0.033360,-0.113154,upper
L2,sst,0.96,0.9600,0.710341,0.032005,-0.107011,upper
L2,sst,0.96,0.9600,0.726071,0.030634,-0.099310,upper
L2,sst,0.96,0.9600,0.741604,0.029247,-0.091245,upper
L2,sst,0.96,0.9600,0.756920,0.027848,-0.085289,upper
L2,sst,0.96,0.9600,0.772003,0.026438,-0.079437,upper
L2,sst,0.96,0.9600,0.786835,0.025019,-0.071363,upper
L2,sst,0.96,0.9600,0.801401,0.023592,-0.060257,upper
L2,sst,0.96,0.9600,0.815688,0.022159,-0.047957,upper
L2,sst,0.96,0.9600,0.829682,0.020722,-0.039726,upper
L2,sst,0.96,0.9600,0.843373,0.019283,-0.033686,upper
L2,sst,0.96,0.9600,0.856750,0.017845,-0.026080,upper
L2,sst,0.96,0.9600,0.869805,0.016409,-0.013543,upper
L2,sst,0.96,0.9600,0.882530,0.014979,0.007172,upper
L2,sst,0.96,0.9600,0.894920,0.013557,0.026043,upper
L2,sst,0.96,0.9600,0.906971,0.012147,0.036755,upper
L2,sst,0.96,0.9600,0.918679,0.010753,0.042955,upper
L2,sst,0.96,0.9600,0.930042,0.009377,0.045618,upper
L2,sst,0.96,0.9600,0.941059,0.008025,0.055334,upper
L2,sst,0.96,0.9600,0.951731,0.006700,0.079061,upper
L2,sst,0.96,0.9600,0.962060,0.005410,0.107831,upper
L2,sst,0.96,0.9600,0.972047,0.004158,0.136150,upper
L2,sst,0.96,0.9600,0.981697,0.002952,0.159755,upper
L2,sst,0.96,0.9600,0.991012,0.001799,0.172461,upper
L2,sst,0.96,0.9600,1.000000,0.000705,0.207947,upper
L2,sst,0.96,0.9600,0.000000,0.000000,0.681517,lower
L2,sst,0.96,0.9600,0.000008,-0.000522,0.697024,lower
L2,sst,0.96,0.9600,0.000034,-0.001072,0.711027,lower
L2,sst,0.96,0.9600,0.000080,-0.001650,0.723178,lower
L2,sst,0.96,0.9600,0.000151,-0.002259,0.733329,lower
L2,sst,0.96,0.9600,0.000249,-0.002897,0.741032,lower
L2,sst,0.96,0.9600,0.000377,-0.003566,0.745881,lower
L2,sst,0.96,0.9600,0.000541,-0.004266,0.747431,lower
L2,sst,0.96,0.9600,0.000745,-0.004995,0.745241,lower
L2,sst,0.96,0.9600,0.000993,-0.005755,0.738873,lower
L2,sst,0.96,0.9600,0.001290,-0.006543,0.727919,lower
L2,sst,0.96,0.9600,0.001641,-0.007359,0.712028,lower
L2,sst,0.96,0.9600,0.002052,-0.008200,0.690930,lower
L2,sst,0.96,0.9600,0.002527,-0.009065,0.664471,lower
L2,sst,0.96,0.9600,0.003073,-0.009951,0.632635,lower
L2,sst,0.96,0.9600,0.003694,-0.010854,0.595569,lower
L2,sst,0.96,0.9600,0.004395,-0.011772,0.553597,lower
L2,sst,0.96,0.9600,0.005182,-0.012701,0.507225,lower
L2,sst,0.96,0.9600,0.006058,-0.013638,0.457131,lower
L2,sst,0.96,0.9600,0.007029,-0.014577,0.404141,lower
L2,sst,0.96,0.9600,0.008099,-0.015516,0.349198,lower
L2,sst,0.96,0.9600,0.009271,-0.016451,0.293313,lower
L2,sst,0.96,0.9600,0.010549,-0.017378,0.237519,lower
L2,sst,0.96,0.9600,0.011936,-0.018294,0.182817,lower
L2,sst,0.96,0.9600,0.013436,-0.019195,0.130135,lower
L2,sst,0.96,0.9600,0.015052,-0.020080,0.080288,lower
L2,sst,0.96,0.9600,0.016786,-0.020946,0.033952,lower
L2,sst,0.96,0.9600,0.018643,-0.021791,-0.008355,lower
L2,sst,0.96,0.9600,0.020625,-0.022613,-0.046280,lower
L2,sst,0.96,0.9600,0.022735,-0.023413,-0.079632,lower
L2,sst,0.96,0.9600,0.024979,-0.024190,-0.108377,lower
L2,sst,0.96,0.9600,0.027358,-0.024943,-0.132628,lower
L2,sst,0.96,0.9600,0.029878,-0.025674,-0.152621,lower
L2,sst,0.96,0.9600,0.032543,-0.026382,-0.168699,lower
L2,sst,0.96,0.9600,0.035358,-0.027068,-0.181281,lower
L2,sst,0.96,0.9600,0.038327,-0.027735,-0.190840,lower
L2,sst,0.96,0.9600,0.041456,-0.028383,-0.197873,lower
L2,sst,0.96,0.9600,0.044751,-0.029015,-0.202877,lower
L2,sst,0.96,0.9600,0.048218,-0.029633,-0.206329,lower
L2,sst,0.96,0.9600,0.051862,-0.030238,-0.208672,lower
L2,sst,0.96,0.9600,0.055691,-0.030834,-0.210302,lower
L2,sst,0.96,0.9600,0.059710,-0.031422,-0.211567,lower
L2,sst,0.96,0.9600,0.063928,-0.032006,-0.212759,lower
L2,sst,0.96,0.9600,0.068352,-0.032587,-0.214109,lower
L2,sst,0.96,0.9600,0.072988,-0.033168,-0.215802,lower
L2,sst,0.96,0.9600,0.077844,-0.033751,-0.217976,lower
L2,sst,0.96,0.9600,0.082928,-0.034338,-0.220725,lower
L2,sst,0.96,0.9600,0.088249,-0.034931,-0.224101,lower
L2,sst,0.96,0.9600,0.093813,-0.035530,-0.228121,lower
L2,sst,0.96,0.9600,0.099629,-0.036137,-0.232765,lower
L2,sst,0.96,0.9600,0.105705,-0.036752,-0.237982,lower
L2,sst,0.96,0.9600,0.112049,-0.037375,-0.243692,lower
L2,sst,0.96,0.9600,0.118669,-0.038006,-0.249782,lower
L2,sst,0.96,0.9600,0.125573,-0.038642,-0.256113,lower
L2,sst,0.96,0.9600,0.132769,-0.039282,-0.262516,lower
L2,sst,0.96,0.9600,0.140263,-0.039924,-0.268801,lower
L2,sst,0.96,0.9600,0.148065,-0.040566,-0.274755,lower
L2,sst,0.96,0.9600,0.156179,-0.041204,-0.280150,lower
L2,sst,0.96,0.9600,0.164613,-0.041835,-0.284757,lower
L2,sst,0.96,0.9600,0.173373,-0.042456,-0.288359,lower
L2,sst,0.96,0.9600,0.182464,-0.043064,-0.290770,lower
L2,sst,0.96,0.9600,0.191890,-0.043654,-0.291853,lower
L2,sst,0.96,0.9600,0.201657,-0.044225,-0.291535,lower
L2,sst,0.96,0.9600,0.211767,-0.044773,-0.289820,lower
L2,sst,0.96,0.9600,0.222222,-0.045296,-0.286791,lower
L2,sst,0.96,0.9600,0.233025,-0.045792,-0.282610,lower
L2,sst,0.96,0.9600,0.244175,-0.046258,-0.277491,lower
L2,sst,0.96,0.9600,0.255672,-0.046694,-0.271676,lower
L2,sst,0.96,0.9600,0.267515,-0.047098,-0.265435,lower
L2,sst,0.96,0.9600,0.279701,-0.047468,-0.259019,lower
L2,sst,0.96,0.9600,0.292227,-0.047803,-0.252664,lower
L2,sst,0.96,0.9600,0.305086,-0.048100,-0.246566,lower
L2,sst,0.96,0.9600,0.318273,-0.048357,-0.240883,lower
L2,sst,0.96,0.9600,0.331780,-0.048569,-0.235689,lower
L2,sst,0.96,0.9600,0.345598,-0.048733,-0.230986,lower
L2,sst,0.96,0.9600,0.359717,-0.048843,-0.226726,lower
L2,sst,0.96,0.9600,0.374124,-0.048893,-0.222749,lower
L2,sst,0.96,0.9600,0.388807,-0.048878,-0.218842,lower
L2,sst,0.96,0.9600,0.403751,-0.048790,-0.214730,lower
L2,sst,0.96,0.9600,0.418939,-0.048624,-0.210175,lower
L2,sst,0.96,0.9600,0.434356,-0.048373,-0.204894,lower
L2,sst,0.96,0.9600,0.449981,-0.048033,-0.198744,lower
L2,sst,0.96,0.9600,0.465797,-0.047599,-0.191713,lower
L2,sst,0.96,0.9600,0.481780,-0.047071,-0.183711,lower
L2,sst,0.96,0.9600,0.497911,-0.046447,-0.175062,lower
L2,sst,0.96,0.9600,0.514167,-0.045730,-0.165904,lower
L2,sst,0.96,0.9600,0.530523,-0.044922,-0.156589,lower
L2,sst,0.96,0.9600,0.546959,-0.044030,-0.147305,lower
L2,sst,0.96,0.9600,0.563448,-0.043058,-0.137861,lower
L2,sst,0.96,0.9600,0.579967,-0.042016,-0.128212,lower
L2,sst,0.96,0.9600,0.596493,-0.040910,-0.117324,lower
L2,sst,0.96,0.9600,0.613000,-0.039748,-0.105346,lower
L2,sst,0.96,0.9600,0.629465,-0.038539,-0.092056,lower
L2,sst,0.96,0.9600,0.645864,-0.037290,-0.078021,lower
L2,sst,0.96,0.9600,0.662174,-0.036007,-0.065956,lower
L2,sst,0.96,0.9600,0.678372,-0.034695,-0.056091,lower
L2,sst,0.96,0.9600,0.694435,-0.033360,-0.050461,lower
L2,sst,0.96,0.9600,0.710341,-0.032005,-0.048304,lower
L2,sst,0.96,0.9600,0.726071,-0.030634,-0.045950,lower
L2,sst,0.96,0.9600,0.741604,-0.029247,-0.043021,lower
L2,sst,0.96,0.9600,0.756920,-0.027848,-0.035607,lower
L2,sst,0.96,0.9600,0.772003,-0.026438,-0.024461,lower
L2,sst,0.96,0.9600,0.786835,-0.025019,-0.012624,lower
L2,sst,0.96,0.9600,0.801401,-0.023592,-0.000036,lower
L2,sst,0.96,0.9600,0.815688,-0.022159,0.008141,lower
L2,sst,0.96,0.9600,0.829682,-0.020722,0.013241,lower
L2,sst,0.96,0.9600,0.843373,-0.019283,0.017272,lower
L2,sst,0.96,0.9600,0.856750,-0.017845,0.020150,lower
L2,sst,0.96,0.9600,0.869805,-0.016409,0.028412,lower
L2,sst,0.96,0.9600,0.882530,-0.014979,0.040417,lower
L2,sst,0.96,0.9600,0.894920,-0.013557,0.055408,lower
L2,sst,0.96,0.9600,0.906971,-0.012147,0.074550,lower
L2,sst,0.96,0.9600,0.918679,-0.010753,0.091050,lower
L2,sst,0.96,0.9600,0.930042,-0.009377,0.105757,lower
L2,sst,0.96,0.9600,0.941059,-0.008025,0.119727,lower
L2,sst,0.96,0.9600,0.951731,-0.006700,0.130292,lower
L2,sst,0.96,0.9600,0.962060,-0.005410,0.141349,lower
L2,sst,0.96,0.9600,0.972047,-0.004158,0.155371,lower
L2,sst,0.96,0.9600,0.981697,-0.002952,0.171851,lower
L2,sst,0.96,0.9600,0.991012,-0.001799,0.187721,lower
L2,sst,0.96,0.9600,1.000000,-0.000705,0.218022,lower
L2,sst,0.99,0.9900,0.000000,0.000000,0.552403,upper
L2,sst,0.99,0.9900,0.000008,0.000522,0.536509,upper
L2,sst,0.99,0.9900,0.000034,0.001072,0.517819,upper
L2,sst,0.99,0.9900,0.000080,0.001650,0.495724,upper
L2,sst,0.99,0.9900,0.000151,0.002259,0.470147,upper
L2,sst,0.99,0.9900,0.000249,0.002897,0.440711,upper
L2,sst,0.99,0.9900,0.000377,0.003566,0.407143,upper
L2,sst,0.99,0.9900,0.000541,0.004266,0.369122,upper
L2,sst,0.99,0.9900,0.000745,0.004995,0.326379,upper
L2,sst,0.99,0.9900,0.000993,0.005755,0.278771,upper
L2,sst,0.99,0.9900,0.001290,0.006543,0.226211,upper
L2,sst,0.99,0.9900,0.001641,0.007359,0.168721,upper
L2,sst,0.99,0.9900,0.002052,0.008200,0.106471,upper
L2,sst,0.99,0.9900,0.002527,0.009065,0.039731,upper
L2,sst,0.99,0.9900,0.003073,0.009951,-0.031074,upper
L2,sst,0.99,0.9900,0.003694,0.010854,-0.105363,upper
L2,sst,0.99,0.9900,0.004395,0.011772,-0.182405,upper
L2,sst,0.99,0.9900,0.005182,0.012701,-0.261341,upper
L2,sst,0.99,0.9900,0.006058,0.013638,-0.341223,upper
L2,sst,0.99,0.9900,0.007029,0.014577,-0.421054,upper
L2,sst,0.99,0.9900,0.008099,0.015516,-0.499836,upper
L2,sst,0.99,0.9900,0.009271,0.016451,-0.576617,upper
L2,sst,0.99,0.9900,0.010549,0.017378,-0.650521,upper
L2,sst,0.99,0.9900,0.011936,0.018294,-0.720779,upper
L2,sst,0.99,0.9900,0.013436,0.019195,-0.786758,upper
L2,sst,0.99,0.9900,0.015051,0.020080,-0.847949,upper
L2,sst,0.99,0.9900,0.016786,0.020946,-0.903965,upper
L2,sst,0.99,0.9900,0.018643,0.021791,-0.954978,upper
L2,sst,0.99,0.9900,0.020625,0.022613,-1.000908,upper
L2,sst,0.99,0.9900,0.022735,0.023413,-1.041325,upper
L2,sst,0.99,0.9900,0.024979,0.024190,-1.076263,upper
L2,sst,0.99,0.9900,0.027358,0.024943,-1.105929,upper
L2,sst,0.99,0.9900,0.029878,0.025674,-1.130568,upper
L2,sst,0.99,0.9900,0.032543,0.026382,-1.150370,upper
L2,sst,0.99,0.9900,0.035358,0.027068,-1.165477,upper
L2,sst,0.99,0.9900,0.038327,0.027735,-1.175961,upper
L2,sst,0.99,0.9900,0.041456,0.028383,-1.181870,upper
L2,sst,0.99,0.9900,0.044751,0.029015,-1.183308,upper
L2,sst,0.99,0.9900,0.048218,0.029633,-1.180420,upper
L2,sst,0.99,0.9900,0.051862,0.030238,-1.173345,upper
L2,sst,0.99,0.9900,0.055691,0.030834,-1.162200,upper
L2,sst,0.99,0.9900,0.059710,0.031422,-1.147166,upper
L2,sst,0.99,0.9900,0.063928,0.032006,-1.128617,upper
L2,sst,0.99,0.9900,0.068352,0.032587,-1.107200,upper
L2,sst,0.99,0.9900,0.072988,0.033168,-1.083717,upper
L2,sst,0.99,0.9900,0.077844,0.033751,-1.058923,upper
L2,sst,0.99,0.9900,0.082928,0.034338,-1.033397,upper
L2,sst,0.99,0.9900,0.088248,0.034931,-1.007516,upper
L2,sst,0.99,0.9900,0.093813,0.035530,-0.981578,upper
L2,sst,0.99,0.9900,0.099629,0.036137,-0.956050,upper
L2,sst,0.99,0.9900,0.105705,0.036752,-0.931685,upper
L2,sst,0.99,0.9900,0.112049,0.037375,-0.909306,upper
L2,sst,0.99,0.9900,0.118669,0.038006,-0.889299,upper
L2,sst,0.99,0.9900,0.125573,0.038642,-0.871501,upper
L2,sst,0.99,0.9900,0.132769,0.039282,-0.855288,upper
L2,sst,0.99,0.9900,0.140263,0.039924,-0.839648,upper
L2,sst,0.99,0.9900,0.148064,0.040566,-0.823464,upper
L2,sst,0.99,0.9900,0.156179,0.041204,-0.805538,upper
L2,sst,0.99,0.9900,0.164613,0.041835,-0.784200,upper
L2,sst,0.99,0.9900,0.173373,0.042456,-0.756418,upper
L2,sst,0.99,0.9900,0.182464,0.043064,-0.718350,upper
L2,sst,0.99,0.9900,0.191890,0.043654,-0.667728,upper
L2,sst,0.99,0.9900,0.201657,0.044225,-0.608386,upper
L2,sst,0.99,0.9900,0.211767,0.044773,-0.551581,upper
L2,sst,0.99,0.9900,0.222222,0.045296,-0.503509,upper
L2,sst,0.99,0.9900,0.233025,0.045792,-0.460582,upper
L2,sst,0.99,0.9900,0.244175,0.046258,-0.420858,upper
L2,sst,0.99,0.9900,0.255672,0.046694,-0.387917,upper
L2,sst,0.99,0.9900,0.267515,0.047098,-0.362938,upper
L2,sst,0.99,0.9900,0.279701,0.047468,-0.343704,upper
L2,sst,0.99,0.9900,0.292227,0.047803,-0.328728,upper
L2,sst,0.99,0.9900,0.305086,0.048100,-0.316827,upper
L2,sst,0.99,0.9900,0.318273,0.048357,-0.307615,upper
L2,sst,0.99,0.9900,0.331780,0.048569,-0.300647,upper
L2,sst,0.99,0.9900,0.345598,0.048733,-0.295763,upper
L2,sst,0.99,0.9900,0.359716,0.048843,-0.293189,upper
L2,sst,0.99,0.9900,0.374124,0.048893,-0.292483,upper
L2,sst,0.99,0.9900,0.388807,0.048878,-0.292858,upper
L2,sst,0.99,0.9900,0.403751,0.048790,-0.293135,upper
L2,sst,0.99,0.9900,0.418939,0.048624,-0.292327,upper
L2,sst,0.99,0.9900,0.434356,0.048373,-0.290702,upper
L2,sst,0.99,0.9900,0.449981,0.048033,-0.288652,upper
L2,sst,0.99,0.9900,0.465796,0.047599,-0.285858,upper
L2,sst,0.99,0.9900,0.481780,0.047071,-0.281719,upper
L2,sst,0.99,0.9900,0.497911,0.046447,-0.275763,upper
L2,sst,0.99,0.9900,0.514167,0.045730,-0.268191,upper
L2,sst,0.99,0.9900,0.530523,0.044922,-0.259767,upper
L2,sst,0.99,0.9900,0.546959,0.044030,-0.251171,upper
L2,sst,0.99,0.9900,0.563448,0.043058,-0.242204,upper
L2,sst,0.99,0.9900,0.579967,0.042016,-0.232408,upper
L2,sst,0.99,0.9900,0.596493,0.040910,-0.222050,upper
L2,sst,0.99,0.9900,0.613000,0.039748,-0.211498,upper
L2,sst,0.99,0.9900,0.629465,0.038539,-0.201101,upper
L2,sst,0.99,0.9900,0.645864,0.037290,-0.191244,upper
L2,sst,0.99,0.9900,0.662174,0.036007,-0.181750,upper
L2,sst,0.99,0.9900,0.678372,0.034695,-0.172408,upper
L2,sst,0.99,0.9900,0.694435,0.033360,-0.163336,upper
L2,sst,0.99,0.9900,0.710341,0.032005,-0.154346,upper
L2,sst,0.99,0.9900,0.726071,0.030634,-0.145320,upper
L2,sst,0.99,0.9900,0.741604,0.029247,-0.136146,upper
L2,sst,0.99,0.9900,0.756920,0.027848,-0.126591,upper
L2,sst,0.99,0.9900,0.772003,0.026438,-0.116753,upper
L2,sst,0.99,0.9900,0.786835,0.025019,-0.106720,upper
L2,sst,0.99,0.9900,0.801401,0.023592,-0.096613,upper
L2,sst,0.99,0.9900,0.815688,0.022159,-0.086341,upper
L2,sst,0.99,0.9900,0.829682,0.020722,-0.075379,upper
L2,sst,0.99,0.9900,0.843373,0.019283,-0.063679,upper
L2,sst,0.99,0.9900,0.856750,0.017845,-0.051410,upper
L2,sst,0.99,0.9900,0.869805,0.016409,-0.038761,upper
L2,sst,0.99,0.9900,0.882530,0.014979,-0.026658,upper
L2,sst,0.99,0.9900,0.894920,0.013557,-0.014886,upper
L2,sst,0.99,0.9900,0.906971,0.012147,-0.003068,upper
L2,sst,0.99,0.9900,0.918679,0.010753,0.008310,upper
L2,sst,0.99,0.9900,0.930042,0.009377,0.020575,upper
L2,sst,0.99,0.9900,0.941059,0.008025,0.032897,upper
L2,sst,0.99,0.9900,0.951731,0.006700,0.045055,upper
L2,sst,0.99,0.9900,0.962060,0.005410,0.060520,upper
L2,sst,0.99,0.9900,0.972047,0.004158,0.077038,upper
L2,sst,0.99,0.9900,0.981697,0.002952,0.092976,upper
L2,sst,0.99,0.9900,0.991012,0.001799,0.109325,upper
L2,sst,0.99,0.9900,1.000000,0.000705,0.136118,upper
L2,sst,0.99,0.9900,0.000000,0.000000,0.552403,lower
L2,sst,0.99,0.9900,0.000008,-0.000522,0.566772,lower
L2,sst,0.99,0.9900,0.000034,-0.001072,0.579629,lower
L2,sst,0.99,0.9900,0.000080,-0.001650,0.590627,lower
L2,sst,0.99,0.9900,0.000151,-0.002259,0.599616,lower
L2,sst,0.99,0.9900,0.000249,-0.002897,0.606154,lower
L2,sst,0.99,0.9900,0.000377,-0.003566,0.609851,lower
L2,sst,0.99,0.9900,0.000541,-0.004266,0.610244,lower
L2,sst,0.99,0.9900,0.000745,-0.004995,0.606865,lower
L2,sst,0.99,0.9900,0.000993,-0.005755,0.599311,lower
L2,sst,0.99,0.9900,0.001290,-0.006543,0.587170,lower
L2,sst,0.99,0.9900,0.001641,-0.007359,0.570099,lower
L2,sst,0.99,0.9900,0.002052,-0.008200,0.547869,lower
L2,sst,0.99,0.9900,0.002527,-0.009065,0.520323,lower
L2,sst,0.99,0.9900,0.003073,-0.009951,0.487447,lower
L2,sst,0.99,0.9900,0.003694,-0.010854,0.449384,lower
L2,sst,0.99,0.9900,0.004395,-0.011772,0.406459,lower
L2,sst,0.99,0.9900,0.005182,-0.012701,0.359181,lower
L2,sst,0.99,0.9900,0.006058,-0.013638,0.308229,lower
L2,sst,0.99,0.9900,0.007029,-0.014577,0.254434,lower
L2,sst,0.99,0.9900,0.008099,-0.015516,0.198735,lower
L2,sst,0.99,0.9900,0.009271,-0.016451,0.142144,lower
L2,sst,0.99,0.9900,0.010549,-0.017378,0.085693,lower
L2,sst,0.99,0.9900,0.011936,-0.018294,0.030389,lower
L2,sst,0.99,0.9900,0.013436,-0.019195,-0.022827,lower
L2,sst,0.99,0.9900,0.015051,-0.020080,-0.073114,lower
L2,sst,0.99,0.9900,0.016786,-0.020946,-0.119759,lower
L2,sst,0.99,0.9900,0.018643,-0.021791,-0.162191,lower
L2,sst,0.99,0.9900,0.020625,-0.022613,-0.199991,lower
L2,sst,0.99,0.9900,0.022735,-0.023413,-0.232892,lower
L2,sst,0.99,0.9900,0.024979,-0.024190,-0.260785,lower
L2,sst,0.99,0.9900,0.027358,-0.024943,-0.283711,lower
L2,sst,0.99,0.9900,0.029878,-0.025674,-0.301849,lower
L2,sst,0.99,0.9900,0.032543,-0.026382,-0.315502,lower
L2,sst,0.99,0.9900,0.035358,-0.027068,-0.325079,lower
L2,sst,0.99,0.9900,0.038327,-0.027735,-0.331070,lower
L2,sst,0.99,0.9900,0.041456,-0.028383,-0.334013,lower
L2,sst,0.99,0.9900,0.044751,-0.029015,-0.334468,lower
L2,sst,0.99,0.9900,0.048218,-0.029633,-0.332989,lower
L2,sst,0.99,0.9900,0.051862,-0.030238,-0.330103,lower
L2,sst,0.99,0.9900,0.055691,-0.030834,-0.326292,lower
L2,sst,0.99,0.9900,0.059710,-0.031422,-0.321980,lower
L2,sst,0.99,0.9900,0.063928,-0.032006,-0.317528,lower
L2,sst,0.99,0.9900,0.068352,-0.032587,-0.313225,lower
L2,sst,0.99,0.9900,0.072988,-0.033168,-0.309295,lower
L2,sst,0.99,0.9900,0.077844,-0.033751,-0.305901,lower
L2,sst,0.99,0.9900,0.082928,-0.034338,-0.303143,lower
L2,sst,0.99,0.9900,0.088248,-0.034931,-0.301063,lower
L2,sst,0.99,0.9900,0.093813,-0.035530,-0.299651,lower
L2,sst,0.99,0.9900,0.099629,-0.036137,-0.298850,lower
L2,sst,0.99,0.9900,0.105705,-0.036752,-0.298557,lower
L2,sst,0.99,0.9900,0.112049,-0.037375,-0.298638,lower
L2,sst,0.99,0.9900,0.118669,-0.038006,-0.298925,lower
L2,sst,0.99,0.9900,0.125573,-0.038642,-0.299233,lower
L2,sst,0.99,0.9900,0.132769,-0.039282,-0.299361,lower
L2,sst,0.99,0.9900,0.140263,-0.039924,-0.299109,lower
L2,sst,0.99,0.9900,0.148064,-0.040566,-0.298286,lower
L2,sst,0.99,0.9900,0.156179,-0.041204,-0.296717,lower
L2,sst,0.99,0.9900,0.164613,-0.041835,-0.294255,lower
L2,sst,0.99,0.9900,0.173373,-0.042456,-0.290798,lower
L2,sst,0.99,0.9900,0.182464,-0.043064,-0.286283,lower
L2,sst,0.99,0.9900,0.191890,-0.043654,-0.280704,lower
L2,sst,0.99,0.9900,0.201657,-0.044225,-0.274101,lower
L2,sst,0.99,0.9900,0.211767,-0.044773,-0.266560,lower
L2,sst,0.99,0.9900,0.222222,-0.045296,-0.258225,lower
L2,sst,0.99,0.9900,0.233025,-0.045792,-0.249289,lower
L2,sst,0.99,0.9900,0.244175,-0.046258,-0.239987,lower
L2,sst,0.99,0.9900,0.255672,-0.046694,-0.230586,lower
L2,sst,0.99,0.9900,0.267515,-0.047098,-0.221370,lower
L2,sst,0.99,0.9900,0.279701,-0.047468,-0.212604,lower
L2,sst,0.99,0.9900,0.292227,-0.047803,-0.204513,lower
L2,sst,0.99,0.9900,0.305086,-0.048100,-0.197290,lower
L2,sst,0.99,0.9900,0.318273,-0.048357,-0.191047,lower
L2,sst,0.99,0.9900,0.331780,-0.048569,-0.185815,lower
L2,sst,0.99,0.9900,0.345598,-0.048733,-0.181531,lower
L2,sst,0.99,0.9900,0.359716,-0.048843,-0.178051,lower
L2,sst,0.99,0.9900,0.374124,-0.048893,-0.175134,lower
L2,sst,0.99,0.9900,0.388807,-0.048878,-0.172504,lower
L2,sst,0.99,0.9900,0.403751,-0.048790,-0.169859,lower
L2,sst,0.99,0.9900,0.418939,-0.048624,-0.166880,lower
L2,sst,0.99,0.9900,0.434356,-0.048373,-0.163341,lower
L2,sst,0.99,0.9900,0.449981,-0.048033,-0.159098,lower
L2,sst,0.99,0.9900,0.465796,-0.047599,-0.154165,lower
L2,sst,0.99,0.9900,0.481780,-0.047071,-0.148464,lower
L2,sst,0.99,0.9900,0.497911,-0.046447,-0.142174,lower
L2,sst,0.99,0.9900,0.514167,-0.045730,-0.135302,lower
L2,sst,0.99,0.9900,0.530523,-0.044922,-0.127717,lower
L2,sst,0.99,0.9900,0.546959,-0.044030,-0.119698,lower
L2,sst,0.99,0.9900,0.563448,-0.043058,-0.110804,lower
L2,sst,0.99,0.9900,0.579967,-0.042016,-0.101183,lower
L2,sst,0.99,0.9900,0.596493,-0.040910,-0.090978,lower
L2,sst,0.99,0.9900,0.613000,-0.039748,-0.080288,lower
L2,sst,0.99,0.9900,0.629465,-0.038539,-0.070363,lower
L2,sst,0.99,0.9900,0.645864,-0.037290,-0.061611,lower
L2,sst,0.99,0.9900,0.662174,-0.036007,-0.055126,lower
L2,sst,0.99,0.9900,0.678372,-0.034695,-0.050701,lower
L2,sst,0.99,0.9900,0.694435,-0.033360,-0.046907,lower
L2,sst,0.99,0.9900,0.710341,-0.032005,-0.043184,lower
L2,sst,0.99,0.9900,0.726071,-0.030634,-0.037104,lower
L2,sst,0.99,0.9900,0.741604,-0.029247,-0.029205,lower
L2,sst,0.99,0.9900,0.756920,-0.027848,-0.020494,lower
L2,sst,0.99,0.9900,0.772003,-0.026438,-0.011403,lower
L2,sst,0.99,0.9900,0.786835,-0.025019,-0.005640,lower
L2,sst,0.99,0.9900,0.801401,-0.023592,-0.001628,lower
L2,sst,0.99,0.9900,0.815688,-0.022159,0.001009,lower
L2,sst,0.99,0.9900,0.829682,-0.020722,0.002706,lower
L2,sst,0.99,0.9900,0.843373,-0.019283,0.009478,lower
L2,sst,0.99,0.9900,0.856750,-0.017845,0.019537,lower
L2,sst,0.99,0.9900,0.869805,-0.016409,0.033182,lower
L2,sst,0.99,0.9900,0.882530,-0.014979,0.049870,lower
L2,sst,0.99,0.9900,0.894920,-0.013557,0.060999,lower
L2,sst,0.99,0.9900,0.906971,-0.012147,0.068519,lower
L2,sst,0.99,0.9900,0.918679,-0.010753,0.072541,lower
L2,sst,0.99,0.9900,0.930042,-0.009377,0.072801,lower
L2,sst,0.99,0.9900,0.941059,-0.008025,0.080221,lower
L2,sst,0.99,0.9900,0.951731,-0.006700,0.092475,lower
L2,sst,0.99,0.9900,0.962060,-0.005410,0.103908,lower
L2,sst,0.99,0.9900,0.972047,-0.004158,0.118372,lower
L2,sst,0.99,0.9900,0.981697,-0.002952,0.128661,lower
L2,sst,0.99,0.9900,0.991012,-0.001799,0.129215,lower
L2,sst,0.99,0.9900,1.000000,-0.000705,0.139844,lower
L2,sa,0.20,0.2000,0.000000,0.000000,0.804957,upper
L2,sa,0.20,0.2000,0.000008,0.000522,0.790039,upper
L2,sa,0.20,0.2000,0.000034,0.001072,0.772338,upper
L2,sa,0.20,0.2000,0.000080,0.001650,0.751239,upper
L2,sa,0.20,0.2000,0.000151,0.002259,0.726667,upper
L2,sa,0.20,0.2000,0.000249,0.002897,0.698225,upper
L2,sa,0.20,0.2000,0.000377,0.003566,0.665622,upper
L2,sa,0.20,0.2000,0.000541,0.004266,0.628546,upper
L2,sa,0.20,0.2000,0.000745,0.004995,0.586738,upper
L2,sa,0.20,0.2000,0.000993,0.005755,0.539994,upper
L2,sa,0.20,0.2000,0.001290,0.006543,0.488188,upper
L2,sa,0.20,0.2000,0.001641,0.007359,0.431297,upper
L2,sa,0.20,0.2000,0.002052,0.008200,0.369422,upper
L2,sa,0.20,0.2000,0.002527,0.009065,0.302806,upper
L2,sa,0.20,0.2000,0.003073,0.009951,0.231848,upper
L2,sa,0.20,0.2000,0.003694,0.010854,0.157107,upper
L2,sa,0.20,0.2000,0.004395,0.011772,0.079298,upper
L2,sa,0.20,0.2000,0.005182,0.012701,-0.000729,upper
L2,sa,0.20,0.2000,0.006058,0.013638,-0.082018,upper
L2,sa,0.20,0.2000,0.007029,0.014577,-0.163553,upper
L2,sa,0.20,0.2000,0.008099,0.015516,-0.244300,upper
L2,sa,0.20,0.2000,0.009271,0.016451,-0.323255,upper
L2,sa,0.20,0.2000,0.010549,0.017378,-0.399483,upper
L2,sa,0.20,0.2000,0.011936,0.018294,-0.472152,upper
L2,sa,0.20,0.2000,0.013436,0.019195,-0.540567,upper
L2,sa,0.20,0.2000,0.015052,0.020080,-0.604176,upper
L2,sa,0.20,0.2000,0.016786,0.020946,-0.662586,upper
L2,sa,0.20,0.2000,0.018643,0.021791,-0.715540,upper
L2,sa,0.20,0.2000,0.020625,0.022613,-0.762881,upper
L2,sa,0.20,0.2000,0.022735,0.023413,-0.804566,upper
L2,sa,0.20,0.2000,0.024979,0.024190,-0.840652,upper
L2,sa,0.20,0.2000,0.027358,0.024943,-0.871236,upper
L2,sa,0.20,0.2000,0.029878,0.025674,-0.896437,upper
L2,sa,0.20,0.2000,0.032543,0.026382,-0.916368,upper
L2,sa,0.20,0.2000,0.035358,0.027068,-0.931103,upper
L2,sa,0.20,0.2000,0.038327,0.027735,-0.940664,upper
L2,sa,0.20,0.2000,0.041456,0.028383,-0.944917,upper
L2,sa,0.20,0.2000,0.044751,0.029015,-0.943607,upper
L2,sa,0.20,0.2000,0.048218,0.029633,-0.935676,upper
L2,sa,0.20,0.2000,0.051862,0.030238,-0.918330,upper
L2,sa,0.20,0.2000,0.055691,0.030834,-0.887145,upper
L2,sa,0.20,0.2000,0.059710,0.031422,-0.831512,upper
L2,sa,0.20,0.2000,0.063928,0.032006,-0.765809,upper
L2,sa,0.20,0.2000,0.068352,0.032587,-0.698145,upper
L2,sa,0.20,0.2000,0.072988,0.033168,-0.610075,upper
L2,sa,0.20,0.2000,0.077844,0.033751,-0.526439,upper
L2,sa,0.20,0.2000,0.082928,0.034338,-0.475720,upper
L2,sa,0.20,0.2000,0.088248,0.034931,-0.461024,upper
L2,sa,0.20,0.2000,0.093813,0.035530,-0.466754,upper
L2,sa,0.20,0.2000,0.099629,0.036137,-0.466010,upper
L2,sa,0.20,0.2000,0.105705,0.036752,-0.452326,upper
L2,sa,0.20,0.2000,0.112049,0.037375,-0.436108,upper
L2,sa,0.20,0.2000,0.118669,0.038006,-0.429808,upper
L2,sa,0.20,0.2000,0.125573,0.038642,-0.434844,upper
L2,sa,0.20,0.2000,0.132769,0.039282,-0.446899,upper
L2,sa,0.20,0.2000,0.140263,0.039924,-0.459591,upper
L2,sa,0.20,0.2000,0.148065,0.040566,-0.468292,upper
L2,sa,0.20,0.2000,0.156179,0.041204,-0.473556,upper
L2,sa,0.20,0.2000,0.164613,0.041835,-0.477015,upper
L2,sa,0.20,0.2000,0.173373,0.042456,-0.479843,upper
L2,sa,0.20,0.2000,0.182464,0.043064,-0.482773,upper
L2,sa,0.20,0.2000,0.191890,0.043654,-0.485843,upper
L2,sa,0.20,0.2000,0.201657,0.044225,-0.489086,upper
L2,sa,0.20,0.2000,0.211767,0.044773,-0.492361,upper
L2,sa,0.20,0.2000,0.222222,0.045296,-0.495652,upper
L2,sa,0.20,0.2000,0.233025,0.045792,-0.498971,upper
L2,sa,0.20,0.2000,0.244175,0.046258,-0.502341,upper
L2,sa,0.20,0.2000,0.255672,0.046694,-0.505823,upper
L2,sa,0.20,0.2000,0.267515,0.047098,-0.509492,upper
L2,sa,0.20,0.2000,0.279701,0.047468,-0.513407,upper
L2,sa,0.20,0.2000,0.292227,0.047803,-0.517622,upper
L2,sa,0.20,0.2000,0.305086,0.048100,-0.522379,upper
L2,sa,0.20,0.2000,0.318273,0.048357,-0.527923,upper
L2,sa,0.20,0.2000,0.331780,0.048569,-0.534509,upper
L2,sa,0.20,0.2000,0.345598,0.048733,-0.542367,upper
L2,sa,0.20,0.2000,0.359716,0.048843,-0.551615,upper
L2,sa,0.20,0.2000,0.374124,0.048893,-0.562270,upper
L2,sa,0.20,0.2000,0.388807,0.048878,-0.574199,upper
L2,sa,0.20,0.2000,0.403750,0.048790,-0.587182,upper
L2,sa,0.20,0.2000,0.418939,0.048624,-0.600869,upper
L2,sa,0.20,0.2000,0.434356,0.048373,-0.614862,upper
L2,sa,0.20,0.2000,0.449981,0.048033,-0.628758,upper
L2,sa,0.20,0.2000,0.465797,0.047599,-0.642131,upper
L2,sa,0.20,0.2000,0.481780,0.047071,-0.654597,upper
L2,sa,0.20,0.2000,0.497911,0.046447,-0.665790,upper
L2,sa,0.20,0.2000,0.514167,0.045730,-0.675407,upper
L2,sa,0.20,0.2000,0.530524,0.044922,-0.683287,upper
L2,sa,0.20,0.2000,0.546959,0.044030,-0.689438,upper
L2,sa,0.20,0.2000,0.563448,0.043058,-0.693035,upper
L2,sa,0.20,0.2000,0.579967,0.042016,-0.691046,upper
L2,sa,0.20,0.2000,0.596493,0.040910,-0.674608,upper
L2,sa,0.20,0.2000,0.613000,0.039748,-0.619071,upper
L2,sa,0.20,0.2000,0.629465,0.038539,-0.508234,upper
L2,sa,0.20,0.2000,0.645864,0.037290,-0.375176,upper
L2,sa,0.20,0.2000,0.662174,0.036007,-0.266514,upper
L2,sa,0.20,0.2000,0.678372,0.034695,-0.199963,upper
L2,sa,0.20,0.2000,0.694435,0.033360,-0.164965,upper
L2,sa,0.20,0.2000,0.710341,0.032005,-0.141777,upper
L2,sa,0.20,0.2000,0.726071,0.030634,-0.124267,upper
L2,sa,0.20,0.2000,0.741604,0.029247,-0.112214,upper
L2,sa,0.20,0.2000,0.756920,0.027848,-0.102475,upper
L2,sa,0.20,0.2000,0.772003,0.026438,-0.091046,upper
L2,sa,0.20,0.2000,0.786835,0.025019,-0.075786,upper
L2,sa,0.20,0.2000,0.801401,0.023592,-0.058204,upper
L2,sa,0.20,0.2000,0.815688,0.022159,-0.041872,upper
L2,sa,0.20,0.2000,0.829682,0.020722,-0.027886,upper
L2,sa,0.20,0.2000,0.843373,0.019283,-0.014055,upper
L2,sa,0.20,0.2000,0.856750,0.017845,0.002220,upper
L2,sa,0.20,0.2000,0.869805,0.016409,0.021047,upper
L2,sa,0.20,0.2000,0.882530,0.014979,0.040056,upper
L2,sa,0.20,0.2000,0.894920,0.013557,0.057992,upper
L2,sa,0.20,0.2000,0.906971,0.012147,0.076401,upper
L2,sa,0.20,0.2000,0.918679,0.010753,0.096704,upper
L2,sa,0.20,0.2000,0.930042,0.009377,0.118070,upper
L2,sa,0.20,0.2000,0.941059,0.008025,0.138817,upper
L2,sa,0.20,0.2000,0.951731,0.006700,0.158931,upper
L2,sa,0.20,0.2000,0.962060,0.005410,0.180083,upper
L2,sa,0.20,0.2000,0.972047,0.004158,0.202616,upper
L2,sa,0.20,0.2000,0.981697,0.002952,0.224604,upper
L2,sa,0.20,0.2000,0.991012,0.001799,0.242058,upper
L2,sa,0.20,0.2000,1.000000,0.000705,0.273393,upper
L2,sa,0.20,0.2000,0.000000,0.000000,0.804957,lower
L2,sa,0.20,0.2000,0.000008,-0.000522,0.818353,lower
L2,sa,0.20,0.2000,0.000034,-0.001072,0.830180,lower
L2,sa,0.20,0.2000,0.000080,-0.001650,0.840074,lower
L2,sa,0.20,0.2000,0.000151,-0.002259,0.847903,lower
L2,sa,0.20,0.2000,0.000249,-0.002897,0.853235,lower
L2,sa,0.20,0.2000,0.000377,-0.003566,0.855681,lower
L2,sa,0.20,0.2000,0.000541,-0.004266,0.854826,lower
L2,sa,0.20,0.2000,0.000745,-0.004995,0.850255,lower
L2,sa,0.20,0.2000,0.000993,-0.005755,0.841562,lower
L2,sa,0.20,0.2000,0.001290,-0.006543,0.828378,lower
L2,sa,0.20,0.2000,0.001641,-0.007359,0.810397,lower
L2,sa,0.20,0.2000,0.002052,-0.008200,0.787399,lower
L2,sa,0.20,0.2000,0.002527,-0.009065,0.759281,lower
L2,sa,0.20,0.2000,0.003073,-0.009951,0.726080,lower
L2,sa,0.20,0.2000,0.003694,-0.010854,0.687998,lower
L2,sa,0.20,0.2000,0.004395,-0.011772,0.645410,lower
L2,sa,0.20,0.2000,0.005182,-0.012701,0.598871,lower
L2,sa,0.20,0.2000,0.006058,-0.013638,0.549100,lower
L2,sa,0.20,0.2000,0.007029,-0.014577,0.496961,lower
L2,sa,0.20,0.2000,0.008099,-0.015516,0.443420,lower
L2,sa,0.20,0.2000,0.009271,-0.016451,0.389508,lower
L2,sa,0.20,0.2000,0.010549,-0.017378,0.336264,lower
L2,sa,0.20,0.2000,0.011936,-0.018294,0.284684,lower
L2,sa,0.20,0.2000,0.013436,-0.019195,0.235683,lower
L2,sa,0.20,0.2000,0.015052,-0.020080,0.190046,lower
L2,sa,0.20,0.2000,0.016786,-0.020946,0.148407,lower
L2,sa,0.20,0.2000,0.018643,-0.021791,0.111228,lower
L2,sa,0.20,0.2000,0.020625,-0.022613,0.078791,lower
L2,sa,0.20,0.2000,0.022735,-0.023413,0.051202,lower
L2,sa,0.20,0.2000,0.024979,-0.024190,0.028401,lower
L2,sa,0.20,0.2000,0.027358,-0.024943,0.010182,lower
L2,sa,0.20,0.2000,0.029878,-0.025674,-0.003785,lower
L2,sa,0.20,0.2000,0.032543,-0.026382,-0.013926,lower
L2,sa,0.20,0.2000,0.035358,-0.027068,-0.020730,lower
L2,sa,0.20,0.2000,0.038327,-0.027735,-0.024721,lower
L2,sa,0.20,0.2000,0.041456,-0.028383,-0.026429,lower
L2,sa,0.20,0.2000,0.044751,-0.029015,-0.026369,lower
L2,sa,0.20,0.2000,0.048218,-0.029633,-0.025025,lower
L2,sa,0.20,0.2000,0.051862,-0.030238,-0.022836,lower
L2,sa,0.20,0.2000,0.055691,-0.030834,-0.020193,lower
L2,sa,0.20,0.2000,0.059710,-0.031422,-0.017436,lower
L2,sa,0.20,0.2000,0.063928,-0.032006,-0.014856,lower
L2,sa,0.20,0.2000,0.068352,-0.032587,-0.012691,lower
L2,sa,0.20,0.2000,0.072988,-0.033168,-0.011137,lower
L2,sa,0.20,0.2000,0.077844,-0.033751,-0.010346,lower
L2,sa,0.20,0.2000,0.082928,-0.034338,-0.010431,lower
L2,sa,0.20,0.2000,0.088248,-0.034931,-0.011468,lower
L2,sa,0.20,0.2000,0.093813,-0.035530,-0.013502,lower
L2,sa,0.20,0.2000,0.099629,-0.036137,-0.016542,lower
L2,sa,0.20,0.2000,0.105705,-0.036752,-0.020570,lower
L2,sa,0.20,0.2000,0.112049,-0.037375,-0.025542,lower
L2,sa,0.20,0.2000,0.118669,-0.038006,-0.031386,lower
L2,sa,0.20,0.2000,0.125573,-0.038642,-0.038007,lower
L2,sa,0.20,0.2000,0.132769,-0.039282,-0.045293,lower
L2,sa,0.20,0.2000,0.140263,-0.039924,-0.053114,lower
L2,sa,0.20,0.2000,0.148065,-0.040566,-0.061330,lower
L2,sa,0.20,0.2000,0.156179,-0.041204,-0.069797,lower
L2,sa,0.20,0.2000,0.164613,-0.041835,-0.078374,lower
L2,sa,0.20,0.2000,0.173373,-0.042456,-0.086929,lower
L2,sa,0.20,0.2000,0.182464,-0.043064,-0.095351,lower
L2,sa,0.20,0.2000,0.191890,-0.043654,-0.103551,lower
L2,sa,0.20,0.2000,0.201657,-0.044225,-0.111477,lower
L2,sa,0.20,0.2000,0.211767,-0.044773,-0.119111,lower
L2,sa,0.20,0.2000,0.222222,-0.045296,-0.126474,lower
L2,sa,0.20,0.2000,0.233025,-0.045792,-0.133627,lower
L2,sa,0.20,0.2000,0.244175,-0.046258,-0.140659,lower
L2,sa,0.20,0.2000,0.255672,-0.046694,-0.147688,lower
L2,sa,0.20,0.2000,0.267515,-0.047098,-0.154844,lower
L2,sa,0.20,0.2000,0.279701,-0.047468,-0.162258,lower
L2,sa,0.20,0.2000,0.292227,-0.047803,-0.170051,lower
L2,sa,0.20,0.2000,0.305086,-0.048100,-0.178313,lower
L2,sa,0.20,0.2000,0.318273,-0.048357,-0.187095,lower
L2,sa,0.20,0.2000,0.331780,-0.048569,-0.196393,lower
L2,sa,0.20,0.2000,0.345598,-0.048733,-0.206138,lower
L2,sa,0.20,0.2000,0.359716,-0.048843,-0.216188,lower
L2,sa,0.20,0.2000,0.374124,-0.048893,-0.226324,lower
L2,sa,0.20,0.2000,0.388807,-0.048878,-0.236247,lower
L2,sa,0.20,0.2000,0.403750,-0.048790,-0.245592,lower
L2,sa,0.20,0.2000,0.418939,-0.048624,-0.253938,lower
L2,sa,0.20,0.2000,0.434356,-0.048373,-0.260841,lower
L2,sa,0.20,0.2000,0.449981,-0.048033,-0.265864,lower
L2,sa,0.20,0.2000,0.465797,-0.047599,-0.268638,lower
L2,sa,0.20,0.2000,0.481780,-0.047071,-0.268903,lower
L2,sa,0.20,0.2000,0.497911,-0.046447,-0.266554,lower
L2,sa,0.20,0.2000,0.514167,-0.045730,-0.261673,lower
L2,sa,0.20,0.2000,0.530524,-0.044922,-0.254498,lower
L2,sa,0.20,0.2000,0.546959,-0.044030,-0.245384,lower
L2,sa,0.20,0.2000,0.563448,-0.043058,-0.234756,lower
L2,sa,0.20,0.2000,0.579967,-0.042016,-0.223064,lower
L2,sa,0.20,0.2000,0.596493,-0.040910,-0.210738,lower
L2,sa,0.20,0.2000,0.613000,-0.039748,-0.198143,lower
L2,sa,0.20,0.2000,0.629465,-0.038539,-0.185572,lower
L2,sa,0.20,0.2000,0.645864,-0.037290,-0.173211,lower
L2,sa,0.20,0.2000,0.662174,-0.036007,-0.161148,lower
L2,sa,0.20,0.2000,0.678372,-0.034695,-0.149401,lower
L2,sa,0.20,0.2000,0.694435,-0.033360,-0.137928,lower
L2,sa,0.20,0.2000,0.710341,-0.032005,-0.126642,lower
L2,sa,0.20,0.2000,0.726071,-0.030634,-0.115442,lower
L2,sa,0.20,0.2000,0.741604,-0.029247,-0.104223,lower
L2,sa,0.20,0.2000,0.756920,-0.027848,-0.092875,lower
L2,sa,0.20,0.2000,0.772003,-0.026438,-0.081286,lower
L2,sa,0.20,0.2000,0.786835,-0.025019,-0.069354,lower
L2,sa,0.20,0.2000,0.801401,-0.023592,-0.056977,lower
L2,sa,0.20,0.2000,0.815688,-0.022159,-0.044044,lower
L2,sa,0.20,0.2000,0.829682,-0.020722,-0.030480,lower
L2,sa,0.20,0.2000,0.843373,-0.019283,-0.016222,lower
L2,sa,0.20,0.2000,0.856750,-0.017845,-0.001250,lower
L2,sa,0.20,0.2000,0.869805,-0.016409,0.014419,lower
L2,sa,0.20,0.2000,0.882530,-0.014979,0.030794,lower
L2,sa,0.20,0.2000,0.894920,-0.013557,0.047892,lower
L2,sa,0.20,0.2000,0.906971,-0.012147,0.065748,lower
L2,sa,0.20,0.2000,0.918679,-0.010753,0.084447,lower
L2,sa,0.20,0.2000,0.930042,-0.009377,0.104034,lower
L2,sa,0.20,0.2000,0.941059,-0.008025,0.124491,lower
L2,sa,0.20,0.2000,0.951731,-0.006700,0.145803,lower
L2,sa,0.20,0.2000,0.962060,-0.005410,0.167923,lower
L2,sa,0.20,0.2000,0.972047,-0.004158,0.190769,lower
L2,sa,0.20,0.2000,0.981697,-0.002952,0.213882,lower
L2,sa,0.20,0.2000,0.991012,-0.001799,0.234305,lower
L2,sa,0.20,0.2000,1.000000,-0.000705,0.270268,lower
L2,sa,0.44,0.4400,-0.000000,0.000000,0.765847,upper
L2,sa,0.44,0.4400,0.000008,0.000522,0.749073,upper
L2,sa,0.44,0.4400,0.000034,0.001072,0.729434,upper
L2,sa,0.44,0.4400,0.000080,0.001650,0.706293,upper
L2,sa,0.44,0.4400,0.000151,0.002259,0.679584,upper
L2,sa,0.44,0.4400,0.000249,0.002897,0.648913,upper
L2,sa,0.44,0.4400,0.000377,0.003566,0.613997,upper
L2,sa,0.44,0.4400,0.000541,0.004266,0.574534,upper
L2,sa,0.44,0.4400,0.000745,0.004995,0.530279,upper
L2,sa,0.44,0.4400,0.000993,0.005755,0.481044,upper
L2,sa,0.44,0.4400,0.001290,0.006543,0.426724,upper
L2,sa,0.44,0.4400,0.001641,0.007359,0.367319,upper
L2,sa,0.44,0.4400,0.002052,0.008200,0.302953,upper
L2,sa,0.44,0.4400,0.002527,0.009065,0.233898,upper
L2,sa,0.44,0.4400,0.003073,0.009951,0.160579,upper
L2,sa,0.44,0.4400,0.003694,0.010854,0.083580,upper
L2,sa,0.44,0.4400,0.004395,0.011772,0.003637,upper
L2,sa,0.44,0.4400,0.005181,0.012701,-0.078382,upper
L2,sa,0.44,0.4400,0.006058,0.013638,-0.161513,upper
L2,sa,0.44,0.4400,0.007029,0.014577,-0.244739,upper
L2,sa,0.44,0.4400,0.008099,0.015516,-0.327037,upper
L2,sa,0.44,0.4400,0.009271,0.016451,-0.407420,upper
L2,sa,0.44,0.4400,0.010549,0.017378,-0.484978,upper
L2,sa,0.44,0.4400,0.011936,0.018294,-0.558917,upper
L2,sa,0.44,0.4400,0.013436,0.019195,-0.628599,upper
L2,sa,0.44,0.4400,0.015052,0.020080,-0.693524,upper
L2,sa,0.44,0.4400,0.016786,0.020946,-0.753310,upper
L2,sa,0.44,0.4400,0.018643,0.021791,-0.807750,upper
L2,sa,0.44,0.4400,0.020625,0.022613,-0.856800,upper
L2,sa,0.44,0.4400,0.022735,0.023413,-0.900493,upper
L2,sa,0.44,0.4400,0.024979,0.024190,-0.938934,upper
L2,sa,0.44,0.4400,0.027358,0.024943,-0.972298,upper
L2,sa,0.44,0.4400,0.029878,0.025674,-1.000796,upper
L2,sa,0.44,0.4400,0.032543,0.026382,-1.024662,upper
L2,sa,0.44,0.4400,0.035358,0.027068,-1.044145,upper
L2,sa,0.44,0.4400,0.038327,0.027735,-1.059498,upper
L2,sa,0.44,0.4400,0.041456,0.028383,-1.070976,upper
L2,sa,0.44,0.4400,0.044751,0.029015,-1.078826,upper
L2,sa,0.44,0.4400,0.048218,0.029633,-1.083290,upper
L2,sa,0.44,0.4400,0.051862,0.030238,-1.084598,upper
L2,sa,0.44,0.4400,0.055691,0.030834,-1.082982,upper
L2,sa,0.44,0.4400,0.059710,0.031422,-1.078716,upper
L2,sa,0.44,0.4400,0.063928,0.032006,-1.072066,upper
L2,sa,0.44,0.4400,0.068352,0.032587,-1.063342,upper
L2,sa,0.44,0.4400,0.072988,0.033168,-1.052808,upper
L2,sa,0.44,0.4400,0.077844,0.033751,-1.040489,upper
L2,sa,0.44,0.4400,0.082928,0.034338,-1.026347,upper
L2,sa,0.44,0.4400,0.088248,0.034931,-1.009958,upper
L2,sa,0.44,0.4400,0.093813,0.035530,-0.990610,upper
L2,sa,0.44,0.4400,0.099629,0.036137,-0.965574,upper
L2,sa,0.44,0.4400,0.105705,0.036752,-0.928896,upper
L2,sa,0.44,0.4400,0.112049,0.037375,-0.869693,upper
L2,sa,0.44,0.4400,0.118669,0.038006,-0.779467,upper
L2,sa,0.44,0.4400,0.125573,0.038642,-0.670338,upper
L2,sa,0.44,0.4400,0.132769,0.039282,-0.581465,upper
L2,sa,0.44,0.4400,0.140263,0.039924,-0.532932,upper
L2,sa,0.44,0.4400,0.148065,0.040566,-0.517326,upper
L2,sa,0.44,0.4400,0.156179,0.041204,-0.523282,upper
L2,sa,0.44,0.4400,0.164613,0.041835,-0.537896,upper
L2,sa,0.44,0.4400,0.173373,0.042456,-0.554664,upper
L2,sa,0.44,0.4400,0.182464,0.043064,-0.569182,upper
L2,sa,0.44,0.4400,0.191890,0.043654,-0.580748,upper
L2,sa,0.44,0.4400,0.201657,0.044225,-0.589690,upper
L2,sa,0.44,0.4400,0.211767,0.044773,-0.596324,upper
L2,sa,0.44,0.4400,0.222222,0.045296,-0.601086,upper
L2,sa,0.44,0.4400,0.233025,0.045792,-0.604525,upper
L2,sa,0.44,0.4400,0.244175,0.046258,-0.607198,upper
L2,sa,0.44,0.4400,0.255672,0.046694,-0.609296,upper
L2,sa,0.44,0.4400,0.267515,0.047098,-0.611088,upper
L2,sa,0.44,0.4400,0.279701,0.047468,-0.612771,upper
L2,sa,0.44,0.4400,0.292227,0.047803,-0.614534,upper
L2,sa,0.44,0.4400,0.305086,0.048100,-0.616869,upper
L2,sa,0.44,0.4400,0.318273,0.048357,-0.620267,upper
L2,sa,0.44,0.4400,0.331780,0.048569,-0.625094,upper
L2,sa,0.44,0.4400,0.345598,0.048733,-0.631630,upper
L2,sa,0.44,0.4400,0.359716,0.048843,-0.639962,upper
L2,sa,0.44,0.4400,0.374124,0.048893,-0.650033,upper
L2,sa,0.44,0.4400,0.388807,0.048878,-0.661627,upper
L2,sa,0.44,0.4400,0.403751,0.048790,-0.674398,upper
L2,sa,0.44,0.4400,0.418939,0.048624,-0.687978,upper
L2,sa,0.44,0.4400,0.434356,0.048373,-0.701906,upper
L2,sa,0.44,0.4400,0.449981,0.048033,-0.715739,upper
L2,sa,0.44,0.4400,0.465797,0.047599,-0.729196,upper
L2,sa,0.44,0.4400,0.481780,0.047071,-0.742134,upper
L2,sa,0.44,0.4400,0.497911,0.046447,-0.753294,upper
L2,sa,0.44,0.4400,0.514167,0.045730,-0.757548,upper
L2,sa,0.44,0.4400,0.530524,0.044922,-0.740081,upper
L2,sa,0.44,0.4400,0.546959,0.044030,-0.650645,upper
L2,sa,0.44,0.4400,0.563448,0.043058,-0.466171,upper
L2,sa,0.44,0.4400,0.579967,0.042016,-0.290368,upper
L2,sa,0.44,0.4400,0.596493,0.040910,-0.197468,upper
L2,sa,0.44,0.4400,0.613000,0.039748,-0.155210,upper
L2,sa,0.44,0.4400,0.629465,0.038539,-0.135432,upper
L2,sa,0.44,0.4400,0.645864,0.037290,-0.124641,upper
L2,sa,0.44,0.4400,0.662174,0.036007,-0.116548,upper
L2,sa,0.44,0.4400,0.678372,0.034695,-0.108318,upper
L2,sa,0.44,0.4400,0.694435,0.033360,-0.099873,upper
L2,sa,0.44,0.4400,0.710342,0.032005,-0.092440,upper
L2,sa,0.44,0.4400,0.726071,0.030634,-0.085265,upper
L2,sa,0.44,0.4400,0.741604,0.029247,-0.076295,upper
L2,sa,0.44,0.4400,0.756920,0.027848,-0.063287,upper
L2,sa,0.44,0.4400,0.772003,0.026438,-0.046727,upper
L2,sa,0.44,0.4400,0.786835,0.025019,-0.031030,upper
L2,sa,0.44,0.4400,0.801401,0.023592,-0.018641,upper
L2,sa,0.44,0.4400,0.815688,0.022159,-0.008466,upper
L2,sa,0.44,0.4400,0.829682,0.020722,0.002166,upper
L2,sa,0.44,0.4400,0.843373,0.019283,0.015980,upper
L2,sa,0.44,0.4400,0.856750,0.017845,0.032200,upper
L2,sa,0.44,0.4400,0.869805,0.016409,0.048728,upper
L2,sa,0.44,0.4400,0.882530,0.014979,0.065629,upper
L2,sa,0.44,0.4400,0.894920,0.013557,0.082736,upper
L2,sa,0.44,0.4400,0.906971,0.012147,0.099732,upper
L2,sa,0.44,0.4400,0.918679,0.010753,0.117070,upper
L2,sa,0.44,0.4400,0.930042,0.009377,0.134899,upper
L2,sa,0.44,0.4400,0.941059,0.008025,0.153775,upper
L2,sa,0.44,0.4400,0.951731,0.006700,0.174026,upper
L2,sa,0.44,0.4400,0.962060,0.005410,0.194132,upper
L2,sa,0.44,0.4400,0.972047,0.004158,0.212998,upper
L2,sa,0.44,0.4400,0.981697,0.002952,0.231772,upper
L2,sa,0.44,0.4400,0.991012,0.001799,0.248938,upper
L2,sa,0.44,0.4400,1.000000,0.000705,0.279420,upper
L2,sa,0.44,0.4400,-0.000000,0.000000,0.765847,lower
L2,sa,0.44,0.4400,0.000008,-0.000522,0.781100,lower
L2,sa,0.44,0.4400,0.000034,-0.001072,0.794855,lower
L2,sa,0.44,0.4400,0.000080,-0.001650,0.806765,lower
L2,sa,0.44,0.4400,0.000151,-0.002259,0.816691,lower
L2,sa,0.44,0.4400,0.000249,-0.002897,0.824194,lower
L2,sa,0.44,0.4400,0.000377,-0.003566,0.828878,lower
L2,sa,0.44,0.4400,0.000541,-0.004266,0.830308,lower
L2,sa,0.44,0.4400,0.000745,-0.004995,0.828057,lower
L2,sa,0.44,0.4400,0.000993,-0.005755,0.821703,lower
L2,sa,0.44,0.4400,0.001290,-0.006543,0.810854,lower
L2,sa,0.44,0.4400,0.001641,-0.007359,0.795177,lower
L2,sa,0.44,0.4400,0.002052,-0.008200,0.774423,lower
L2,sa,0.44,0.4400,0.002527,-0.009065,0.748456,lower
L2,sa,0.44,0.4400,0.003073,-0.009951,0.717281,lower
L2,sa,0.44,0.4400,0.003694,-0.010854,0.681066,lower
L2,sa,0.44,0.4400,0.004395,-0.011772,0.640154,lower
L2,sa,0.44,0.4400,0.005181,-0.012701,0.595067,lower
L2,sa,0.44,0.4400,0.006058,-0.013638,0.546501,lower
L2,sa,0.44,0.4400,0.007029,-0.014577,0.495294,lower
L2,sa,0.44,0.4400,0.008099,-0.015516,0.442400,lower
L2,sa,0.44,0.4400,0.009271,-0.016451,0.388837,lower
L2,sa,0.44,0.4400,0.010549,-0.017378,0.335639,lower
L2,sa,0.44,0.4400,0.011936,-0.018294,0.283809,lower
L2,sa,0.44,0.4400,0.013436,-0.019195,0.234266,lower
L2,sa,0.44,0.4400,0.015052,-0.020080,0.187815,lower
L2,sa,0.44,0.4400,0.016786,-0.020946,0.145109,lower
L2,sa,0.44,0.4400,0.018643,-0.021791,0.106638,lower
L2,sa,0.44,0.4400,0.020625,-0.022613,0.072715,lower
L2,sa,0.44,0.4400,0.022735,-0.023413,0.043484,lower
L2,sa,0.44,0.4400,0.024979,-0.024190,0.018926,lower
L2,sa,0.44,0.4400,0.027358,-0.024943,-0.001125,lower
L2,sa,0.44,0.4400,0.029878,-0.025674,-0.016957,lower
L2,sa,0.44,0.4400,0.032543,-0.026382,-0.028956,lower
L2,sa,0.44,0.4400,0.035358,-0.027068,-0.037578,lower
L2,sa,0.44,0.4400,0.038327,-0.027735,-0.043320,lower
L2,sa,0.44,0.4400,0.041456,-0.028383,-0.046691,lower
L2,sa,0.44,0.4400,0.044751,-0.029015,-0.048195,lower
L2,sa,0.44,0.4400,0.048218,-0.029633,-0.048306,lower
L2,sa,0.44,0.4400,0.051862,-0.030238,-0.047466,lower
L2,sa,0.44,0.4400,0.055691,-0.030834,-0.046067,lower
L2,sa,0.44,0.4400,0.059710,-0.031422,-0.044457,lower
L2,sa,0.44,0.4400,0.063928,-0.032006,-0.042933,lower
L2,sa,0.44,0.4400,0.068352,-0.032587,-0.041744,lower
L2,sa,0.44,0.4400,0.072988,-0.033168,-0.041094,lower
L2,sa,0.44,0.4400,0.077844,-0.033751,-0.041146,lower
L2,sa,0.44,0.4400,0.082928,-0.034338,-0.042021,lower
L2,sa,0.44,0.4400,0.088248,-0.034931,-0.043803,lower
L2,sa,0.44,0.4400,0.093813,-0.035530,-0.046541,lower
L2,sa,0.44,0.4400,0.099629,-0.036137,-0.050254,lower
L2,sa,0.44,0.4400,0.105705,-0.036752,-0.054925,lower
L2,sa,0.44,0.4400,0.112049,-0.037375,-0.060513,lower
L2,sa,0.44,0.4400,0.118669,-0.038006,-0.066946,lower
L2,sa,0.44,0.4400,0.125573,-0.038642,-0.074128,lower
L2,sa,0.44,0.4400,0.132769,-0.039282,-0.081944,lower
L2,sa,0.44,0.4400,0.140263,-0.039924,-0.090259,lower
L2,sa,0.44,0.4400,0.148065,-0.040566,-0.098927,lower
L2,sa,0.44,0.4400,0.156179,-0.041204,-0.107795,lower
L2,sa,0.44,0.4400,0.164613,-0.041835,-0.116711,lower
L2,sa,0.44,0.4400,0.173373,-0.042456,-0.125533,lower
L2,sa,0.44,0.4400,0.182464,-0.043064,-0.134138,lower
L2,sa,0.44,0.4400,0.191890,-0.043654,-0.142428,lower
L2,sa,0.44,0.4400,0.201657,-0.044225,-0.150336,lower
L2,sa,0.44,0.4400,0.211767,-0.044773,-0.157835,lower
L2,sa,0.44,0.4400,0.222222,-0.045296,-0.164938,lower
L2,sa,0.44,0.4400,0.233025,-0.045792,-0.171697,lower
L2,sa,0.44,0.4400,0.244175,-0.046258,-0.178199,lower
L2,sa,0.44,0.4400,0.255672,-0.046694,-0.184555,lower
L2,sa,0.44,0.4400,0.267515,-0.047098,-0.190889,lower
L2,sa,0.44,0.4400,0.279701,-0.047468,-0.197328,lower
L2,sa,0.44,0.4400,0.292227,-0.047803,-0.203981,lower
L2,sa,0.44,0.4400,0.305086,-0.048100,-0.210929,lower
L2,sa,0.44,0.4400,0.318273,-0.048357,-0.218207,lower
L2,sa,0.44,0.4400,0.331780,-0.048569,-0.225788,lower
L2,sa,0.44,0.4400,0.345598,-0.048733,-0.233576,lower
L2,sa,0.44,0.4400,0.359716,-0.048843,-0.241404,lower
L2,sa,0.44,0.4400,0.374124,-0.048893,-0.249022,lower
L2,sa,0.44,0.4400,0.388807,-0.048878,-0.256109,lower
L2,sa,0.44,0.4400,0.403751,-0.048790,-0.262293,lower
L2,sa,0.44,0.4400,0.418939,-0.048624,-0.267168,lower
L2,sa,0.44,0.4400,0.434356,-0.048373,-0.270334,lower
L2,sa,0.44,0.4400,0.449981,-0.048033,-0.271449,lower
L2,sa,0.44,0.4400,0.465797,-0.047599,-0.270272,lower
L2,sa,0.44,0.4400,0.481780,-0.047071,-0.266690,lower
L2,sa,0.44,0.4400,0.497911,-0.046447,-0.260751,lower
L2,sa,0.44,0.4400,0.514167,-0.045730,-0.252669,lower
L2,sa,0.44,0.4400,0.530524,-0.044922,-0.242767,lower
L2,sa,0.44,0.4400,0.546959,-0.044030,-0.231401,lower
L2,sa,0.44,0.4400,0.563448,-0.043058,-0.218971,lower
L2,sa,0.44,0.4400,0.579967,-0.042016,-0.205835,lower
L2,sa,0.44,0.4400,0.596493,-0.040910,-0.192299,lower
L2,sa,0.44,0.4400,0.613000,-0.039748,-0.178687,lower
L2,sa,0.44,0.4400,0.629465,-0.038539,-0.165271,lower
L2,sa,0.44,0.4400,0.645864,-0.037290,-0.152228,lower
L2,sa,0.44,0.4400,0.662174,-0.036007,-0.139655,lower
L2,sa,0.44,0.4400,0.678372,-0.034695,-0.127533,lower
L2,sa,0.44,0.4400,0.694435,-0.033360,-0.115735,lower
L2,sa,0.44,0.4400,0.710342,-0.032005,-0.104148,lower
L2,sa,0.44,0.4400,0.726071,-0.030634,-0.092699,lower
L2,sa,0.44,0.4400,0.741604,-0.029247,-0.081311,lower
L2,sa,0.44,0.4400,0.756920,-0.027848,-0.069939,lower
L2,sa,0.44,0.4400,0.772003,-0.026438,-0.058497,lower
L2,sa,0.44,0.4400,0.786835,-0.025019,-0.046855,lower
L2,sa,0.44,0.4400,0.801401,-0.023592,-0.034904,lower
L2,sa,0.44,0.4400,0.815688,-0.022159,-0.022556,lower
L2,sa,0.44,0.4400,0.829682,-0.020722,-0.009731,lower
L2,sa,0.44,0.4400,0.843373,-0.019283,0.003661,lower
L2,sa,0.44,0.4400,0.856750,-0.017845,0.017692,lower
L2,sa,0.44,0.4400,0.869805,-0.016409,0.032524,lower
L2,sa,0.44,0.4400,0.882530,-0.014979,0.048194,lower
L2,sa,0.44,0.4400,0.894920,-0.013557,0.064587,lower
L2,sa,0.44,0.4400,0.906971,-0.012147,0.081655,lower
L2,sa,0.44,0.4400,0.918679,-0.010753,0.099145,lower
L2,sa,0.44,0.4400,0.930042,-0.009377,0.117116,lower
L2,sa,0.44,0.4400,0.941059,-0.008025,0.135889,lower
L2,sa,0.44,0.4400,0.951731,-0.006700,0.155594,lower
L2,sa,0.44,0.4400,0.962060,-0.005410,0.176568,lower
L2,sa,0.44,0.4400,0.972047,-0.004158,0.198745,lower
L2,sa,0.44,0.4400,0.981697,-0.002952,0.221228,lower
L2,sa,0.44,0.4400,0.991012,-0.001799,0.240900,lower
L2,sa,0.44,0.4400,1.000000,-0.000705,0.275593,lower
L2,sa,0.65,0.6500,0.000000,0.000000,0.749554,upper
L2,sa,0.65,0.6500,0.000008,0.000522,0.731896,upper
L2,sa,0.65,0.6500,0.000034,0.001072,0.711341,upper
L2,sa,0.65,0.6500,0.000080,0.001650,0.687248,upper
L2,sa,0.65,0.6500,0.000151,0.002259,0.659551,upper
L2,sa,0.65,0.6500,0.000248,0.002897,0.627863,upper
L2,sa,0.65,0.6500,0.000377,0.003566,0.591905,upper
L2,sa,0.65,0.6500,0.000541,0.004266,0.551381,upper
L2,sa,0.65,0.6500,0.000745,0.004995,0.506056,upper
L2,sa,0.65,0.6500,0.000993,0.005755,0.455750,upper
L2,sa,0.65,0.6500,0.001290,0.006543,0.400371,upper
L2,sa,0.65,0.6500,0.001641,0.007359,0.339929,upper
L2,sa,0.65,0.6500,0.002052,0.008200,0.274565,upper
L2,sa,0.65,0.6500,0.002527,0.009065,0.204561,upper
L2,sa,0.65,0.6500,0.003073,0.009951,0.130356,upper
L2,sa,0.65,0.6500,0.003694,0.010854,0.052548,upper
L2,sa,0.65,0.6500,0.004395,0.011772,-0.028119,upper
L2,sa,0.65,0.6500,0.005182,0.012701,-0.110768,upper
L2,sa,0.65,0.6500,0.006058,0.013638,-0.194433,upper
L2,sa,0.65,0.6500,0.007029,0.014577,-0.278095,upper
L2,sa,0.65,0.6500,0.008099,0.015516,-0.360737,upper
L2,sa,0.65,0.6500,0.009271,0.016451,-0.441380,upper
L2,sa,0.65,0.6500,0.010549,0.017378,-0.519122,upper
L2,sa,0.65,0.6500,0.011936,0.018294,-0.593184,upper
L2,sa,0.65,0.6500,0.013436,0.019195,-0.662953,upper
L2,sa,0.65,0.6500,0.015052,0.020080,-0.727950,upper
L2,sa,0.65,0.6500,0.016786,0.020946,-0.787801,upper
L2,sa,0.65,0.6500,0.018643,0.021791,-0.842311,upper
L2,sa,0.65,0.6500,0.020625,0.022613,-0.891457,upper
L2,sa,0.65,0.6500,0.022735,0.023413,-0.935289,upper
L2,sa,0.65,0.6500,0.024979,0.024190,-0.973926,upper
L2,sa,0.65,0.6500,0.027358,0.024943,-1.007560,upper
L2,sa,0.65,0.6500,0.029878,0.025674,-1.036412,upper
L2,sa,0.65,0.6500,0.032543,0.026382,-1.060728,upper
L2,sa,0.65,0.6500,0.035358,0.027068,-1.080765,upper
L2,sa,0.65,0.6500,0.038327,0.027735,-1.096788,upper
L2,sa,0.65,0.6500,0.041456,0.028383,-1.109066,upper
L2,sa,0.65,0.6500,0.044751,0.029015,-1.117858,upper
L2,sa,0.65,0.6500,0.048218,0.029633,-1.123423,upper
L2,sa,0.65,0.6500,0.051862,0.030238,-1.126008,upper
L2,sa,0.65,0.6500,0.055691,0.030834,-1.125862,upper
L2,sa,0.65,0.6500,0.059710,0.031422,-1.123234,upper
L2,sa,0.65,0.6500,0.063928,0.032006,-1.118377,upper
L2,sa,0.65,0.6500,0.068352,0.032587,-1.111548,upper
L2,sa,0.65,0.6500,0.072988,0.033168,-1.103006,upper
L2,sa,0.65,0.6500,0.077844,0.033751,-1.093009,upper
L2,sa,0.65,0.6500,0.082928,0.034338,-1.081821,upper
L2,sa,0.65,0.6500,0.088248,0.034931,-1.069711,upper
L2,sa,0.65,0.6500,0.093813,0.035530,-1.056949,upper
L2,sa,0.65,0.6500,0.099629,0.036137,-1.043794,upper
L2,sa,0.65,0.6500,0.105705,0.036752,-1.030519,upper
L2,sa,0.65,0.6500,0.112049,0.037375,-1.017345,upper
L2,sa,0.65,0.6500,0.118669,0.038006,-1.004519,upper
L2,sa,0.65,0.6500,0.125573,0.038642,-0.992295,upper
L2,sa,0.65,0.6500,0.132769,0.039282,-0.980797,upper
L2,sa,0.65,0.6500,0.140263,0.039924,-0.970146,upper
L2,sa,0.65,0.6500,0.148064,0.040566,-0.960285,upper
L2,sa,0.65,0.6500,0.156179,0.041204,-0.950886,upper
L2,sa,0.65,0.6500,0.164613,0.041835,-0.940647,upper
L2,sa,0.65,0.6500,0.173373,0.042456,-0.925534,upper
L2,sa,0.65,0.6500,0.182464,0.043064,-0.895628,upper
L2,sa,0.65,0.6500,0.191890,0.043654,-0.840016,upper
L2,sa,0.65,0.6500,0.201657,0.044225,-0.759927,upper
L2,sa,0.65,0.6500,0.211767,0.044773,-0.679528,upper
L2,sa,0.65,0.6500,0.222222,0.045296,-0.627786,upper
L2,sa,0.65,0.6500,0.233025,0.045792,-0.610054,upper
L2,sa,0.65,0.6500,0.244175,0.046258,-0.614643,upper
L2,sa,0.65,0.6500,0.255672,0.046694,-0.627913,upper
L2,sa,0.65,0.6500,0.267515,0.047098,-0.641309,upper
L2,sa,0.65,0.6500,0.279701,0.047468,-0.652455,upper
L2,sa,0.65,0.6500,0.292227,0.047803,-0.661201,upper
L2,sa,0.65,0.6500,0.305086,0.048100,-0.668079,upper
L2,sa,0.65,0.6500,0.318273,0.048357,-0.673546,upper
L2,sa,0.65,0.6500,0.331780,0.048569,-0.678375,upper
L2,sa,0.65,0.6500,0.345598,0.048733,-0.683556,upper
L2,sa,0.65,0.6500,0.359716,0.048843,-0.689869,upper
L2,sa,0.65,0.6500,0.374124,0.048893,-0.697930,upper
L2,sa,0.65,0.6500,0.388807,0.048878,-0.707789,upper
L2,sa,0.65,0.6500,0.403750,0.048790,-0.719107,upper
L2,sa,0.65,0.6500,0.418939,0.048624,-0.731417,upper
L2,sa,0.65,0.6500,0.434356,0.048373,-0.741815,upper
L2,sa,0.65,0.6500,0.449981,0.048033,-0.737817,upper
L2,sa,0.65,0.6500,0.465797,0.047599,-0.686844,upper
L2,sa,0.65,0.6500,0.481780,0.047071,-0.544033,upper
L2,sa,0.65,0.6500,0.497911,0.046447,-0.355525,upper
L2,sa,0.65,0.6500,0.514167,0.045730,-0.229942,upper
L2,sa,0.65,0.6500,0.530524,0.044922,-0.178997,upper
L2,sa,0.65,0.6500,0.546959,0.044030,-0.157760,upper
L2,sa,0.65,0.6500,0.563448,0.043058,-0.146940,upper
L2,sa,0.65,0.6500,0.579967,0.042016,-0.142602,upper
L2,sa,0.65,0.6500,0.596493,0.040910,-0.143921,upper
L2,sa,0.65,0.6500,0.613000,0.039748,-0.147341,upper
L2,sa,0.65,0.6500,0.629465,0.038539,-0.145860,upper
L2,sa,0.65,0.6500,0.645864,0.037290,-0.136774,upper
L2,sa,0.65,0.6500,0.662174,0.036007,-0.122362,upper
L2,sa,0.65,0.6500,0.678372,0.034695,-0.106139,upper
L2,sa,0.65,0.6500,0.694435,0.033360,-0.089316,upper
L2,sa,0.65,0.6500,0.710341,0.032005,-0.073729,upper
L2,sa,0.65,0.6500,0.726071,0.030634,-0.064717,upper
L2,sa,0.65,0.6500,0.741604,0.029247,-0.061511,upper
L2,sa,0.65,0.6500,0.756920,0.027848,-0.056083,upper
L2,sa,0.65,0.6500,0.772003,0.026438,-0.043239,upper
L2,sa,0.65,0.6500,0.786835,0.025019,-0.024522,upper
L2,sa,0.65,0.6500,0.801401,0.023592,-0.007018,upper
L2,sa,0.65,0.6500,0.815688,0.022159,0.004966,upper
L2,sa,0.65,0.6500,0.829682,0.020722,0.015042,upper
L2,sa,0.65,0.6500,0.843373,0.019283,0.027059,upper
L2,sa,0.65,0.6500,0.856750,0.017845,0.041096,upper
L2,sa,0.65,0.6500,0.869805,0.016409,0.055384,upper
L2,sa,0.65,0.6500,0.882530,0.014979,0.069024,upper
L2,sa,0.65,0.6500,0.894920,0.013557,0.084657,upper
L2,sa,0.65,0.6500,0.906971,0.012147,0.104252,upper
L2,sa,0.65,0.6500,0.918679,0.010753,0.124879,upper
L2,sa,0.65,0.6500,0.930042,0.009377,0.143351,upper
L2,sa,0.65,0.6500,0.941059,0.008025,0.159862,upper
L2,sa,0.65,0.6500,0.951731,0.006700,0.176663,upper
L2,sa,0.65,0.6500,0.962060,0.005410,0.196081,upper
L2,sa,0.65,0.6500,0.972047,0.004158,0.217471,upper
L2,sa,0.65,0.6500,0.981697,0.002952,0.237601,upper
L2,sa,0.65,0.6500,0.991013,0.001799,0.252943,upper
L2,sa,0.65,0.6500,1.000000,0.000705,0.282466,upper
L2,sa,0.65,0.6500,0.000000,0.000000,0.749554,lower
L2,sa,0.65,0.6500,0.000008,-0.000522,0.765697,lower
L2,sa,0.65,0.6500,0.000034,-0.001072,0.780388,lower
L2,sa,0.65,0.6500,0.000080,-0.001650,0.793284,lower
L2,sa,0.65,0.6500,0.000151,-0.002259,0.804247,lower
L2,sa,0.65,0.6500,0.000248,-0.002897,0.812834,lower
L2,sa,0.65,0.6500,0.000377,-0.003566,0.818647,lower
L2,sa,0.65,0.6500,0.000541,-0.004266,0.821244,lower
L2,sa,0.65,0.6500,0.000745,-0.004995,0.820193,lower
L2,sa,0.65,0.6500,0.000993,-0.005755,0.815064,lower
L2,sa,0.65,0.6500,0.001290,-0.006543,0.805457,lower
L2,sa,0.65,0.6500,0.001641,-0.007359,0.791024,lower
L2,sa,0.65,0.6500,0.002052,-0.008200,0.771504,lower
L2,sa,0.65,0.6500,0.002527,-0.009065,0.746746,lower
L2,sa,0.65,0.6500,0.003073,-0.009951,0.716737,lower
L2,sa,0.65,0.6500,0.003694,-0.010854,0.681627,lower
L2,sa,0.65,0.6500,0.004395,-0.011772,0.641743,lower
L2,sa,0.65,0.6500,0.005182,-0.012701,0.597590,lower
L2,sa,0.65,0.6500,0.006058,-0.013638,0.549848,lower
L2,sa,0.65,0.6500,0.007029,-0.014577,0.499344,lower
L2,sa,0.65,0.6500,0.008099,-0.015516,0.447019,lower
L2,sa,0.65,0.6500,0.009271,-0.016451,0.393885,lower
L2,sa,0.65,0.6500,0.010549,-0.017378,0.340971,lower
L2,sa,0.65,0.6500,0.011936,-0.018294,0.289277,lower
L2,sa,0.65,0.6500,0.013436,-0.019195,0.239726,lower
L2,sa,0.65,0.6500,0.015052,-0.020080,0.193123,lower
L2,sa,0.65,0.6500,0.016786,-0.020946,0.150131,lower
L2,sa,0.65,0.6500,0.018643,-0.021791,0.111248,lower
L2,sa,0.65,0.6500,0.020625,-0.022613,0.076798,lower
L2,sa,0.65,0.6500,0.022735,-0.023413,0.046940,lower
L2,sa,0.65,0.6500,0.024979,-0.024190,0.021669,lower
L2,sa,0.65,0.6500,0.027358,-0.024943,0.000839,lower
L2,sa,0.65,0.6500,0.029878,-0.025674,-0.015821,lower
L2,sa,0.65,0.6500,0.032543,-0.026382,-0.028677,lower
L2,sa,0.65,0.6500,0.035358,-0.027068,-0.038168,lower
L2,sa,0.65,0.6500,0.038327,-0.027735,-0.044775,lower
L2,sa,0.65,0.6500,0.041456,-0.028383,-0.048993,lower
L2,sa,0.65,0.6500,0.044751,-0.029015,-0.051315,lower
L2,sa,0.65,0.6500,0.048218,-0.029633,-0.052210,lower
L2,sa,0.65,0.6500,0.051862,-0.030238,-0.052111,lower
L2,sa,0.65,0.6500,0.055691,-0.030834,-0.051411,lower
L2,sa,0.65,0.6500,0.059710,-0.031422,-0.050458,lower
L2,sa,0.65,0.6500,0.063928,-0.032006,-0.049548,lower
L2,sa,0.65,0.6500,0.068352,-0.032587,-0.048933,lower
L2,sa,0.65,0.6500,0.072988,-0.033168,-0.048821,lower
L2,sa,0.65,0.6500,0.077844,-0.033751,-0.049378,lower
L2,sa,0.65,0.6500,0.082928,-0.034338,-0.050727,lower
L2,sa,0.65,0.6500,0.088248,-0.034931,-0.052957,lower
L2,sa,0.65,0.6500,0.093813,-0.035530,-0.056122,lower
L2,sa,0.65,0.6500,0.099629,-0.036137,-0.060239,lower
L2,sa,0.65,0.6500,0.105705,-0.036752,-0.065299,lower
L2,sa,0.65,0.6500,0.112049,-0.037375,-0.071259,lower
L2,sa,0.65,0.6500,0.118669,-0.038006,-0.078050,lower
L2,sa,0.65,0.6500,0.125573,-0.038642,-0.085577,lower
L2,sa,0.65,0.6500,0.132769,-0.039282,-0.093724,lower
L2,sa,0.65,0.6500,0.140263,-0.039924,-0.102357,lower
L2,sa,0.65,0.6500,0.148064,-0.040566,-0.111327,lower
L2,sa,0.65,0.6500,0.156179,-0.041204,-0.120478,lower
L2,sa,0.65,0.6500,0.164613,-0.041835,-0.129657,lower
L2,sa,0.65,0.6500,0.173373,-0.042456,-0.138718,lower
L2,sa,0.65,0.6500,0.182464,-0.043064,-0.147533,lower
L2,sa,0.65,0.6500,0.191890,-0.043654,-0.156001,lower
L2,sa,0.65,0.6500,0.201657,-0.044225,-0.164051,lower
L2,sa,0.65,0.6500,0.211767,-0.044773,-0.171652,lower
L2,sa,0.65,0.6500,0.222222,-0.045296,-0.178816,lower
L2,sa,0.65,0.6500,0.233025,-0.045792,-0.185591,lower
L2,sa,0.65,0.6500,0.244175,-0.046258,-0.192062,lower
L2,sa,0.65,0.6500,0.255672,-0.046694,-0.198340,lower
L2,sa,0.65,0.6500,0.267515,-0.047098,-0.204549,lower
L2,sa,0.65,0.6500,0.279701,-0.047468,-0.210811,lower
L2,sa,0.65,0.6500,0.292227,-0.047803,-0.217237,lower
L2,sa,0.65,0.6500,0.305086,-0.048100,-0.223904,lower
L2,sa,0.65,0.6500,0.318273,-0.048357,-0.230842,lower
L2,sa,0.65,0.6500,0.331780,-0.048569,-0.238017,lower
L2,sa,0.65,0.6500,0.345598,-0.048733,-0.245329,lower
L2,sa,0.65,0.6500,0.359716,-0.048843,-0.252599,lower
L2,sa,0.65,0.6500,0.374124,-0.048893,-0.259565,lower
L2,sa,0.65,0.6500,0.388807,-0.048878,-0.265902,lower
L2,sa,0.65,0.6500,0.403750,-0.048790,-0.271233,lower
L2,sa,0.65,0.6500,0.418939,-0.048624,-0.275152,lower
L2,sa,0.65,0.6500,0.434356,-0.048373,-0.277266,lower
L2,sa,0.65,0.6500,0.449981,-0.048033,-0.277266,lower
L2,sa,0.65,0.6500,0.465797,-0.047599,-0.274950,lower
L2,sa,0.65,0.6500,0.481780,-0.047071,-0.270230,lower
L2,sa,0.65,0.6500,0.497911,-0.046447,-0.263209,lower
L2,sa,0.65,0.6500,0.514167,-0.045730,-0.254094,lower
L2,sa,0.65,0.6500,0.530524,-0.044922,-0.243170,lower
L2,sa,0.65,0.6500,0.546959,-0.044030,-0.230811,lower
L2,sa,0.65,0.6500,0.563448,-0.043058,-0.217381,lower
L2,sa,0.65,0.6500,0.579967,-0.042016,-0.203195,lower
L2,sa,0.65,0.6500,0.596493,-0.040910,-0.188477,lower
L2,sa,0.65,0.6500,0.613000,-0.039748,-0.173513,lower
L2,sa,0.65,0.6500,0.629465,-0.038539,-0.158582,lower
L2,sa,0.65,0.6500,0.645864,-0.037290,-0.144087,lower
L2,sa,0.65,0.6500,0.662174,-0.036007,-0.130541,lower
L2,sa,0.65,0.6500,0.678372,-0.034695,-0.118059,lower
L2,sa,0.65,0.6500,0.694435,-0.033360,-0.106460,lower
L2,sa,0.65,0.6500,0.710341,-0.032005,-0.095314,lower
L2,sa,0.65,0.6500,0.726071,-0.030634,-0.084035,lower
L2,sa,0.65,0.6500,0.741604,-0.029247,-0.072400,lower
L2,sa,0.65,0.6500,0.756920,-0.027848,-0.060482,lower
L2,sa,0.65,0.6500,0.772003,-0.026438,-0.048438,lower
L2,sa,0.65,0.6500,0.786835,-0.025019,-0.036543,lower
L2,sa,0.65,0.6500,0.801401,-0.023592,-0.024861,lower
L2,sa,0.65,0.6500,0.815688,-0.022159,-0.013224,lower
L2,sa,0.65,0.6500,0.829682,-0.020722,-0.001400,lower
L2,sa,0.65,0.6500,0.843373,-0.019283,0.011123,lower
L2,sa,0.65,0.6500,0.856750,-0.017845,0.024681,lower
L2,sa,0.65,0.6500,0.869805,-0.016409,0.039408,lower
L2,sa,0.65,0.6500,0.882530,-0.014979,0.055255,lower
L2,sa,0.65,0.6500,0.894920,-0.013557,0.071781,lower
L2,sa,0.65,0.6500,0.906971,-0.012147,0.088753,lower
L2,sa,0.65,0.6500,0.918679,-0.010753,0.106052,lower
L2,sa,0.65,0.6500,0.930042,-0.009377,0.123782,lower
L2,sa,0.65,0.6500,0.941059,-0.008025,0.142338,lower
L2,sa,0.65,0.6500,0.951731,-0.006700,0.161898,lower
L2,sa,0.65,0.6500,0.962060,-0.005410,0.182681,lower
L2,sa,0.65,0.6500,0.972047,-0.004158,0.204501,lower
L2,sa,0.65,0.6500,0.981697,-0.002952,0.226452,lower
L2,sa,0.65,0.6500,0.991013,-0.001799,0.245638,lower
L2,sa,0.65,0.6500,1.000000,-0.000705,0.279817,lower
L2,sa,0.80,0.8000,0.000000,0.000000,0.737466,upper
L2,sa,0.80,0.8000,0.000008,0.000522,0.719467,upper
L2,sa,0.80,0.8000,0.000034,0.001072,0.698561,upper
L2,sa,0.80,0.8000,0.000080,0.001650,0.674103,upper
L2,sa,0.80,0.8000,0.000151,0.002259,0.646031,upper
L2,sa,0.80,0.8000,0.000249,0.002897,0.613959,upper
L2,sa,0.80,0.8000,0.000377,0.003566,0.577610,upper
L2,sa,0.80,0.8000,0.000541,0.004266,0.536692,upper
L2,sa,0.80,0.8000,0.000745,0.004995,0.490974,upper
L2,sa,0.80,0.8000,0.000993,0.005755,0.440280,upper
L2,sa,0.80,0.8000,0.001290,0.006543,0.384523,upper
L2,sa,0.80,0.8000,0.001641,0.007359,0.323720,upper
L2,sa,0.80,0.8000,0.002052,0.008200,0.258016,upper
L2,sa,0.80,0.8000,0.002527,0.009065,0.187700,upper
L2,sa,0.80,0.8000,0.003073,0.009951,0.113216,upper
L2,sa,0.80,0.8000,0.003694,0.010854,0.035165,upper
L2,sa,0.80,0.8000,0.004395,0.011772,-0.045702,upper
L2,sa,0.80,0.8000,0.005182,0.012701,-0.128509,upper
L2,sa,0.80,0.8000,0.006058,0.013638,-0.212287,upper
L2,sa,0.80,0.8000,0.007029,0.014577,-0.296021,upper
L2,sa,0.80,0.8000,0.008099,0.015516,-0.378694,upper
L2,sa,0.80,0.8000,0.009271,0.016451,-0.459335,upper
L2,sa,0.80,0.8000,0.010549,0.017378,-0.537048,upper
L2,sa,0.80,0.8000,0.011936,0.018294,-0.611062,upper
L2,sa,0.80,0.8000,0.013436,0.019195,-0.680765,upper
L2,sa,0.80,0.8000,0.015052,0.020080,-0.745684,upper
L2,sa,0.80,0.8000,0.016786,0.020946,-0.805468,upper
L2,sa,0.80,0.8000,0.018643,0.021791,-0.859936,upper
L2,sa,0.80,0.8000,0.020625,0.022613,-0.909059,upper
L2,sa,0.80,0.8000,0.022735,0.023413,-0.952892,upper
L2,sa,0.80,0.8000,0.024979,0.024190,-0.991563,upper
L2,sa,0.80,0.8000,0.027358,0.024943,-1.025267,upper
L2,sa,0.80,0.8000,0.029878,0.025674,-1.054232,upper
L2,sa,0.80,0.8000,0.032543,0.026382,-1.078707,upper
L2,sa,0.80,0.8000,0.035358,0.027068,-1.098954,upper
L2,sa,0.80,0.8000,0.038327,0.027735,-1.115242,upper
L2,sa,0.80,0.8000,0.041456,0.028383,-1.127841,upper
L2,sa,0.80,0.8000,0.044751,0.029015,-1.137016,upper
L2,sa,0.80,0.8000,0.048218,0.029633,-1.143027,upper
L2,sa,0.80,0.8000,0.051862,0.030238,-1.146124,upper
L2,sa,0.80,0.8000,0.055691,0.030834,-1.146558,upper
L2,sa,0.80,0.8000,0.059711,0.031422,-1.144579,upper
L2,sa,0.80,0.8000,0.063928,0.032006,-1.140441,upper
L2,sa,0.80,0.8000,0.068352,0.032587,-1.134403,upper
L2,sa,0.80,0.8000,0.072988,0.033168,-1.126730,upper
L2,sa,0.80,0.8000,0.077844,0.033751,-1.117690,upper
L2,sa,0.80,0.8000,0.082928,0.034338,-1.107549,upper
L2,sa,0.80,0.8000,0.088248,0.034931,-1.096579,upper
L2,sa,0.80,0.8000,0.093813,0.035530,-1.085049,upper
L2,sa,0.80,0.8000,0.099629,0.036137,-1.073237,upper
L2,sa,0.80,0.8000,0.105705,0.036752,-1.061410,upper
L2,sa,0.80,0.8000,0.112049,0.037375,-1.049813,upper
L2,sa,0.80,0.8000,0.118669,0.038006,-1.038663,upper
L2,sa,0.80,0.8000,0.125573,0.038642,-1.028134,upper
L2,sa,0.80,0.8000,0.132769,0.039282,-1.018380,upper
L2,sa,0.80,0.8000,0.140263,0.039924,-1.009502,upper
L2,sa,0.80,0.8000,0.148065,0.040566,-1.001559,upper
L2,sa,0.80,0.8000,0.156179,0.041204,-0.994555,upper
L2,sa,0.80,0.8000,0.164613,0.041835,-0.988440,upper
L2,sa,0.80,0.8000,0.173373,0.042456,-0.983134,upper
L2,sa,0.80,0.8000,0.182464,0.043064,-0.978508,upper
L2,sa,0.80,0.8000,0.191890,0.043654,-0.974435,upper
L2,sa,0.80,0.8000,0.201657,0.044225,-0.970822,upper
L2,sa,0.80,0.8000,0.211767,0.044773,-0.967618,upper
L2,sa,0.80,0.8000,0.222222,0.045296,-0.964573,upper
L2,sa,0.80,0.8000,0.233025,0.045792,-0.961126,upper
L2,sa,0.80,0.8000,0.244175,0.046258,-0.956212,upper
L2,sa,0.80,0.8000,0.255672,0.046694,-0.945826,upper
L2,sa,0.80,0.8000,0.267515,0.047098,-0.920187,upper
L2,sa,0.80,0.8000,0.279701,0.047468,-0.865775,upper
L2,sa,0.80,0.8000,0.292227,0.047803,-0.784724,upper
L2,sa,0.80,0.8000,0.305086,0.048100,-0.709772,upper
L2,sa,0.80,0.8000,0.318273,0.048357,-0.671221,upper
L2,sa,0.80,0.8000,0.331780,0.048569,-0.663992,upper
L2,sa,0.80,0.8000,0.345598,0.048733,-0.661468,upper
L2,sa,0.80,0.8000,0.359716,0.048843,-0.632143,upper
L2,sa,0.80,0.8000,0.374124,0.048893,-0.552534,upper
L2,sa,0.80,0.8000,0.388807,0.048878,-0.427195,upper
L2,sa,0.80,0.8000,0.403751,0.048790,-0.298257,upper
L2,sa,0.80,0.8000,0.418939,0.048624,-0.213351,upper
L2,sa,0.80,0.8000,0.434356,0.048373,-0.179006,upper
L2,sa,0.80,0.8000,0.449981,0.048033,-0.173261,upper
L2,sa,0.80,0.8000,0.465797,0.047599,-0.177957,upper
L2,sa,0.80,0.8000,0.481780,0.047071,-0.183949,upper
L2,sa,0.80,0.8000,0.497911,0.046447,-0.189442,upper
L2,sa,0.80,0.8000,0.514166,0.045730,-0.193689,upper
L2,sa,0.80,0.8000,0.530524,0.044922,-0.195772,upper
L2,sa,0.80,0.8000,0.546959,0.044030,-0.197275,upper
L2,sa,0.80,0.8000,0.563448,0.043058,-0.198866,upper
L2,sa,0.80,0.8000,0.579967,0.042016,-0.196113,upper
L2,sa,0.80,0.8000,0.596493,0.040910,-0.182687,upper
L2,sa,0.80,0.8000,0.613000,0.039748,-0.160434,upper
L2,sa,0.80,0.8000,0.629465,0.038539,-0.135153,upper
L2,sa,0.80,0.8000,0.645864,0.037290,-0.112601,upper
L2,sa,0.80,0.8000,0.662174,0.036007,-0.099663,upper
L2,sa,0.80,0.8000,0.678372,0.034695,-0.096195,upper
L2,sa,0.80,0.8000,0.694435,0.033360,-0.094302,upper
L2,sa,0.80,0.8000,0.710341,0.032005,-0.085766,upper
L2,sa,0.80,0.8000,0.726071,0.030634,-0.068571,upper
L2,sa,0.80,0.8000,0.741604,0.029247,-0.050814,upper
L2,sa,0.80,0.8000,0.756920,0.027848,-0.041440,upper
L2,sa,0.80,0.8000,0.772003,0.026438,-0.037983,upper
L2,sa,0.80,0.8000,0.786835,0.025019,-0.030280,upper
L2,sa,0.80,0.8000,0.801401,0.023592,-0.013625,upper
L2,sa,0.80,0.8000,0.815688,0.022159,0.005454,upper
L2,sa,0.80,0.8000,0.829682,0.020722,0.018035,upper
L2,sa,0.80,0.8000,0.843373,0.019283,0.023828,upper
L2,sa,0.80,0.8000,0.856750,0.017845,0.030486,upper
L2,sa,0.80,0.8000,0.869805,0.016409,0.046066,upper
L2,sa,0.80,0.8000,0.882530,0.014979,0.070322,upper
L2,sa,0.80,0.8000,0.894920,0.013557,0.093435,upper
L2,sa,0.80,0.8000,0.906971,0.012147,0.108303,upper
L2,sa,0.80,0.8000,0.918679,0.010753,0.119157,upper
L2,sa,0.80,0.8000,0.930042,0.009377,0.133095,upper
L2,sa,0.80,0.8000,0.941059,0.008025,0.150963,upper
L2,sa,0.80,0.8000,0.951731,0.006700,0.171575,upper
L2,sa,0.80,0.8000,0.962060,0.005410,0.192532,upper
L2,sa,0.80,0.8000,0.972047,0.004158,0.210918,upper
L2,sa,0.80,0.8000,0.981697,0.002952,0.229685,upper
L2,sa,0.80,0.8000,0.991013,0.001799,0.249154,upper
L2,sa,0.80,0.8000,1.000000,0.000705,0.282034,upper
L2,sa,0.80,0.8000,0.000000,0.000000,0.737466,lower
L2,sa,0.80,0.8000,0.000008,-0.000522,0.753954,lower
L2,sa,0.80,0.8000,0.000034,-0.001072,0.769006,lower
L2,sa,0.80,0.8000,0.000080,-0.001650,0.782285,lower
L2,sa,0.80,0.8000,0.000151,-0.002259,0.793651,lower
L2,sa,0.80,0.8000,0.000249,-0.002897,0.802661,lower
L2,sa,0.80,0.8000,0.000377,-0.003566,0.808914,lower
L2,sa,0.80,0.8000,0.000541,-0.004266,0.811966,lower
L2,sa,0.80,0.8000,0.000745,-0.004995,0.811382,lower
L2,sa,0.80,0.8000,0.000993,-0.005755,0.806730,lower
L2,sa,0.80,0.8000,0.001290,-0.006543,0.797603,lower
L2,sa,0.80,0.8000,0.001641,-0.007359,0.783650,lower
L2,sa,0.80,0.8000,0.002052,-0.008200,0.764602,lower
L2,sa,0.80,0.8000,0.002527,-0.009065,0.740301,lower
L2,sa,0.80,0.8000,0.003073,-0.009951,0.710727,lower
L2,sa,0.80,0.8000,0.003694,-0.010854,0.676021,lower
L2,sa,0.80,0.8000,0.004395,-0.011772,0.636502,lower
L2,sa,0.80,0.8000,0.005182,-0.012701,0.592668,lower
L2,sa,0.80,0.8000,0.006058,-0.013638,0.545191,lower
L2,sa,0.80,0.8000,0.007029,-0.014577,0.494890,lower
L2,sa,0.80,0.8000,0.008099,-0.015516,0.442702,lower
L2,sa,0.80,0.8000,0.009271,-0.016451,0.389634,lower
L2,sa,0.80,0.8000,0.010549,-0.017378,0.336714,lower
L2,sa,0.80,0.8000,0.011936,-0.018294,0.284939,lower
L2,sa,0.80,0.8000,0.013436,-0.019195,0.235232,lower
L2,sa,0.80,0.8000,0.015052,-0.020080,0.188401,lower
L2,sa,0.80,0.8000,0.016786,-0.020946,0.145111,lower
L2,sa,0.80,0.8000,0.018643,-0.021791,0.105864,lower
L2,sa,0.80,0.8000,0.020625,-0.022613,0.070994,lower
L2,sa,0.80,0.8000,0.022735,-0.023413,0.040664,lower
L2,sa,0.80,0.8000,0.024979,-0.024190,0.014879,lower
L2,sa,0.80,0.8000,0.027358,-0.024943,-0.006498,lower
L2,sa,0.80,0.8000,0.029878,-0.025674,-0.023728,lower
L2,sa,0.80,0.8000,0.032543,-0.026382,-0.037168,lower
L2,sa,0.80,0.8000,0.035358,-0.027068,-0.047247,lower
L2,sa,0.80,0.8000,0.038327,-0.027735,-0.054439,lower
L2,sa,0.80,0.8000,0.041456,-0.028383,-0.059235,lower
L2,sa,0.80,0.8000,0.044751,-0.029015,-0.062124,lower
L2,sa,0.80,0.8000,0.048218,-0.029633,-0.063570,lower
L2,sa,0.80,0.8000,0.051862,-0.030238,-0.064009,lower
L2,sa,0.80,0.8000,0.055691,-0.030834,-0.063834,lower
L2,sa,0.80,0.8000,0.059711,-0.031422,-0.063393,lower
L2,sa,0.80,0.8000,0.063928,-0.032006,-0.062986,lower
L2,sa,0.80,0.8000,0.068352,-0.032587,-0.062869,lower
L2,sa,0.80,0.8000,0.072988,-0.033168,-0.063251,lower
L2,sa,0.80,0.8000,0.077844,-0.033751,-0.064302,lower
L2,sa,0.80,0.8000,0.082928,-0.034338,-0.066151,lower
L2,sa,0.80,0.8000,0.088248,-0.034931,-0.068888,lower
L2,sa,0.80,0.8000,0.093813,-0.035530,-0.072570,lower
L2,sa,0.80,0.8000,0.099629,-0.036137,-0.077221,lower
L2,sa,0.80,0.8000,0.105705,-0.036752,-0.082831,lower
L2,sa,0.80,0.8000,0.112049,-0.037375,-0.089362,lower
L2,sa,0.80,0.8000,0.118669,-0.038006,-0.096747,lower
L2,sa,0.80,0.8000,0.125573,-0.038642,-0.104893,lower
L2,sa,0.80,0.8000,0.132769,-0.039282,-0.113686,lower
L2,sa,0.80,0.8000,0.140263,-0.039924,-0.122991,lower
L2,sa,0.80,0.8000,0.148065,-0.040566,-0.132660,lower
L2,sa,0.80,0.8000,0.156179,-0.041204,-0.142535,lower
L2,sa,0.80,0.8000,0.164613,-0.041835,-0.152461,lower
L2,sa,0.80,0.8000,0.173373,-0.042456,-0.162286,lower
L2,sa,0.80,0.8000,0.182464,-0.043064,-0.171879,lower
L2,sa,0.80,0.8000,0.191890,-0.043654,-0.181127,lower
L2,sa,0.80,0.8000,0.201657,-0.044225,-0.189952,lower
L2,sa,0.80,0.8000,0.211767,-0.044773,-0.198311,lower
L2,sa,0.80,0.8000,0.222222,-0.045296,-0.206200,lower
L2,sa,0.80,0.8000,0.233025,-0.045792,-0.213650,lower
L2,sa,0.80,0.8000,0.244175,-0.046258,-0.220725,lower
L2,sa,0.80,0.8000,0.255672,-0.046694,-0.227512,lower
L2,sa,0.80,0.8000,0.267515,-0.047098,-0.234105,lower
L2,sa,0.80,0.8000,0.279701,-0.047468,-0.240591,lower
L2,sa,0.80,0.8000,0.292227,-0.047803,-0.247038,lower
L2,sa,0.80,0.8000,0.305086,-0.048100,-0.253476,lower
L2,sa,0.80,0.8000,0.318273,-0.048357,-0.259881,lower
L2,sa,0.80,0.8000,0.331780,-0.048569,-0.266161,lower
L2,sa,0.80,0.8000,0.345598,-0.048733,-0.272159,lower
L2,sa,0.80,0.8000,0.359716,-0.048843,-0.277641,lower
L2,sa,0.80,0.8000,0.374124,-0.048893,-0.282309,lower
L2,sa,0.80,0.8000,0.388807,-0.048878,-0.285837,lower
L2,sa,0.80,0.8000,0.403751,-0.048790,-0.287890,lower
L2,sa,0.80,0.8000,0.418939,-0.048624,-0.288141,lower
L2,sa,0.80,0.8000,0.434356,-0.048373,-0.286363,lower
L2,sa,0.80,0.8000,0.449981,-0.048033,-0.282420,lower
L2,sa,0.80,0.8000,0.465797,-0.047599,-0.276288,lower
L2,sa,0.80,0.8000,0.481780,-0.047071,-0.268054,lower
L2,sa,0.80,0.8000,0.497911,-0.046447,-0.257910,lower
L2,sa,0.80,0.8000,0.514166,-0.045730,-0.246065,lower
L2,sa,0.80,0.8000,0.530524,-0.044922,-0.232692,lower
L2,sa,0.80,0.8000,0.546959,-0.044030,-0.218124,lower
L2,sa,0.80,0.8000,0.563448,-0.043058,-0.202721,lower
L2,sa,0.80,0.8000,0.579967,-0.042016,-0.186968,lower
L2,sa,0.80,0.8000,0.596493,-0.040910,-0.171461,lower
L2,sa,0.80,0.8000,0.613000,-0.039748,-0.156494,lower
L2,sa,0.80,0.8000,0.629465,-0.038539,-0.142161,lower
L2,sa,0.80,0.8000,0.645864,-0.037290,-0.128444,lower
L2,sa,0.80,0.8000,0.662174,-0.036007,-0.115312,lower
L2,sa,0.80,0.8000,0.678372,-0.034695,-0.102960,lower
L2,sa,0.80,0.8000,0.694435,-0.033360,-0.091593,lower
L2,sa,0.80,0.8000,0.710341,-0.032005,-0.081064,lower
L2,sa,0.80,0.8000,0.726071,-0.030634,-0.070859,lower
L2,sa,0.80,0.8000,0.741604,-0.029247,-0.060333,lower
L2,sa,0.80,0.8000,0.756920,-0.027848,-0.049093,lower
L2,sa,0.80,0.8000,0.772003,-0.026438,-0.037333,lower
L2,sa,0.80,0.8000,0.786835,-0.025019,-0.025650,lower
L2,sa,0.80,0.8000,0.801401,-0.023592,-0.014526,lower
L2,sa,0.80,0.8000,0.815688,-0.022159,-0.003873,lower
L2,sa,0.80,0.8000,0.829682,-0.020722,0.006823,lower
L2,sa,0.80,0.8000,0.843373,-0.019283,0.017988,lower
L2,sa,0.80,0.8000,0.856750,-0.017845,0.030152,lower
L2,sa,0.80,0.8000,0.869805,-0.016409,0.043426,lower
L2,sa,0.80,0.8000,0.882530,-0.014979,0.057785,lower
L2,sa,0.80,0.8000,0.894920,-0.013557,0.073743,lower
L2,sa,0.80,0.8000,0.906971,-0.012147,0.090808,lower
L2,sa,0.80,0.8000,0.918679,-0.010753,0.108365,lower
L2,sa,0.80,0.8000,0.930042,-0.009377,0.126288,lower
L2,sa,0.80,0.8000,0.941059,-0.008025,0.143824,lower
L2,sa,0.80,0.8000,0.951731,-0.006700,0.161717,lower
L2,sa,0.80,0.8000,0.962060,-0.005410,0.181281,lower
L2,sa,0.80,0.8000,0.972047,-0.004158,0.202487,lower
L2,sa,0.80,0.8000,0.981697,-0.002952,0.224975,lower
L2,sa,0.80,0.8000,0.991013,-0.001799,0.244838,lower
L2,sa,0.80,0.8000,1.000000,-0.000705,0.279267,lower
L2,sa,0.90,0.9000,0.000000,0.000000,0.720882,upper
L2,sa,0.90,0.9000,0.000008,0.000522,0.703067,upper
L2,sa,0.90,0.9000,0.000034,0.001072,0.682349,upper
L2,sa,0.90,0.9000,0.000080,0.001650,0.658084,upper
L2,sa,0.90,0.9000,0.000151,0.002259,0.630208,upper
L2,sa,0.90,0.9000,0.000249,0.002897,0.598336,upper
L2,sa,0.90,0.9000,0.000377,0.003566,0.562190,upper
L2,sa,0.90,0.9000,0.000541,0.004266,0.521478,upper
L2,sa,0.90,0.9000,0.000745,0.004995,0.475969,upper
L2,sa,0.90,0.9000,0.000993,0.005755,0.425486,upper
L2,sa,0.90,0.9000,0.001290,0.006543,0.369941,upper
L2,sa,0.90,0.9000,0.001641,0.007359,0.309351,upper
L2,sa,0.90,0.9000,0.002052,0.008200,0.243861,upper
L2,sa,0.90,0.9000,0.002527,0.009065,0.173758,upper
L2,sa,0.90,0.9000,0.003073,0.009951,0.099486,upper
L2,sa,0.90,0.9000,0.003694,0.010854,0.021646,upper
L2,sa,0.90,0.9000,0.004395,0.011772,-0.059014,upper
L2,sa,0.90,0.9000,0.005182,0.012701,-0.141619,upper
L2,sa,0.90,0.9000,0.006058,0.013638,-0.225203,upper
L2,sa,0.90,0.9000,0.007029,0.014577,-0.308751,upper
L2,sa,0.90,0.9000,0.008099,0.015516,-0.391250,upper
L2,sa,0.90,0.9000,0.009271,0.016451,-0.471731,upper
L2,sa,0.90,0.9000,0.010549,0.017378,-0.549303,upper
L2,sa,0.90,0.9000,0.011936,0.018294,-0.623198,upper
L2,sa,0.90,0.9000,0.013436,0.019195,-0.692803,upper
L2,sa,0.90,0.9000,0.015052,0.020080,-0.757647,upper
L2,sa,0.90,0.9000,0.016786,0.020946,-0.817388,upper
L2,sa,0.90,0.9000,0.018643,0.021791,-0.871851,upper
L2,sa,0.90,0.9000,0.020625,0.022613,-0.921005,upper
L2,sa,0.90,0.9000,0.022735,0.023413,-0.964905,upper
L2,sa,0.90,0.9000,0.024979,0.024190,-1.003685,upper
L2,sa,0.90,0.9000,0.027358,0.024943,-1.037540,upper
L2,sa,0.90,0.9000,0.029878,0.025674,-1.066701,upper
L2,sa,0.90,0.9000,0.032543,0.026382,-1.091419,upper
L2,sa,0.90,0.9000,0.035358,0.027068,-1.111960,upper
L2,sa,0.90,0.9000,0.038327,0.027735,-1.128595,upper
L2,sa,0.90,0.9000,0.041456,0.028383,-1.141596,upper
L2,sa,0.90,0.9000,0.044751,0.029015,-1.151232,upper
L2,sa,0.90,0.9000,0.048218,0.029633,-1.157765,upper
L2,sa,0.90,0.9000,0.051862,0.030238,-1.161449,upper
L2,sa,0.90,0.9000,0.055691,0.030834,-1.162536,upper
L2,sa,0.90,0.9000,0.059710,0.031422,-1.161281,upper
L2,sa,0.90,0.9000,0.063928,0.032006,-1.157942,upper
L2,sa,0.90,0.9000,0.068352,0.032587,-1.152781,upper
L2,sa,0.90,0.9000,0.072988,0.033168,-1.146067,upper
L2,sa,0.90,0.9000,0.077844,0.033751,-1.138071,upper
L2,sa,0.90,0.9000,0.082928,0.034338,-1.129067,upper
L2,sa,0.90,0.9000,0.088248,0.034931,-1.119326,upper
L2,sa,0.90,0.9000,0.093813,0.035530,-1.109121,upper
L2,sa,0.90,0.9000,0.099629,0.036137,-1.098728,upper
L2,sa,0.90,0.9000,0.105705,0.036752,-1.088417,upper
L2,sa,0.90,0.9000,0.112049,0.037375,-1.078438,upper
L2,sa,0.90,0.9000,0.118669,0.038006,-1.069010,upper
L2,sa,0.90,0.9000,0.125573,0.038642,-1.060321,upper
L2,sa,0.90,0.9000,0.132769,0.039282,-1.052525,upper
L2,sa,0.90,0.9000,0.140263,0.039924,-1.045737,upper
L2,sa,0.90,0.9000,0.148065,0.040566,-1.040032,upper
L2,sa,0.90,0.9000,0.156179,0.041204,-1.035434,upper
L2,sa,0.90,0.9000,0.164613,0.041835,-1.031927,upper
L2,sa,0.90,0.9000,0.173373,0.042456,-1.029451,upper
L2,sa,0.90,0.9000,0.182464,0.043064,-1.027919,upper
L2,sa,0.90,0.9000,0.191890,0.043654,-1.027230,upper
L2,sa,0.90,0.9000,0.201657,0.044225,-1.027267,upper
L2,sa,0.90,0.9000,0.211767,0.044773,-1.027884,upper
L2,sa,0.90,0.9000,0.222222,0.045296,-1.028910,upper
L2,sa,0.90,0.9000,0.233025,0.045792,-1.030348,upper
L2,sa,0.90,0.9000,0.244175,0.046258,-1.030080,upper
L2,sa,0.90,0.9000,0.255672,0.046694,-1.020522,upper
L2,sa,0.90,0.9000,0.267515,0.047098,-0.977006,upper
L2,sa,0.90,0.9000,0.279701,0.047468,-0.830451,upper
L2,sa,0.90,0.9000,0.292227,0.047803,-0.584200,upper
L2,sa,0.90,0.9000,0.305086,0.048100,-0.362983,upper
L2,sa,0.90,0.9000,0.318273,0.048357,-0.216874,upper
L2,sa,0.90,0.9000,0.331780,0.048569,-0.134868,upper
L2,sa,0.90,0.9000,0.345598,0.048733,-0.109538,upper
L2,sa,0.90,0.9000,0.359717,0.048843,-0.111113,upper
L2,sa,0.90,0.9000,0.374124,0.048893,-0.126374,upper
L2,sa,0.90,0.9000,0.388807,0.048878,-0.149668,upper
L2,sa,0.90,0.9000,0.403751,0.048790,-0.174517,upper
L2,sa,0.90,0.9000,0.418939,0.048624,-0.197057,upper
L2,sa,0.90,0.9000,0.434356,0.048373,-0.214382,upper
L2,sa,0.90,0.9000,0.449981,0.048033,-0.225409,upper
L2,sa,0.90,0.9000,0.465797,0.047599,-0.230265,upper
L2,sa,0.90,0.9000,0.481780,0.047071,-0.229703,upper
L2,sa,0.90,0.9000,0.497911,0.046447,-0.225476,upper
L2,sa,0.90,0.9000,0.514167,0.045730,-0.218686,upper
L2,sa,0.90,0.9000,0.530524,0.044922,-0.209918,upper
L2,sa,0.90,0.9000,0.546959,0.044030,-0.200057,upper
L2,sa,0.90,0.9000,0.563448,0.043058,-0.188799,upper
L2,sa,0.90,0.9000,0.579967,0.042016,-0.175723,upper
L2,sa,0.90,0.9000,0.596493,0.040910,-0.161474,upper
L2,sa,0.90,0.9000,0.613000,0.039748,-0.147109,upper
L2,sa,0.90,0.9000,0.629465,0.038539,-0.133721,upper
L2,sa,0.90,0.9000,0.645864,0.037290,-0.120898,upper
L2,sa,0.90,0.9000,0.662174,0.036007,-0.108481,upper
L2,sa,0.90,0.9000,0.678372,0.034695,-0.098849,upper
L2,sa,0.90,0.9000,0.694435,0.033360,-0.093360,upper
L2,sa,0.90,0.9000,0.710342,0.032005,-0.089714,upper
L2,sa,0.90,0.9000,0.726071,0.030634,-0.082246,upper
L2,sa,0.90,0.9000,0.741604,0.029247,-0.066796,upper
L2,sa,0.90,0.9000,0.756920,0.027848,-0.047952,upper
L2,sa,0.90,0.9000,0.772003,0.026438,-0.033849,upper
L2,sa,0.90,0.9000,0.786835,0.025019,-0.028576,upper
L2,sa,0.90,0.9000,0.801401,0.023592,-0.029514,upper
L2,sa,0.90,0.9000,0.815688,0.022159,-0.025047,upper
L2,sa,0.90,0.9000,0.829682,0.020722,-0.008090,upper
L2,sa,0.90,0.9000,0.843373,0.019283,0.016279,upper
L2,sa,0.90,0.9000,0.856750,0.017845,0.039132,upper
L2,sa,0.90,0.9000,0.869805,0.016409,0.052893,upper
L2,sa,0.90,0.9000,0.882530,0.014979,0.058236,upper
L2,sa,0.90,0.9000,0.894920,0.013557,0.064087,upper
L2,sa,0.90,0.9000,0.906971,0.012147,0.077864,upper
L2,sa,0.90,0.9000,0.918679,0.010753,0.097138,upper
L2,sa,0.90,0.9000,0.930042,0.009377,0.116296,upper
L2,sa,0.90,0.9000,0.941059,0.008025,0.135335,upper
L2,sa,0.90,0.9000,0.951731,0.006700,0.153931,upper
L2,sa,0.90,0.9000,0.962060,0.005410,0.173660,upper
L2,sa,0.90,0.9000,0.972047,0.004158,0.197112,upper
L2,sa,0.90,0.9000,0.981697,0.002952,0.218658,upper
L2,sa,0.90,0.9000,0.991012,0.001799,0.232262,upper
L2,sa,0.90,0.9000,1.000000,0.000705,0.261501,upper
L2,sa,0.90,0.9000,0.000000,0.000000,0.720882,lower
L2,sa,0.90,0.9000,0.000008,-0.000522,0.737179,lower
L2,sa,0.90,0.9000,0.000034,-0.001072,0.752025,lower
L2,sa,0.90,0.9000,0.000080,-0.001650,0.765082,lower
L2,sa,0.90,0.9000,0.000151,-0.002259,0.776207,lower
L2,sa,0.90,0.9000,0.000249,-0.002897,0.784955,lower
L2,sa,0.90,0.9000,0.000377,-0.003566,0.790923,lower
L2,sa,0.90,0.9000,0.000541,-0.004266,0.793667,lower
L2,sa,0.90,0.9000,0.000745,-0.004995,0.792750,lower
L2,sa,0.90,0.9000,0.000993,-0.005755,0.787736,lower
L2,sa,0.90,0.9000,0.001290,-0.006543,0.778218,lower
L2,sa,0.90,0.9000,0.001641,-0.007359,0.763844,lower
L2,sa,0.90,0.9000,0.002052,-0.008200,0.744342,lower
L2,sa,0.90,0.9000,0.002527,-0.009065,0.719554,lower
L2,sa,0.90,0.9000,0.003073,-0.009951,0.689459,lower
L2,sa,0.90,0.9000,0.003694,-0.010854,0.654198,lower
L2,sa,0.90,0.9000,0.004395,-0.011772,0.614088,lower
L2,sa,0.90,0.9000,0.005182,-0.012701,0.569630,lower
L2,sa,0.90,0.9000,0.006058,-0.013638,0.521494,lower
L2,sa,0.90,0.9000,0.007029,-0.014577,0.470501,lower
L2,sa,0.90,0.9000,0.008099,-0.015516,0.417588,lower
L2,sa,0.90,0.9000,0.009271,-0.016451,0.363762,lower
L2,sa,0.90,0.9000,0.010549,-0.017378,0.310053,lower
L2,sa,0.90,0.9000,0.011936,-0.018294,0.257458,lower
L2,sa,0.90,0.9000,0.013436,-0.019195,0.206903,lower
L2,sa,0.90,0.9000,0.015052,-0.020080,0.159200,lower
L2,sa,0.90,0.9000,0.016786,-0.020946,0.115017,lower
L2,sa,0.90,0.9000,0.018643,-0.021791,0.074864,lower
L2,sa,0.90,0.9000,0.020625,-0.022613,0.039079,lower
L2,sa,0.90,0.9000,0.022735,-0.023413,0.007837,lower
L2,sa,0.90,0.9000,0.024979,-0.024190,-0.018850,lower
L2,sa,0.90,0.9000,0.027358,-0.024943,-0.041111,lower
L2,sa,0.90,0.9000,0.029878,-0.025674,-0.059198,lower
L2,sa,0.90,0.9000,0.032543,-0.026382,-0.073466,lower
L2,sa,0.90,0.9000,0.035358,-0.027068,-0.084343,lower
L2,sa,0.90,0.9000,0.038327,-0.027735,-0.092303,lower
L2,sa,0.90,0.9000,0.041456,-0.028383,-0.097841,lower
L2,sa,0.90,0.9000,0.044751,-0.029015,-0.101453,lower
L2,sa,0.90,0.9000,0.048218,-0.029633,-0.103613,lower
L2,sa,0.90,0.9000,0.051862,-0.030238,-0.104765,lower
L2,sa,0.90,0.9000,0.055691,-0.030834,-0.105311,lower
L2,sa,0.90,0.9000,0.059710,-0.031422,-0.105609,lower
L2,sa,0.90,0.9000,0.063928,-0.032006,-0.105968,lower
L2,sa,0.90,0.9000,0.068352,-0.032587,-0.106652,lower
L2,sa,0.90,0.9000,0.072988,-0.033168,-0.107878,lower
L2,sa,0.90,0.9000,0.077844,-0.033751,-0.109821,lower
L2,sa,0.90,0.9000,0.082928,-0.034338,-0.112615,lower
L2,sa,0.90,0.9000,0.088248,-0.034931,-0.116354,lower
L2,sa,0.90,0.9000,0.093813,-0.035530,-0.121097,lower
L2,sa,0.90,0.9000,0.099629,-0.036137,-0.126866,lower
L2,sa,0.90,0.9000,0.105705,-0.036752,-0.133649,lower
L2,sa,0.90,0.9000,0.112049,-0.037375,-0.141403,lower
L2,sa,0.90,0.9000,0.118669,-0.038006,-0.150049,lower
L2,sa,0.90,0.9000,0.125573,-0.038642,-0.159481,lower
L2,sa,0.90,0.9000,0.132769,-0.039282,-0.169562,lower
L2,sa,0.90,0.9000,0.140263,-0.039924,-0.180130,lower
L2,sa,0.90,0.9000,0.148065,-0.040566,-0.191000,lower
L2,sa,0.90,0.9000,0.156179,-0.041204,-0.201969,lower
L2,sa,0.90,0.9000,0.164613,-0.041835,-0.212823,lower
L2,sa,0.90,0.9000,0.173373,-0.042456,-0.223346,lower
L2,sa,0.90,0.9000,0.182464,-0.043064,-0.233329,lower
L2,sa,0.90,0.9000,0.191890,-0.043654,-0.242576,lower
L2,sa,0.90,0.9000,0.201657,-0.044225,-0.250920,lower
L2,sa,0.90,0.9000,0.211767,-0.044773,-0.258232,lower
L2,sa,0.90,0.9000,0.222222,-0.045296,-0.264423,lower
L2,sa,0.90,0.9000,0.233025,-0.045792,-0.269456,lower
L2,sa,0.90,0.9000,0.244175,-0.046258,-0.273346,lower
L2,sa,0.90,0.9000,0.255672,-0.046694,-0.276157,lower
L2,sa,0.90,0.9000,0.267515,-0.047098,-0.277986,lower
L2,sa,0.90,0.9000,0.279701,-0.047468,-0.278967,lower
L2,sa,0.90,0.9000,0.292227,-0.047803,-0.279247,lower
L2,sa,0.90,0.9000,0.305086,-0.048100,-0.278963,lower
L2,sa,0.90,0.9000,0.318273,-0.048357,-0.278236,lower
L2,sa,0.90,0.9000,0.331780,-0.048569,-0.277156,lower
L2,sa,0.90,0.9000,0.345598,-0.048733,-0.275768,lower
L2,sa,0.90,0.9000,0.359717,-0.048843,-0.274044,lower
L2,sa,0.90,0.9000,0.374124,-0.048893,-0.271929,lower
L2,sa,0.90,0.9000,0.388807,-0.048878,-0.269298,lower
L2,sa,0.90,0.9000,0.403751,-0.048790,-0.265982,lower
L2,sa,0.90,0.9000,0.418939,-0.048624,-0.261783,lower
L2,sa,0.90,0.9000,0.434356,-0.048373,-0.256522,lower
L2,sa,0.90,0.9000,0.449981,-0.048033,-0.250008,lower
L2,sa,0.90,0.9000,0.465797,-0.047599,-0.242016,lower
L2,sa,0.90,0.9000,0.481780,-0.047071,-0.232501,lower
L2,sa,0.90,0.9000,0.497911,-0.046447,-0.221433,lower
L2,sa,0.90,0.9000,0.514167,-0.045730,-0.208983,lower
L2,sa,0.90,0.9000,0.530524,-0.044922,-0.195484,lower
L2,sa,0.90,0.9000,0.546959,-0.044030,-0.181214,lower
L2,sa,0.90,0.9000,0.563448,-0.043058,-0.166728,lower
L2,sa,0.90,0.9000,0.579967,-0.042016,-0.152456,lower
L2,sa,0.90,0.9000,0.596493,-0.040910,-0.138957,lower
L2,sa,0.90,0.9000,0.613000,-0.039748,-0.126751,lower
L2,sa,0.90,0.9000,0.629465,-0.038539,-0.115613,lower
L2,sa,0.90,0.9000,0.645864,-0.037290,-0.105317,lower
L2,sa,0.90,0.9000,0.662174,-0.036007,-0.094925,lower
L2,sa,0.90,0.9000,0.678372,-0.034695,-0.083658,lower
L2,sa,0.90,0.9000,0.694435,-0.033360,-0.071946,lower
L2,sa,0.90,0.9000,0.710342,-0.032005,-0.060305,lower
L2,sa,0.90,0.9000,0.726071,-0.030634,-0.050428,lower
L2,sa,0.90,0.9000,0.741604,-0.029247,-0.043084,lower
L2,sa,0.90,0.9000,0.756920,-0.027848,-0.037159,lower
L2,sa,0.90,0.9000,0.772003,-0.026438,-0.031545,lower
L2,sa,0.90,0.9000,0.786835,-0.025019,-0.023825,lower
L2,sa,0.90,0.9000,0.801401,-0.023592,-0.013192,lower
L2,sa,0.90,0.9000,0.815688,-0.022159,-0.001428,lower
L2,sa,0.90,0.9000,0.829682,-0.020722,0.010726,lower
L2,sa,0.90,0.9000,0.843373,-0.019283,0.021596,lower
L2,sa,0.90,0.9000,0.856750,-0.017845,0.031175,lower
L2,sa,0.90,0.9000,0.869805,-0.016409,0.042652,lower
L2,sa,0.90,0.9000,0.882530,-0.014979,0.056012,lower
L2,sa,0.90,0.9000,0.894920,-0.013557,0.071803,lower
L2,sa,0.90,0.9000,0.906971,-0.012147,0.089332,lower
L2,sa,0.90,0.9000,0.918679,-0.010753,0.104232,lower
L2,sa,0.90,0.9000,0.930042,-0.009377,0.118264,lower
L2,sa,0.90,0.9000,0.941059,-0.008025,0.132653,lower
L2,sa,0.90,0.9000,0.951731,-0.006700,0.147461,lower
L2,sa,0.90,0.9000,0.962060,-0.005410,0.167290,lower
L2,sa,0.90,0.9000,0.972047,-0.004158,0.189686,lower
L2,sa,0.90,0.9000,0.981697,-0.002952,0.210398,lower
L2,sa,0.90,0.9000,0.991012,-0.001799,0.229042,lower
L2,sa,0.90,0.9000,1.000000,-0.000705,0.262022,lower
L2,sa,0.96,0.9600,0.000000,0.000000,0.680685,upper
L2,sa,0.96,0.9600,0.000008,0.000522,0.663542,upper
L2,sa,0.96,0.9600,0.000034,0.001072,0.643512,upper
L2,sa,0.96,0.9600,0.000080,0.001650,0.619960,upper
L2,sa,0.96,0.9600,0.000151,0.002259,0.592815,upper
L2,sa,0.96,0.9600,0.000249,0.002897,0.561690,upper
L2,sa,0.96,0.9600,0.000377,0.003566,0.526306,upper
L2,sa,0.96,0.9600,0.000541,0.004266,0.486369,upper
L2,sa,0.96,0.9600,0.000745,0.004995,0.441641,upper
L2,sa,0.96,0.9600,0.000993,0.005755,0.391945,upper
L2,sa,0.96,0.9600,0.001290,0.006543,0.337187,upper
L2,sa,0.96,0.9600,0.001641,0.007359,0.277379,upper
L2,sa,0.96,0.9600,0.002052,0.008200,0.212660,upper
L2,sa,0.96,0.9600,0.002527,0.009065,0.143313,upper
L2,sa,0.96,0.9600,0.003073,0.009951,0.069775,upper
L2,sa,0.96,0.9600,0.003694,0.010854,-0.007361,upper
L2,sa,0.96,0.9600,0.004395,0.011772,-0.087351,upper
L2,sa,0.96,0.9600,0.005182,0.012701,-0.169327,upper
L2,sa,0.96,0.9600,0.006058,0.013638,-0.252329,upper
L2,sa,0.96,0.9600,0.007029,0.014577,-0.335350,upper
L2,sa,0.96,0.9600,0.008099,0.015516,-0.417381,upper
L2,sa,0.96,0.9600,0.009271,0.016451,-0.497460,upper
L2,sa,0.96,0.9600,0.010549,0.017378,-0.574701,upper
L2,sa,0.96,0.9600,0.011936,0.018294,-0.648340,upper
L2,sa,0.96,0.9600,0.013436,0.019195,-0.717774,upper
L2,sa,0.96,0.9600,0.015052,0.020080,-0.782538,upper
L2,sa,0.96,0.9600,0.016786,0.020946,-0.842290,upper
L2,sa,0.96,0.9600,0.018643,0.021791,-0.896857,upper
L2,sa,0.96,0.9600,0.020625,0.022613,-0.946218,upper
L2,sa,0.96,0.9600,0.022735,0.023413,-0.990433,upper
L2,sa,0.96,0.9600,0.024979,0.024190,-1.029640,upper
L2,sa,0.96,0.9600,0.027358,0.024943,-1.064042,upper
L2,sa,0.96,0.9600,0.029878,0.025674,-1.093876,upper
L2,sa,0.96,0.9600,0.032543,0.026382,-1.119403,upper
L2,sa,0.96,0.9600,0.035358,0.027068,-1.140894,upper
L2,sa,0.96,0.9600,0.038327,0.027735,-1.158631,upper
L2,sa,0.96,0.9600,0.041456,0.028383,-1.172896,upper
L2,sa,0.96,0.9600,0.044751,0.029015,-1.183966,upper
L2,sa,0.96,0.9600,0.048218,0.029633,-1.192115,upper
L2,sa,0.96,0.9600,0.051862,0.030238,-1.197606,upper
L2,sa,0.96,0.9600,0.055691,0.030834,-1.200697,upper
L2,sa,0.96,0.9600,0.059710,0.031422,-1.201645,upper
L2,sa,0.96,0.9600,0.063928,0.032006,-1.200698,upper
L2,sa,0.96,0.9600,0.068352,0.032587,-1.198098,upper
L2,sa,0.96,0.9600,0.072988,0.033168,-1.194072,upper
L2,sa,0.96,0.9600,0.077844,0.033751,-1.188822,upper
L2,sa,0.96,0.9600,0.082928,0.034338,-1.182515,upper
L2,sa,0.96,0.9600,0.088249,0.034931,-1.175279,upper
L2,sa,0.96,0.9600,0.093813,0.035530,-1.167195,upper
L2,sa,0.96,0.9600,0.099629,0.036137,-1.158292,upper
L2,sa,0.96,0.9600,0.105705,0.036752,-1.148541,upper
L2,sa,0.96,0.9600,0.112049,0.037375,-1.137860,upper
L2,sa,0.96,0.9600,0.118669,0.038006,-1.126103,upper
L2,sa,0.96,0.9600,0.125573,0.038642,-1.113005,upper
L2,sa,0.96,0.9600,0.132769,0.039282,-1.098130,upper
L2,sa,0.96,0.9600,0.140263,0.039924,-1.080761,upper
L2,sa,0.96,0.9600,0.148065,0.040566,-1.060099,upper
L2,sa,0.96,0.9600,0.156179,0.041204,-1.035657,upper
L2,sa,0.96,0.9600,0.164613,0.041835,-1.007534,upper
L2,sa,0.96,0.9600,0.173373,0.042456,-0.976582,upper
L2,sa,0.96,0.9600,0.182464,0.043064,-0.944243,upper
L2,sa,0.96,0.9600,0.191890,0.043654,-0.912563,upper
L2,sa,0.96,0.9600,0.201657,0.044225,-0.881518,upper
L2,sa,0.96,0.9600,0.211767,0.044773,-0.846436,upper
L2,sa,0.96,0.9600,0.222222,0.045296,-0.794011,upper
L2,sa,0.96,0.9600,0.233025,0.045792,-0.678543,upper
L2,sa,0.96,0.9600,0.244175,0.046258,-0.488908,upper
L2,sa,0.96,0.9600,0.255672,0.046694,-0.318631,upper
L2,sa,0.96,0.9600,0.267515,0.047098,-0.224387,upper
L2,sa,0.96,0.9600,0.279701,0.047468,-0.185459,upper
L2,sa,0.96,0.9600,0.292227,0.047803,-0.179041,upper
L2,sa,0.96,0.9600,0.305086,0.048100,-0.184136,upper
L2,sa,0.96,0.9600,0.318273,0.048357,-0.194987,upper
L2,sa,0.96,0.9600,0.331780,0.048569,-0.210084,upper
L2,sa,0.96,0.9600,0.345598,0.048733,-0.226075,upper
L2,sa,0.96,0.9600,0.359717,0.048843,-0.240138,upper
L2,sa,0.96,0.9600,0.374124,0.048893,-0.248866,upper
L2,sa,0.96,0.9600,0.388807,0.048878,-0.252005,upper
L2,sa,0.96,0.9600,0.403751,0.048790,-0.251338,upper
L2,sa,0.96,0.9600,0.418939,0.048624,-0.249342,upper
L2,sa,0.96,0.9600,0.434356,0.048373,-0.248736,upper
L2,sa,0.96,0.9600,0.449981,0.048033,-0.249488,upper
L2,sa,0.96,0.9600,0.465797,0.047599,-0.250056,upper
L2,sa,0.96,0.9600,0.481780,0.047071,-0.248961,upper
L2,sa,0.96,0.9600,0.497911,0.046447,-0.244878,upper
L2,sa,0.96,0.9600,0.514167,0.045730,-0.237159,upper
L2,sa,0.96,0.9600,0.530523,0.044922,-0.225540,upper
L2,sa,0.96,0.9600,0.546959,0.044030,-0.211250,upper
L2,sa,0.96,0.9600,0.563448,0.043058,-0.196568,upper
L2,sa,0.96,0.9600,0.579967,0.042016,-0.184432,upper
L2,sa,0.96,0.9600,0.596493,0.040910,-0.176179,upper
L2,sa,0.96,0.9600,0.613000,0.039748,-0.169027,upper
L2,sa,0.96,0.9600,0.629465,0.038539,-0.159962,upper
L2,sa,0.96,0.9600,0.645864,0.037290,-0.148340,upper
L2,sa,0.96,0.9600,0.662174,0.036007,-0.136810,upper
L2,sa,0.96,0.9600,0.678372,0.034695,-0.128530,upper
L2,sa,0.96,0.9600,0.694435,0.033360,-0.123364,upper
L2,sa,0.96,0.9600,0.710341,0.032005,-0.118737,upper
L2,sa,0.96,0.9600,0.726071,0.030634,-0.111191,upper
L2,sa,0.96,0.9600,0.741604,0.029247,-0.101071,upper
L2,sa,0.96,0.9600,0.756920,0.027848,-0.091522,upper
L2,sa,0.96,0.9600,0.772003,0.026438,-0.082654,upper
L2,sa,0.96,0.9600,0.786835,0.025019,-0.073718,upper
L2,sa,0.96,0.9600,0.801401,0.023592,-0.062745,upper
L2,sa,0.96,0.9600,0.815688,0.022159,-0.049745,upper
L2,sa,0.96,0.9600,0.829682,0.020722,-0.039146,upper
L2,sa,0.96,0.9600,0.843373,0.019283,-0.030840,upper
L2,sa,0.96,0.9600,0.856750,0.017845,-0.023885,upper
L2,sa,0.96,0.9600,0.869805,0.016409,-0.015033,upper
L2,sa,0.96,0.9600,0.882530,0.014979,0.000558,upper
L2,sa,0.96,0.9600,0.894920,0.013557,0.015731,upper
L2,sa,0.96,0.9600,0.906971,0.012147,0.027260,upper
L2,sa,0.96,0.9600,0.918679,0.010753,0.036151,upper
L2,sa,0.96,0.9600,0.930042,0.009377,0.040932,upper
L2,sa,0.96,0.9600,0.941059,0.008025,0.052755,upper
L2,sa,0.96,0.9600,0.951731,0.006700,0.075897,upper
L2,sa,0.96,0.9600,0.962060,0.005410,0.103639,upper
L2,sa,0.96,0.9600,0.972047,0.004158,0.134424,upper
L2,sa,0.96,0.9600,0.981697,0.002952,0.161336,upper
L2,sa,0.96,0.9600,0.991012,0.001799,0.177971,upper
L2,sa,0.96,0.9600,1.000000,0.000705,0.216195,upper
L2,sa,0.96,0.9600,0.000000,0.000000,0.680685,lower
L2,sa,0.96,0.9600,0.000008,-0.000522,0.696290,lower
L2,sa,0.96,0.9600,0.000034,-0.001072,0.710400,lower
L2,sa,0.96,0.9600,0.000080,-0.001650,0.722668,lower
L2,sa,0.96,0.9600,0.000151,-0.002259,0.732947,lower
L2,sa,0.96,0.9600,0.000249,-0.002897,0.740790,lower
L2,sa,0.96,0.9600,0.000377,-0.003566,0.745790,lower
L2,sa,0.96,0.9600,0.000541,-0.004266,0.747502,lower
L2,sa,0.96,0.9600,0.000745,-0.004995,0.745485,lower
L2,sa,0.96,0.9600,0.000993,-0.005755,0.739304,lower
L2,sa,0.96,0.9600,0.001290,-0.006543,0.728548,lower
L2,sa,0.96,0.9600,0.001641,-0.007359,0.712866,lower
L2,sa,0.96,0.9600,0.002052,-0.008200,0.691988,lower
L2,sa,0.96,0.9600,0.002527,-0.009065,0.665758,lower
L2,sa,0.96,0.9600,0.003073,-0.009951,0.634157,lower
L2,sa,0.96,0.9600,0.003694,-0.010854,0.597332,lower
L2,sa,0.96,0.9600,0.004395,-0.011772,0.555604,lower
L2,sa,0.96,0.9600,0.005182,-0.012701,0.509475,lower
L2,sa,0.96,0.9600,0.006058,-0.013638,0.459622,lower
L2,sa,0.96,0.9600,0.007029,-0.014577,0.406868,lower
L2,sa,0.96,0.9600,0.008099,-0.015516,0.352152,lower
L2,sa,0.96,0.9600,0.009271,-0.016451,0.296481,lower
L2,sa,0.96,0.9600,0.010549,-0.017378,0.240887,lower
L2,sa,0.96,0.9600,0.011936,-0.018294,0.186367,lower
L2,sa,0.96,0.9600,0.013436,-0.019195,0.133847,lower
L2,sa,0.96,0.9600,0.015052,-0.020080,0.084143,lower
L2,sa,0.96,0.9600,0.016786,-0.020946,0.037930,lower
L2,sa,0.96,0.9600,0.018643,-0.021791,-0.004276,lower
L2,sa,0.96,0.9600,0.020625,-0.022613,-0.042120,lower
L2,sa,0.96,0.9600,0.022735,-0.023413,-0.075413,lower
L2,sa,0.96,0.9600,0.024979,-0.024190,-0.104124,lower
L2,sa,0.96,0.9600,0.027358,-0.024943,-0.128363,lower
L2,sa,0.96,0.9600,0.029878,-0.025674,-0.148366,lower
L2,sa,0.96,0.9600,0.032543,-0.026382,-0.164470,lower
L2,sa,0.96,0.9600,0.035358,-0.027068,-0.177095,lower
L2,sa,0.96,0.9600,0.038327,-0.027735,-0.186708,lower
L2,sa,0.96,0.9600,0.041456,-0.028383,-0.193802,lower
L2,sa,0.96,0.9600,0.044751,-0.029015,-0.198873,lower
L2,sa,0.96,0.9600,0.048218,-0.029633,-0.202394,lower
L2,sa,0.96,0.9600,0.051862,-0.030238,-0.204805,lower
L2,sa,0.96,0.9600,0.055691,-0.030834,-0.206502,lower
L2,sa,0.96,0.9600,0.059710,-0.031422,-0.207829,lower
L2,sa,0.96,0.9600,0.063928,-0.032006,-0.209075,lower
L2,sa,0.96,0.9600,0.068352,-0.032587,-0.210479,lower
L2,sa,0.96,0.9600,0.072988,-0.033168,-0.212225,lower
L2,sa,0.96,0.9600,0.077844,-0.033751,-0.214451,lower
L2,sa,0.96,0.9600,0.082928,-0.034338,-0.217251,lower
L2,sa,0.96,0.9600,0.088249,-0.034931,-0.220676,lower
L2,sa,0.96,0.9600,0.093813,-0.035530,-0.224742,lower
L2,sa,0.96,0.9600,0.099629,-0.036137,-0.229430,lower
L2,sa,0.96,0.9600,0.105705,-0.036752,-0.234688,lower
L2,sa,0.96,0.9600,0.112049,-0.037375,-0.240434,lower
L2,sa,0.96,0.9600,0.118669,-0.038006,-0.246556,lower
L2,sa,0.96,0.9600,0.125573,-0.038642,-0.252916,lower
L2,sa,0.96,0.9600,0.132769,-0.039282,-0.259344,lower
L2,sa,0.96,0.9600,0.140263,-0.039924,-0.265651,lower
L2,sa,0.96,0.9600,0.148065,-0.040566,-0.271624,lower
L2,sa,0.96,0.9600,0.156179,-0.041204,-0.277037,lower
L2,sa,0.96,0.9600,0.164613,-0.041835,-0.281662,lower
L2,sa,0.96,0.9600,0.173373,-0.042456,-0.285284,lower
L2,sa,0.96,0.9600,0.182464,-0.043064,-0.287718,lower
L2,sa,0.96,0.9600,0.191890,-0.043654,-0.288826,lower
L2,sa,0.96,0.9600,0.201657,-0.044225,-0.288540,lower
L2,sa,0.96,0.9600,0.211767,-0.044773,-0.286865,lower
L2,sa,0.96,0.9600,0.222222,-0.045296,-0.283884,lower
L2,sa,0.96,0.9600,0.233025,-0.045792,-0.279760,lower
L2,sa,0.96,0.9600,0.244175,-0.046258,-0.274712,lower
L2,sa,0.96,0.9600,0.255672,-0.046694,-0.268987,lower
L2,sa,0.96,0.9600,0.267515,-0.047098,-0.262853,lower
L2,sa,0.96,0.9600,0.279701,-0.047468,-0.256566,lower
L2,sa,0.96,0.9600,0.292227,-0.047803,-0.250358,lower
L2,sa,0.96,0.9600,0.305086,-0.048100,-0.244416,lower
L2,sa,0.96,0.9600,0.318273,-0.048357,-0.238899,lower
L2,sa,0.96,0.9600,0.331780,-0.048569,-0.233882,lower
L2,sa,0.96,0.9600,0.345598,-0.048733,-0.229349,lower
L2,sa,0.96,0.9600,0.359717,-0.048843,-0.225235,lower
L2,sa,0.96,0.9600,0.374124,-0.048893,-0.221381,lower
L2,sa,0.96,0.9600,0.388807,-0.048878,-0.217583,lower
L2,sa,0.96,0.9600,0.403751,-0.048790,-0.213557,lower
L2,sa,0.96,0.9600,0.418939,-0.048624,-0.209032,lower
L2,sa,0.96,0.9600,0.434356,-0.048373,-0.203753,lower
L2,sa,0.96,0.9600,0.449981,-0.048033,-0.197560,lower
L2,sa,0.96,0.9600,0.465797,-0.047599,-0.190413,lower
L2,sa,0.96,0.9600,0.481780,-0.047071,-0.182243,lower
L2,sa,0.96,0.9600,0.497911,-0.046447,-0.173281,lower
L2,sa,0.96,0.9600,0.514167,-0.045730,-0.163614,lower
L2,sa,0.96,0.9600,0.530523,-0.044922,-0.153523,lower
L2,sa,0.96,0.9600,0.546959,-0.044030,-0.143376,lower
L2,sa,0.96,0.9600,0.563448,-0.043058,-0.132904,lower
L2,sa,0.96,0.9600,0.579967,-0.042016,-0.122286,lower
L2,sa,0.96,0.9600,0.596493,-0.040910,-0.111090,lower
L2,sa,0.96,0.9600,0.613000,-0.039748,-0.099396,lower
L2,sa,0.96,0.9600,0.629465,-0.038539,-0.087825,lower
L2,sa,0.96,0.9600,0.645864,-0.037290,-0.076688,lower
L2,sa,0.96,0.9600,0.662174,-0.036007,-0.067885,lower
L2,sa,0.96,0.9600,0.678372,-0.034695,-0.061233,lower
L2,sa,0.96,0.9600,0.694435,-0.033360,-0.056810,lower
L2,sa,0.96,0.9600,0.710341,-0.032005,-0.053743,lower
L2,sa,0.96,0.9600,0.726071,-0.030634,-0.048409,lower
L2,sa,0.96,0.9600,0.741604,-0.029247,-0.041147,lower
L2,sa,0.96,0.9600,0.756920,-0.027848,-0.030554,lower
L2,sa,0.96,0.9600,0.772003,-0.026438,-0.017955,lower
L2,sa,0.96,0.9600,0.786835,-0.025019,-0.007709,lower
L2,sa,0.96,0.9600,0.801401,-0.023592,0.001343,lower
L2,sa,0.96,0.9600,0.815688,-0.022159,0.006516,lower
L2,sa,0.96,0.9600,0.829682,-0.020722,0.009808,lower
L2,sa,0.96,0.9600,0.843373,-0.019283,0.016198,lower
L2,sa,0.96,0.9600,0.856750,-0.017845,0.023993,lower
L2,sa,0.96,0.9600,0.869805,-0.016409,0.036886,lower
L2,sa,0.96,0.9600,0.882530,-0.014979,0.052437,lower
L2,sa,0.96,0.9600,0.894920,-0.013557,0.065803,lower
L2,sa,0.96,0.9600,0.906971,-0.012147,0.079690,lower
L2,sa,0.96,0.9600,0.918679,-0.010753,0.090226,lower
L2,sa,0.96,0.9600,0.930042,-0.009377,0.099599,lower
L2,sa,0.96,0.9600,0.941059,-0.008025,0.113094,lower
L2,sa,0.96,0.9600,0.951731,-0.006700,0.127055,lower
L2,sa,0.96,0.9600,0.962060,-0.005410,0.142838,lower
L2,sa,0.96,0.9600,0.972047,-0.004158,0.161080,lower
L2,sa,0.96,0.9600,0.981697,-0.002952,0.178369,lower
L2,sa,0.96,0.9600,0.991012,-0.001799,0.193924,lower
L2,sa,0.96,0.9600,1.000000,-0.000705,0.225401,lower
L2,sa,0.99,0.9900,0.000000,0.000000,0.551630,upper
L2,sa,0.99,0.9900,0.000008,0.000522,0.535647,upper
L2,sa,0.99,0.9900,0.000034,0.001072,0.516867,upper
L2,sa,0.99,0.9900,0.000080,0.001650,0.494680,upper
L2,sa,0.99,0.9900,0.000151,0.002259,0.469011,upper
L2,sa,0.99,0.9900,0.000249,0.002897,0.439481,upper
L2,sa,0.99,0.9900,0.000377,0.003566,0.405817,upper
L2,sa,0.99,0.9900,0.000541,0.004266,0.367713,upper
L2,sa,0.99,0.9900,0.000745,0.004995,0.324901,upper
L2,sa,0.99,0.9900,0.000993,0.005755,0.277227,upper
L2,sa,0.99,0.9900,0.001290,0.006543,0.224617,upper
L2,sa,0.99,0.9900,0.001641,0.007359,0.167084,upper
L2,sa,0.99,0.9900,0.002052,0.008200,0.104784,upper
L2,sa,0.99,0.9900,0.002527,0.009065,0.037999,upper
L2,sa,0.99,0.9900,0.003073,0.009951,-0.032837,upper
L2,sa,0.99,0.9900,0.003694,0.010854,-0.107139,upper
L2,sa,0.99,0.9900,0.004395,0.011772,-0.184178,upper
L2,sa,0.99,0.9900,0.005182,0.012701,-0.263100,upper
L2,sa,0.99,0.9900,0.006058,0.013638,-0.342958,upper
L2,sa,0.99,0.9900,0.007029,0.014577,-0.422759,upper
L2,sa,0.99,0.9900,0.008099,0.015516,-0.501505,upper
L2,sa,0.99,0.9900,0.009271,0.016451,-0.578244,upper
L2,sa,0.99,0.9900,0.010549,0.017378,-0.652098,upper
L2,sa,0.99,0.9900,0.011936,0.018294,-0.722305,upper
L2,sa,0.99,0.9900,0.013436,0.019195,-0.788247,upper
L2,sa,0.99,0.9900,0.015051,0.020080,-0.849422,upper
L2,sa,0.99,0.9900,0.016786,0.020946,-0.905435,upper
L2,sa,0.99,0.9900,0.018643,0.021791,-0.956426,upper
L2,sa,0.99,0.9900,0.020625,0.022613,-1.002312,upper
L2,sa,0.99,0.9900,0.022735,0.023413,-1.042662,upper
L2,sa,0.99,0.9900,0.024979,0.024190,-1.077516,upper
L2,sa,0.99,0.9900,0.027358,0.024943,-1.107094,upper
L2,sa,0.99,0.9900,0.029878,0.025674,-1.131642,upper
L2,sa,0.99,0.9900,0.032543,0.026382,-1.151368,upper
L2,sa,0.99,0.9900,0.035358,0.027068,-1.166427,upper
L2,sa,0.99,0.9900,0.038327,0.027735,-1.176897,upper
L2,sa,0.99,0.9900,0.041456,0.028383,-1.182839,upper
L2,sa,0.99,0.9900,0.044751,0.029015,-1.184356,upper
L2,sa,0.99,0.9900,0.048218,0.029633,-1.181595,upper
L2,sa,0.99,0.9900,0.051862,0.030238,-1.174687,upper
L2,sa,0.99,0.9900,0.055691,0.030834,-1.163747,upper
L2,sa,0.99,0.9900,0.059710,0.031422,-1.148954,upper
L2,sa,0.99,0.9900,0.063928,0.032006,-1.130673,upper
L2,sa,0.99,0.9900,0.068352,0.032587,-1.109530,upper
L2,sa,0.99,0.9900,0.072988,0.033168,-1.086307,upper
L2,sa,0.99,0.9900,0.077844,0.033751,-1.061779,upper
L2,sa,0.99,0.9900,0.082928,0.034338,-1.036568,upper
L2,sa,0.99,0.9900,0.088248,0.034931,-1.011069,upper
L2,sa,0.99,0.9900,0.093813,0.035530,-0.985580,upper
L2,sa,0.99,0.9900,0.099629,0.036137,-0.960478,upper
L2,sa,0.99,0.9900,0.105705,0.036752,-0.936330,upper
L2,sa,0.99,0.9900,0.112049,0.037375,-0.913809,upper
L2,sa,0.99,0.9900,0.118669,0.038006,-0.893378,upper
L2,sa,0.99,0.9900,0.125573,0.038642,-0.875119,upper
L2,sa,0.99,0.9900,0.132769,0.039282,-0.858743,upper
L2,sa,0.99,0.9900,0.140263,0.039924,-0.843562,upper
L2,sa,0.99,0.9900,0.148064,0.040566,-0.828597,upper
L2,sa,0.99,0.9900,0.156179,0.041204,-0.812877,upper
L2,sa,0.99,0.9900,0.164613,0.041835,-0.795283,upper
L2,sa,0.99,0.9900,0.173373,0.042456,-0.773796,upper
L2,sa,0.99,0.9900,0.182464,0.043064,-0.745140,upper
L2,sa,0.99,0.9900,0.191890,0.043654,-0.705039,upper
L2,sa,0.99,0.9900,0.201657,0.044225,-0.651435,upper
L2,sa,0.99,0.9900,0.211767,0.044773,-0.589141,upper
L2,sa,0.99,0.9900,0.222222,0.045296,-0.528191,upper
L2,sa,0.99,0.9900,0.233025,0.045792,-0.473423,upper
L2,sa,0.99,0.9900,0.244175,0.046258,-0.423889,upper
L2,sa,0.99,0.9900,0.255672,0.046694,-0.383152,upper
L2,sa,0.99,0.9900,0.267515,0.047098,-0.354968,upper
L2,sa,0.99,0.9900,0.279701,0.047468,-0.336236,upper
L2,sa,0.99,0.9900,0.292227,0.047803,-0.322854,upper
L2,sa,0.99,0.9900,0.305086,0.048100,-0.313165,upper
L2,sa,0.99,0.9900,0.318273,0.048357,-0.305942,upper
L2,sa,0.99,0.9900,0.331780,0.048569,-0.300278,upper
L2,sa,0.99,0.9900,0.345598,0.048733,-0.296243,upper
L2,sa,0.99,0.9900,0.359716,0.048843,-0.294070,upper
L2,sa,0.99,0.9900,0.374124,0.048893,-0.293521,upper
L2,sa,0.99,0.9900,0.388807,0.048878,-0.294145,upper
L2,sa,0.99,0.9900,0.403751,0.048790,-0.294910,upper
L2,sa,0.99,0.9900,0.418939,0.048624,-0.294839,upper
L2,sa,0.99,0.9900,0.434356,0.048373,-0.293799,upper
L2,sa,0.99,0.9900,0.449981,0.048033,-0.291788,upper
L2,sa,0.99,0.9900,0.465796,0.047599,-0.288626,upper
L2,sa,0.99,0.9900,0.481780,0.047071,-0.284072,upper
L2,sa,0.99,0.9900,0.497911,0.046447,-0.277861,upper
L2,sa,0.99,0.9900,0.514167,0.045730,-0.270254,upper
L2,sa,0.99,0.9900,0.530523,0.044922,-0.261764,upper
L2,sa,0.99,0.9900,0.546959,0.044030,-0.252925,upper
L2,sa,0.99,0.9900,0.563448,0.043058,-0.243836,upper
L2,sa,0.99,0.9900,0.579967,0.042016,-0.234319,upper
L2,sa,0.99,0.9900,0.596493,0.040910,-0.224823,upper
L2,sa,0.99,0.9900,0.613000,0.039748,-0.215526,upper
L2,sa,0.99,0.9900,0.629465,0.038539,-0.206530,upper
L2,sa,0.99,0.9900,0.645864,0.037290,-0.197922,upper
L2,sa,0.99,0.9900,0.662174,0.036007,-0.189215,upper
L2,sa,0.99,0.9900,0.678372,0.034695,-0.180178,upper
L2,sa,0.99,0.9900,0.694435,0.033360,-0.170867,upper
L2,sa,0.99,0.9900,0.710341,0.032005,-0.161229,upper
L2,sa,0.99,0.9900,0.726071,0.030634,-0.151310,upper
L2,sa,0.99,0.9900,0.741604,0.029247,-0.141184,upper
L2,sa,0.99,0.9900,0.756920,0.027848,-0.130768,upper
L2,sa,0.99,0.9900,0.772003,0.026438,-0.120152,upper
L2,sa,0.99,0.9900,0.786835,0.025019,-0.109494,upper
L2,sa,0.99,0.9900,0.801401,0.023592,-0.099022,upper
L2,sa,0.99,0.9900,0.815688,0.022159,-0.088662,upper
L2,sa,0.99,0.9900,0.829682,0.020722,-0.077947,upper
L2,sa,0.99,0.9900,0.843373,0.019283,-0.066950,upper
L2,sa,0.99,0.9900,0.856750,0.017845,-0.055418,upper
L2,sa,0.99,0.9900,0.869805,0.016409,-0.043358,upper
L2,sa,0.99,0.9900,0.882530,0.014979,-0.031384,upper
L2,sa,0.99,0.9900,0.894920,0.013557,-0.018724,upper
L2,sa,0.99,0.9900,0.906971,0.012147,-0.005621,upper
L2,sa,0.99,0.9900,0.918679,0.010753,0.007323,upper
L2,sa,0.99,0.9900,0.930042,0.009377,0.020945,upper
L2,sa,0.99,0.9900,0.941059,0.008025,0.033534,upper
L2,sa,0.99,0.9900,0.951731,0.006700,0.045416,upper
L2,sa,0.99,0.9900,0.962060,0.005410,0.059447,upper
L2,sa,0.99,0.9900,0.972047,0.004158,0.074011,upper
L2,sa,0.99,0.9900,0.981697,0.002952,0.090217,upper
L2,sa,0.99,0.9900,0.991012,0.001799,0.108479,upper
L2,sa,0.99,0.9900,1.000000,0.000705,0.137385,upper
L2,sa,0.99,0.9900,0.000000,0.000000,0.551630,lower
L2,sa,0.99,0.9900,0.000008,-0.000522,0.566092,lower
L2,sa,0.99,0.9900,0.000034,-0.001072,0.579052,lower
L2,sa,0.99,0.9900,0.000080,-0.001650,0.590161,lower
L2,sa,0.99,0.9900,0.000151,-0.002259,0.599271,lower
L2,sa,0.99,0.9900,0.000249,-0.002897,0.605938,lower
L2,sa,0.99,0.9900,0.000377,-0.003566,0.609771,lower
L2,sa,0.99,0.9900,0.000541,-0.004266,0.610315,lower
L2,sa,0.99,0.9900,0.000745,-0.004995,0.607101,lower
L2,sa,0.99,0.9900,0.000993,-0.005755,0.599719,lower
L2,sa,0.99,0.9900,0.001290,-0.006543,0.587769,lower
L2,sa,0.99,0.9900,0.001641,-0.007359,0.570903,lower
L2,sa,0.99,0.9900,0.002052,-0.008200,0.548876,lower
L2,sa,0.99,0.9900,0.002527,-0.009065,0.521535,lower
L2,sa,0.99,0.9900,0.003073,-0.009951,0.488866,lower
L2,sa,0.99,0.9900,0.003694,-0.010854,0.451019,lower
L2,sa,0.99,0.9900,0.004395,-0.011772,0.408316,lower
L2,sa,0.99,0.9900,0.005182,-0.012701,0.361262,lower
L2,sa,0.99,0.9900,0.006058,-0.013638,0.310533,lower
L2,sa,0.99,0.9900,0.007029,-0.014577,0.256953,lower
L2,sa,0.99,0.9900,0.008099,-0.015516,0.201460,lower
L2,sa,0.99,0.9900,0.009271,-0.016451,0.145062,lower
L2,sa,0.99,0.9900,0.010549,-0.017378,0.088791,lower
L2,sa,0.99,0.9900,0.011936,-0.018294,0.033650,lower
L2,sa,0.99,0.9900,0.013436,-0.019195,-0.019422,lower
L2,sa,0.99,0.9900,0.015051,-0.020080,-0.069584,lower
L2,sa,0.99,0.9900,0.016786,-0.020946,-0.116125,lower
L2,sa,0.99,0.9900,0.018643,-0.021791,-0.158472,lower
L2,sa,0.99,0.9900,0.020625,-0.022613,-0.196210,lower
L2,sa,0.99,0.9900,0.022735,-0.023413,-0.229074,lower
L2,sa,0.99,0.9900,0.024979,-0.024190,-0.256957,lower
L2,sa,0.99,0.9900,0.027358,-0.024943,-0.279897,lower
L2,sa,0.99,0.9900,0.029878,-0.025674,-0.298072,lower
L2,sa,0.99,0.9900,0.032543,-0.026382,-0.311783,lower
L2,sa,0.99,0.9900,0.035358,-0.027068,-0.321437,lower
L2,sa,0.99,0.9900,0.038327,-0.027735,-0.327518,lower
L2,sa,0.99,0.9900,0.041456,-0.028383,-0.330558,lower
L2,sa,0.99,0.9900,0.044751,-0.029015,-0.331115,lower
L2,sa,0.99,0.9900,0.048218,-0.029633,-0.329740,lower
L2,sa,0.99,0.9900,0.051862,-0.030238,-0.326955,lower
L2,sa,0.99,0.9900,0.055691,-0.030834,-0.323241,lower
L2,sa,0.99,0.9900,0.059710,-0.031422,-0.319021,lower
L2,sa,0.99,0.9900,0.063928,-0.032006,-0.314653,lower
L2,sa,0.99,0.9900,0.068352,-0.032587,-0.310432,lower
L2,sa,0.99,0.9900,0.072988,-0.033168,-0.306584,lower
L2,sa,0.99,0.9900,0.077844,-0.033751,-0.303272,lower
L2,sa,0.99,0.9900,0.082928,-0.034338,-0.300596,lower
L2,sa,0.99,0.9900,0.088248,-0.034931,-0.298599,lower
L2,sa,0.99,0.9900,0.093813,-0.035530,-0.297271,lower
L2,sa,0.99,0.9900,0.099629,-0.036137,-0.296552,lower
L2,sa,0.99,0.9900,0.105705,-0.036752,-0.296339,lower
L2,sa,0.99,0.9900,0.112049,-0.037375,-0.296497,lower
L2,sa,0.99,0.9900,0.118669,-0.038006,-0.296856,lower
L2,sa,0.99,0.9900,0.125573,-0.038642,-0.297230,lower
L2,sa,0.99,0.9900,0.132769,-0.039282,-0.297420,lower
L2,sa,0.99,0.9900,0.140263,-0.039924,-0.297228,lower
L2,sa,0.99,0.9900,0.148064,-0.040566,-0.296461,lower
L2,sa,0.99,0.9900,0.156179,-0.041204,-0.294947,lower
L2,sa,0.99,0.9900,0.164613,-0.041835,-0.292548,lower
L2,sa,0.99,0.9900,0.173373,-0.042456,-0.289158,lower
L2,sa,0.99,0.9900,0.182464,-0.043064,-0.284719,lower
L2,sa,0.99,0.9900,0.191890,-0.043654,-0.279220,lower
L2,sa,0.99,0.9900,0.201657,-0.044225,-0.272705,lower
L2,sa,0.99,0.9900,0.211767,-0.044773,-0.265254,lower
L2,sa,0.99,0.9900,0.222222,-0.045296,-0.257007,lower
L2,sa,0.99,0.9900,0.233025,-0.045792,-0.248146,lower
L2,sa,0.99,0.9900,0.244175,-0.046258,-0.238898,lower
L2,sa,0.99,0.9900,0.255672,-0.046694,-0.229524,lower
L2,sa,0.99,0.9900,0.267515,-0.047098,-0.220311,lower
L2,sa,0.99,0.9900,0.279701,-0.047468,-0.211531,lower
L2,sa,0.99,0.9900,0.292227,-0.047803,-0.203413,lower
L2,sa,0.99,0.9900,0.305086,-0.048100,-0.196155,lower
L2,sa,0.99,0.9900,0.318273,-0.048357,-0.189881,lower
L2,sa,0.99,0.9900,0.331780,-0.048569,-0.184632,lower
L2,sa,0.99,0.9900,0.345598,-0.048733,-0.180349,lower
L2,sa,0.99,0.9900,0.359716,-0.048843,-0.176883,lower
L2,sa,0.99,0.9900,0.374124,-0.048893,-0.174005,lower
L2,sa,0.99,0.9900,0.388807,-0.048878,-0.171434,lower
L2,sa,0.99,0.9900,0.403751,-0.048790,-0.168850,lower
L2,sa,0.99,0.9900,0.418939,-0.048624,-0.165910,lower
L2,sa,0.99,0.9900,0.434356,-0.048373,-0.162354,lower
L2,sa,0.99,0.9900,0.449981,-0.048033,-0.157979,lower
L2,sa,0.99,0.9900,0.465796,-0.047599,-0.152754,lower
L2,sa,0.99,0.9900,0.481780,-0.047071,-0.146676,lower
L2,sa,0.99,0.9900,0.497911,-0.046447,-0.139815,lower
L2,sa,0.99,0.9900,0.514167,-0.045730,-0.132234,lower
L2,sa,0.99,0.9900,0.530523,-0.044922,-0.123941,lower
L2,sa,0.99,0.9900,0.546959,-0.044030,-0.115313,lower
L2,sa,0.99,0.9900,0.563448,-0.043058,-0.106180,lower
L2,sa,0.99,0.9900,0.579967,-0.042016,-0.096861,lower
L2,sa,0.99,0.9900,0.596493,-0.040910,-0.087810,lower
L2,sa,0.99,0.9900,0.613000,-0.039748,-0.078865,lower
L2,sa,0.99,0.9900,0.629465,-0.038539,-0.071168,lower
L2,sa,0.99,0.9900,0.645864,-0.037290,-0.064606,lower
L2,sa,0.99,0.9900,0.662174,-0.036007,-0.059065,lower
L2,sa,0.99,0.9900,0.678372,-0.034695,-0.054584,lower
L2,sa,0.99,0.9900,0.694435,-0.033360,-0.049261,lower
L2,sa,0.99,0.9900,0.710341,-0.032005,-0.043055,lower
L2,sa,0.99,0.9900,0.726071,-0.030634,-0.035248,lower
L2,sa,0.99,0.9900,0.741604,-0.029247,-0.026322,lower
L2,sa,0.99,0.9900,0.756920,-0.027848,-0.018570,lower
L2,sa,0.99,0.9900,0.772003,-0.026438,-0.011771,lower
L2,sa,0.99,0.9900,0.786835,-0.025019,-0.007730,lower
L2,sa,0.99,0.9900,0.801401,-0.023592,-0.004756,lower
L2,sa,0.99,0.9900,0.815688,-0.022159,0.000027,lower
L2,sa,0.99,0.9900,0.829682,-0.020722,0.006237,lower
L2,sa,0.99,0.9900,0.843373,-0.019283,0.017603,lower
L2,sa,0.99,0.9900,0.856750,-0.017845,0.031243,lower
L2,sa,0.99,0.9900,0.869805,-0.016409,0.043675,lower
L2,sa,0.99,0.9900,0.882530,-0.014979,0.055140,lower
L2,sa,0.99,0.9900,0.894920,-0.013557,0.059280,lower
L2,sa,0.99,0.9900,0.906971,-0.012147,0.060198,lower
L2,sa,0.99,0.9900,0.918679,-0.010753,0.062376,lower
L2,sa,0.99,0.9900,0.930042,-0.009377,0.065279,lower
L2,sa,0.99,0.9900,0.941059,-0.008025,0.077831,lower
L2,sa,0.99,0.9900,0.951731,-0.006700,0.095589,lower
L2,sa,0.99,0.9900,0.962060,-0.005410,0.110470,lower
L2,sa,0.99,0.9900,0.972047,-0.004158,0.125502,lower
L2,sa,0.99,0.9900,0.981697,-0.002952,0.133386,lower
L2,sa,0.99,0.9900,0.991012,-0.001799,0.131572,lower
L2,sa,0.99,0.9900,1.000000,-0.000705,0.141427,lower
L3,sst,0.20,0.2000,-0.000000,0.000000,0.803512,upper
L3,sst,0.20,0.2000,0.000004,0.000389,0.792545,upper
L3,sst,0.20,0.2000,0.000019,0.000793,0.780056,upper
L3,sst,0.20,0.2000,0.000043,0.001214,0.765751,upper
L3,sst,0.20,0.2000,0.000080,0.001650,0.749627,upper
L3,sst,0.20,0.2000,0.000131,0.002104,0.731509,upper
L3,sst,0.20,0.2000,0.000196,0.002574,0.711274,upper
L3,sst,0.20,0.2000,0.000278,0.003062,0.688776,upper
L3,sst,0.20,0.2000,0.000377,0.003566,0.663883,upper
L3,sst,0.20,0.2000,0.000497,0.004088,0.636468,upper
L3,sst,0.20,0.2000,0.000638,0.004627,0.606417,upper
L3,sst,0.20,0.2000,0.000803,0.005183,0.573632,upper
L3,sst,0.20,0.2000,0.000993,0.005755,0.538038,upper
L3,sst,0.20,0.2000,0.001211,0.006343,0.499587,upper
L3,sst,0.20,0.2000,0.001458,0.006948,0.458263,upper
L3,sst,0.20,0.2000,0.001738,0.007567,0.414087,upper
L3,sst,0.20,0.2000,0.002052,0.008200,0.367123,upper
L3,sst,0.20,0.2000,0.002402,0.008847,0.317479,upper
L3,sst,0.20,0.2000,0.002791,0.009505,0.265316,upper
L3,sst,0.20,0.2000,0.003221,0.010175,0.210845,upper
L3,sst,0.20,0.2000,0.003694,0.010854,0.154325,upper
L3,sst,0.20,0.2000,0.004212,0.011542,0.096067,upper
L3,sst,0.20,0.2000,0.004777,0.012236,0.036425,upper
L3,sst,0.20,0.2000,0.005392,0.012935,-0.024214,upper
L3,sst,0.20,0.2000,0.006058,0.013638,-0.085430,upper
L3,sst,0.20,0.2000,0.006777,0.014342,-0.146791,upper
L3,sst,0.20,0.2000,0.007551,0.015047,-0.207858,upper
L3,sst,0.20,0.2000,0.008382,0.015751,-0.268196,upper
L3,sst,0.20,0.2000,0.009271,0.016451,-0.327388,upper
L3,sst,0.20,0.2000,0.010219,0.017147,-0.385040,upper
L3,sst,0.20,0.2000,0.011228,0.017838,-0.440795,upper
L3,sst,0.20,0.2000,0.012300,0.018521,-0.494336,upper
L3,sst,0.20,0.2000,0.013436,0.019195,-0.545394,upper
L3,sst,0.20,0.2000,0.014637,0.019860,-0.593748,upper
L3,sst,0.20,0.2000,0.015904,0.020515,-0.639231,upper
L3,sst,0.20,0.2000,0.017239,0.021159,-0.681714,upper
L3,sst,0.20,0.2000,0.018643,0.021791,-0.721093,upper
L3,sst,0.20,0.2000,0.020117,0.022410,-0.757320,upper
L3,sst,0.20,0.2000,0.021664,0.023016,-0.790397,upper
L3,sst,0.20,0.2000,0.023284,0.023610,-0.820336,upper
L3,sst,0.20,0.2000,0.024979,0.024190,-0.847164,upper
L3,sst,0.20,0.2000,0.026750,0.024757,-0.870925,upper
L3,sst,0.20,0.2000,0.028600,0.025311,-0.891673,upper
L3,sst,0.20,0.2000,0.030531,0.025853,-0.909467,upper
L3,sst,0.20,0.2000,0.032543,0.026382,-0.924367,upper
L3,sst,0.20,0.2000,0.034640,0.026899,-0.936418,upper
L3,sst,0.20,0.2000,0.036823,0.027404,-0.945655,upper
L3,sst,0.20,0.2000,0.039094,0.027899,-0.952098,upper
L3,sst,0.20,0.2000,0.041456,0.028383,-0.955714,upper
L3,sst,0.20,0.2000,0.043912,0.028859,-0.956383,upper
L3,sst,0.20,0.2000,0.046463,0.029326,-0.953716,upper
L3,sst,0.20,0.2000,0.049112,0.029785,-0.947105,upper
L3,sst,0.20,0.2000,0.051862,0.030238,-0.935189,upper
L3,sst,0.20,0.2000,0.054716,0.030686,-0.916550,upper
L3,sst,0.20,0.2000,0.057676,0.031129,-0.890175,upper
L3,sst,0.20,0.2000,0.060746,0.031569,-0.848198,upper
L3,sst,0.20,0.2000,0.063928,0.032006,-0.785530,upper
L3,sst,0.20,0.2000,0.067226,0.032442,-0.703528,upper
L3,sst,0.20,0.2000,0.070643,0.032877,-0.611353,upper
L3,sst,0.20,0.2000,0.074181,0.033313,-0.549650,upper
L3,sst,0.20,0.2000,0.077844,0.033751,-0.528331,upper
L3,sst,0.20,0.2000,0.081635,0.034191,-0.516635,upper
L3,sst,0.20,0.2000,0.085558,0.034634,-0.500400,upper
L3,sst,0.20,0.2000,0.089616,0.035080,-0.478513,upper
L3,sst,0.20,0.2000,0.093813,0.035530,-0.454828,upper
L3,sst,0.20,0.2000,0.098151,0.035985,-0.437151,upper
L3,sst,0.20,0.2000,0.102634,0.036444,-0.433642,upper
L3,sst,0.20,0.2000,0.107265,0.036907,-0.440841,upper
L3,sst,0.20,0.2000,0.112049,0.037375,-0.451871,upper
L3,sst,0.20,0.2000,0.116988,0.037847,-0.460584,upper
L3,sst,0.20,0.2000,0.122085,0.038323,-0.463341,upper
L3,sst,0.20,0.2000,0.127344,0.038801,-0.462560,upper
L3,sst,0.20,0.2000,0.132769,0.039282,-0.460664,upper
L3,sst,0.20,0.2000,0.138361,0.039764,-0.459377,upper
L3,sst,0.20,0.2000,0.144125,0.040246,-0.460103,upper
L3,sst,0.20,0.2000,0.150063,0.040726,-0.462317,upper
L3,sst,0.20,0.2000,0.156179,0.041204,-0.465550,upper
L3,sst,0.20,0.2000,0.162474,0.041678,-0.469252,upper
L3,sst,0.20,0.2000,0.168952,0.042147,-0.472901,upper
L3,sst,0.20,0.2000,0.175614,0.042610,-0.476518,upper
L3,sst,0.20,0.2000,0.182464,0.043064,-0.480128,upper
L3,sst,0.20,0.2000,0.189502,0.043509,-0.483768,upper
L3,sst,0.20,0.2000,0.196731,0.043942,-0.487509,upper
L3,sst,0.20,0.2000,0.204152,0.044364,-0.491312,upper
L3,sst,0.20,0.2000,0.211767,0.044773,-0.495106,upper
L3,sst,0.20,0.2000,0.219576,0.045168,-0.498768,upper
L3,sst,0.20,0.2000,0.227580,0.045547,-0.502148,upper
L3,sst,0.20,0.2000,0.235780,0.045911,-0.505125,upper
L3,sst,0.20,0.2000,0.244175,0.046258,-0.507620,upper
L3,sst,0.20,0.2000,0.252765,0.046588,-0.509617,upper
L3,sst,0.20,0.2000,0.261551,0.046900,-0.511163,upper
L3,sst,0.20,0.2000,0.270530,0.047194,-0.512488,upper
L3,sst,0.20,0.2000,0.279701,0.047468,-0.513841,upper
L3,sst,0.20,0.2000,0.289064,0.047723,-0.515525,upper
L3,sst,0.20,0.2000,0.298615,0.047957,-0.517856,upper
L3,sst,0.20,0.2000,0.308352,0.048168,-0.520994,upper
L3,sst,0.20,0.2000,0.318273,0.048357,-0.525065,upper
L3,sst,0.20,0.2000,0.328374,0.048520,-0.530128,upper
L3,sst,0.20,0.2000,0.338651,0.048657,-0.536184,upper
L3,sst,0.20,0.2000,0.349100,0.048765,-0.543156,upper
L3,sst,0.20,0.2000,0.359716,0.048843,-0.550946,upper
L3,sst,0.20,0.2000,0.370496,0.048887,-0.559425,upper
L3,sst,0.20,0.2000,0.381432,0.048894,-0.568447,upper
L3,sst,0.20,0.2000,0.392519,0.048863,-0.577919,upper
L3,sst,0.20,0.2000,0.403751,0.048790,-0.587737,upper
L3,sst,0.20,0.2000,0.415120,0.048673,-0.597789,upper
L3,sst,0.20,0.2000,0.426620,0.048509,-0.607958,upper
L3,sst,0.20,0.2000,0.438243,0.048296,-0.618115,upper
L3,sst,0.20,0.2000,0.449981,0.048033,-0.628122,upper
L3,sst,0.20,0.2000,0.461826,0.047717,-0.637837,upper
L3,sst,0.20,0.2000,0.473769,0.047347,-0.647121,upper
L3,sst,0.20,0.2000,0.485800,0.046924,-0.655830,upper
L3,sst,0.20,0.2000,0.497911,0.046447,-0.663850,upper
L3,sst,0.20,0.2000,0.510092,0.045918,-0.671108,upper
L3,sst,0.20,0.2000,0.522334,0.045337,-0.677534,upper
L3,sst,0.20,0.2000,0.534626,0.044707,-0.683071,upper
L3,sst,0.20,0.2000,0.546959,0.044030,-0.687580,upper
L3,sst,0.20,0.2000,0.559322,0.043308,-0.690754,upper
L3,sst,0.20,0.2000,0.571705,0.042545,-0.691496,upper
L3,sst,0.20,0.2000,0.584099,0.041745,-0.686201,upper
L3,sst,0.20,0.2000,0.596493,0.040910,-0.668415,upper
L3,sst,0.20,0.2000,0.608876,0.040043,-0.623184,upper
L3,sst,0.20,0.2000,0.621239,0.039149,-0.537420,upper
L3,sst,0.20,0.2000,0.633572,0.038230,-0.423500,upper
L3,sst,0.20,0.2000,0.645864,0.037290,-0.318532,upper
L3,sst,0.20,0.2000,0.658106,0.036330,-0.247716,upper
L3,sst,0.20,0.2000,0.670288,0.035354,-0.202133,upper
L3,sst,0.20,0.2000,0.682401,0.034364,-0.170354,upper
L3,sst,0.20,0.2000,0.694435,0.033360,-0.152804,upper
L3,sst,0.20,0.2000,0.706381,0.032346,-0.145063,upper
L3,sst,0.20,0.2000,0.718230,0.031322,-0.137685,upper
L3,sst,0.20,0.2000,0.729973,0.030288,-0.126283,upper
L3,sst,0.20,0.2000,0.741604,0.029247,-0.113026,upper
L3,sst,0.20,0.2000,0.753112,0.028199,-0.101922,upper
L3,sst,0.20,0.2000,0.764492,0.027144,-0.094280,upper
L3,sst,0.20,0.2000,0.775735,0.026084,-0.086814,upper
L3,sst,0.20,0.2000,0.786835,0.025019,-0.075219,upper
L3,sst,0.20,0.2000,0.797785,0.023949,-0.060208,upper
L3,sst,0.20,0.2000,0.808581,0.022876,-0.046220,upper
L3,sst,0.20,0.2000,0.819215,0.021800,-0.035138,upper
L3,sst,0.20,0.2000,0.829682,0.020722,-0.025160,upper
L3,sst,0.20,0.2000,0.839979,0.019643,-0.013596,upper
L3,sst,0.20,0.2000,0.850101,0.018564,-0.000453,upper
L3,sst,0.20,0.2000,0.860044,0.017485,0.012490,upper
L3,sst,0.20,0.2000,0.869805,0.016409,0.025115,upper
L3,sst,0.20,0.2000,0.879380,0.015336,0.038241,upper
L3,sst,0.20,0.2000,0.888767,0.014267,0.052600,upper
L3,sst,0.20,0.2000,0.897965,0.013204,0.067845,upper
L3,sst,0.20,0.2000,0.906971,0.012147,0.082236,upper
L3,sst,0.20,0.2000,0.915784,0.011100,0.095632,upper
L3,sst,0.20,0.2000,0.924403,0.010062,0.109532,upper
L3,sst,0.20,0.2000,0.932829,0.009037,0.124602,upper
L3,sst,0.20,0.2000,0.941059,0.008025,0.140499,upper
L3,sst,0.20,0.2000,0.949096,0.007029,0.156182,upper
L3,sst,0.20,0.2000,0.956938,0.006050,0.171040,upper
L3,sst,0.20,0.2000,0.964589,0.005093,0.185178,upper
L3,sst,0.20,0.2000,0.972047,0.004158,0.198389,upper
L3,sst,0.20,0.2000,0.979316,0.003249,0.211359,upper
L3,sst,0.20,0.2000,0.986396,0.002368,0.224819,upper
L3,sst,0.20,0.2000,0.993290,0.001519,0.235387,upper
L3,sst,0.20,0.2000,1.000000,0.000705,0.254087,upper
L3,sst,0.20,0.2000,-0.000000,0.000000,0.803512,lower
L3,sst,0.20,0.2000,0.000004,-0.000389,0.813642,lower
L3,sst,0.20,0.2000,0.000019,-0.000793,0.822935,lower
L3,sst,0.20,0.2000,0.000043,-0.001214,0.831240,lower
L3,sst,0.20,0.2000,0.000080,-0.001650,0.838541,lower
L3,sst,0.20,0.2000,0.000131,-0.002104,0.844658,lower
L3,sst,0.20,0.2000,0.000196,-0.002574,0.849439,lower
L3,sst,0.20,0.2000,0.000278,-0.003062,0.852712,lower
L3,sst,0.20,0.2000,0.000377,-0.003566,0.854302,lower
L3,sst,0.20,0.2000,0.000497,-0.004088,0.854033,lower
L3,sst,0.20,0.2000,0.000638,-0.004627,0.851726,lower
L3,sst,0.20,0.2000,0.000803,-0.005183,0.847205,lower
L3,sst,0.20,0.2000,0.000993,-0.005755,0.840304,lower
L3,sst,0.20,0.2000,0.001211,-0.006343,0.830869,lower
L3,sst,0.20,0.2000,0.001458,-0.006948,0.818766,lower
L3,sst,0.20,0.2000,0.001738,-0.007567,0.803887,lower
L3,sst,0.20,0.2000,0.002052,-0.008200,0.786154,lower
L3,sst,0.20,0.2000,0.002402,-0.008847,0.765531,lower
L3,sst,0.20,0.2000,0.002791,-0.009505,0.742025,lower
L3,sst,0.20,0.2000,0.003221,-0.010175,0.715693,lower
L3,sst,0.20,0.2000,0.003694,-0.010854,0.686647,lower
L3,sst,0.20,0.2000,0.004212,-0.011542,0.655054,lower
L3,sst,0.20,0.2000,0.004777,-0.012236,0.621140,lower
L3,sst,0.20,0.2000,0.005392,-0.012935,0.585183,lower
L3,sst,0.20,0.2000,0.006058,-0.013638,0.547513,lower
L3,sst,0.20,0.2000,0.006777,-0.014342,0.508502,lower
L3,sst,0.20,0.2000,0.007551,-0.015047,0.468556,lower
L3,sst,0.20,0.2000,0.008382,-0.015751,0.428104,lower
L3,sst,0.20,0.2000,0.009271,-0.016451,0.387588,lower
L3,sst,0.20,0.2000,0.010219,-0.017147,0.347448,lower
L3,sst,0.20,0.2000,0.011228,-0.017838,0.308113,lower
L3,sst,0.20,0.2000,0.012300,-0.018521,0.269986,lower
L3,sst,0.20,0.2000,0.013436,-0.019195,0.233438,lower
L3,sst,0.20,0.2000,0.014637,-0.019860,0.198795,lower
L3,sst,0.20,0.2000,0.015904,-0.020515,0.166335,lower
L3,sst,0.20,0.2000,0.017239,-0.021159,0.136281,lower
L3,sst,0.20,0.2000,0.018643,-0.021791,0.108801,lower
L3,sst,0.20,0.2000,0.020117,-0.022410,0.084004,lower
L3,sst,0.20,0.2000,0.021664,-0.023016,0.061943,lower
L3,sst,0.20,0.2000,0.023284,-0.023610,0.042617,lower
L3,sst,0.20,0.2000,0.024979,-0.024190,0.025976,lower
L3,sst,0.20,0.2000,0.026750,-0.024757,0.011922,lower
L3,sst,0.20,0.2000,0.028600,-0.025311,0.000319,lower
L3,sst,0.20,0.2000,0.030531,-0.025853,-0.009001,lower
L3,sst,0.20,0.2000,0.032543,-0.026382,-0.016234,lower
L3,sst,0.20,0.2000,0.034640,-0.026899,-0.021587,lower
L3,sst,0.20,0.2000,0.036823,-0.027404,-0.025284,lower
L3,sst,0.20,0.2000,0.039094,-0.027899,-0.027549,lower
L3,sst,0.20,0.2000,0.041456,-0.028383,-0.028609,lower
L3,sst,0.20,0.2000,0.043912,-0.028859,-0.028681,lower
L3,sst,0.20,0.2000,0.046463,-0.029326,-0.027972,lower
L3,sst,0.20,0.2000,0.049112,-0.029785,-0.026673,lower
L3,sst,0.20,0.2000,0.051862,-0.030238,-0.024961,lower
L3,sst,0.20,0.2000,0.054716,-0.030686,-0.023000,lower
L3,sst,0.20,0.2000,0.057676,-0.031129,-0.020934,lower
L3,sst,0.20,0.2000,0.060746,-0.031569,-0.018894,lower
L3,sst,0.20,0.2000,0.063928,-0.032006,-0.016993,lower
L3,sst,0.20,0.2000,0.067226,-0.032442,-0.015331,lower
L3,sst,0.20,0.2000,0.070643,-0.032877,-0.013991,lower
L3,sst,0.20,0.2000,0.074181,-0.033313,-0.013044,lower
L3,sst,0.20,0.2000,0.077844,-0.033751,-0.012547,lower
L3,sst,0.20,0.2000,0.081635,-0.034191,-0.012545,lower
L3,sst,0.20,0.2000,0.085558,-0.034634,-0.013073,lower
L3,sst,0.20,0.2000,0.089616,-0.035080,-0.014152,lower
L3,sst,0.20,0.2000,0.093813,-0.035530,-0.015797,lower
L3,sst,0.20,0.2000,0.098151,-0.035985,-0.018009,lower
L3,sst,0.20,0.2000,0.102634,-0.036444,-0.020782,lower
L3,sst,0.20,0.2000,0.107265,-0.036907,-0.024101,lower
L3,sst,0.20,0.2000,0.112049,-0.037375,-0.027942,lower
L3,sst,0.20,0.2000,0.116988,-0.037847,-0.032274,lower
L3,sst,0.20,0.2000,0.122085,-0.038323,-0.037057,lower
L3,sst,0.20,0.2000,0.127344,-0.038801,-0.042248,lower
L3,sst,0.20,0.2000,0.132769,-0.039282,-0.047794,lower
L3,sst,0.20,0.2000,0.138361,-0.039764,-0.053639,lower
L3,sst,0.20,0.2000,0.144125,-0.040246,-0.059727,lower
L3,sst,0.20,0.2000,0.150063,-0.040726,-0.065996,lower
L3,sst,0.20,0.2000,0.156179,-0.041204,-0.072383,lower
L3,sst,0.20,0.2000,0.162474,-0.041678,-0.078832,lower
L3,sst,0.20,0.2000,0.168952,-0.042147,-0.085284,lower
L3,sst,0.20,0.2000,0.175614,-0.042610,-0.091690,lower
L3,sst,0.20,0.2000,0.182464,-0.043064,-0.098004,lower
L3,sst,0.20,0.2000,0.189502,-0.043509,-0.104194,lower
L3,sst,0.20,0.2000,0.196731,-0.043942,-0.110233,lower
L3,sst,0.20,0.2000,0.204152,-0.044364,-0.116110,lower
L3,sst,0.20,0.2000,0.211767,-0.044773,-0.121824,lower
L3,sst,0.20,0.2000,0.219576,-0.045168,-0.127385,lower
L3,sst,0.20,0.2000,0.227580,-0.045547,-0.132817,lower
L3,sst,0.20,0.2000,0.235780,-0.045911,-0.138156,lower
L3,sst,0.20,0.2000,0.244175,-0.046258,-0.143445,lower
L3,sst,0.20,0.2000,0.252765,-0.046588,-0.148735,lower
L3,sst,0.20,0.2000,0.261551,-0.046900,-0.154081,lower
L3,sst,0.20,0.2000,0.270530,-0.047194,-0.159540,lower
L3,sst,0.20,0.2000,0.279701,-0.047468,-0.165168,lower
L3,sst,0.20,0.2000,0.289064,-0.047723,-0.171013,lower
L3,sst,0.20,0.2000,0.298615,-0.047957,-0.177117,lower
L3,sst,0.20,0.2000,0.308352,-0.048168,-0.183511,lower
L3,sst,0.20,0.2000,0.318273,-0.048357,-0.190206,lower
L3,sst,0.20,0.2000,0.328374,-0.048520,-0.197199,lower
L3,sst,0.20,0.2000,0.338651,-0.048657,-0.204464,lower
L3,sst,0.20,0.2000,0.349100,-0.048765,-0.211954,lower
L3,sst,0.20,0.2000,0.359716,-0.048843,-0.219597,lower
L3,sst,0.20,0.2000,0.370496,-0.048887,-0.227293,lower
L3,sst,0.20,0.2000,0.381432,-0.048894,-0.234920,lower
L3,sst,0.20,0.2000,0.392519,-0.048863,-0.242333,lower
L3,sst,0.20,0.2000,0.403751,-0.048790,-0.249365,lower
L3,sst,0.20,0.2000,0.415120,-0.048673,-0.255831,lower
L3,sst,0.20,0.2000,0.426620,-0.048509,-0.261540,lower
L3,sst,0.20,0.2000,0.438243,-0.048296,-0.266302,lower
L3,sst,0.20,0.2000,0.449981,-0.048033,-0.269936,lower
L3,sst,0.20,0.2000,0.461826,-0.047717,-0.272290,lower
L3,sst,0.20,0.2000,0.473769,-0.047347,-0.273251,lower
L3,sst,0.20,0.2000,0.485800,-0.046924,-0.272756,lower
L3,sst,0.20,0.2000,0.497911,-0.046447,-0.270793,lower
L3,sst,0.20,0.2000,0.510092,-0.045918,-0.267419,lower
L3,sst,0.20,0.2000,0.522334,-0.045337,-0.262737,lower
L3,sst,0.20,0.2000,0.534626,-0.044707,-0.256882,lower
L3,sst,0.20,0.2000,0.546959,-0.044030,-0.250016,lower
L3,sst,0.20,0.2000,0.559322,-0.043308,-0.242317,lower
L3,sst,0.20,0.2000,0.571705,-0.042545,-0.233969,lower
L3,sst,0.20,0.2000,0.584099,-0.041745,-0.225159,lower
L3,sst,0.20,0.2000,0.596493,-0.040910,-0.216067,lower
L3,sst,0.20,0.2000,0.608876,-0.040043,-0.206834,lower
L3,sst,0.20,0.2000,0.621239,-0.039149,-0.197569,lower
L3,sst,0.20,0.2000,0.633572,-0.038230,-0.188358,lower
L3,sst,0.20,0.2000,0.645864,-0.037290,-0.179245,lower
L3,sst,0.20,0.2000,0.658106,-0.036330,-0.170251,lower
L3,sst,0.20,0.2000,0.670288,-0.035354,-0.161385,lower
L3,sst,0.20,0.2000,0.682401,-0.034364,-0.152649,lower
L3,sst,0.20,0.2000,0.694435,-0.033360,-0.144040,lower
L3,sst,0.20,0.2000,0.706381,-0.032346,-0.135548,lower
L3,sst,0.20,0.2000,0.718230,-0.031322,-0.127146,lower
L3,sst,0.20,0.2000,0.729973,-0.030288,-0.118784,lower
L3,sst,0.20,0.2000,0.741604,-0.029247,-0.110416,lower
L3,sst,0.20,0.2000,0.753112,-0.028199,-0.101987,lower
L3,sst,0.20,0.2000,0.764492,-0.027144,-0.093442,lower
L3,sst,0.20,0.2000,0.775735,-0.026084,-0.084746,lower
L3,sst,0.20,0.2000,0.786835,-0.025019,-0.075851,lower
L3,sst,0.20,0.2000,0.797785,-0.023949,-0.066711,lower
L3,sst,0.20,0.2000,0.808581,-0.022876,-0.057280,lower
L3,sst,0.20,0.2000,0.819215,-0.021800,-0.047536,lower
L3,sst,0.20,0.2000,0.829682,-0.020722,-0.037446,lower
L3,sst,0.20,0.2000,0.839979,-0.019643,-0.026994,lower
L3,sst,0.20,0.2000,0.850101,-0.018564,-0.016185,lower
L3,sst,0.20,0.2000,0.860044,-0.017485,-0.004981,lower
L3,sst,0.20,0.2000,0.869805,-0.016409,0.006628,lower
L3,sst,0.20,0.2000,0.879380,-0.015336,0.018669,lower
L3,sst,0.20,0.2000,0.888767,-0.014267,0.031183,lower
L3,sst,0.20,0.2000,0.897965,-0.013204,0.044186,lower
L3,sst,0.20,0.2000,0.906971,-0.012147,0.057710,lower
L3,sst,0.20,0.2000,0.915784,-0.011100,0.071699,lower
L3,sst,0.20,0.2000,0.924403,-0.010062,0.086123,lower
L3,sst,0.20,0.2000,0.932829,-0.009037,0.100872,lower
L3,sst,0.20,0.2000,0.941059,-0.008025,0.115764,lower
L3,sst,0.20,0.2000,0.949096,-0.007029,0.130822,lower
L3,sst,0.20,0.2000,0.956938,-0.006050,0.145974,lower
L3,sst,0.20,0.2000,0.964589,-0.005093,0.161335,lower
L3,sst,0.20,0.2000,0.972047,-0.004158,0.177040,lower
L3,sst,0.20,0.2000,0.979316,-0.003249,0.192820,lower
L3,sst,0.20,0.2000,0.986396,-0.002368,0.208540,lower
L3,sst,0.20,0.2000,0.993290,-0.001519,0.221764,lower
L3,sst,0.20,0.2000,1.000000,-0.000705,0.247584,lower
L3,sst,0.44,0.4400,-0.000000,0.000000,0.766219,upper
L3,sst,0.44,0.4400,0.000004,0.000389,0.753924,upper
L3,sst,0.44,0.4400,0.000019,0.000793,0.740061,upper
L3,sst,0.44,0.4400,0.000043,0.001214,0.724326,upper
L3,sst,0.44,0.4400,0.000080,0.001650,0.706719,upper
L3,sst,0.44,0.4400,0.000131,0.002104,0.687064,upper
L3,sst,0.44,0.4400,0.000196,0.002574,0.665243,upper
L3,sst,0.44,0.4400,0.000278,0.003062,0.641111,upper
L3,sst,0.44,0.4400,0.000377,0.003566,0.614540,upper
L3,sst,0.44,0.4400,0.000497,0.004088,0.585407,upper
L3,sst,0.44,0.4400,0.000638,0.004627,0.553604,upper
L3,sst,0.44,0.4400,0.000803,0.005183,0.519040,upper
L3,sst,0.44,0.4400,0.000993,0.005755,0.481647,upper
L3,sst,0.44,0.4400,0.001211,0.006343,0.441384,upper
L3,sst,0.44,0.4400,0.001458,0.006948,0.398246,upper
L3,sst,0.44,0.4400,0.001738,0.007567,0.352262,upper
L3,sst,0.44,0.4400,0.002052,0.008200,0.303507,upper
L3,sst,0.44,0.4400,0.002402,0.008847,0.252103,upper
L3,sst,0.44,0.4400,0.002791,0.009505,0.198221,upper
L3,sst,0.44,0.4400,0.003221,0.010175,0.142083,upper
L3,sst,0.44,0.4400,0.003694,0.010854,0.083959,upper
L3,sst,0.44,0.4400,0.004212,0.011542,0.024169,upper
L3,sst,0.44,0.4400,0.004777,0.012236,-0.036927,upper
L3,sst,0.44,0.4400,0.005392,0.012935,-0.098934,upper
L3,sst,0.44,0.4400,0.006058,0.013638,-0.161431,upper
L3,sst,0.44,0.4400,0.006777,0.014342,-0.223986,upper
L3,sst,0.44,0.4400,0.007551,0.015047,-0.286161,upper
L3,sst,0.44,0.4400,0.008382,0.015751,-0.347527,upper
L3,sst,0.44,0.4400,0.009271,0.016451,-0.407676,upper
L3,sst,0.44,0.4400,0.010219,0.017147,-0.466225,upper
L3,sst,0.44,0.4400,0.011228,0.017838,-0.522828,upper
L3,sst,0.44,0.4400,0.012300,0.018521,-0.577188,upper
L3,sst,0.44,0.4400,0.013436,0.019195,-0.629072,upper
L3,sst,0.44,0.4400,0.014637,0.019860,-0.678276,upper
L3,sst,0.44,0.4400,0.015904,0.020515,-0.724603,upper
L3,sst,0.44,0.4400,0.017239,0.021159,-0.767945,upper
L3,sst,0.44,0.4400,0.018643,0.021791,-0.808269,upper
L3,sst,0.44,0.4400,0.020117,0.022410,-0.845555,upper
L3,sst,0.44,0.4400,0.021664,0.023016,-0.879805,upper
L3,sst,0.44,0.4400,0.023284,0.023610,-0.911059,upper
L3,sst,0.44,0.4400,0.024979,0.024190,-0.939374,upper
L3,sst,0.44,0.4400,0.026750,0.024757,-0.964826,upper
L3,sst,0.44,0.4400,0.028600,0.025311,-0.987508,upper
L3,sst,0.44,0.4400,0.030531,0.025853,-1.007517,upper
L3,sst,0.44,0.4400,0.032543,0.026382,-1.024954,upper
L3,sst,0.44,0.4400,0.034640,0.026899,-1.039928,upper
L3,sst,0.44,0.4400,0.036823,0.027404,-1.052545,upper
L3,sst,0.44,0.4400,0.039094,0.027899,-1.062915,upper
L3,sst,0.44,0.4400,0.041456,0.028383,-1.071143,upper
L3,sst,0.44,0.4400,0.043912,0.028859,-1.077335,upper
L3,sst,0.44,0.4400,0.046463,0.029326,-1.081597,upper
L3,sst,0.44,0.4400,0.049112,0.029785,-1.084031,upper
L3,sst,0.44,0.4400,0.051862,0.030238,-1.084735,upper
L3,sst,0.44,0.4400,0.054716,0.030686,-1.083802,upper
L3,sst,0.44,0.4400,0.057676,0.031129,-1.081326,upper
L3,sst,0.44,0.4400,0.060746,0.031569,-1.077387,upper
L3,sst,0.44,0.4400,0.063928,0.032006,-1.072086,upper
L3,sst,0.44,0.4400,0.067226,0.032442,-1.065565,upper
L3,sst,0.44,0.4400,0.070642,0.032877,-1.057976,upper
L3,sst,0.44,0.4400,0.074181,0.033313,-1.049506,upper
L3,sst,0.44,0.4400,0.077844,0.033751,-1.040227,upper
L3,sst,0.44,0.4400,0.081635,0.034191,-1.030142,upper
L3,sst,0.44,0.4400,0.085558,0.034634,-1.019215,upper
L3,sst,0.44,0.4400,0.089616,0.035080,-1.007280,upper
L3,sst,0.44,0.4400,0.093813,0.035530,-0.993979,upper
L3,sst,0.44,0.4400,0.098151,0.035985,-0.977837,upper
L3,sst,0.44,0.4400,0.102634,0.036444,-0.956189,upper
L3,sst,0.44,0.4400,0.107265,0.036907,-0.921446,upper
L3,sst,0.44,0.4400,0.112049,0.037375,-0.866210,upper
L3,sst,0.44,0.4400,0.116988,0.037847,-0.796237,upper
L3,sst,0.44,0.4400,0.122085,0.038323,-0.720516,upper
L3,sst,0.44,0.4400,0.127344,0.038801,-0.646500,upper
L3,sst,0.44,0.4400,0.132769,0.039282,-0.590405,upper
L3,sst,0.44,0.4400,0.138361,0.039764,-0.556113,upper
L3,sst,0.44,0.4400,0.144125,0.040246,-0.537710,upper
L3,sst,0.44,0.4400,0.150063,0.040726,-0.532432,upper
L3,sst,0.44,0.4400,0.156179,0.041204,-0.534227,upper
L3,sst,0.44,0.4400,0.162474,0.041678,-0.539488,upper
L3,sst,0.44,0.4400,0.168952,0.042147,-0.546218,upper
L3,sst,0.44,0.4400,0.175614,0.042610,-0.553182,upper
L3,sst,0.44,0.4400,0.182464,0.043064,-0.559702,upper
L3,sst,0.44,0.4400,0.189502,0.043509,-0.565972,upper
L3,sst,0.44,0.4400,0.196731,0.043942,-0.572532,upper
L3,sst,0.44,0.4400,0.204152,0.044364,-0.579479,upper
L3,sst,0.44,0.4400,0.211767,0.044773,-0.586779,upper
L3,sst,0.44,0.4400,0.219576,0.045168,-0.593992,upper
L3,sst,0.44,0.4400,0.227580,0.045547,-0.600583,upper
L3,sst,0.44,0.4400,0.235780,0.045911,-0.606222,upper
L3,sst,0.44,0.4400,0.244175,0.046258,-0.610622,upper
L3,sst,0.44,0.4400,0.252765,0.046588,-0.613775,upper
L3,sst,0.44,0.4400,0.261551,0.046900,-0.615753,upper
L3,sst,0.44,0.4400,0.270530,0.047194,-0.616803,upper
L3,sst,0.44,0.4400,0.279701,0.047468,-0.617242,upper
L3,sst,0.44,0.4400,0.289064,0.047723,-0.617477,upper
L3,sst,0.44,0.4400,0.298615,0.047957,-0.617961,upper
L3,sst,0.44,0.4400,0.308352,0.048168,-0.619049,upper
L3,sst,0.44,0.4400,0.318273,0.048357,-0.621057,upper
L3,sst,0.44,0.4400,0.328374,0.048520,-0.624141,upper
L3,sst,0.44,0.4400,0.338651,0.048657,-0.628375,upper
L3,sst,0.44,0.4400,0.349100,0.048765,-0.633709,upper
L3,sst,0.44,0.4400,0.359716,0.048843,-0.640024,upper
L3,sst,0.44,0.4400,0.370496,0.048887,-0.647207,upper
L3,sst,0.44,0.4400,0.381432,0.048894,-0.655119,upper
L3,sst,0.44,0.4400,0.392519,0.048863,-0.663654,upper
L3,sst,0.44,0.4400,0.403750,0.048790,-0.672714,upper
L3,sst,0.44,0.4400,0.415120,0.048673,-0.682213,upper
L3,sst,0.44,0.4400,0.426620,0.048509,-0.692050,upper
L3,sst,0.44,0.4400,0.438243,0.048297,-0.702115,upper
L3,sst,0.44,0.4400,0.449981,0.048033,-0.712251,upper
L3,sst,0.44,0.4400,0.461826,0.047717,-0.722189,upper
L3,sst,0.44,0.4400,0.473769,0.047347,-0.731779,upper
L3,sst,0.44,0.4400,0.485800,0.046924,-0.740952,upper
L3,sst,0.44,0.4400,0.497911,0.046447,-0.748691,upper
L3,sst,0.44,0.4400,0.510092,0.045918,-0.751205,upper
L3,sst,0.44,0.4400,0.522334,0.045337,-0.740913,upper
L3,sst,0.44,0.4400,0.534626,0.044707,-0.690924,upper
L3,sst,0.44,0.4400,0.546959,0.044030,-0.565169,upper
L3,sst,0.44,0.4400,0.559322,0.043308,-0.404556,upper
L3,sst,0.44,0.4400,0.571705,0.042545,-0.282429,upper
L3,sst,0.44,0.4400,0.584099,0.041745,-0.211066,upper
L3,sst,0.44,0.4400,0.596493,0.040910,-0.179516,upper
L3,sst,0.44,0.4400,0.608876,0.040043,-0.172112,upper
L3,sst,0.44,0.4400,0.621239,0.039149,-0.170939,upper
L3,sst,0.44,0.4400,0.633572,0.038230,-0.166052,upper
L3,sst,0.44,0.4400,0.645864,0.037290,-0.153232,upper
L3,sst,0.44,0.4400,0.658106,0.036330,-0.134396,upper
L3,sst,0.44,0.4400,0.670288,0.035354,-0.115941,upper
L3,sst,0.44,0.4400,0.682401,0.034364,-0.103221,upper
L3,sst,0.44,0.4400,0.694435,0.033360,-0.097877,upper
L3,sst,0.44,0.4400,0.706381,0.032346,-0.096408,upper
L3,sst,0.44,0.4400,0.718230,0.031322,-0.093124,upper
L3,sst,0.44,0.4400,0.729973,0.030288,-0.085395,upper
L3,sst,0.44,0.4400,0.741604,0.029247,-0.074426,upper
L3,sst,0.44,0.4400,0.753112,0.028199,-0.062958,upper
L3,sst,0.44,0.4400,0.764492,0.027144,-0.052393,upper
L3,sst,0.44,0.4400,0.775735,0.026084,-0.042241,upper
L3,sst,0.44,0.4400,0.786835,0.025019,-0.031306,upper
L3,sst,0.44,0.4400,0.797785,0.023949,-0.019078,upper
L3,sst,0.44,0.4400,0.808581,0.022876,-0.007725,upper
L3,sst,0.44,0.4400,0.819215,0.021800,0.001584,upper
L3,sst,0.44,0.4400,0.829682,0.020722,0.010189,upper
L3,sst,0.44,0.4400,0.839979,0.019643,0.019152,upper
L3,sst,0.44,0.4400,0.850101,0.018564,0.029927,upper
L3,sst,0.44,0.4400,0.860044,0.017485,0.042446,upper
L3,sst,0.44,0.4400,0.869805,0.016409,0.054442,upper
L3,sst,0.44,0.4400,0.879380,0.015336,0.065550,upper
L3,sst,0.44,0.4400,0.888767,0.014267,0.076623,upper
L3,sst,0.44,0.4400,0.897965,0.013204,0.088252,upper
L3,sst,0.44,0.4400,0.906971,0.012147,0.101428,upper
L3,sst,0.44,0.4400,0.915784,0.011100,0.115601,upper
L3,sst,0.44,0.4400,0.924403,0.010062,0.129498,upper
L3,sst,0.44,0.4400,0.932828,0.009037,0.142878,upper
L3,sst,0.44,0.4400,0.941059,0.008025,0.155768,upper
L3,sst,0.44,0.4400,0.949096,0.007029,0.168548,upper
L3,sst,0.44,0.4400,0.956938,0.006050,0.181266,upper
L3,sst,0.44,0.4400,0.964589,0.005093,0.193928,upper
L3,sst,0.44,0.4400,0.972047,0.004158,0.206890,upper
L3,sst,0.44,0.4400,0.979316,0.003249,0.219752,upper
L3,sst,0.44,0.4400,0.986396,0.002368,0.232309,upper
L3,sst,0.44,0.4400,0.993290,0.001519,0.242280,upper
L3,sst,0.44,0.4400,1.000000,0.000705,0.259235,upper
L3,sst,0.44,0.4400,-0.000000,0.000000,0.766219,lower
L3,sst,0.44,0.4400,0.000004,-0.000389,0.777677,lower
L3,sst,0.44,0.4400,0.000019,-0.000793,0.788338,lower
L3,sst,0.44,0.4400,0.000043,-0.001214,0.798058,lower
L3,sst,0.44,0.4400,0.000080,-0.001650,0.806820,lower
L3,sst,0.44,0.4400,0.000131,-0.002104,0.814441,lower
L3,sst,0.44,0.4400,0.000196,-0.002574,0.820768,lower
L3,sst,0.44,0.4400,0.000278,-0.003062,0.825625,lower
L3,sst,0.44,0.4400,0.000377,-0.003566,0.828832,lower
L3,sst,0.44,0.4400,0.000497,-0.004088,0.830205,lower
L3,sst,0.44,0.4400,0.000638,-0.004627,0.829562,lower
L3,sst,0.44,0.4400,0.000803,-0.005183,0.826721,lower
L3,sst,0.44,0.4400,0.000993,-0.005755,0.821505,lower
L3,sst,0.44,0.4400,0.001211,-0.006343,0.813751,lower
L3,sst,0.44,0.4400,0.001458,-0.006948,0.803315,lower
L3,sst,0.44,0.4400,0.001738,-0.007567,0.790076,lower
L3,sst,0.44,0.4400,0.002052,-0.008200,0.773946,lower
L3,sst,0.44,0.4400,0.002402,-0.008847,0.754873,lower
L3,sst,0.44,0.4400,0.002791,-0.009505,0.732851,lower
L3,sst,0.44,0.4400,0.003221,-0.010175,0.707924,lower
L3,sst,0.44,0.4400,0.003694,-0.010854,0.680190,lower
L3,sst,0.44,0.4400,0.004212,-0.011542,0.649804,lower
L3,sst,0.44,0.4400,0.004777,-0.012236,0.616977,lower
L3,sst,0.44,0.4400,0.005392,-0.012935,0.581978,lower
L3,sst,0.44,0.4400,0.006058,-0.013638,0.545124,lower
L3,sst,0.44,0.4400,0.006777,-0.014342,0.506779,lower
L3,sst,0.44,0.4400,0.007551,-0.015047,0.467343,lower
L3,sst,0.44,0.4400,0.008382,-0.015751,0.427239,lower
L3,sst,0.44,0.4400,0.009271,-0.016451,0.386907,lower
L3,sst,0.44,0.4400,0.010219,-0.017147,0.346785,lower
L3,sst,0.44,0.4400,0.011228,-0.017838,0.307304,lower
L3,sst,0.44,0.4400,0.012300,-0.018521,0.268869,lower
L3,sst,0.44,0.4400,0.013436,-0.019195,0.231857,lower
L3,sst,0.44,0.4400,0.014637,-0.019860,0.196599,lower
L3,sst,0.44,0.4400,0.015904,-0.020515,0.163384,lower
L3,sst,0.44,0.4400,0.017239,-0.021159,0.132443,lower
L3,sst,0.44,0.4400,0.018643,-0.021791,0.103957,lower
L3,sst,0.44,0.4400,0.020117,-0.022410,0.078049,lower
L3,sst,0.44,0.4400,0.021664,-0.023016,0.054789,lower
L3,sst,0.44,0.4400,0.023284,-0.023610,0.034190,lower
L3,sst,0.44,0.4400,0.024979,-0.024190,0.016220,lower
L3,sst,0.44,0.4400,0.026750,-0.024757,0.000799,lower
L3,sst,0.44,0.4400,0.028600,-0.025311,-0.012191,lower
L3,sst,0.44,0.4400,0.030531,-0.025853,-0.022902,lower
L3,sst,0.44,0.4400,0.032543,-0.026382,-0.031513,lower
L3,sst,0.44,0.4400,0.034640,-0.026899,-0.038220,lower
L3,sst,0.44,0.4400,0.036823,-0.027404,-0.043235,lower
L3,sst,0.44,0.4400,0.039094,-0.027899,-0.046774,lower
L3,sst,0.44,0.4400,0.041456,-0.028383,-0.049052,lower
L3,sst,0.44,0.4400,0.043912,-0.028859,-0.050283,lower
L3,sst,0.44,0.4400,0.046463,-0.029326,-0.050671,lower
L3,sst,0.44,0.4400,0.049112,-0.029785,-0.050410,lower
L3,sst,0.44,0.4400,0.051862,-0.030238,-0.049678,lower
L3,sst,0.44,0.4400,0.054716,-0.030686,-0.048637,lower
L3,sst,0.44,0.4400,0.057676,-0.031129,-0.047434,lower
L3,sst,0.44,0.4400,0.060746,-0.031569,-0.046203,lower
L3,sst,0.44,0.4400,0.063928,-0.032006,-0.045061,lower
L3,sst,0.44,0.4400,0.067226,-0.032442,-0.044111,lower
L3,sst,0.44,0.4400,0.070642,-0.032877,-0.043440,lower
L3,sst,0.44,0.4400,0.074181,-0.033313,-0.043123,lower
L3,sst,0.44,0.4400,0.077844,-0.033751,-0.043223,lower
L3,sst,0.44,0.4400,0.081635,-0.034191,-0.043787,lower
L3,sst,0.44,0.4400,0.085558,-0.034634,-0.044854,lower
L3,sst,0.44,0.4400,0.089616,-0.035080,-0.046451,lower
L3,sst,0.44,0.4400,0.093813,-0.035530,-0.048592,lower
L3,sst,0.44,0.4400,0.098151,-0.035985,-0.051284,lower
L3,sst,0.44,0.4400,0.102634,-0.036444,-0.054522,lower
L3,sst,0.44,0.4400,0.107265,-0.036907,-0.058291,lower
L3,sst,0.44,0.4400,0.112049,-0.037375,-0.062571,lower
L3,sst,0.44,0.4400,0.116988,-0.037847,-0.067329,lower
L3,sst,0.44,0.4400,0.122085,-0.038323,-0.072526,lower
L3,sst,0.44,0.4400,0.127344,-0.038801,-0.078118,lower
L3,sst,0.44,0.4400,0.132769,-0.039282,-0.084050,lower
L3,sst,0.44,0.4400,0.138361,-0.039764,-0.090266,lower
L3,sst,0.44,0.4400,0.144125,-0.040246,-0.096704,lower
L3,sst,0.44,0.4400,0.150063,-0.040726,-0.103301,lower
L3,sst,0.44,0.4400,0.156179,-0.041204,-0.109990,lower
L3,sst,0.44,0.4400,0.162474,-0.041678,-0.116708,lower
L3,sst,0.44,0.4400,0.168952,-0.042147,-0.123395,lower
L3,sst,0.44,0.4400,0.175614,-0.042610,-0.129993,lower
L3,sst,0.44,0.4400,0.182464,-0.043064,-0.136454,lower
L3,sst,0.44,0.4400,0.189502,-0.043509,-0.142738,lower
L3,sst,0.44,0.4400,0.196731,-0.043942,-0.148813,lower
L3,sst,0.44,0.4400,0.204152,-0.044364,-0.154664,lower
L3,sst,0.44,0.4400,0.211767,-0.044773,-0.160286,lower
L3,sst,0.44,0.4400,0.219576,-0.045168,-0.165685,lower
L3,sst,0.44,0.4400,0.227580,-0.045547,-0.170881,lower
L3,sst,0.44,0.4400,0.235780,-0.045911,-0.175909,lower
L3,sst,0.44,0.4400,0.244175,-0.046258,-0.180808,lower
L3,sst,0.44,0.4400,0.252765,-0.046588,-0.185627,lower
L3,sst,0.44,0.4400,0.261551,-0.046900,-0.190420,lower
L3,sst,0.44,0.4400,0.270530,-0.047194,-0.195243,lower
L3,sst,0.44,0.4400,0.279701,-0.047468,-0.200146,lower
L3,sst,0.44,0.4400,0.289064,-0.047723,-0.205177,lower
L3,sst,0.44,0.4400,0.298615,-0.047957,-0.210373,lower
L3,sst,0.44,0.4400,0.308352,-0.048168,-0.215758,lower
L3,sst,0.44,0.4400,0.318273,-0.048357,-0.221336,lower
L3,sst,0.44,0.4400,0.328374,-0.048520,-0.227095,lower
L3,sst,0.44,0.4400,0.338651,-0.048657,-0.233001,lower
L3,sst,0.44,0.4400,0.349100,-0.048765,-0.238995,lower
L3,sst,0.44,0.4400,0.359716,-0.048843,-0.244992,lower
L3,sst,0.44,0.4400,0.370496,-0.048887,-0.250882,lower
L3,sst,0.44,0.4400,0.381432,-0.048894,-0.256536,lower
L3,sst,0.44,0.4400,0.392519,-0.048863,-0.261803,lower
L3,sst,0.44,0.4400,0.403750,-0.048790,-0.266516,lower
L3,sst,0.44,0.4400,0.415120,-0.048673,-0.270504,lower
L3,sst,0.44,0.4400,0.426620,-0.048509,-0.273602,lower
L3,sst,0.44,0.4400,0.438243,-0.048297,-0.275651,lower
L3,sst,0.44,0.4400,0.449981,-0.048033,-0.276517,lower
L3,sst,0.44,0.4400,0.461826,-0.047717,-0.276108,lower
L3,sst,0.44,0.4400,0.473769,-0.047347,-0.274374,lower
L3,sst,0.44,0.4400,0.485800,-0.046924,-0.271309,lower
L3,sst,0.44,0.4400,0.497911,-0.046447,-0.266957,lower
L3,sst,0.44,0.4400,0.510092,-0.045918,-0.261387,lower
L3,sst,0.44,0.4400,0.522334,-0.045337,-0.254703,lower
L3,sst,0.44,0.4400,0.534626,-0.044707,-0.247051,lower
L3,sst,0.44,0.4400,0.546959,-0.044030,-0.238555,lower
L3,sst,0.44,0.4400,0.559322,-0.043308,-0.229331,lower
L3,sst,0.44,0.4400,0.571705,-0.042545,-0.219487,lower
L3,sst,0.44,0.4400,0.584099,-0.041745,-0.209178,lower
L3,sst,0.44,0.4400,0.596493,-0.040910,-0.198587,lower
L3,sst,0.44,0.4400,0.608876,-0.040043,-0.187945,lower
L3,sst,0.44,0.4400,0.621239,-0.039149,-0.177496,lower
L3,sst,0.44,0.4400,0.633572,-0.038230,-0.167358,lower
L3,sst,0.44,0.4400,0.645864,-0.037290,-0.157642,lower
L3,sst,0.44,0.4400,0.658106,-0.036330,-0.148329,lower
L3,sst,0.44,0.4400,0.670288,-0.035354,-0.139293,lower
L3,sst,0.44,0.4400,0.682401,-0.034364,-0.130438,lower
L3,sst,0.44,0.4400,0.694435,-0.033360,-0.121621,lower
L3,sst,0.44,0.4400,0.706381,-0.032346,-0.112762,lower
L3,sst,0.44,0.4400,0.718230,-0.031322,-0.103855,lower
L3,sst,0.44,0.4400,0.729973,-0.030288,-0.094943,lower
L3,sst,0.44,0.4400,0.741604,-0.029247,-0.086067,lower
L3,sst,0.44,0.4400,0.753112,-0.028199,-0.077260,lower
L3,sst,0.44,0.4400,0.764492,-0.027144,-0.068554,lower
L3,sst,0.44,0.4400,0.775735,-0.026084,-0.059926,lower
L3,sst,0.44,0.4400,0.786835,-0.025019,-0.051368,lower
L3,sst,0.44,0.4400,0.797785,-0.023949,-0.042850,lower
L3,sst,0.44,0.4400,0.808581,-0.022876,-0.034327,lower
L3,sst,0.44,0.4400,0.819215,-0.021800,-0.025700,lower
L3,sst,0.44,0.4400,0.829682,-0.020722,-0.016879,lower
L3,sst,0.44,0.4400,0.839979,-0.019643,-0.007740,lower
L3,sst,0.44,0.4400,0.850101,-0.018564,0.001895,lower
L3,sst,0.44,0.4400,0.860044,-0.017485,0.012089,lower
L3,sst,0.44,0.4400,0.869805,-0.016409,0.022949,lower
L3,sst,0.44,0.4400,0.879380,-0.015336,0.034467,lower
L3,sst,0.44,0.4400,0.888767,-0.014267,0.046570,lower
L3,sst,0.44,0.4400,0.897965,-0.013204,0.059197,lower
L3,sst,0.44,0.4400,0.906971,-0.012147,0.072204,lower
L3,sst,0.44,0.4400,0.915784,-0.011100,0.085501,lower
L3,sst,0.44,0.4400,0.924403,-0.010062,0.099036,lower
L3,sst,0.44,0.4400,0.932828,-0.009037,0.112761,lower
L3,sst,0.44,0.4400,0.941059,-0.008025,0.126658,lower
L3,sst,0.44,0.4400,0.949096,-0.007029,0.140782,lower
L3,sst,0.44,0.4400,0.956938,-0.006050,0.155129,lower
L3,sst,0.44,0.4400,0.964589,-0.005093,0.169788,lower
L3,sst,0.44,0.4400,0.972047,-0.004158,0.184837,lower
L3,sst,0.44,0.4400,0.979316,-0.003249,0.199981,lower
L3,sst,0.44,0.4400,0.986396,-0.002368,0.214941,lower
L3,sst,0.44,0.4400,0.993290,-0.001519,0.227381,lower
L3,sst,0.44,0.4400,1.000000,-0.000705,0.252064,lower
L3,sst,0.65,0.6500,0.000000,0.000000,0.750275,upper
L3,sst,0.65,0.6500,0.000004,0.000389,0.737340,upper
L3,sst,0.65,0.6500,0.000019,0.000793,0.722821,upper
L3,sst,0.65,0.6500,0.000043,0.001214,0.706407,upper
L3,sst,0.65,0.6500,0.000080,0.001650,0.688102,upper
L3,sst,0.65,0.6500,0.000131,0.002104,0.667730,upper
L3,sst,0.65,0.6500,0.000196,0.002574,0.645173,upper
L3,sst,0.65,0.6500,0.000278,0.003062,0.620290,upper
L3,sst,0.65,0.6500,0.000377,0.003566,0.592954,upper
L3,sst,0.65,0.6500,0.000497,0.004088,0.563045,upper
L3,sst,0.65,0.6500,0.000638,0.004627,0.530459,upper
L3,sst,0.65,0.6500,0.000803,0.005183,0.495110,upper
L3,sst,0.65,0.6500,0.000993,0.005755,0.456932,upper
L3,sst,0.65,0.6500,0.001211,0.006343,0.415892,upper
L3,sst,0.65,0.6500,0.001458,0.006948,0.371986,upper
L3,sst,0.65,0.6500,0.001738,0.007567,0.325251,upper
L3,sst,0.65,0.6500,0.002052,0.008200,0.275767,upper
L3,sst,0.65,0.6500,0.002402,0.008847,0.223661,upper
L3,sst,0.65,0.6500,0.002791,0.009505,0.169109,upper
L3,sst,0.65,0.6500,0.003221,0.010175,0.112338,upper
L3,sst,0.65,0.6500,0.003694,0.010854,0.053625,upper
L3,sst,0.65,0.6500,0.004212,0.011542,-0.006709,upper
L3,sst,0.65,0.6500,0.004777,0.012236,-0.068299,upper
L3,sst,0.65,0.6500,0.005392,0.012935,-0.130747,upper
L3,sst,0.65,0.6500,0.006058,0.013638,-0.193633,upper
L3,sst,0.65,0.6500,0.006777,0.014342,-0.256523,upper
L3,sst,0.65,0.6500,0.007551,0.015047,-0.318982,upper
L3,sst,0.65,0.6500,0.008382,0.015751,-0.380584,upper
L3,sst,0.65,0.6500,0.009271,0.016451,-0.440923,upper
L3,sst,0.65,0.6500,0.010219,0.017147,-0.499622,upper
L3,sst,0.65,0.6500,0.011228,0.017838,-0.556341,upper
L3,sst,0.65,0.6500,0.012300,0.018521,-0.610788,upper
L3,sst,0.65,0.6500,0.013436,0.019195,-0.662718,upper
L3,sst,0.65,0.6500,0.014637,0.019860,-0.711936,upper
L3,sst,0.65,0.6500,0.015904,0.020515,-0.758294,upper
L3,sst,0.65,0.6500,0.017239,0.021159,-0.801691,upper
L3,sst,0.65,0.6500,0.018643,0.021791,-0.842080,upper
L3,sst,0.65,0.6500,0.020117,0.022410,-0.879447,upper
L3,sst,0.65,0.6500,0.021664,0.023016,-0.913801,upper
L3,sst,0.65,0.6500,0.023284,0.023610,-0.945185,upper
L3,sst,0.65,0.6500,0.024979,0.024190,-0.973662,upper
L3,sst,0.65,0.6500,0.026750,0.024757,-0.999314,upper
L3,sst,0.65,0.6500,0.028600,0.025311,-1.022235,upper
L3,sst,0.65,0.6500,0.030531,0.025853,-1.042529,upper
L3,sst,0.65,0.6500,0.032543,0.026382,-1.060306,upper
L3,sst,0.65,0.6500,0.034640,0.026899,-1.075677,upper
L3,sst,0.65,0.6500,0.036823,0.027404,-1.088759,upper
L3,sst,0.65,0.6500,0.039094,0.027899,-1.099661,upper
L3,sst,0.65,0.6500,0.041456,0.028383,-1.108492,upper
L3,sst,0.65,0.6500,0.043912,0.028859,-1.115363,upper
L3,sst,0.65,0.6500,0.046463,0.029326,-1.120384,upper
L3,sst,0.65,0.6500,0.049112,0.029785,-1.123666,upper
L3,sst,0.65,0.6500,0.051862,0.030238,-1.125316,upper
L3,sst,0.65,0.6500,0.054716,0.030686,-1.125438,upper
L3,sst,0.65,0.6500,0.057676,0.031129,-1.124134,upper
L3,sst,0.65,0.6500,0.060746,0.031569,-1.121506,upper
L3,sst,0.65,0.6500,0.063928,0.032006,-1.117653,upper
L3,sst,0.65,0.6500,0.067226,0.032442,-1.112679,upper
L3,sst,0.65,0.6500,0.070643,0.032877,-1.106696,upper
L3,sst,0.65,0.6500,0.074181,0.033313,-1.099819,upper
L3,sst,0.65,0.6500,0.077844,0.033751,-1.092164,upper
L3,sst,0.65,0.6500,0.081635,0.034191,-1.083846,upper
L3,sst,0.65,0.6500,0.085558,0.034634,-1.074980,upper
L3,sst,0.65,0.6500,0.089616,0.035080,-1.065677,upper
L3,sst,0.65,0.6500,0.093813,0.035530,-1.056048,upper
L3,sst,0.65,0.6500,0.098151,0.035985,-1.046209,upper
L3,sst,0.65,0.6500,0.102634,0.036444,-1.036263,upper
L3,sst,0.65,0.6500,0.107265,0.036907,-1.026327,upper
L3,sst,0.65,0.6500,0.112049,0.037375,-1.016478,upper
L3,sst,0.65,0.6500,0.116988,0.037847,-1.006768,upper
L3,sst,0.65,0.6500,0.122085,0.038323,-0.997358,upper
L3,sst,0.65,0.6500,0.127344,0.038801,-0.988343,upper
L3,sst,0.65,0.6500,0.132769,0.039282,-0.979794,upper
L3,sst,0.65,0.6500,0.138361,0.039764,-0.971776,upper
L3,sst,0.65,0.6500,0.144125,0.040246,-0.964212,upper
L3,sst,0.65,0.6500,0.150064,0.040726,-0.957174,upper
L3,sst,0.65,0.6500,0.156179,0.041204,-0.950482,upper
L3,sst,0.65,0.6500,0.162474,0.041678,-0.943253,upper
L3,sst,0.65,0.6500,0.168952,0.042147,-0.934346,upper
L3,sst,0.65,0.6500,0.175614,0.042610,-0.921057,upper
L3,sst,0.65,0.6500,0.182464,0.043064,-0.898678,upper
L3,sst,0.65,0.6500,0.189502,0.043509,-0.859831,upper
L3,sst,0.65,0.6500,0.196731,0.043942,-0.801429,upper
L3,sst,0.65,0.6500,0.204152,0.044364,-0.733138,upper
L3,sst,0.65,0.6500,0.211767,0.044773,-0.673844,upper
L3,sst,0.65,0.6500,0.219576,0.045168,-0.636346,upper
L3,sst,0.65,0.6500,0.227580,0.045547,-0.619438,upper
L3,sst,0.65,0.6500,0.235779,0.045911,-0.616006,upper
L3,sst,0.65,0.6500,0.244175,0.046258,-0.619771,upper
L3,sst,0.65,0.6500,0.252765,0.046588,-0.626825,upper
L3,sst,0.65,0.6500,0.261551,0.046900,-0.634735,upper
L3,sst,0.65,0.6500,0.270530,0.047194,-0.642091,upper
L3,sst,0.65,0.6500,0.279701,0.047468,-0.648059,upper
L3,sst,0.65,0.6500,0.289064,0.047723,-0.652932,upper
L3,sst,0.65,0.6500,0.298615,0.047957,-0.657309,upper
L3,sst,0.65,0.6500,0.308352,0.048168,-0.661647,upper
L3,sst,0.65,0.6500,0.318273,0.048357,-0.666502,upper
L3,sst,0.65,0.6500,0.328374,0.048520,-0.671976,upper
L3,sst,0.65,0.6500,0.338651,0.048657,-0.678043,upper
L3,sst,0.65,0.6500,0.349100,0.048765,-0.684655,upper
L3,sst,0.65,0.6500,0.359716,0.048843,-0.691664,upper
L3,sst,0.65,0.6500,0.370496,0.048887,-0.699050,upper
L3,sst,0.65,0.6500,0.381432,0.048894,-0.706740,upper
L3,sst,0.65,0.6500,0.392519,0.048863,-0.714767,upper
L3,sst,0.65,0.6500,0.403750,0.048790,-0.722941,upper
L3,sst,0.65,0.6500,0.415120,0.048673,-0.730681,upper
L3,sst,0.65,0.6500,0.426620,0.048509,-0.736283,upper
L3,sst,0.65,0.6500,0.438243,0.048297,-0.733986,upper
L3,sst,0.65,0.6500,0.449981,0.048033,-0.713288,upper
L3,sst,0.65,0.6500,0.461826,0.047717,-0.648204,upper
L3,sst,0.65,0.6500,0.473769,0.047347,-0.514539,upper
L3,sst,0.65,0.6500,0.485800,0.046924,-0.362592,upper
L3,sst,0.65,0.6500,0.497911,0.046447,-0.258155,upper
L3,sst,0.65,0.6500,0.510092,0.045918,-0.203483,upper
L3,sst,0.65,0.6500,0.522334,0.045337,-0.185979,upper
L3,sst,0.65,0.6500,0.534626,0.044707,-0.190755,upper
L3,sst,0.65,0.6500,0.546959,0.044030,-0.198133,upper
L3,sst,0.65,0.6500,0.559322,0.043308,-0.195823,upper
L3,sst,0.65,0.6500,0.571705,0.042545,-0.181451,upper
L3,sst,0.65,0.6500,0.584099,0.041745,-0.162330,upper
L3,sst,0.65,0.6500,0.596493,0.040910,-0.149409,upper
L3,sst,0.65,0.6500,0.608876,0.040043,-0.148011,upper
L3,sst,0.65,0.6500,0.621239,0.039149,-0.153502,upper
L3,sst,0.65,0.6500,0.633572,0.038230,-0.155321,upper
L3,sst,0.65,0.6500,0.645864,0.037290,-0.143647,upper
L3,sst,0.65,0.6500,0.658106,0.036330,-0.120143,upper
L3,sst,0.65,0.6500,0.670288,0.035354,-0.096455,upper
L3,sst,0.65,0.6500,0.682401,0.034364,-0.082583,upper
L3,sst,0.65,0.6500,0.694435,0.033360,-0.081743,upper
L3,sst,0.65,0.6500,0.706381,0.032346,-0.086286,upper
L3,sst,0.65,0.6500,0.718230,0.031322,-0.084157,upper
L3,sst,0.65,0.6500,0.729973,0.030288,-0.072312,upper
L3,sst,0.65,0.6500,0.741604,0.029247,-0.057110,upper
L3,sst,0.65,0.6500,0.753112,0.028199,-0.044353,upper
L3,sst,0.65,0.6500,0.764492,0.027144,-0.036404,upper
L3,sst,0.65,0.6500,0.775735,0.026084,-0.031191,upper
L3,sst,0.65,0.6500,0.786835,0.025019,-0.023096,upper
L3,sst,0.65,0.6500,0.797785,0.023949,-0.010988,upper
L3,sst,0.65,0.6500,0.808581,0.022876,0.001804,upper
L3,sst,0.65,0.6500,0.819215,0.021800,0.012664,upper
L3,sst,0.65,0.6500,0.829682,0.020722,0.020755,upper
L3,sst,0.65,0.6500,0.839979,0.019643,0.028205,upper
L3,sst,0.65,0.6500,0.850101,0.018564,0.037518,upper
L3,sst,0.65,0.6500,0.860044,0.017485,0.049224,upper
L3,sst,0.65,0.6500,0.869805,0.016409,0.062008,upper
L3,sst,0.65,0.6500,0.879380,0.015336,0.074206,upper
L3,sst,0.65,0.6500,0.888767,0.014267,0.086230,upper
L3,sst,0.65,0.6500,0.897965,0.013204,0.098544,upper
L3,sst,0.65,0.6500,0.906971,0.012147,0.111050,upper
L3,sst,0.65,0.6500,0.915784,0.011100,0.123713,upper
L3,sst,0.65,0.6500,0.924403,0.010062,0.135495,upper
L3,sst,0.65,0.6500,0.932829,0.009037,0.146923,upper
L3,sst,0.65,0.6500,0.941059,0.008025,0.159275,upper
L3,sst,0.65,0.6500,0.949096,0.007029,0.172358,upper
L3,sst,0.65,0.6500,0.956938,0.006050,0.186405,upper
L3,sst,0.65,0.6500,0.964589,0.005093,0.200407,upper
L3,sst,0.65,0.6500,0.972047,0.004158,0.212576,upper
L3,sst,0.65,0.6500,0.979316,0.003249,0.223958,upper
L3,sst,0.65,0.6500,0.986396,0.002368,0.235677,upper
L3,sst,0.65,0.6500,0.993290,0.001519,0.245142,upper
L3,sst,0.65,0.6500,1.000000,0.000705,0.263130,upper
L3,sst,0.65,0.6500,0.000000,0.000000,0.750275,lower
L3,sst,0.65,0.6500,0.000004,-0.000389,0.762375,lower
L3,sst,0.65,0.6500,0.000019,-0.000793,0.773702,lower
L3,sst,0.65,0.6500,0.000043,-0.001214,0.784117,lower
L3,sst,0.65,0.6500,0.000080,-0.001650,0.793600,lower
L3,sst,0.65,0.6500,0.000131,-0.002104,0.801971,lower
L3,sst,0.65,0.6500,0.000196,-0.002574,0.809073,lower
L3,sst,0.65,0.6500,0.000278,-0.003062,0.814730,lower
L3,sst,0.65,0.6500,0.000377,-0.003566,0.818760,lower
L3,sst,0.65,0.6500,0.000497,-0.004088,0.820978,lower
L3,sst,0.65,0.6500,0.000638,-0.004627,0.821197,lower
L3,sst,0.65,0.6500,0.000803,-0.005183,0.819234,lower
L3,sst,0.65,0.6500,0.000993,-0.005755,0.814909,lower
L3,sst,0.65,0.6500,0.001211,-0.006343,0.808054,lower
L3,sst,0.65,0.6500,0.001458,-0.006948,0.798519,lower
L3,sst,0.65,0.6500,0.001738,-0.007567,0.786179,lower
L3,sst,0.65,0.6500,0.002052,-0.008200,0.770939,lower
L3,sst,0.65,0.6500,0.002402,-0.008847,0.752741,lower
L3,sst,0.65,0.6500,0.002791,-0.009505,0.731573,lower
L3,sst,0.65,0.6500,0.003221,-0.010175,0.707470,lower
L3,sst,0.65,0.6500,0.003694,-0.010854,0.680524,lower
L3,sst,0.65,0.6500,0.004212,-0.011542,0.650882,lower
L3,sst,0.65,0.6500,0.004777,-0.012236,0.618749,lower
L3,sst,0.65,0.6500,0.005392,-0.012935,0.584387,lower
L3,sst,0.65,0.6500,0.006058,-0.013638,0.548107,lower
L3,sst,0.65,0.6500,0.006777,-0.014342,0.510269,lower
L3,sst,0.65,0.6500,0.007551,-0.015047,0.471267,lower
L3,sst,0.65,0.6500,0.008382,-0.015751,0.431523,lower
L3,sst,0.65,0.6500,0.009271,-0.016451,0.391472,lower
L3,sst,0.65,0.6500,0.010219,-0.017147,0.351552,lower
L3,sst,0.65,0.6500,0.011228,-0.017838,0.312192,lower
L3,sst,0.65,0.6500,0.012300,-0.018521,0.273797,lower
L3,sst,0.65,0.6500,0.013436,-0.019195,0.236745,lower
L3,sst,0.65,0.6500,0.014637,-0.019860,0.201370,lower
L3,sst,0.65,0.6500,0.015904,-0.020515,0.167963,lower
L3,sst,0.65,0.6500,0.017239,-0.021159,0.136760,lower
L3,sst,0.65,0.6500,0.018643,-0.021791,0.107944,lower
L3,sst,0.65,0.6500,0.020117,-0.022410,0.081644,lower
L3,sst,0.65,0.6500,0.021664,-0.023016,0.057935,lower
L3,sst,0.65,0.6500,0.023284,-0.023610,0.036837,lower
L3,sst,0.65,0.6500,0.024979,-0.024190,0.018325,lower
L3,sst,0.65,0.6500,0.026750,-0.024757,0.002326,lower
L3,sst,0.65,0.6500,0.028600,-0.025311,-0.011269,lower
L3,sst,0.65,0.6500,0.030531,-0.025853,-0.022607,lower
L3,sst,0.65,0.6500,0.032543,-0.026382,-0.031857,lower
L3,sst,0.65,0.6500,0.034640,-0.026899,-0.039209,lower
L3,sst,0.65,0.6500,0.036823,-0.027404,-0.044865,lower
L3,sst,0.65,0.6500,0.039094,-0.027899,-0.049037,lower
L3,sst,0.65,0.6500,0.041456,-0.028383,-0.051935,lower
L3,sst,0.65,0.6500,0.043912,-0.028859,-0.053768,lower
L3,sst,0.65,0.6500,0.046463,-0.029326,-0.054737,lower
L3,sst,0.65,0.6500,0.049112,-0.029785,-0.055032,lower
L3,sst,0.65,0.6500,0.051862,-0.030238,-0.054835,lower
L3,sst,0.65,0.6500,0.054716,-0.030686,-0.054307,lower
L3,sst,0.65,0.6500,0.057676,-0.031129,-0.053594,lower
L3,sst,0.65,0.6500,0.060746,-0.031569,-0.052830,lower
L3,sst,0.65,0.6500,0.063928,-0.032006,-0.052132,lower
L3,sst,0.65,0.6500,0.067226,-0.032442,-0.051605,lower
L3,sst,0.65,0.6500,0.070643,-0.032877,-0.051338,lower
L3,sst,0.65,0.6500,0.074181,-0.033313,-0.051407,lower
L3,sst,0.65,0.6500,0.077844,-0.033751,-0.051875,lower
L3,sst,0.65,0.6500,0.081635,-0.034191,-0.052792,lower
L3,sst,0.65,0.6500,0.085558,-0.034634,-0.054199,lower
L3,sst,0.65,0.6500,0.089616,-0.035080,-0.056121,lower
L3,sst,0.65,0.6500,0.093813,-0.035530,-0.058579,lower
L3,sst,0.65,0.6500,0.098151,-0.035985,-0.061576,lower
L3,sst,0.65,0.6500,0.102634,-0.036444,-0.065110,lower
L3,sst,0.65,0.6500,0.107265,-0.036907,-0.069168,lower
L3,sst,0.65,0.6500,0.112049,-0.037375,-0.073729,lower
L3,sst,0.65,0.6500,0.116988,-0.037847,-0.078762,lower
L3,sst,0.65,0.6500,0.122085,-0.038323,-0.084227,lower
L3,sst,0.65,0.6500,0.127344,-0.038801,-0.090080,lower
L3,sst,0.65,0.6500,0.132769,-0.039282,-0.096267,lower
L3,sst,0.65,0.6500,0.138361,-0.039764,-0.102732,lower
L3,sst,0.65,0.6500,0.144125,-0.040246,-0.109411,lower
L3,sst,0.65,0.6500,0.150064,-0.040726,-0.116240,lower
L3,sst,0.65,0.6500,0.156179,-0.041204,-0.123152,lower
L3,sst,0.65,0.6500,0.162474,-0.041678,-0.130082,lower
L3,sst,0.65,0.6500,0.168952,-0.042147,-0.136968,lower
L3,sst,0.65,0.6500,0.175614,-0.042610,-0.143752,lower
L3,sst,0.65,0.6500,0.182464,-0.043064,-0.150384,lower
L3,sst,0.65,0.6500,0.189502,-0.043509,-0.156821,lower
L3,sst,0.65,0.6500,0.196731,-0.043942,-0.163031,lower
L3,sst,0.65,0.6500,0.204152,-0.044364,-0.168997,lower
L3,sst,0.65,0.6500,0.211767,-0.044773,-0.174711,lower
L3,sst,0.65,0.6500,0.219576,-0.045168,-0.180180,lower
L3,sst,0.65,0.6500,0.227580,-0.045547,-0.185424,lower
L3,sst,0.65,0.6500,0.235779,-0.045911,-0.190475,lower
L3,sst,0.65,0.6500,0.244175,-0.046258,-0.195373,lower
L3,sst,0.65,0.6500,0.252765,-0.046588,-0.200166,lower
L3,sst,0.65,0.6500,0.261551,-0.046900,-0.204910,lower
L3,sst,0.65,0.6500,0.270530,-0.047194,-0.209659,lower
L3,sst,0.65,0.6500,0.279701,-0.047468,-0.214464,lower
L3,sst,0.65,0.6500,0.289064,-0.047723,-0.219374,lower
L3,sst,0.65,0.6500,0.298615,-0.047957,-0.224424,lower
L3,sst,0.65,0.6500,0.308352,-0.048168,-0.229638,lower
L3,sst,0.65,0.6500,0.318273,-0.048357,-0.235019,lower
L3,sst,0.65,0.6500,0.328374,-0.048520,-0.240555,lower
L3,sst,0.65,0.6500,0.338651,-0.048657,-0.246210,lower
L3,sst,0.65,0.6500,0.349100,-0.048765,-0.251923,lower
L3,sst,0.65,0.6500,0.359716,-0.048843,-0.257604,lower
L3,sst,0.65,0.6500,0.370496,-0.048887,-0.263145,lower
L3,sst,0.65,0.6500,0.381432,-0.048894,-0.268414,lower
L3,sst,0.65,0.6500,0.392519,-0.048863,-0.273253,lower
L3,sst,0.65,0.6500,0.403750,-0.048790,-0.277497,lower
L3,sst,0.65,0.6500,0.415120,-0.048673,-0.280966,lower
L3,sst,0.65,0.6500,0.426620,-0.048509,-0.283492,lower
L3,sst,0.65,0.6500,0.438243,-0.048297,-0.284910,lower
L3,sst,0.65,0.6500,0.449981,-0.048033,-0.285078,lower
L3,sst,0.65,0.6500,0.461826,-0.047717,-0.283850,lower
L3,sst,0.65,0.6500,0.473769,-0.047347,-0.281132,lower
L3,sst,0.65,0.6500,0.485800,-0.046924,-0.276943,lower
L3,sst,0.65,0.6500,0.497911,-0.046447,-0.271286,lower
L3,sst,0.65,0.6500,0.510092,-0.045918,-0.264228,lower
L3,sst,0.65,0.6500,0.522334,-0.045337,-0.255915,lower
L3,sst,0.65,0.6500,0.534626,-0.044707,-0.246570,lower
L3,sst,0.65,0.6500,0.546959,-0.044030,-0.236356,lower
L3,sst,0.65,0.6500,0.559322,-0.043308,-0.225512,lower
L3,sst,0.65,0.6500,0.571705,-0.042545,-0.214278,lower
L3,sst,0.65,0.6500,0.584099,-0.041745,-0.202632,lower
L3,sst,0.65,0.6500,0.596493,-0.040910,-0.190970,lower
L3,sst,0.65,0.6500,0.608876,-0.040043,-0.179626,lower
L3,sst,0.65,0.6500,0.621239,-0.039149,-0.168800,lower
L3,sst,0.65,0.6500,0.633572,-0.038230,-0.158799,lower
L3,sst,0.65,0.6500,0.645864,-0.037290,-0.149421,lower
L3,sst,0.65,0.6500,0.658106,-0.036330,-0.140329,lower
L3,sst,0.65,0.6500,0.670288,-0.035354,-0.131129,lower
L3,sst,0.65,0.6500,0.682401,-0.034364,-0.121789,lower
L3,sst,0.65,0.6500,0.694435,-0.033360,-0.112326,lower
L3,sst,0.65,0.6500,0.706381,-0.032346,-0.102914,lower
L3,sst,0.65,0.6500,0.718230,-0.031322,-0.094020,lower
L3,sst,0.65,0.6500,0.729973,-0.030288,-0.085368,lower
L3,sst,0.65,0.6500,0.741604,-0.029247,-0.077026,lower
L3,sst,0.65,0.6500,0.753112,-0.028199,-0.068898,lower
L3,sst,0.65,0.6500,0.764492,-0.027144,-0.060509,lower
L3,sst,0.65,0.6500,0.775735,-0.026084,-0.052027,lower
L3,sst,0.65,0.6500,0.786835,-0.025019,-0.043312,lower
L3,sst,0.65,0.6500,0.797785,-0.023949,-0.034405,lower
L3,sst,0.65,0.6500,0.808581,-0.022876,-0.025538,lower
L3,sst,0.65,0.6500,0.819215,-0.021800,-0.016632,lower
L3,sst,0.65,0.6500,0.829682,-0.020722,-0.007712,lower
L3,sst,0.65,0.6500,0.839979,-0.019643,0.001364,lower
L3,sst,0.65,0.6500,0.850101,-0.018564,0.010747,lower
L3,sst,0.65,0.6500,0.860044,-0.017485,0.020620,lower
L3,sst,0.65,0.6500,0.869805,-0.016409,0.031142,lower
L3,sst,0.65,0.6500,0.879380,-0.015336,0.042331,lower
L3,sst,0.65,0.6500,0.888767,-0.014267,0.054228,lower
L3,sst,0.65,0.6500,0.897965,-0.013204,0.066709,lower
L3,sst,0.65,0.6500,0.906971,-0.012147,0.079681,lower
L3,sst,0.65,0.6500,0.915784,-0.011100,0.092962,lower
L3,sst,0.65,0.6500,0.924403,-0.010062,0.106438,lower
L3,sst,0.65,0.6500,0.932829,-0.009037,0.120036,lower
L3,sst,0.65,0.6500,0.941059,-0.008025,0.133597,lower
L3,sst,0.65,0.6500,0.949096,-0.007029,0.147335,lower
L3,sst,0.65,0.6500,0.956938,-0.006050,0.161296,lower
L3,sst,0.65,0.6500,0.964589,-0.005093,0.175693,lower
L3,sst,0.65,0.6500,0.972047,-0.004158,0.190856,lower
L3,sst,0.65,0.6500,0.979316,-0.003249,0.206200,lower
L3,sst,0.65,0.6500,0.986396,-0.002368,0.221283,lower
L3,sst,0.65,0.6500,0.993290,-0.001519,0.233609,lower
L3,sst,0.65,0.6500,1.000000,-0.000705,0.257702,lower
L3,sst,0.80,0.8000,-0.000000,0.000000,0.738369,upper
L3,sst,0.80,0.8000,0.000004,0.000389,0.725192,upper
L3,sst,0.80,0.8000,0.000019,0.000793,0.710424,upper
L3,sst,0.80,0.8000,0.000043,0.001214,0.693755,upper
L3,sst,0.80,0.8000,0.000080,0.001650,0.675187,upper
L3,sst,0.80,0.8000,0.000131,0.002104,0.654546,upper
L3,sst,0.80,0.8000,0.000196,0.002574,0.631716,upper
L3,sst,0.80,0.8000,0.000278,0.003062,0.606554,upper
L3,sst,0.80,0.8000,0.000377,0.003566,0.578937,upper
L3,sst,0.80,0.8000,0.000497,0.004088,0.548746,upper
L3,sst,0.80,0.8000,0.000638,0.004627,0.515877,upper
L3,sst,0.80,0.8000,0.000803,0.005183,0.480245,upper
L3,sst,0.80,0.8000,0.000993,0.005755,0.441788,upper
L3,sst,0.80,0.8000,0.001211,0.006343,0.400472,upper
L3,sst,0.80,0.8000,0.001458,0.006948,0.356298,upper
L3,sst,0.80,0.8000,0.001738,0.007567,0.309306,upper
L3,sst,0.80,0.8000,0.002052,0.008200,0.259578,upper
L3,sst,0.80,0.8000,0.002402,0.008847,0.207242,upper
L3,sst,0.80,0.8000,0.002791,0.009505,0.152478,upper
L3,sst,0.80,0.8000,0.003221,0.010175,0.095513,upper
L3,sst,0.80,0.8000,0.003694,0.010854,0.036627,upper
L3,sst,0.80,0.8000,0.004212,0.011542,-0.023858,upper
L3,sst,0.80,0.8000,0.004777,0.012236,-0.085575,upper
L3,sst,0.80,0.8000,0.005392,0.012935,-0.148127,upper
L3,sst,0.80,0.8000,0.006058,0.013638,-0.211092,upper
L3,sst,0.80,0.8000,0.006777,0.014342,-0.274038,upper
L3,sst,0.80,0.8000,0.007551,0.015047,-0.336530,upper
L3,sst,0.80,0.8000,0.008382,0.015751,-0.398145,upper
L3,sst,0.80,0.8000,0.009271,0.016451,-0.458477,upper
L3,sst,0.80,0.8000,0.010219,0.017147,-0.517154,upper
L3,sst,0.80,0.8000,0.011228,0.017838,-0.573841,upper
L3,sst,0.80,0.8000,0.012300,0.018521,-0.628250,upper
L3,sst,0.80,0.8000,0.013436,0.019195,-0.680136,upper
L3,sst,0.80,0.8000,0.014637,0.019860,-0.729309,upper
L3,sst,0.80,0.8000,0.015904,0.020515,-0.775631,upper
L3,sst,0.80,0.8000,0.017239,0.021159,-0.819002,upper
L3,sst,0.80,0.8000,0.018643,0.021791,-0.859367,upper
L3,sst,0.80,0.8000,0.020117,0.022410,-0.896713,upper
L3,sst,0.80,0.8000,0.021664,0.023016,-0.931059,upper
L3,sst,0.80,0.8000,0.023284,0.023610,-0.962448,upper
L3,sst,0.80,0.8000,0.024979,0.024190,-0.990948,upper
L3,sst,0.80,0.8000,0.026750,0.024757,-1.016647,upper
L3,sst,0.80,0.8000,0.028600,0.025311,-1.039646,upper
L3,sst,0.80,0.8000,0.030531,0.025853,-1.060044,upper
L3,sst,0.80,0.8000,0.032543,0.026382,-1.077951,upper
L3,sst,0.80,0.8000,0.034640,0.026899,-1.093479,upper
L3,sst,0.80,0.8000,0.036823,0.027404,-1.106742,upper
L3,sst,0.80,0.8000,0.039094,0.027899,-1.117853,upper
L3,sst,0.80,0.8000,0.041456,0.028383,-1.126925,upper
L3,sst,0.80,0.8000,0.043912,0.028859,-1.134071,upper
L3,sst,0.80,0.8000,0.046463,0.029326,-1.139402,upper
L3,sst,0.80,0.8000,0.049112,0.029785,-1.143031,upper
L3,sst,0.80,0.8000,0.051862,0.030238,-1.145067,upper
L3,sst,0.80,0.8000,0.054716,0.030686,-1.145614,upper
L3,sst,0.80,0.8000,0.057676,0.031129,-1.144775,upper
L3,sst,0.80,0.8000,0.060746,0.031569,-1.142653,upper
L3,sst,0.80,0.8000,0.063928,0.032006,-1.139349,upper
L3,sst,0.80,0.8000,0.067226,0.032442,-1.134967,upper
L3,sst,0.80,0.8000,0.070642,0.032877,-1.129614,upper
L3,sst,0.80,0.8000,0.074181,0.033313,-1.123404,upper
L3,sst,0.80,0.8000,0.077844,0.033751,-1.116459,upper
L3,sst,0.80,0.8000,0.081635,0.034191,-1.108897,upper
L3,sst,0.80,0.8000,0.085558,0.034634,-1.100839,upper
L3,sst,0.80,0.8000,0.089616,0.035080,-1.092405,upper
L3,sst,0.80,0.8000,0.093813,0.035530,-1.083707,upper
L3,sst,0.80,0.8000,0.098151,0.035985,-1.074860,upper
L3,sst,0.80,0.8000,0.102634,0.036444,-1.065968,upper
L3,sst,0.80,0.8000,0.107265,0.036907,-1.057128,upper
L3,sst,0.80,0.8000,0.112049,0.037375,-1.048438,upper
L3,sst,0.80,0.8000,0.116988,0.037847,-1.039988,upper
L3,sst,0.80,0.8000,0.122085,0.038323,-1.031866,upper
L3,sst,0.80,0.8000,0.127344,0.038801,-1.024154,upper
L3,sst,0.80,0.8000,0.132769,0.039282,-1.016908,upper
L3,sst,0.80,0.8000,0.138361,0.039764,-1.010177,upper
L3,sst,0.80,0.8000,0.144125,0.040246,-1.003979,upper
L3,sst,0.80,0.8000,0.150064,0.040726,-0.998302,upper
L3,sst,0.80,0.8000,0.156179,0.041204,-0.993159,upper
L3,sst,0.80,0.8000,0.162474,0.041678,-0.988506,upper
L3,sst,0.80,0.8000,0.168952,0.042147,-0.984318,upper
L3,sst,0.80,0.8000,0.175614,0.042610,-0.980569,upper
L3,sst,0.80,0.8000,0.182464,0.043064,-0.977172,upper
L3,sst,0.80,0.8000,0.189502,0.043509,-0.974068,upper
L3,sst,0.80,0.8000,0.196731,0.043942,-0.971208,upper
L3,sst,0.80,0.8000,0.204152,0.044364,-0.968545,upper
L3,sst,0.80,0.8000,0.211767,0.044773,-0.965990,upper
L3,sst,0.80,0.8000,0.219576,0.045168,-0.963483,upper
L3,sst,0.80,0.8000,0.227580,0.045547,-0.961024,upper
L3,sst,0.80,0.8000,0.235780,0.045911,-0.958516,upper
L3,sst,0.80,0.8000,0.244175,0.046258,-0.955178,upper
L3,sst,0.80,0.8000,0.252765,0.046588,-0.948861,upper
L3,sst,0.80,0.8000,0.261551,0.046900,-0.936354,upper
L3,sst,0.80,0.8000,0.270530,0.047194,-0.910484,upper
L3,sst,0.80,0.8000,0.279701,0.047468,-0.861729,upper
L3,sst,0.80,0.8000,0.289064,0.047723,-0.794901,upper
L3,sst,0.80,0.8000,0.298615,0.047957,-0.731558,upper
L3,sst,0.80,0.8000,0.308352,0.048168,-0.689478,upper
L3,sst,0.80,0.8000,0.318273,0.048357,-0.670262,upper
L3,sst,0.80,0.8000,0.328374,0.048520,-0.663434,upper
L3,sst,0.80,0.8000,0.338651,0.048657,-0.657267,upper
L3,sst,0.80,0.8000,0.349100,0.048765,-0.635673,upper
L3,sst,0.80,0.8000,0.359716,0.048843,-0.578479,upper
L3,sst,0.80,0.8000,0.370496,0.048887,-0.480446,upper
L3,sst,0.80,0.8000,0.381432,0.048894,-0.370271,upper
L3,sst,0.80,0.8000,0.392519,0.048863,-0.287799,upper
L3,sst,0.80,0.8000,0.403751,0.048790,-0.238712,upper
L3,sst,0.80,0.8000,0.415120,0.048673,-0.210527,upper
L3,sst,0.80,0.8000,0.426620,0.048509,-0.197961,upper
L3,sst,0.80,0.8000,0.438243,0.048296,-0.198298,upper
L3,sst,0.80,0.8000,0.449982,0.048033,-0.209616,upper
L3,sst,0.80,0.8000,0.461826,0.047717,-0.224236,upper
L3,sst,0.80,0.8000,0.473769,0.047347,-0.230377,upper
L3,sst,0.80,0.8000,0.485800,0.046924,-0.223594,upper
L3,sst,0.80,0.8000,0.497911,0.046447,-0.208711,upper
L3,sst,0.80,0.8000,0.510092,0.045918,-0.195153,upper
L3,sst,0.80,0.8000,0.522334,0.045337,-0.189636,upper
L3,sst,0.80,0.8000,0.534626,0.044707,-0.191880,upper
L3,sst,0.80,0.8000,0.546959,0.044030,-0.198089,upper
L3,sst,0.80,0.8000,0.559322,0.043308,-0.202246,upper
L3,sst,0.80,0.8000,0.571705,0.042545,-0.197190,upper
L3,sst,0.80,0.8000,0.584099,0.041745,-0.180390,upper
L3,sst,0.80,0.8000,0.596493,0.040910,-0.154410,upper
L3,sst,0.80,0.8000,0.608876,0.040043,-0.129521,upper
L3,sst,0.80,0.8000,0.621239,0.039149,-0.117461,upper
L3,sst,0.80,0.8000,0.633572,0.038230,-0.118835,upper
L3,sst,0.80,0.8000,0.645864,0.037290,-0.124572,upper
L3,sst,0.80,0.8000,0.658106,0.036330,-0.123575,upper
L3,sst,0.80,0.8000,0.670288,0.035354,-0.112176,upper
L3,sst,0.80,0.8000,0.682401,0.034364,-0.095157,upper
L3,sst,0.80,0.8000,0.694435,0.033360,-0.083221,upper
L3,sst,0.80,0.8000,0.706381,0.032346,-0.081405,upper
L3,sst,0.80,0.8000,0.718230,0.031322,-0.080612,upper
L3,sst,0.80,0.8000,0.729973,0.030288,-0.073450,upper
L3,sst,0.80,0.8000,0.741604,0.029247,-0.055670,upper
L3,sst,0.80,0.8000,0.753112,0.028199,-0.030643,upper
L3,sst,0.80,0.8000,0.764492,0.027144,-0.013189,upper
L3,sst,0.80,0.8000,0.775735,0.026084,-0.007656,upper
L3,sst,0.80,0.8000,0.786835,0.025019,-0.011690,upper
L3,sst,0.80,0.8000,0.797785,0.023949,-0.018352,upper
L3,sst,0.80,0.8000,0.808581,0.022876,-0.015363,upper
L3,sst,0.80,0.8000,0.819215,0.021800,-0.001655,upper
L3,sst,0.80,0.8000,0.829682,0.020722,0.017980,upper
L3,sst,0.80,0.8000,0.839979,0.019643,0.036433,upper
L3,sst,0.80,0.8000,0.850101,0.018564,0.048790,upper
L3,sst,0.80,0.8000,0.860044,0.017485,0.057343,upper
L3,sst,0.80,0.8000,0.869805,0.016409,0.062437,upper
L3,sst,0.80,0.8000,0.879380,0.015336,0.068954,upper
L3,sst,0.80,0.8000,0.888768,0.014267,0.080444,upper
L3,sst,0.80,0.8000,0.897965,0.013204,0.092993,upper
L3,sst,0.80,0.8000,0.906971,0.012147,0.108571,upper
L3,sst,0.80,0.8000,0.915784,0.011100,0.124731,upper
L3,sst,0.80,0.8000,0.924403,0.010062,0.135139,upper
L3,sst,0.80,0.8000,0.932829,0.009037,0.144493,upper
L3,sst,0.80,0.8000,0.941059,0.008025,0.154875,upper
L3,sst,0.80,0.8000,0.949096,0.007029,0.165307,upper
L3,sst,0.80,0.8000,0.956938,0.006050,0.180195,upper
L3,sst,0.80,0.8000,0.964588,0.005093,0.196800,upper
L3,sst,0.80,0.8000,0.972047,0.004158,0.209820,upper
L3,sst,0.80,0.8000,0.979316,0.003249,0.221751,upper
L3,sst,0.80,0.8000,0.986396,0.002368,0.233855,upper
L3,sst,0.80,0.8000,0.993290,0.001519,0.242911,upper
L3,sst,0.80,0.8000,1.000000,0.000705,0.262004,upper
L3,sst,0.80,0.8000,-0.000000,0.000000,0.738369,lower
L3,sst,0.80,0.8000,0.000004,-0.000389,0.750713,lower
L3,sst,0.80,0.8000,0.000019,-0.000793,0.762293,lower
L3,sst,0.80,0.8000,0.000043,-0.001214,0.772972,lower
L3,sst,0.80,0.8000,0.000080,-0.001650,0.782731,lower
L3,sst,0.80,0.8000,0.000131,-0.002104,0.791386,lower
L3,sst,0.80,0.8000,0.000196,-0.002574,0.798785,lower
L3,sst,0.80,0.8000,0.000278,-0.003062,0.804747,lower
L3,sst,0.80,0.8000,0.000377,-0.003566,0.809091,lower
L3,sst,0.80,0.8000,0.000497,-0.004088,0.811631,lower
L3,sst,0.80,0.8000,0.000638,-0.004627,0.812180,lower
L3,sst,0.80,0.8000,0.000803,-0.005183,0.810551,lower
L3,sst,0.80,0.8000,0.000993,-0.005755,0.806564,lower
L3,sst,0.80,0.8000,0.001211,-0.006343,0.800048,lower
L3,sst,0.80,0.8000,0.001458,-0.006948,0.790853,lower
L3,sst,0.80,0.8000,0.001738,-0.007567,0.778849,lower
L3,sst,0.80,0.8000,0.002052,-0.008200,0.763939,lower
L3,sst,0.80,0.8000,0.002402,-0.008847,0.746063,lower
L3,sst,0.80,0.8000,0.002791,-0.009505,0.725205,lower
L3,sst,0.80,0.8000,0.003221,-0.010175,0.701397,lower
L3,sst,0.80,0.8000,0.003694,-0.010854,0.674727,lower
L3,sst,0.80,0.8000,0.004212,-0.011542,0.645340,lower
L3,sst,0.80,0.8000,0.004777,-0.012236,0.613437,lower
L3,sst,0.80,0.8000,0.005392,-0.012935,0.579277,lower
L3,sst,0.80,0.8000,0.006058,-0.013638,0.543168,lower
L3,sst,0.80,0.8000,0.006777,-0.014342,0.505467,lower
L3,sst,0.80,0.8000,0.007551,-0.015047,0.466566,lower
L3,sst,0.80,0.8000,0.008382,-0.015751,0.426884,lower
L3,sst,0.80,0.8000,0.009271,-0.016451,0.386856,lower
L3,sst,0.80,0.8000,0.010219,-0.017147,0.346919,lower
L3,sst,0.80,0.8000,0.011228,-0.017838,0.307500,lower
L3,sst,0.80,0.8000,0.012300,-0.018521,0.269008,lower
L3,sst,0.80,0.8000,0.013436,-0.019195,0.231817,lower
L3,sst,0.80,0.8000,0.014637,-0.019860,0.196265,lower
L3,sst,0.80,0.8000,0.015904,-0.020515,0.162642,lower
L3,sst,0.80,0.8000,0.017239,-0.021159,0.131186,lower
L3,sst,0.80,0.8000,0.018643,-0.021791,0.102082,lower
L3,sst,0.80,0.8000,0.020117,-0.022410,0.075462,lower
L3,sst,0.80,0.8000,0.021664,-0.023016,0.051404,lower
L3,sst,0.80,0.8000,0.023284,-0.023610,0.029933,lower
L3,sst,0.80,0.8000,0.024979,-0.024190,0.011027,lower
L3,sst,0.80,0.8000,0.026750,-0.024757,-0.005381,lower
L3,sst,0.80,0.8000,0.028600,-0.025311,-0.019400,lower
L3,sst,0.80,0.8000,0.030531,-0.025853,-0.031167,lower
L3,sst,0.80,0.8000,0.032543,-0.026382,-0.040852,lower
L3,sst,0.80,0.8000,0.034640,-0.026899,-0.048639,lower
L3,sst,0.80,0.8000,0.036823,-0.027404,-0.054730,lower
L3,sst,0.80,0.8000,0.039094,-0.027899,-0.059333,lower
L3,sst,0.80,0.8000,0.041456,-0.028383,-0.062659,lower
L3,sst,0.80,0.8000,0.043912,-0.028859,-0.064913,lower
L3,sst,0.80,0.8000,0.046463,-0.029326,-0.066295,lower
L3,sst,0.80,0.8000,0.049112,-0.029785,-0.066994,lower
L3,sst,0.80,0.8000,0.051862,-0.030238,-0.067191,lower
L3,sst,0.80,0.8000,0.054716,-0.030686,-0.067051,lower
L3,sst,0.80,0.8000,0.057676,-0.031129,-0.066721,lower
L3,sst,0.80,0.8000,0.060746,-0.031569,-0.066336,lower
L3,sst,0.80,0.8000,0.063928,-0.032006,-0.066013,lower
L3,sst,0.80,0.8000,0.067226,-0.032442,-0.065857,lower
L3,sst,0.80,0.8000,0.070642,-0.032877,-0.065959,lower
L3,sst,0.80,0.8000,0.074181,-0.033313,-0.066397,lower
L3,sst,0.80,0.8000,0.077844,-0.033751,-0.067236,lower
L3,sst,0.80,0.8000,0.081635,-0.034191,-0.068526,lower
L3,sst,0.80,0.8000,0.085558,-0.034634,-0.070311,lower
L3,sst,0.80,0.8000,0.089616,-0.035080,-0.072617,lower
L3,sst,0.80,0.8000,0.093813,-0.035530,-0.075466,lower
L3,sst,0.80,0.8000,0.098151,-0.035985,-0.078865,lower
L3,sst,0.80,0.8000,0.102634,-0.036444,-0.082810,lower
L3,sst,0.80,0.8000,0.107265,-0.036907,-0.087292,lower
L3,sst,0.80,0.8000,0.112049,-0.037375,-0.092290,lower
L3,sst,0.80,0.8000,0.116988,-0.037847,-0.097773,lower
L3,sst,0.80,0.8000,0.122085,-0.038323,-0.103706,lower
L3,sst,0.80,0.8000,0.127344,-0.038801,-0.110041,lower
L3,sst,0.80,0.8000,0.132769,-0.039282,-0.116728,lower
L3,sst,0.80,0.8000,0.138361,-0.039764,-0.123709,lower
L3,sst,0.80,0.8000,0.144125,-0.040246,-0.130922,lower
L3,sst,0.80,0.8000,0.150064,-0.040726,-0.138302,lower
L3,sst,0.80,0.8000,0.156179,-0.041204,-0.145782,lower
L3,sst,0.80,0.8000,0.162474,-0.041678,-0.153296,lower
L3,sst,0.80,0.8000,0.168952,-0.042147,-0.160780,lower
L3,sst,0.80,0.8000,0.175614,-0.042610,-0.168175,lower
L3,sst,0.80,0.8000,0.182464,-0.043064,-0.175428,lower
L3,sst,0.80,0.8000,0.189502,-0.043509,-0.182493,lower
L3,sst,0.80,0.8000,0.196731,-0.043942,-0.189336,lower
L3,sst,0.80,0.8000,0.204152,-0.044364,-0.195935,lower
L3,sst,0.80,0.8000,0.211767,-0.044773,-0.202277,lower
L3,sst,0.80,0.8000,0.219576,-0.045168,-0.208364,lower
L3,sst,0.80,0.8000,0.227580,-0.045547,-0.214211,lower
L3,sst,0.80,0.8000,0.235780,-0.045911,-0.219840,lower
L3,sst,0.80,0.8000,0.244175,-0.046258,-0.225284,lower
L3,sst,0.80,0.8000,0.252765,-0.046588,-0.230583,lower
L3,sst,0.80,0.8000,0.261551,-0.046900,-0.235779,lower
L3,sst,0.80,0.8000,0.270530,-0.047194,-0.240913,lower
L3,sst,0.80,0.8000,0.279701,-0.047468,-0.246021,lower
L3,sst,0.80,0.8000,0.289064,-0.047723,-0.251134,lower
L3,sst,0.80,0.8000,0.298615,-0.047957,-0.256268,lower
L3,sst,0.80,0.8000,0.308352,-0.048168,-0.261421,lower
L3,sst,0.80,0.8000,0.318273,-0.048357,-0.266570,lower
L3,sst,0.80,0.8000,0.328374,-0.048520,-0.271674,lower
L3,sst,0.80,0.8000,0.338651,-0.048657,-0.276669,lower
L3,sst,0.80,0.8000,0.349100,-0.048765,-0.281457,lower
L3,sst,0.80,0.8000,0.359716,-0.048843,-0.285928,lower
L3,sst,0.80,0.8000,0.370496,-0.048887,-0.289947,lower
L3,sst,0.80,0.8000,0.381432,-0.048894,-0.293363,lower
L3,sst,0.80,0.8000,0.392519,-0.048863,-0.296013,lower
L3,sst,0.80,0.8000,0.403751,-0.048790,-0.297750,lower
L3,sst,0.80,0.8000,0.415120,-0.048673,-0.298366,lower
L3,sst,0.80,0.8000,0.426620,-0.048509,-0.297686,lower
L3,sst,0.80,0.8000,0.438243,-0.048296,-0.295643,lower
L3,sst,0.80,0.8000,0.449982,-0.048033,-0.292083,lower
L3,sst,0.80,0.8000,0.461826,-0.047717,-0.286841,lower
L3,sst,0.80,0.8000,0.473769,-0.047347,-0.279828,lower
L3,sst,0.80,0.8000,0.485800,-0.046924,-0.271151,lower
L3,sst,0.80,0.8000,0.497911,-0.046447,-0.260793,lower
L3,sst,0.80,0.8000,0.510092,-0.045918,-0.249356,lower
L3,sst,0.80,0.8000,0.522334,-0.045337,-0.237665,lower
L3,sst,0.80,0.8000,0.534626,-0.044707,-0.226016,lower
L3,sst,0.80,0.8000,0.546959,-0.044030,-0.215547,lower
L3,sst,0.80,0.8000,0.559322,-0.043308,-0.206397,lower
L3,sst,0.80,0.8000,0.571705,-0.042545,-0.198214,lower
L3,sst,0.80,0.8000,0.584099,-0.041745,-0.190536,lower
L3,sst,0.80,0.8000,0.596493,-0.040910,-0.181954,lower
L3,sst,0.80,0.8000,0.608876,-0.040043,-0.171603,lower
L3,sst,0.80,0.8000,0.621239,-0.039149,-0.158750,lower
L3,sst,0.80,0.8000,0.633572,-0.038230,-0.144610,lower
L3,sst,0.80,0.8000,0.645864,-0.037290,-0.130194,lower
L3,sst,0.80,0.8000,0.658106,-0.036330,-0.117072,lower
L3,sst,0.80,0.8000,0.670288,-0.035354,-0.107655,lower
L3,sst,0.80,0.8000,0.682401,-0.034364,-0.100727,lower
L3,sst,0.80,0.8000,0.694435,-0.033360,-0.096444,lower
L3,sst,0.80,0.8000,0.706381,-0.032346,-0.093194,lower
L3,sst,0.80,0.8000,0.718230,-0.031322,-0.088169,lower
L3,sst,0.80,0.8000,0.729973,-0.030288,-0.081697,lower
L3,sst,0.80,0.8000,0.741604,-0.029247,-0.072099,lower
L3,sst,0.80,0.8000,0.753112,-0.028199,-0.060306,lower
L3,sst,0.80,0.8000,0.764492,-0.027144,-0.047904,lower
L3,sst,0.80,0.8000,0.775735,-0.026084,-0.035676,lower
L3,sst,0.80,0.8000,0.786835,-0.025019,-0.025827,lower
L3,sst,0.80,0.8000,0.797785,-0.023949,-0.017958,lower
L3,sst,0.80,0.8000,0.808581,-0.022876,-0.012442,lower
L3,sst,0.80,0.8000,0.819215,-0.021800,-0.007856,lower
L3,sst,0.80,0.8000,0.829682,-0.020722,-0.001911,lower
L3,sst,0.80,0.8000,0.839979,-0.019643,0.005527,lower
L3,sst,0.80,0.8000,0.850101,-0.018564,0.016144,lower
L3,sst,0.80,0.8000,0.860044,-0.017485,0.028567,lower
L3,sst,0.80,0.8000,0.869805,-0.016409,0.040904,lower
L3,sst,0.80,0.8000,0.879380,-0.015336,0.053007,lower
L3,sst,0.80,0.8000,0.888768,-0.014267,0.063125,lower
L3,sst,0.80,0.8000,0.897965,-0.013204,0.072634,lower
L3,sst,0.80,0.8000,0.906971,-0.012147,0.083401,lower
L3,sst,0.80,0.8000,0.915784,-0.011100,0.095236,lower
L3,sst,0.80,0.8000,0.924403,-0.010062,0.109350,lower
L3,sst,0.80,0.8000,0.932829,-0.009037,0.124362,lower
L3,sst,0.80,0.8000,0.941059,-0.008025,0.138123,lower
L3,sst,0.80,0.8000,0.949096,-0.007029,0.151513,lower
L3,sst,0.80,0.8000,0.956938,-0.006050,0.164309,lower
L3,sst,0.80,0.8000,0.964588,-0.005093,0.177341,lower
L3,sst,0.80,0.8000,0.972047,-0.004158,0.192733,lower
L3,sst,0.80,0.8000,0.979316,-0.003249,0.208674,lower
L3,sst,0.80,0.8000,0.986396,-0.002368,0.223254,lower
L3,sst,0.80,0.8000,0.993290,-0.001519,0.234803,lower
L3,sst,0.80,0.8000,1.000000,-0.000705,0.258426,lower
L3,sst,0.90,0.9000,-0.000000,0.000000,0.721919,upper
L3,sst,0.90,0.9000,0.000004,0.000389,0.708887,upper
L3,sst,0.90,0.9000,0.000018,0.000793,0.694267,upper
L3,sst,0.90,0.9000,0.000043,0.001214,0.677748,upper
L3,sst,0.90,0.9000,0.000080,0.001650,0.659334,upper
L3,sst,0.90,0.9000,0.000131,0.002104,0.638848,upper
L3,sst,0.90,0.9000,0.000196,0.002574,0.616175,upper
L3,sst,0.90,0.9000,0.000278,0.003062,0.591173,upper
L3,sst,0.90,0.9000,0.000377,0.003566,0.563717,upper
L3,sst,0.90,0.9000,0.000497,0.004088,0.533689,upper
L3,sst,0.90,0.9000,0.000638,0.004627,0.500985,upper
L3,sst,0.90,0.9000,0.000803,0.005183,0.465518,upper
L3,sst,0.90,0.9000,0.000993,0.005755,0.427228,upper
L3,sst,0.90,0.9000,0.001211,0.006343,0.386081,upper
L3,sst,0.90,0.9000,0.001458,0.006948,0.342076,upper
L3,sst,0.90,0.9000,0.001738,0.007567,0.295252,upper
L3,sst,0.90,0.9000,0.002052,0.008200,0.245690,upper
L3,sst,0.90,0.9000,0.002402,0.008847,0.193520,upper
L3,sst,0.90,0.9000,0.002791,0.009505,0.138919,upper
L3,sst,0.90,0.9000,0.003221,0.010175,0.082118,upper
L3,sst,0.90,0.9000,0.003694,0.010854,0.023393,upper
L3,sst,0.90,0.9000,0.004212,0.011542,-0.036932,upper
L3,sst,0.90,0.9000,0.004777,0.012236,-0.098493,upper
L3,sst,0.90,0.9000,0.005392,0.012935,-0.160892,upper
L3,sst,0.90,0.9000,0.006058,0.013638,-0.223709,upper
L3,sst,0.90,0.9000,0.006777,0.014342,-0.286513,upper
L3,sst,0.90,0.9000,0.007551,0.015047,-0.348869,upper
L3,sst,0.90,0.9000,0.008382,0.015751,-0.410358,upper
L3,sst,0.90,0.9000,0.009271,0.016451,-0.470579,upper
L3,sst,0.90,0.9000,0.010219,0.017147,-0.529157,upper
L3,sst,0.90,0.9000,0.011228,0.017838,-0.585760,upper
L3,sst,0.90,0.9000,0.012300,0.018521,-0.640094,upper
L3,sst,0.90,0.9000,0.013436,0.019195,-0.691912,upper
L3,sst,0.90,0.9000,0.014637,0.019860,-0.741022,upper
L3,sst,0.90,0.9000,0.015904,0.020515,-0.787297,upper
L3,sst,0.90,0.9000,0.017239,0.021159,-0.830642,upper
L3,sst,0.90,0.9000,0.018643,0.021791,-0.871000,upper
L3,sst,0.90,0.9000,0.020117,0.022410,-0.908359,upper
L3,sst,0.90,0.9000,0.021664,0.023016,-0.942741,upper
L3,sst,0.90,0.9000,0.023284,0.023610,-0.974197,upper
L3,sst,0.90,0.9000,0.024979,0.024190,-1.002791,upper
L3,sst,0.90,0.9000,0.026750,0.024757,-1.028604,upper
L3,sst,0.90,0.9000,0.028600,0.025311,-1.051735,upper
L3,sst,0.90,0.9000,0.030531,0.025853,-1.072290,upper
L3,sst,0.90,0.9000,0.032543,0.026382,-1.090380,upper
L3,sst,0.90,0.9000,0.034640,0.026899,-1.106119,upper
L3,sst,0.90,0.9000,0.036823,0.027404,-1.119622,upper
L3,sst,0.90,0.9000,0.039094,0.027899,-1.131007,upper
L3,sst,0.90,0.9000,0.041456,0.028383,-1.140387,upper
L3,sst,0.90,0.9000,0.043911,0.028859,-1.147873,upper
L3,sst,0.90,0.9000,0.046463,0.029326,-1.153577,upper
L3,sst,0.90,0.9000,0.049112,0.029785,-1.157612,upper
L3,sst,0.90,0.9000,0.051862,0.030238,-1.160087,upper
L3,sst,0.90,0.9000,0.054716,0.030686,-1.161111,upper
L3,sst,0.90,0.9000,0.057676,0.031129,-1.160787,upper
L3,sst,0.90,0.9000,0.060746,0.031569,-1.159221,upper
L3,sst,0.90,0.9000,0.063928,0.032006,-1.156515,upper
L3,sst,0.90,0.9000,0.067226,0.032442,-1.152777,upper
L3,sst,0.90,0.9000,0.070642,0.032877,-1.148114,upper
L3,sst,0.90,0.9000,0.074181,0.033313,-1.142638,upper
L3,sst,0.90,0.9000,0.077844,0.033751,-1.136471,upper
L3,sst,0.90,0.9000,0.081635,0.034191,-1.129737,upper
L3,sst,0.90,0.9000,0.085558,0.034634,-1.122558,upper
L3,sst,0.90,0.9000,0.089616,0.035080,-1.115055,upper
L3,sst,0.90,0.9000,0.093813,0.035530,-1.107345,upper
L3,sst,0.90,0.9000,0.098151,0.035985,-1.099542,upper
L3,sst,0.90,0.9000,0.102634,0.036444,-1.091750,upper
L3,sst,0.90,0.9000,0.107265,0.036907,-1.084071,upper
L3,sst,0.90,0.9000,0.112049,0.037375,-1.076602,upper
L3,sst,0.90,0.9000,0.116988,0.037847,-1.069433,upper
L3,sst,0.90,0.9000,0.122085,0.038323,-1.062653,upper
L3,sst,0.90,0.9000,0.127344,0.038801,-1.056343,upper
L3,sst,0.90,0.9000,0.132769,0.039282,-1.050565,upper
L3,sst,0.90,0.9000,0.138361,0.039764,-1.045365,upper
L3,sst,0.90,0.9000,0.144125,0.040246,-1.040771,upper
L3,sst,0.90,0.9000,0.150063,0.040726,-1.036793,upper
L3,sst,0.90,0.9000,0.156179,0.041204,-1.033429,upper
L3,sst,0.90,0.9000,0.162474,0.041678,-1.030668,upper
L3,sst,0.90,0.9000,0.168952,0.042147,-1.028478,upper
L3,sst,0.90,0.9000,0.175614,0.042610,-1.026811,upper
L3,sst,0.90,0.9000,0.182464,0.043064,-1.025634,upper
L3,sst,0.90,0.9000,0.189502,0.043509,-1.024929,upper
L3,sst,0.90,0.9000,0.196731,0.043942,-1.024690,upper
L3,sst,0.90,0.9000,0.204152,0.044364,-1.024917,upper
L3,sst,0.90,0.9000,0.211767,0.044773,-1.025501,upper
L3,sst,0.90,0.9000,0.219576,0.045168,-1.026281,upper
L3,sst,0.90,0.9000,0.227580,0.045547,-1.026739,upper
L3,sst,0.90,0.9000,0.235779,0.045911,-1.024359,upper
L3,sst,0.90,0.9000,0.244175,0.046258,-1.014568,upper
L3,sst,0.90,0.9000,0.252765,0.046588,-0.981740,upper
L3,sst,0.90,0.9000,0.261551,0.046900,-0.878335,upper
L3,sst,0.90,0.9000,0.270530,0.047194,-0.699549,upper
L3,sst,0.90,0.9000,0.279701,0.047469,-0.541908,upper
L3,sst,0.90,0.9000,0.289064,0.047723,-0.456844,upper
L3,sst,0.90,0.9000,0.298615,0.047957,-0.404406,upper
L3,sst,0.90,0.9000,0.308352,0.048168,-0.358749,upper
L3,sst,0.90,0.9000,0.318273,0.048357,-0.316065,upper
L3,sst,0.90,0.9000,0.328374,0.048520,-0.275792,upper
L3,sst,0.90,0.9000,0.338651,0.048657,-0.238660,upper
L3,sst,0.90,0.9000,0.349100,0.048765,-0.205134,upper
L3,sst,0.90,0.9000,0.359716,0.048843,-0.179411,upper
L3,sst,0.90,0.9000,0.370495,0.048887,-0.163756,upper
L3,sst,0.90,0.9000,0.381432,0.048894,-0.159065,upper
L3,sst,0.90,0.9000,0.392519,0.048863,-0.164788,upper
L3,sst,0.90,0.9000,0.403750,0.048790,-0.175586,upper
L3,sst,0.90,0.9000,0.415120,0.048673,-0.187179,upper
L3,sst,0.90,0.9000,0.426620,0.048509,-0.196977,upper
L3,sst,0.90,0.9000,0.438243,0.048297,-0.203246,upper
L3,sst,0.90,0.9000,0.449981,0.048033,-0.207453,upper
L3,sst,0.90,0.9000,0.461826,0.047717,-0.210026,upper
L3,sst,0.90,0.9000,0.473769,0.047347,-0.211097,upper
L3,sst,0.90,0.9000,0.485800,0.046924,-0.211112,upper
L3,sst,0.90,0.9000,0.497911,0.046447,-0.208693,upper
L3,sst,0.90,0.9000,0.510092,0.045918,-0.204415,upper
L3,sst,0.90,0.9000,0.522334,0.045337,-0.198942,upper
L3,sst,0.90,0.9000,0.534626,0.044707,-0.192674,upper
L3,sst,0.90,0.9000,0.546959,0.044030,-0.186325,upper
L3,sst,0.90,0.9000,0.559322,0.043308,-0.179463,upper
L3,sst,0.90,0.9000,0.571705,0.042545,-0.171582,upper
L3,sst,0.90,0.9000,0.584099,0.041745,-0.161568,upper
L3,sst,0.90,0.9000,0.596493,0.040910,-0.152567,upper
L3,sst,0.90,0.9000,0.608876,0.040043,-0.145782,upper
L3,sst,0.90,0.9000,0.621239,0.039149,-0.142213,upper
L3,sst,0.90,0.9000,0.633572,0.038230,-0.142602,upper
L3,sst,0.90,0.9000,0.645864,0.037290,-0.137798,upper
L3,sst,0.90,0.9000,0.658106,0.036330,-0.125898,upper
L3,sst,0.90,0.9000,0.670288,0.035354,-0.105502,upper
L3,sst,0.90,0.9000,0.682401,0.034364,-0.077587,upper
L3,sst,0.90,0.9000,0.694435,0.033360,-0.056598,upper
L3,sst,0.90,0.9000,0.706381,0.032346,-0.045547,upper
L3,sst,0.90,0.9000,0.718230,0.031322,-0.049330,upper
L3,sst,0.90,0.9000,0.729973,0.030288,-0.065720,upper
L3,sst,0.90,0.9000,0.741604,0.029247,-0.075979,upper
L3,sst,0.90,0.9000,0.753112,0.028199,-0.076543,upper
L3,sst,0.90,0.9000,0.764492,0.027144,-0.061961,upper
L3,sst,0.90,0.9000,0.775735,0.026084,-0.034382,upper
L3,sst,0.90,0.9000,0.786835,0.025019,-0.010026,upper
L3,sst,0.90,0.9000,0.797785,0.023949,0.008011,upper
L3,sst,0.90,0.9000,0.808580,0.022876,0.015546,upper
L3,sst,0.90,0.9000,0.819215,0.021800,0.013491,upper
L3,sst,0.90,0.9000,0.829682,0.020722,0.012131,upper
L3,sst,0.90,0.9000,0.839979,0.019643,0.013405,upper
L3,sst,0.90,0.9000,0.850101,0.018564,0.017694,upper
L3,sst,0.90,0.9000,0.860044,0.017485,0.026368,upper
L3,sst,0.90,0.9000,0.869805,0.016409,0.037916,upper
L3,sst,0.90,0.9000,0.879380,0.015336,0.051182,upper
L3,sst,0.90,0.9000,0.888767,0.014267,0.067848,upper
L3,sst,0.90,0.9000,0.897965,0.013204,0.085206,upper
L3,sst,0.90,0.9000,0.906971,0.012147,0.099257,upper
L3,sst,0.90,0.9000,0.915784,0.011100,0.110976,upper
L3,sst,0.90,0.9000,0.924403,0.010062,0.119093,upper
L3,sst,0.90,0.9000,0.932828,0.009037,0.125980,upper
L3,sst,0.90,0.9000,0.941059,0.008025,0.136240,upper
L3,sst,0.90,0.9000,0.949096,0.007029,0.148628,upper
L3,sst,0.90,0.9000,0.956938,0.006050,0.162684,upper
L3,sst,0.90,0.9000,0.964588,0.005093,0.177085,upper
L3,sst,0.90,0.9000,0.972047,0.004158,0.189298,upper
L3,sst,0.90,0.9000,0.979316,0.003249,0.200952,upper
L3,sst,0.90,0.9000,0.986396,0.002368,0.213485,upper
L3,sst,0.90,0.9000,0.993290,0.001519,0.224351,upper
L3,sst,0.90,0.9000,1.000000,0.000705,0.244779,upper
L3,sst,0.90,0.9000,-0.000000,0.000000,0.721919,lower
L3,sst,0.90,0.9000,0.000004,-0.000389,0.734112,lower
L3,sst,0.90,0.9000,0.000018,-0.000793,0.745534,lower
L3,sst,0.90,0.9000,0.000043,-0.001214,0.756045,lower
L3,sst,0.90,0.9000,0.000080,-0.001650,0.765626,lower
L3,sst,0.90,0.9000,0.000131,-0.002104,0.774093,lower
L3,sst,0.90,0.9000,0.000196,-0.002574,0.781291,lower
L3,sst,0.90,0.9000,0.000278,-0.003062,0.787039,lower
L3,sst,0.90,0.9000,0.000377,-0.003566,0.791157,lower
L3,sst,0.90,0.9000,0.000497,-0.004088,0.793456,lower
L3,sst,0.90,0.9000,0.000638,-0.004627,0.793749,lower
L3,sst,0.90,0.9000,0.000803,-0.005183,0.791849,lower
L3,sst,0.90,0.9000,0.000993,-0.005755,0.787574,lower
L3,sst,0.90,0.9000,0.001211,-0.006343,0.780754,lower
L3,sst,0.90,0.9000,0.001458,-0.006948,0.771237,lower
L3,sst,0.90,0.9000,0.001738,-0.007567,0.758892,lower
L3,sst,0.90,0.9000,0.002052,-0.008200,0.743624,lower
L3,sst,0.90,0.9000,0.002402,-0.008847,0.725370,lower
L3,sst,0.90,0.9000,0.002791,-0.009505,0.704114,lower
L3,sst,0.90,0.9000,0.003221,-0.010175,0.679889,lower
L3,sst,0.90,0.9000,0.003694,-0.010854,0.652783,lower
L3,sst,0.90,0.9000,0.004212,-0.011542,0.622940,lower
L3,sst,0.90,0.9000,0.004777,-0.012236,0.590561,lower
L3,sst,0.90,0.9000,0.005392,-0.012935,0.555906,lower
L3,sst,0.90,0.9000,0.006058,-0.013638,0.519283,lower
L3,sst,0.90,0.9000,0.006777,-0.014342,0.481050,lower
L3,sst,0.90,0.9000,0.007551,-0.015047,0.441598,lower
L3,sst,0.90,0.9000,0.008382,-0.015751,0.401348,lower
L3,sst,0.90,0.9000,0.009271,-0.016451,0.360733,lower
L3,sst,0.90,0.9000,0.010219,-0.017147,0.320192,lower
L3,sst,0.90,0.9000,0.011228,-0.017838,0.280152,lower
L3,sst,0.90,0.9000,0.012300,-0.018521,0.241022,lower
L3,sst,0.90,0.9000,0.013436,-0.019195,0.203178,lower
L3,sst,0.90,0.9000,0.014637,-0.019860,0.166958,lower
L3,sst,0.90,0.9000,0.015904,-0.020515,0.132656,lower
L3,sst,0.90,0.9000,0.017239,-0.021159,0.100511,lower
L3,sst,0.90,0.9000,0.018643,-0.021791,0.070714,lower
L3,sst,0.90,0.9000,0.020117,-0.022410,0.043397,lower
L3,sst,0.90,0.9000,0.021664,-0.023016,0.018642,lower
L3,sst,0.90,0.9000,0.023284,-0.023610,-0.003521,lower
L3,sst,0.90,0.9000,0.024979,-0.024190,-0.023112,lower
L3,sst,0.90,0.9000,0.026750,-0.024757,-0.040195,lower
L3,sst,0.90,0.9000,0.028600,-0.025311,-0.054874,lower
L3,sst,0.90,0.9000,0.030531,-0.025853,-0.067287,lower
L3,sst,0.90,0.9000,0.032543,-0.026382,-0.077599,lower
L3,sst,0.90,0.9000,0.034640,-0.026899,-0.085996,lower
L3,sst,0.90,0.9000,0.036823,-0.027404,-0.092680,lower
L3,sst,0.90,0.9000,0.039094,-0.027899,-0.097860,lower
L3,sst,0.90,0.9000,0.041456,-0.028383,-0.101751,lower
L3,sst,0.90,0.9000,0.043911,-0.028859,-0.104561,lower
L3,sst,0.90,0.9000,0.046463,-0.029326,-0.106493,lower
L3,sst,0.90,0.9000,0.049112,-0.029785,-0.107739,lower
L3,sst,0.90,0.9000,0.051862,-0.030238,-0.108482,lower
L3,sst,0.90,0.9000,0.054716,-0.030686,-0.108893,lower
L3,sst,0.90,0.9000,0.057676,-0.031129,-0.109126,lower
L3,sst,0.90,0.9000,0.060746,-0.031569,-0.109319,lower
L3,sst,0.90,0.9000,0.063928,-0.032006,-0.109595,lower
L3,sst,0.90,0.9000,0.067226,-0.032442,-0.110060,lower
L3,sst,0.90,0.9000,0.070642,-0.032877,-0.110810,lower
L3,sst,0.90,0.9000,0.074181,-0.033313,-0.111925,lower
L3,sst,0.90,0.9000,0.077844,-0.033751,-0.113472,lower
L3,sst,0.90,0.9000,0.081635,-0.034191,-0.115507,lower
L3,sst,0.90,0.9000,0.085558,-0.034634,-0.118072,lower
L3,sst,0.90,0.9000,0.089616,-0.035080,-0.121198,lower
L3,sst,0.90,0.9000,0.093813,-0.035530,-0.124905,lower
L3,sst,0.90,0.9000,0.098151,-0.035985,-0.129203,lower
L3,sst,0.90,0.9000,0.102634,-0.036444,-0.134087,lower
L3,sst,0.90,0.9000,0.107265,-0.036907,-0.139548,lower
L3,sst,0.90,0.9000,0.112049,-0.037375,-0.145562,lower
L3,sst,0.90,0.9000,0.116988,-0.037847,-0.152097,lower
L3,sst,0.90,0.9000,0.122085,-0.038323,-0.159111,lower
L3,sst,0.90,0.9000,0.127344,-0.038801,-0.166552,lower
L3,sst,0.90,0.9000,0.132769,-0.039282,-0.174360,lower
L3,sst,0.90,0.9000,0.138361,-0.039764,-0.182468,lower
L3,sst,0.90,0.9000,0.144125,-0.040246,-0.190800,lower
L3,sst,0.90,0.9000,0.150063,-0.040726,-0.199275,lower
L3,sst,0.90,0.9000,0.156179,-0.041204,-0.207805,lower
L3,sst,0.90,0.9000,0.162474,-0.041678,-0.216301,lower
L3,sst,0.90,0.9000,0.168952,-0.042147,-0.224669,lower
L3,sst,0.90,0.9000,0.175614,-0.042610,-0.232821,lower
L3,sst,0.90,0.9000,0.182464,-0.043064,-0.240664,lower
L3,sst,0.90,0.9000,0.189502,-0.043509,-0.248114,lower
L3,sst,0.90,0.9000,0.196731,-0.043942,-0.255092,lower
L3,sst,0.90,0.9000,0.204152,-0.044364,-0.261529,lower
L3,sst,0.90,0.9000,0.211767,-0.044773,-0.267366,lower
L3,sst,0.90,0.9000,0.219576,-0.045168,-0.272558,lower
L3,sst,0.90,0.9000,0.227580,-0.045547,-0.277079,lower
L3,sst,0.90,0.9000,0.235779,-0.045911,-0.280912,lower
L3,sst,0.90,0.9000,0.244175,-0.046258,-0.284059,lower
L3,sst,0.90,0.9000,0.252765,-0.046588,-0.286546,lower
L3,sst,0.90,0.9000,0.261551,-0.046900,-0.288413,lower
L3,sst,0.90,0.9000,0.270530,-0.047194,-0.289706,lower
L3,sst,0.90,0.9000,0.279701,-0.047469,-0.290490,lower
L3,sst,0.90,0.9000,0.289064,-0.047723,-0.290846,lower
L3,sst,0.90,0.9000,0.298615,-0.047957,-0.290852,lower
L3,sst,0.90,0.9000,0.308352,-0.048168,-0.290567,lower
L3,sst,0.90,0.9000,0.318273,-0.048357,-0.290063,lower
L3,sst,0.90,0.9000,0.328374,-0.048520,-0.289370,lower
L3,sst,0.90,0.9000,0.338651,-0.048657,-0.288485,lower
L3,sst,0.90,0.9000,0.349100,-0.048765,-0.287395,lower
L3,sst,0.90,0.9000,0.359716,-0.048843,-0.286063,lower
L3,sst,0.90,0.9000,0.370495,-0.048887,-0.284306,lower
L3,sst,0.90,0.9000,0.381432,-0.048894,-0.281927,lower
L3,sst,0.90,0.9000,0.392519,-0.048863,-0.278838,lower
L3,sst,0.90,0.9000,0.403750,-0.048790,-0.274777,lower
L3,sst,0.90,0.9000,0.415120,-0.048673,-0.269545,lower
L3,sst,0.90,0.9000,0.426620,-0.048509,-0.263027,lower
L3,sst,0.90,0.9000,0.438243,-0.048297,-0.255371,lower
L3,sst,0.90,0.9000,0.449981,-0.048033,-0.246485,lower
L3,sst,0.90,0.9000,0.461826,-0.047717,-0.237005,lower
L3,sst,0.90,0.9000,0.473769,-0.047347,-0.227692,lower
L3,sst,0.90,0.9000,0.485800,-0.046924,-0.218685,lower
L3,sst,0.90,0.9000,0.497911,-0.046447,-0.210892,lower
L3,sst,0.90,0.9000,0.510092,-0.045918,-0.204504,lower
L3,sst,0.90,0.9000,0.522334,-0.045337,-0.199680,lower
L3,sst,0.90,0.9000,0.534626,-0.044707,-0.195559,lower
L3,sst,0.90,0.9000,0.546959,-0.044030,-0.192279,lower
L3,sst,0.90,0.9000,0.559322,-0.043308,-0.188587,lower
L3,sst,0.90,0.9000,0.571705,-0.042545,-0.182477,lower
L3,sst,0.90,0.9000,0.584099,-0.041745,-0.175408,lower
L3,sst,0.90,0.9000,0.596493,-0.040910,-0.165200,lower
L3,sst,0.90,0.9000,0.608876,-0.040043,-0.151961,lower
L3,sst,0.90,0.9000,0.621239,-0.039149,-0.136209,lower
L3,sst,0.90,0.9000,0.633572,-0.038230,-0.117364,lower
L3,sst,0.90,0.9000,0.645864,-0.037290,-0.098530,lower
L3,sst,0.90,0.9000,0.658106,-0.036330,-0.081146,lower
L3,sst,0.90,0.9000,0.670288,-0.035354,-0.069635,lower
L3,sst,0.90,0.9000,0.682401,-0.034364,-0.064715,lower
L3,sst,0.90,0.9000,0.694435,-0.033360,-0.065876,lower
L3,sst,0.90,0.9000,0.706381,-0.032346,-0.071471,lower
L3,sst,0.90,0.9000,0.718230,-0.031322,-0.073665,lower
L3,sst,0.90,0.9000,0.729973,-0.030288,-0.072217,lower
L3,sst,0.90,0.9000,0.741604,-0.029247,-0.064607,lower
L3,sst,0.90,0.9000,0.753112,-0.028199,-0.051371,lower
L3,sst,0.90,0.9000,0.764492,-0.027144,-0.039490,lower
L3,sst,0.90,0.9000,0.775735,-0.026084,-0.027825,lower
L3,sst,0.90,0.9000,0.786835,-0.025019,-0.020152,lower
L3,sst,0.90,0.9000,0.797785,-0.023949,-0.015597,lower
L3,sst,0.90,0.9000,0.808580,-0.022876,-0.007383,lower
L3,sst,0.90,0.9000,0.819215,-0.021800,0.001550,lower
L3,sst,0.90,0.9000,0.829682,-0.020722,0.012930,lower
L3,sst,0.90,0.9000,0.839979,-0.019643,0.024764,lower
L3,sst,0.90,0.9000,0.850101,-0.018564,0.030108,lower
L3,sst,0.90,0.9000,0.860044,-0.017485,0.032883,lower
L3,sst,0.90,0.9000,0.869805,-0.016409,0.033027,lower
L3,sst,0.90,0.9000,0.879380,-0.015336,0.034080,lower
L3,sst,0.90,0.9000,0.888767,-0.014267,0.045000,lower
L3,sst,0.90,0.9000,0.897965,-0.013204,0.061852,lower
L3,sst,0.90,0.9000,0.906971,-0.012147,0.083868,lower
L3,sst,0.90,0.9000,0.915784,-0.011100,0.106270,lower
L3,sst,0.90,0.9000,0.924403,-0.010062,0.118214,lower
L3,sst,0.90,0.9000,0.932828,-0.009037,0.124520,lower
L3,sst,0.90,0.9000,0.941059,-0.008025,0.127019,lower
L3,sst,0.90,0.9000,0.949096,-0.007029,0.129480,lower
L3,sst,0.90,0.9000,0.956938,-0.006050,0.142707,lower
L3,sst,0.90,0.9000,0.964588,-0.005093,0.160764,lower
L3,sst,0.90,0.9000,0.972047,-0.004158,0.179233,lower
L3,sst,0.90,0.9000,0.979316,-0.003249,0.198346,lower
L3,sst,0.90,0.9000,0.986396,-0.002368,0.210649,lower
L3,sst,0.90,0.9000,0.993290,-0.001519,0.216662,lower
L3,sst,0.90,0.9000,1.000000,-0.000705,0.239581,lower
L3,sst,0.96,0.9600,0.000000,0.000000,0.681263,upper
L3,sst,0.96,0.9600,0.000004,0.000389,0.668741,upper
L3,sst,0.96,0.9600,0.000019,0.000793,0.654640,upper
L3,sst,0.96,0.9600,0.000043,0.001214,0.638656,upper
L3,sst,0.96,0.9600,0.000080,0.001650,0.620787,upper
L3,sst,0.96,0.9600,0.000131,0.002104,0.600859,upper
L3,sst,0.96,0.9600,0.000196,0.002574,0.578753,upper
L3,sst,0.96,0.9600,0.000278,0.003062,0.554328,upper
L3,sst,0.96,0.9600,0.000377,0.003566,0.527458,upper
L3,sst,0.96,0.9600,0.000497,0.004088,0.498023,upper
L3,sst,0.96,0.9600,0.000638,0.004627,0.465918,upper
L3,sst,0.96,0.9600,0.000803,0.005183,0.431055,upper
L3,sst,0.96,0.9600,0.000993,0.005755,0.393371,upper
L3,sst,0.96,0.9600,0.001211,0.006343,0.352830,upper
L3,sst,0.96,0.9600,0.001458,0.006948,0.309431,upper
L3,sst,0.96,0.9600,0.001738,0.007567,0.263209,upper
L3,sst,0.96,0.9600,0.002052,0.008200,0.214244,upper
L3,sst,0.96,0.9600,0.002402,0.008847,0.162662,upper
L3,sst,0.96,0.9600,0.002791,0.009505,0.108638,upper
L3,sst,0.96,0.9600,0.003221,0.010175,0.052399,upper
L3,sst,0.96,0.9600,0.003694,0.010854,-0.005781,upper
L3,sst,0.96,0.9600,0.004212,0.011542,-0.065581,upper
L3,sst,0.96,0.9600,0.004777,0.012236,-0.126640,upper
L3,sst,0.96,0.9600,0.005392,0.012935,-0.188563,upper
L3,sst,0.96,0.9600,0.006058,0.013638,-0.250933,upper
L3,sst,0.96,0.9600,0.006777,0.014342,-0.313321,upper
L3,sst,0.96,0.9600,0.007551,0.015047,-0.375296,upper
L3,sst,0.96,0.9600,0.008382,0.015751,-0.436438,upper
L3,sst,0.96,0.9600,0.009271,0.016451,-0.496346,upper
L3,sst,0.96,0.9600,0.010219,0.017147,-0.554651,upper
L3,sst,0.96,0.9600,0.011228,0.017838,-0.611023,upper
L3,sst,0.96,0.9600,0.012300,0.018521,-0.665174,upper
L3,sst,0.96,0.9600,0.013436,0.019195,-0.716857,upper
L3,sst,0.96,0.9600,0.014637,0.019860,-0.765885,upper
L3,sst,0.96,0.9600,0.015904,0.020515,-0.812129,upper
L3,sst,0.96,0.9600,0.017239,0.021159,-0.855494,upper
L3,sst,0.96,0.9600,0.018643,0.021791,-0.895932,upper
L3,sst,0.96,0.9600,0.020117,0.022410,-0.933437,upper
L3,sst,0.96,0.9600,0.021664,0.023016,-0.968027,upper
L3,sst,0.96,0.9600,0.023284,0.023610,-0.999746,upper
L3,sst,0.96,0.9600,0.024979,0.024190,-1.028665,upper
L3,sst,0.96,0.9600,0.026750,0.024757,-1.054871,upper
L3,sst,0.96,0.9600,0.028600,0.025311,-1.078465,upper
L3,sst,0.96,0.9600,0.030531,0.025853,-1.099554,upper
L3,sst,0.96,0.9600,0.032543,0.026382,-1.118257,upper
L3,sst,0.96,0.9600,0.034640,0.026899,-1.134695,upper
L3,sst,0.96,0.9600,0.036823,0.027404,-1.148983,upper
L3,sst,0.96,0.9600,0.039094,0.027899,-1.161238,upper
L3,sst,0.96,0.9600,0.041456,0.028383,-1.171575,upper
L3,sst,0.96,0.9600,0.043912,0.028859,-1.180114,upper
L3,sst,0.96,0.9600,0.046463,0.029326,-1.186972,upper
L3,sst,0.96,0.9600,0.049112,0.029785,-1.192265,upper
L3,sst,0.96,0.9600,0.051862,0.030238,-1.196110,upper
L3,sst,0.96,0.9600,0.054716,0.030686,-1.198616,upper
L3,sst,0.96,0.9600,0.057676,0.031129,-1.199896,upper
L3,sst,0.96,0.9600,0.060746,0.031569,-1.200057,upper
L3,sst,0.96,0.9600,0.063928,0.032006,-1.199203,upper
L3,sst,0.96,0.9600,0.067226,0.032442,-1.197441,upper
L3,sst,0.96,0.9600,0.070643,0.032877,-1.194875,upper
L3,sst,0.96,0.9600,0.074181,0.033313,-1.191609,upper
L3,sst,0.96,0.9600,0.077844,0.033751,-1.187747,upper
L3,sst,0.96,0.9600,0.081635,0.034191,-1.183390,upper
L3,sst,0.96,0.9600,0.085558,0.034634,-1.178629,upper
L3,sst,0.96,0.9600,0.089616,0.035080,-1.173541,upper
L3,sst,0.96,0.9600,0.093813,0.035530,-1.168179,upper
L3,sst,0.96,0.9600,0.098151,0.035985,-1.162581,upper
L3,sst,0.96,0.9600,0.102634,0.036444,-1.156747,upper
L3,sst,0.96,0.9600,0.107265,0.036907,-1.150648,upper
L3,sst,0.96,0.9600,0.112049,0.037375,-1.144225,upper
L3,sst,0.96,0.9600,0.116988,0.037847,-1.137379,upper
L3,sst,0.96,0.9600,0.122085,0.038323,-1.129982,upper
L3,sst,0.96,0.9600,0.127344,0.038801,-1.121857,upper
L3,sst,0.96,0.9600,0.132769,0.039282,-1.112765,upper
L3,sst,0.96,0.9600,0.138361,0.039764,-1.102365,upper
L3,sst,0.96,0.9600,0.144125,0.040246,-1.090196,upper
L3,sst,0.96,0.9600,0.150064,0.040726,-1.075653,upper
L3,sst,0.96,0.9600,0.156179,0.041204,-1.058114,upper
L3,sst,0.96,0.9600,0.162474,0.041678,-1.037249,upper
L3,sst,0.96,0.9600,0.168952,0.042147,-1.013210,upper
L3,sst,0.96,0.9600,0.175614,0.042610,-0.986776,upper
L3,sst,0.96,0.9600,0.182464,0.043064,-0.958832,upper
L3,sst,0.96,0.9600,0.189502,0.043509,-0.929811,upper
L3,sst,0.96,0.9600,0.196731,0.043942,-0.897655,upper
L3,sst,0.96,0.9600,0.204152,0.044364,-0.851641,upper
L3,sst,0.96,0.9600,0.211767,0.044773,-0.772107,upper
L3,sst,0.96,0.9600,0.219576,0.045168,-0.649486,upper
L3,sst,0.96,0.9600,0.227580,0.045547,-0.521226,upper
L3,sst,0.96,0.9600,0.235780,0.045911,-0.423219,upper
L3,sst,0.96,0.9600,0.244175,0.046258,-0.345793,upper
L3,sst,0.96,0.9600,0.252765,0.046588,-0.288198,upper
L3,sst,0.96,0.9600,0.261551,0.046900,-0.256304,upper
L3,sst,0.96,0.9600,0.270530,0.047194,-0.238480,upper
L3,sst,0.96,0.9600,0.279701,0.047468,-0.223792,upper
L3,sst,0.96,0.9600,0.289064,0.047723,-0.211577,upper
L3,sst,0.96,0.9600,0.298615,0.047957,-0.203616,upper
L3,sst,0.96,0.9600,0.308352,0.048168,-0.199359,upper
L3,sst,0.96,0.9600,0.318273,0.048357,-0.201566,upper
L3,sst,0.96,0.9600,0.328374,0.048520,-0.210205,upper
L3,sst,0.96,0.9600,0.338651,0.048657,-0.220169,upper
L3,sst,0.96,0.9600,0.349100,0.048765,-0.228637,upper
L3,sst,0.96,0.9600,0.359716,0.048843,-0.233064,upper
L3,sst,0.96,0.9600,0.370496,0.048887,-0.233866,upper
L3,sst,0.96,0.9600,0.381432,0.048894,-0.233389,upper
L3,sst,0.96,0.9600,0.392519,0.048863,-0.233869,upper
L3,sst,0.96,0.9600,0.403751,0.048790,-0.236472,upper
L3,sst,0.96,0.9600,0.415120,0.048673,-0.240366,upper
L3,sst,0.96,0.9600,0.426620,0.048509,-0.244177,upper
L3,sst,0.96,0.9600,0.438243,0.048296,-0.245753,upper
L3,sst,0.96,0.9600,0.449982,0.048033,-0.244611,upper
L3,sst,0.96,0.9600,0.461826,0.047717,-0.240664,upper
L3,sst,0.96,0.9600,0.473769,0.047347,-0.234778,upper
L3,sst,0.96,0.9600,0.485800,0.046924,-0.229464,upper
L3,sst,0.96,0.9600,0.497911,0.046447,-0.225855,upper
L3,sst,0.96,0.9600,0.510092,0.045918,-0.224662,upper
L3,sst,0.96,0.9600,0.522334,0.045337,-0.224283,upper
L3,sst,0.96,0.9600,0.534626,0.044707,-0.222551,upper
L3,sst,0.96,0.9600,0.546959,0.044030,-0.216471,upper
L3,sst,0.96,0.9600,0.559322,0.043308,-0.203917,upper
L3,sst,0.96,0.9600,0.571705,0.042545,-0.187709,upper
L3,sst,0.96,0.9600,0.584099,0.041745,-0.170162,upper
L3,sst,0.96,0.9600,0.596493,0.040910,-0.156878,upper
L3,sst,0.96,0.9600,0.608876,0.040043,-0.150710,upper
L3,sst,0.96,0.9600,0.621239,0.039149,-0.149627,upper
L3,sst,0.96,0.9600,0.633572,0.038230,-0.152707,upper
L3,sst,0.96,0.9600,0.645864,0.037290,-0.151333,upper
L3,sst,0.96,0.9600,0.658106,0.036330,-0.142441,upper
L3,sst,0.96,0.9600,0.670288,0.035354,-0.128415,upper
L3,sst,0.96,0.9600,0.682401,0.034364,-0.109652,upper
L3,sst,0.96,0.9600,0.694435,0.033360,-0.097066,upper
L3,sst,0.96,0.9600,0.706381,0.032346,-0.092531,upper
L3,sst,0.96,0.9600,0.718230,0.031322,-0.093579,upper
L3,sst,0.96,0.9600,0.729973,0.030288,-0.100713,upper
L3,sst,0.96,0.9600,0.741604,0.029247,-0.100985,upper
L3,sst,0.96,0.9600,0.753112,0.028199,-0.092581,upper
L3,sst,0.96,0.9600,0.764492,0.027144,-0.078156,upper
L3,sst,0.96,0.9600,0.775735,0.026084,-0.058806,upper
L3,sst,0.96,0.9600,0.786835,0.025019,-0.048366,upper
L3,sst,0.96,0.9600,0.797785,0.023949,-0.046283,upper
L3,sst,0.96,0.9600,0.808581,0.022876,-0.049494,upper
L3,sst,0.96,0.9600,0.819215,0.021800,-0.056821,upper
L3,sst,0.96,0.9600,0.829683,0.020722,-0.054943,upper
L3,sst,0.96,0.9600,0.839979,0.019643,-0.044887,upper
L3,sst,0.96,0.9600,0.850101,0.018564,-0.029870,upper
L3,sst,0.96,0.9600,0.860044,0.017485,-0.011740,upper
L3,sst,0.96,0.9600,0.869805,0.016409,-0.001334,upper
L3,sst,0.96,0.9600,0.879380,0.015336,0.003475,upper
L3,sst,0.96,0.9600,0.888767,0.014267,0.006143,upper
L3,sst,0.96,0.9600,0.897965,0.013204,0.007859,upper
L3,sst,0.96,0.9600,0.906971,0.012147,0.016306,upper
L3,sst,0.96,0.9600,0.915784,0.011100,0.028931,upper
L3,sst,0.96,0.9600,0.924403,0.010062,0.041748,upper
L3,sst,0.96,0.9600,0.932828,0.009037,0.054663,upper
L3,sst,0.96,0.9600,0.941059,0.008025,0.063168,upper
L3,sst,0.96,0.9600,0.949096,0.007029,0.070489,upper
L3,sst,0.96,0.9600,0.956938,0.006050,0.081961,upper
L3,sst,0.96,0.9600,0.964589,0.005093,0.097286,upper
L3,sst,0.96,0.9600,0.972047,0.004158,0.119120,upper
L3,sst,0.96,0.9600,0.979316,0.003249,0.143025,upper
L3,sst,0.96,0.9600,0.986396,0.002368,0.161952,upper
L3,sst,0.96,0.9600,0.993290,0.001519,0.176607,upper
L3,sst,0.96,0.9600,1.000000,0.000705,0.210731,upper
L3,sst,0.96,0.9600,0.000000,0.000000,0.681263,lower
L3,sst,0.96,0.9600,0.000004,-0.000389,0.692937,lower
L3,sst,0.96,0.9600,0.000019,-0.000793,0.703814,lower
L3,sst,0.96,0.9600,0.000043,-0.001214,0.713751,lower
L3,sst,0.96,0.9600,0.000080,-0.001650,0.722728,lower
L3,sst,0.96,0.9600,0.000131,-0.002104,0.730559,lower
L3,sst,0.96,0.9600,0.000196,-0.002574,0.737087,lower
L3,sst,0.96,0.9600,0.000278,-0.003062,0.742132,lower
L3,sst,0.96,0.9600,0.000377,-0.003566,0.745510,lower
L3,sst,0.96,0.9600,0.000497,-0.004088,0.747034,lower
L3,sst,0.96,0.9600,0.000638,-0.004627,0.746514,lower
L3,sst,0.96,0.9600,0.000803,-0.005183,0.743763,lower
L3,sst,0.96,0.9600,0.000993,-0.005755,0.738598,lower
L3,sst,0.96,0.9600,0.001211,-0.006343,0.730849,lower
L3,sst,0.96,0.9600,0.001458,-0.006948,0.720363,lower
L3,sst,0.96,0.9600,0.001738,-0.007567,0.707012,lower
L3,sst,0.96,0.9600,0.002052,-0.008200,0.690698,lower
L3,sst,0.96,0.9600,0.002402,-0.008847,0.671362,lower
L3,sst,0.96,0.9600,0.002791,-0.009505,0.648988,lower
L3,sst,0.96,0.9600,0.003221,-0.010175,0.623611,lower
L3,sst,0.96,0.9600,0.003694,-0.010854,0.595318,lower
L3,sst,0.96,0.9600,0.004212,-0.011542,0.564258,lower
L3,sst,0.96,0.9600,0.004777,-0.012236,0.530631,lower
L3,sst,0.96,0.9600,0.005392,-0.012935,0.494700,lower
L3,sst,0.96,0.9600,0.006058,-0.013638,0.456774,lower
L3,sst,0.96,0.9600,0.006777,-0.014342,0.417211,lower
L3,sst,0.96,0.9600,0.007551,-0.015047,0.376403,lower
L3,sst,0.96,0.9600,0.008382,-0.015751,0.334772,lower
L3,sst,0.96,0.9600,0.009271,-0.016451,0.292751,lower
L3,sst,0.96,0.9600,0.010219,-0.017147,0.250777,lower
L3,sst,0.96,0.9600,0.011228,-0.017838,0.209279,lower
L3,sst,0.96,0.9600,0.012300,-0.018521,0.168664,lower
L3,sst,0.96,0.9600,0.013436,-0.019195,0.129309,lower
L3,sst,0.96,0.9600,0.014637,-0.019860,0.091554,lower
L3,sst,0.96,0.9600,0.015904,-0.020515,0.055691,lower
L3,sst,0.96,0.9600,0.017239,-0.021159,0.021966,lower
L3,sst,0.96,0.9600,0.018643,-0.021791,-0.009429,lower
L3,sst,0.96,0.9600,0.020117,-0.022410,-0.038354,lower
L3,sst,0.96,0.9600,0.021664,-0.023016,-0.064723,lower
L3,sst,0.96,0.9600,0.023284,-0.023610,-0.088498,lower
L3,sst,0.96,0.9600,0.024979,-0.024190,-0.109692,lower
L3,sst,0.96,0.9600,0.026750,-0.024757,-0.128361,lower
L3,sst,0.96,0.9600,0.028600,-0.025311,-0.144601,lower
L3,sst,0.96,0.9600,0.030531,-0.025853,-0.158545,lower
L3,sst,0.96,0.9600,0.032543,-0.026382,-0.170353,lower
L3,sst,0.96,0.9600,0.034640,-0.026899,-0.180208,lower
L3,sst,0.96,0.9600,0.036823,-0.027404,-0.188311,lower
L3,sst,0.96,0.9600,0.039094,-0.027899,-0.194871,lower
L3,sst,0.96,0.9600,0.041456,-0.028383,-0.200099,lower
L3,sst,0.96,0.9600,0.043912,-0.028859,-0.204208,lower
L3,sst,0.96,0.9600,0.046463,-0.029326,-0.207402,lower
L3,sst,0.96,0.9600,0.049112,-0.029785,-0.209878,lower
L3,sst,0.96,0.9600,0.051862,-0.030238,-0.211817,lower
L3,sst,0.96,0.9600,0.054716,-0.030686,-0.213388,lower
L3,sst,0.96,0.9600,0.057676,-0.031129,-0.214741,lower
L3,sst,0.96,0.9600,0.060746,-0.031569,-0.216012,lower
L3,sst,0.96,0.9600,0.063928,-0.032006,-0.217314,lower
L3,sst,0.96,0.9600,0.067226,-0.032442,-0.218743,lower
L3,sst,0.96,0.9600,0.070643,-0.032877,-0.220381,lower
L3,sst,0.96,0.9600,0.074181,-0.033313,-0.222293,lower
L3,sst,0.96,0.9600,0.077844,-0.033751,-0.224527,lower
L3,sst,0.96,0.9600,0.081635,-0.034191,-0.227118,lower
L3,sst,0.96,0.9600,0.085558,-0.034634,-0.230084,lower
L3,sst,0.96,0.9600,0.089616,-0.035080,-0.233434,lower
L3,sst,0.96,0.9600,0.093813,-0.035530,-0.237163,lower
L3,sst,0.96,0.9600,0.098151,-0.035985,-0.241254,lower
L3,sst,0.96,0.9600,0.102634,-0.036444,-0.245682,lower
L3,sst,0.96,0.9600,0.107265,-0.036907,-0.250410,lower
L3,sst,0.96,0.9600,0.112049,-0.037375,-0.255391,lower
L3,sst,0.96,0.9600,0.116988,-0.037847,-0.260571,lower
L3,sst,0.96,0.9600,0.122085,-0.038323,-0.265887,lower
L3,sst,0.96,0.9600,0.127344,-0.038801,-0.271263,lower
L3,sst,0.96,0.9600,0.132769,-0.039282,-0.276618,lower
L3,sst,0.96,0.9600,0.138361,-0.039764,-0.281861,lower
L3,sst,0.96,0.9600,0.144125,-0.040246,-0.286895,lower
L3,sst,0.96,0.9600,0.150064,-0.040726,-0.291617,lower
L3,sst,0.96,0.9600,0.156179,-0.041204,-0.295918,lower
L3,sst,0.96,0.9600,0.162474,-0.041678,-0.299691,lower
L3,sst,0.96,0.9600,0.168952,-0.042147,-0.302834,lower
L3,sst,0.96,0.9600,0.175614,-0.042610,-0.305254,lower
L3,sst,0.96,0.9600,0.182464,-0.043064,-0.306871,lower
L3,sst,0.96,0.9600,0.189502,-0.043509,-0.307633,lower
L3,sst,0.96,0.9600,0.196731,-0.043942,-0.307517,lower
L3,sst,0.96,0.9600,0.204152,-0.044364,-0.306519,lower
L3,sst,0.96,0.9600,0.211767,-0.044773,-0.304675,lower
L3,sst,0.96,0.9600,0.219576,-0.045168,-0.302058,lower
L3,sst,0.96,0.9600,0.227580,-0.045547,-0.298759,lower
L3,sst,0.96,0.9600,0.235780,-0.045911,-0.294875,lower
L3,sst,0.96,0.9600,0.244175,-0.046258,-0.290535,lower
L3,sst,0.96,0.9600,0.252765,-0.046588,-0.285854,lower
L3,sst,0.96,0.9600,0.261551,-0.046900,-0.280930,lower
L3,sst,0.96,0.9600,0.270530,-0.047194,-0.275856,lower
L3,sst,0.96,0.9600,0.279701,-0.047468,-0.270737,lower
L3,sst,0.96,0.9600,0.289064,-0.047723,-0.265595,lower
L3,sst,0.96,0.9600,0.298615,-0.047957,-0.260437,lower
L3,sst,0.96,0.9600,0.308352,-0.048168,-0.255323,lower
L3,sst,0.96,0.9600,0.318273,-0.048357,-0.250217,lower
L3,sst,0.96,0.9600,0.328374,-0.048520,-0.245036,lower
L3,sst,0.96,0.9600,0.338651,-0.048657,-0.239699,lower
L3,sst,0.96,0.9600,0.349100,-0.048765,-0.234272,lower
L3,sst,0.96,0.9600,0.359716,-0.048843,-0.228590,lower
L3,sst,0.96,0.9600,0.370496,-0.048887,-0.222665,lower
L3,sst,0.96,0.9600,0.381432,-0.048894,-0.216583,lower
L3,sst,0.96,0.9600,0.392519,-0.048863,-0.210462,lower
L3,sst,0.96,0.9600,0.403751,-0.048790,-0.204392,lower
L3,sst,0.96,0.9600,0.415120,-0.048673,-0.198896,lower
L3,sst,0.96,0.9600,0.426620,-0.048509,-0.194650,lower
L3,sst,0.96,0.9600,0.438243,-0.048296,-0.191490,lower
L3,sst,0.96,0.9600,0.449982,-0.048033,-0.190392,lower
L3,sst,0.96,0.9600,0.461826,-0.047717,-0.191306,lower
L3,sst,0.96,0.9600,0.473769,-0.047347,-0.193841,lower
L3,sst,0.96,0.9600,0.485800,-0.046924,-0.196951,lower
L3,sst,0.96,0.9600,0.497911,-0.046447,-0.199668,lower
L3,sst,0.96,0.9600,0.510092,-0.045918,-0.200099,lower
L3,sst,0.96,0.9600,0.522334,-0.045337,-0.194808,lower
L3,sst,0.96,0.9600,0.534626,-0.044707,-0.184552,lower
L3,sst,0.96,0.9600,0.546959,-0.044030,-0.166812,lower
L3,sst,0.96,0.9600,0.559322,-0.043308,-0.142781,lower
L3,sst,0.96,0.9600,0.571705,-0.042545,-0.116727,lower
L3,sst,0.96,0.9600,0.584099,-0.041745,-0.091069,lower
L3,sst,0.96,0.9600,0.596493,-0.040910,-0.073167,lower
L3,sst,0.96,0.9600,0.608876,-0.040043,-0.066377,lower
L3,sst,0.96,0.9600,0.621239,-0.039149,-0.075193,lower
L3,sst,0.96,0.9600,0.633572,-0.038230,-0.093732,lower
L3,sst,0.96,0.9600,0.645864,-0.037290,-0.112119,lower
L3,sst,0.96,0.9600,0.658106,-0.036330,-0.125872,lower
L3,sst,0.96,0.9600,0.670288,-0.035354,-0.121387,lower
L3,sst,0.96,0.9600,0.682401,-0.034364,-0.100090,lower
L3,sst,0.96,0.9600,0.694435,-0.033360,-0.066386,lower
L3,sst,0.96,0.9600,0.706381,-0.032346,-0.028523,lower
L3,sst,0.96,0.9600,0.718230,-0.031322,-0.004795,lower
L3,sst,0.96,0.9600,0.729973,-0.030288,0.003792,lower
L3,sst,0.96,0.9600,0.741604,-0.029247,-0.010727,lower
L3,sst,0.96,0.9600,0.753112,-0.028199,-0.039722,lower
L3,sst,0.96,0.9600,0.764492,-0.027144,-0.059549,lower
L3,sst,0.96,0.9600,0.775735,-0.026084,-0.067833,lower
L3,sst,0.96,0.9600,0.786835,-0.025019,-0.053522,lower
L3,sst,0.96,0.9600,0.797785,-0.023949,-0.021367,lower
L3,sst,0.96,0.9600,0.808581,-0.022876,0.011645,lower
L3,sst,0.96,0.9600,0.819215,-0.021800,0.038329,lower
L3,sst,0.96,0.9600,0.829683,-0.020722,0.042830,lower
L3,sst,0.96,0.9600,0.839979,-0.019643,0.030994,lower
L3,sst,0.96,0.9600,0.850101,-0.018564,0.014419,lower
L3,sst,0.96,0.9600,0.860044,-0.017485,-0.000560,lower
L3,sst,0.96,0.9600,0.869805,-0.016409,0.003571,lower
L3,sst,0.96,0.9600,0.879380,-0.015336,0.023302,lower
L3,sst,0.96,0.9600,0.888767,-0.014267,0.051550,lower
L3,sst,0.96,0.9600,0.897965,-0.013204,0.080669,lower
L3,sst,0.96,0.9600,0.906971,-0.012147,0.093782,lower
L3,sst,0.96,0.9600,0.915784,-0.011100,0.095166,lower
L3,sst,0.96,0.9600,0.924403,-0.010062,0.089648,lower
L3,sst,0.96,0.9600,0.932828,-0.009037,0.083679,lower
L3,sst,0.96,0.9600,0.941059,-0.008025,0.092512,lower
L3,sst,0.96,0.9600,0.949096,-0.007029,0.111209,lower
L3,sst,0.96,0.9600,0.956938,-0.006050,0.134419,lower
L3,sst,0.96,0.9600,0.964589,-0.005093,0.157644,lower
L3,sst,0.96,0.9600,0.972047,-0.004158,0.168607,lower
L3,sst,0.96,0.9600,0.979316,-0.003249,0.174517,lower
L3,sst,0.96,0.9600,0.986396,-0.002368,0.184498,lower
L3,sst,0.96,0.9600,0.993290,-0.001519,0.192745,lower
L3,sst,0.96,0.9600,1.000000,-0.000705,0.217145,lower
L3,sst,0.99,0.9900,0.000000,0.000000,0.546644,upper
L3,sst,0.99,0.9900,0.000004,0.000389,0.534920,upper
L3,sst,0.99,0.9900,0.000019,0.000793,0.521660,upper
L3,sst,0.99,0.9900,0.000043,0.001214,0.506570,upper
L3,sst,0.99,0.9900,0.000080,0.001650,0.489648,upper
L3,sst,0.99,0.9900,0.000131,0.002104,0.470723,upper
L3,sst,0.99,0.9900,0.000196,0.002574,0.449678,upper
L3,sst,0.99,0.9900,0.000278,0.003062,0.426373,upper
L3,sst,0.99,0.9900,0.000377,0.003566,0.400687,upper
L3,sst,0.99,0.9900,0.000497,0.004088,0.372499,upper
L3,sst,0.99,0.9900,0.000638,0.004627,0.341709,upper
L3,sst,0.99,0.9900,0.000803,0.005183,0.308228,upper
L3,sst,0.99,0.9900,0.000993,0.005755,0.271992,upper
L3,sst,0.99,0.9900,0.001211,0.006343,0.232966,upper
L3,sst,0.99,0.9900,0.001458,0.006948,0.191149,upper
L3,sst,0.99,0.9900,0.001738,0.007567,0.146578,upper
L3,sst,0.99,0.9900,0.002052,0.008200,0.099334,upper
L3,sst,0.99,0.9900,0.002402,0.008847,0.049541,upper
L3,sst,0.99,0.9900,0.002791,0.009505,-0.002626,upper
L3,sst,0.99,0.9900,0.003221,0.010175,-0.056945,upper
L3,sst,0.99,0.9900,0.003694,0.010854,-0.113143,upper
L3,sst,0.99,0.9900,0.004212,0.011542,-0.170905,upper
L3,sst,0.99,0.9900,0.004777,0.012236,-0.229875,upper
L3,sst,0.99,0.9900,0.005392,0.012935,-0.289665,upper
L3,sst,0.99,0.9900,0.006058,0.013638,-0.349863,upper
L3,sst,0.99,0.9900,0.006777,0.014342,-0.410045,upper
L3,sst,0.99,0.9900,0.007551,0.015047,-0.469786,upper
L3,sst,0.99,0.9900,0.008382,0.015751,-0.528670,upper
L3,sst,0.99,0.9900,0.009271,0.016451,-0.586299,upper
L3,sst,0.99,0.9900,0.010219,0.017147,-0.642306,upper
L3,sst,0.99,0.9900,0.011228,0.017838,-0.696359,upper
L3,sst,0.99,0.9900,0.012300,0.018521,-0.748175,upper
L3,sst,0.99,0.9900,0.013436,0.019195,-0.797526,upper
L3,sst,0.99,0.9900,0.014637,0.019860,-0.844230,upper
L3,sst,0.99,0.9900,0.015904,0.020515,-0.888140,upper
L3,sst,0.99,0.9900,0.017239,0.021159,-0.929166,upper
L3,sst,0.99,0.9900,0.018643,0.021791,-0.967252,upper
L3,sst,0.99,0.9900,0.020117,0.022410,-1.002373,upper
L3,sst,0.99,0.9900,0.021664,0.023016,-1.034575,upper
L3,sst,0.99,0.9900,0.023284,0.023610,-1.063937,upper
L3,sst,0.99,0.9900,0.024979,0.024190,-1.090509,upper
L3,sst,0.99,0.9900,0.026750,0.024757,-1.114313,upper
L3,sst,0.99,0.9900,0.028600,0.025311,-1.135354,upper
L3,sst,0.99,0.9900,0.030531,0.025853,-1.153622,upper
L3,sst,0.99,0.9900,0.032543,0.026382,-1.169119,upper
L3,sst,0.99,0.9900,0.034640,0.026899,-1.181905,upper
L3,sst,0.99,0.9900,0.036823,0.027404,-1.192079,upper
L3,sst,0.99,0.9900,0.039094,0.027899,-1.199730,upper
L3,sst,0.99,0.9900,0.041456,0.028383,-1.204906,upper
L3,sst,0.99,0.9900,0.043911,0.028859,-1.207600,upper
L3,sst,0.99,0.9900,0.046463,0.029326,-1.207769,upper
L3,sst,0.99,0.9900,0.049112,0.029785,-1.205349,upper
L3,sst,0.99,0.9900,0.051862,0.030238,-1.200289,upper
L3,sst,0.99,0.9900,0.054716,0.030686,-1.192594,upper
L3,sst,0.99,0.9900,0.057676,0.031129,-1.182322,upper
L3,sst,0.99,0.9900,0.060746,0.031569,-1.169585,upper
L3,sst,0.99,0.9900,0.063928,0.032006,-1.154535,upper
L3,sst,0.99,0.9900,0.067226,0.032442,-1.137382,upper
L3,sst,0.99,0.9900,0.070642,0.032877,-1.118431,upper
L3,sst,0.99,0.9900,0.074181,0.033313,-1.098077,upper
L3,sst,0.99,0.9900,0.077844,0.033751,-1.076780,upper
L3,sst,0.99,0.9900,0.081635,0.034191,-1.055032,upper
L3,sst,0.99,0.9900,0.085558,0.034634,-1.033295,upper
L3,sst,0.99,0.9900,0.089616,0.035080,-1.011941,upper
L3,sst,0.99,0.9900,0.093813,0.035530,-0.991225,upper
L3,sst,0.99,0.9900,0.098151,0.035985,-0.971322,upper
L3,sst,0.99,0.9900,0.102634,0.036444,-0.952329,upper
L3,sst,0.99,0.9900,0.107265,0.036907,-0.934272,upper
L3,sst,0.99,0.9900,0.112049,0.037375,-0.917094,upper
L3,sst,0.99,0.9900,0.116988,0.037847,-0.900699,upper
L3,sst,0.99,0.9900,0.122085,0.038323,-0.885021,upper
L3,sst,0.99,0.9900,0.127344,0.038801,-0.869984,upper
L3,sst,0.99,0.9900,0.132769,0.039282,-0.855439,upper
L3,sst,0.99,0.9900,0.138361,0.039764,-0.841103,upper
L3,sst,0.99,0.9900,0.144125,0.040246,-0.826632,upper
L3,sst,0.99,0.9900,0.150063,0.040726,-0.811519,upper
L3,sst,0.99,0.9900,0.156179,0.041204,-0.794930,upper
L3,sst,0.99,0.9900,0.162474,0.041678,-0.775557,upper
L3,sst,0.99,0.9900,0.168952,0.042147,-0.751693,upper
L3,sst,0.99,0.9900,0.175614,0.042610,-0.721261,upper
L3,sst,0.99,0.9900,0.182464,0.043064,-0.682795,upper
L3,sst,0.99,0.9900,0.189502,0.043509,-0.636985,upper
L3,sst,0.99,0.9900,0.196731,0.043942,-0.587662,upper
L3,sst,0.99,0.9900,0.204152,0.044364,-0.541189,upper
L3,sst,0.99,0.9900,0.211767,0.044773,-0.502026,upper
L3,sst,0.99,0.9900,0.219576,0.045168,-0.469769,upper
L3,sst,0.99,0.9900,0.227580,0.045547,-0.440081,upper
L3,sst,0.99,0.9900,0.235779,0.045911,-0.414589,upper
L3,sst,0.99,0.9900,0.244175,0.046258,-0.393868,upper
L3,sst,0.99,0.9900,0.252765,0.046588,-0.373855,upper
L3,sst,0.99,0.9900,0.261551,0.046900,-0.355480,upper
L3,sst,0.99,0.9900,0.270530,0.047194,-0.338851,upper
L3,sst,0.99,0.9900,0.279701,0.047468,-0.324856,upper
L3,sst,0.99,0.9900,0.289064,0.047723,-0.314571,upper
L3,sst,0.99,0.9900,0.298615,0.047957,-0.306688,upper
L3,sst,0.99,0.9900,0.308352,0.048168,-0.300928,upper
L3,sst,0.99,0.9900,0.318273,0.048357,-0.296603,upper
L3,sst,0.99,0.9900,0.328374,0.048520,-0.292958,upper
L3,sst,0.99,0.9900,0.338651,0.048657,-0.290739,upper
L3,sst,0.99,0.9900,0.349100,0.048765,-0.290247,upper
L3,sst,0.99,0.9900,0.359716,0.048843,-0.291110,upper
L3,sst,0.99,0.9900,0.370496,0.048887,-0.292690,upper
L3,sst,0.99,0.9900,0.381432,0.048894,-0.294303,upper
L3,sst,0.99,0.9900,0.392519,0.048863,-0.295585,upper
L3,sst,0.99,0.9900,0.403750,0.048790,-0.296895,upper
L3,sst,0.99,0.9900,0.415120,0.048673,-0.298509,upper
L3,sst,0.99,0.9900,0.426620,0.048509,-0.299532,upper
L3,sst,0.99,0.9900,0.438243,0.048297,-0.299650,upper
L3,sst,0.99,0.9900,0.449981,0.048033,-0.299002,upper
L3,sst,0.99,0.9900,0.461826,0.047717,-0.297021,upper
L3,sst,0.99,0.9900,0.473769,0.047347,-0.294157,upper
L3,sst,0.99,0.9900,0.485800,0.046924,-0.290794,upper
L3,sst,0.99,0.9900,0.497911,0.046447,-0.286463,upper
L3,sst,0.99,0.9900,0.510092,0.045918,-0.281466,upper
L3,sst,0.99,0.9900,0.522334,0.045337,-0.275454,upper
L3,sst,0.99,0.9900,0.534626,0.044707,-0.268315,upper
L3,sst,0.99,0.9900,0.546959,0.044030,-0.260833,upper
L3,sst,0.99,0.9900,0.559322,0.043308,-0.253220,upper
L3,sst,0.99,0.9900,0.571705,0.042545,-0.246275,upper
L3,sst,0.99,0.9900,0.584099,0.041745,-0.240116,upper
L3,sst,0.99,0.9900,0.596493,0.040910,-0.234176,upper
L3,sst,0.99,0.9900,0.608876,0.040043,-0.228280,upper
L3,sst,0.99,0.9900,0.621239,0.039149,-0.221629,upper
L3,sst,0.99,0.9900,0.633572,0.038230,-0.214136,upper
L3,sst,0.99,0.9900,0.645864,0.037290,-0.206328,upper
L3,sst,0.99,0.9900,0.658106,0.036330,-0.198197,upper
L3,sst,0.99,0.9900,0.670288,0.035354,-0.190276,upper
L3,sst,0.99,0.9900,0.682401,0.034364,-0.182828,upper
L3,sst,0.99,0.9900,0.694435,0.033360,-0.175309,upper
L3,sst,0.99,0.9900,0.706381,0.032346,-0.168031,upper
L3,sst,0.99,0.9900,0.718230,0.031322,-0.160787,upper
L3,sst,0.99,0.9900,0.729973,0.030288,-0.153278,upper
L3,sst,0.99,0.9900,0.741604,0.029247,-0.146440,upper
L3,sst,0.99,0.9900,0.753112,0.028199,-0.139759,upper
L3,sst,0.99,0.9900,0.764492,0.027144,-0.133157,upper
L3,sst,0.99,0.9900,0.775735,0.026084,-0.126786,upper
L3,sst,0.99,0.9900,0.786835,0.025019,-0.119053,upper
L3,sst,0.99,0.9900,0.797786,0.023949,-0.110744,upper
L3,sst,0.99,0.9900,0.808581,0.022876,-0.102113,upper
L3,sst,0.99,0.9900,0.819215,0.021800,-0.093108,upper
L3,sst,0.99,0.9900,0.829682,0.020722,-0.086311,upper
L3,sst,0.99,0.9900,0.839979,0.019643,-0.080627,upper
L3,sst,0.99,0.9900,0.850101,0.018564,-0.075446,upper
L3,sst,0.99,0.9900,0.860044,0.017485,-0.069904,upper
L3,sst,0.99,0.9900,0.869805,0.016409,-0.059931,upper
L3,sst,0.99,0.9900,0.879380,0.015336,-0.047074,upper
L3,sst,0.99,0.9900,0.888767,0.014267,-0.032135,upper
L3,sst,0.99,0.9900,0.897965,0.013204,-0.017118,upper
L3,sst,0.99,0.9900,0.906971,0.012147,-0.007377,upper
L3,sst,0.99,0.9900,0.915784,0.011100,-0.001553,upper
L3,sst,0.99,0.9900,0.924403,0.010062,0.000336,upper
L3,sst,0.99,0.9900,0.932829,0.009037,0.001998,upper
L3,sst,0.99,0.9900,0.941059,0.008025,0.010092,upper
L3,sst,0.99,0.9900,0.949096,0.007029,0.023333,upper
L3,sst,0.99,0.9900,0.956939,0.006050,0.042716,upper
L3,sst,0.99,0.9900,0.964589,0.005093,0.064740,upper
L3,sst,0.99,0.9900,0.972047,0.004158,0.083966,upper
L3,sst,0.99,0.9900,0.979316,0.003249,0.100310,upper
L3,sst,0.99,0.9900,0.986396,0.002368,0.108977,upper
L3,sst,0.99,0.9900,0.993290,0.001519,0.111555,upper
L3,sst,0.99,0.9900,1.000000,0.000705,0.138256,upper
L3,sst,0.99,0.9900,0.000000,0.000000,0.546644,lower
L3,sst,0.99,0.9900,0.000004,-0.000389,0.557523,lower
L3,sst,0.99,0.9900,0.000019,-0.000793,0.567596,lower
L3,sst,0.99,0.9900,0.000043,-0.001214,0.576718,lower
L3,sst,0.99,0.9900,0.000080,-0.001650,0.584865,lower
L3,sst,0.99,0.9900,0.000131,-0.002104,0.591853,lower
L3,sst,0.99,0.9900,0.000196,-0.002574,0.597528,lower
L3,sst,0.99,0.9900,0.000278,-0.003062,0.601711,lower
L3,sst,0.99,0.9900,0.000377,-0.003566,0.604220,lower
L3,sst,0.99,0.9900,0.000497,-0.004088,0.604872,lower
L3,sst,0.99,0.9900,0.000638,-0.004627,0.603478,lower
L3,sst,0.99,0.9900,0.000803,-0.005183,0.599851,lower
L3,sst,0.99,0.9900,0.000993,-0.005755,0.593808,lower
L3,sst,0.99,0.9900,0.001211,-0.006343,0.585183,lower
L3,sst,0.99,0.9900,0.001458,-0.006948,0.573825,lower
L3,sst,0.99,0.9900,0.001738,-0.007567,0.559609,lower
L3,sst,0.99,0.9900,0.002052,-0.008200,0.542442,lower
L3,sst,0.99,0.9900,0.002402,-0.008847,0.522268,lower
L3,sst,0.99,0.9900,0.002791,-0.009505,0.499074,lower
L3,sst,0.99,0.9900,0.003221,-0.010175,0.472896,lower
L3,sst,0.99,0.9900,0.003694,-0.010854,0.443824,lower
L3,sst,0.99,0.9900,0.004212,-0.011542,0.412004,lower
L3,sst,0.99,0.9900,0.004777,-0.012236,0.377636,lower
L3,sst,0.99,0.9900,0.005392,-0.012935,0.340979,lower
L3,sst,0.99,0.9900,0.006058,-0.013638,0.302341,lower
L3,sst,0.99,0.9900,0.006777,-0.014342,0.262074,lower
L3,sst,0.99,0.9900,0.007551,-0.015047,0.220568,lower
L3,sst,0.99,0.9900,0.008382,-0.015751,0.178238,lower
L3,sst,0.99,0.9900,0.009271,-0.016451,0.135513,lower
L3,sst,0.99,0.9900,0.010219,-0.017147,0.092826,lower
L3,sst,0.99,0.9900,0.011228,-0.017838,0.050602,lower
L3,sst,0.99,0.9900,0.012300,-0.018521,0.009245,lower
L3,sst,0.99,0.9900,0.013436,-0.019195,-0.030867,lower
L3,sst,0.99,0.9900,0.014637,-0.019860,-0.069392,lower
L3,sst,0.99,0.9900,0.015904,-0.020515,-0.106029,lower
L3,sst,0.99,0.9900,0.017239,-0.021159,-0.140522,lower
L3,sst,0.99,0.9900,0.018643,-0.021791,-0.172663,lower
L3,sst,0.99,0.9900,0.020117,-0.022410,-0.202289,lower
L3,sst,0.99,0.9900,0.021664,-0.023016,-0.229284,lower
L3,sst,0.99,0.9900,0.023284,-0.023610,-0.253577,lower
L3,sst,0.99,0.9900,0.024979,-0.024190,-0.275139,lower
L3,sst,0.99,0.9900,0.026750,-0.024757,-0.293981,lower
L3,sst,0.99,0.9900,0.028600,-0.025311,-0.310157,lower
L3,sst,0.99,0.9900,0.030531,-0.025853,-0.323753,lower
L3,sst,0.99,0.9900,0.032543,-0.026382,-0.334891,lower
L3,sst,0.99,0.9900,0.034640,-0.026899,-0.343720,lower
L3,sst,0.99,0.9900,0.036823,-0.027404,-0.350415,lower
L3,sst,0.99,0.9900,0.039094,-0.027899,-0.355173,lower
L3,sst,0.99,0.9900,0.041456,-0.028383,-0.358211,lower
L3,sst,0.99,0.9900,0.043911,-0.028859,-0.359752,lower
L3,sst,0.99,0.9900,0.046463,-0.029326,-0.360026,lower
L3,sst,0.99,0.9900,0.049112,-0.029785,-0.359262,lower
L3,sst,0.99,0.9900,0.051862,-0.030238,-0.357681,lower
L3,sst,0.99,0.9900,0.054716,-0.030686,-0.355491,lower
L3,sst,0.99,0.9900,0.057676,-0.031129,-0.352889,lower
L3,sst,0.99,0.9900,0.060746,-0.031569,-0.350049,lower
L3,sst,0.99,0.9900,0.063928,-0.032006,-0.347122,lower
L3,sst,0.99,0.9900,0.067226,-0.032442,-0.344236,lower
L3,sst,0.99,0.9900,0.070642,-0.032877,-0.341495,lower
L3,sst,0.99,0.9900,0.074181,-0.033313,-0.338981,lower
L3,sst,0.99,0.9900,0.077844,-0.033751,-0.336754,lower
L3,sst,0.99,0.9900,0.081635,-0.034191,-0.334852,lower
L3,sst,0.99,0.9900,0.085558,-0.034634,-0.333294,lower
L3,sst,0.99,0.9900,0.089616,-0.035080,-0.332077,lower
L3,sst,0.99,0.9900,0.093813,-0.035530,-0.331188,lower
L3,sst,0.99,0.9900,0.098151,-0.035985,-0.330595,lower
L3,sst,0.99,0.9900,0.102634,-0.036444,-0.330253,lower
L3,sst,0.99,0.9900,0.107265,-0.036907,-0.330108,lower
L3,sst,0.99,0.9900,0.112049,-0.037375,-0.330093,lower
L3,sst,0.99,0.9900,0.116988,-0.037847,-0.330135,lower
L3,sst,0.99,0.9900,0.122085,-0.038323,-0.330153,lower
L3,sst,0.99,0.9900,0.127344,-0.038801,-0.330062,lower
L3,sst,0.99,0.9900,0.132769,-0.039282,-0.329770,lower
L3,sst,0.99,0.9900,0.138361,-0.039764,-0.329191,lower
L3,sst,0.99,0.9900,0.144125,-0.040246,-0.328240,lower
L3,sst,0.99,0.9900,0.150063,-0.040726,-0.326837,lower
L3,sst,0.99,0.9900,0.156179,-0.041204,-0.324912,lower
L3,sst,0.99,0.9900,0.162474,-0.041678,-0.322410,lower
L3,sst,0.99,0.9900,0.168952,-0.042147,-0.319289,lower
L3,sst,0.99,0.9900,0.175614,-0.042610,-0.315519,lower
L3,sst,0.99,0.9900,0.182464,-0.043064,-0.311093,lower
L3,sst,0.99,0.9900,0.189502,-0.043509,-0.306021,lower
L3,sst,0.99,0.9900,0.196731,-0.043942,-0.300325,lower
L3,sst,0.99,0.9900,0.204152,-0.044364,-0.294038,lower
L3,sst,0.99,0.9900,0.211767,-0.044773,-0.287226,lower
L3,sst,0.99,0.9900,0.219576,-0.045168,-0.279954,lower
L3,sst,0.99,0.9900,0.227580,-0.045547,-0.272299,lower
L3,sst,0.99,0.9900,0.235779,-0.045911,-0.264364,lower
L3,sst,0.99,0.9900,0.244175,-0.046258,-0.256267,lower
L3,sst,0.99,0.9900,0.252765,-0.046588,-0.248097,lower
L3,sst,0.99,0.9900,0.261551,-0.046900,-0.239944,lower
L3,sst,0.99,0.9900,0.270530,-0.047194,-0.231950,lower
L3,sst,0.99,0.9900,0.279701,-0.047468,-0.224175,lower
L3,sst,0.99,0.9900,0.289064,-0.047723,-0.216666,lower
L3,sst,0.99,0.9900,0.298615,-0.047957,-0.209459,lower
L3,sst,0.99,0.9900,0.308352,-0.048168,-0.202657,lower
L3,sst,0.99,0.9900,0.318273,-0.048357,-0.196220,lower
L3,sst,0.99,0.9900,0.328374,-0.048520,-0.190179,lower
L3,sst,0.99,0.9900,0.338651,-0.048657,-0.184622,lower
L3,sst,0.99,0.9900,0.349100,-0.048765,-0.179587,lower
L3,sst,0.99,0.9900,0.359716,-0.048843,-0.175128,lower
L3,sst,0.99,0.9900,0.370496,-0.048887,-0.171453,lower
L3,sst,0.99,0.9900,0.381432,-0.048894,-0.168741,lower
L3,sst,0.99,0.9900,0.392519,-0.048863,-0.166845,lower
L3,sst,0.99,0.9900,0.403750,-0.048790,-0.166008,lower
L3,sst,0.99,0.9900,0.415120,-0.048673,-0.166288,lower
L3,sst,0.99,0.9900,0.426620,-0.048509,-0.167621,lower
L3,sst,0.99,0.9900,0.438243,-0.048297,-0.169391,lower
L3,sst,0.99,0.9900,0.449981,-0.048033,-0.171526,lower
L3,sst,0.99,0.9900,0.461826,-0.047717,-0.173079,lower
L3,sst,0.99,0.9900,0.473769,-0.047347,-0.172524,lower
L3,sst,0.99,0.9900,0.485800,-0.046924,-0.169971,lower
L3,sst,0.99,0.9900,0.497911,-0.046447,-0.163756,lower
L3,sst,0.99,0.9900,0.510092,-0.045918,-0.153443,lower
L3,sst,0.99,0.9900,0.522334,-0.045337,-0.139219,lower
L3,sst,0.99,0.9900,0.534626,-0.044707,-0.122453,lower
L3,sst,0.99,0.9900,0.546959,-0.044030,-0.105296,lower
L3,sst,0.99,0.9900,0.559322,-0.043308,-0.090603,lower
L3,sst,0.99,0.9900,0.571705,-0.042545,-0.083157,lower
L3,sst,0.99,0.9900,0.584099,-0.041745,-0.081651,lower
L3,sst,0.99,0.9900,0.596493,-0.040910,-0.087763,lower
L3,sst,0.99,0.9900,0.608876,-0.040043,-0.098328,lower
L3,sst,0.99,0.9900,0.621239,-0.039149,-0.104812,lower
L3,sst,0.99,0.9900,0.633572,-0.038230,-0.106669,lower
L3,sst,0.99,0.9900,0.645864,-0.037290,-0.097763,lower
L3,sst,0.99,0.9900,0.658106,-0.036330,-0.079077,lower
L3,sst,0.99,0.9900,0.670288,-0.035354,-0.057077,lower
L3,sst,0.99,0.9900,0.682401,-0.034364,-0.035429,lower
L3,sst,0.99,0.9900,0.694435,-0.033360,-0.023219,lower
L3,sst,0.99,0.9900,0.706381,-0.032346,-0.021841,lower
L3,sst,0.99,0.9900,0.718230,-0.031322,-0.031960,lower
L3,sst,0.99,0.9900,0.729973,-0.030288,-0.047919,lower
L3,sst,0.99,0.9900,0.741604,-0.029247,-0.058229,lower
L3,sst,0.99,0.9900,0.753112,-0.028199,-0.059791,lower
L3,sst,0.99,0.9900,0.764492,-0.027144,-0.046072,lower
L3,sst,0.99,0.9900,0.775735,-0.026084,-0.022073,lower
L3,sst,0.99,0.9900,0.786835,-0.025019,0.002425,lower
L3,sst,0.99,0.9900,0.797786,-0.023949,0.020620,lower
L3,sst,0.99,0.9900,0.808581,-0.022876,0.020748,lower
L3,sst,0.99,0.9900,0.819215,-0.021800,0.010010,lower
L3,sst,0.99,0.9900,0.829682,-0.020722,-0.004511,lower
L3,sst,0.99,0.9900,0.839979,-0.019643,-0.017072,lower
L3,sst,0.99,0.9900,0.850101,-0.018564,-0.013185,lower
L3,sst,0.99,0.9900,0.860044,-0.017485,0.003058,lower
L3,sst,0.99,0.9900,0.869805,-0.016409,0.028060,lower
L3,sst,0.99,0.9900,0.879380,-0.015336,0.054085,lower
L3,sst,0.99,0.9900,0.888767,-0.014267,0.066044,lower
L3,sst,0.99,0.9900,0.897965,-0.013204,0.067426,lower
L3,sst,0.99,0.9900,0.906971,-0.012147,0.059096,lower
L3,sst,0.99,0.9900,0.915784,-0.011100,0.048137,lower
L3,sst,0.99,0.9900,0.924403,-0.010062,0.048545,lower
L3,sst,0.99,0.9900,0.932829,-0.009037,0.058126,lower
L3,sst,0.99,0.9900,0.941059,-0.008025,0.077100,lower
L3,sst,0.99,0.9900,0.949096,-0.007029,0.099222,lower
L3,sst,0.99,0.9900,0.956939,-0.006050,0.112744,lower
L3,sst,0.99,0.9900,0.964589,-0.005093,0.119115,lower
L3,sst,0.99,0.9900,0.972047,-0.004158,0.118420,lower
L3,sst,0.99,0.9900,0.979316,-0.003249,0.116434,lower
L3,sst,0.99,0.9900,0.986396,-0.002368,0.122447,lower
L3,sst,0.99,0.9900,0.993290,-0.001519,0.130525,lower
L3,sst,0.99,0.9900,1.000000,-0.000705,0.148421,lower
L3,sa,0.20,0.2000,-0.000000,0.000000,0.803405,upper
L3,sa,0.20,0.2000,0.000004,0.000389,0.792415,upper
L3,sa,0.20,0.2000,0.000019,0.000793,0.779902,upper
L3,sa,0.20,0.2000,0.000043,0.001214,0.765573,upper
L3,sa,0.20,0.2000,0.000080,0.001650,0.749426,upper
L3,sa,0.20,0.2000,0.000131,0.002104,0.731285,upper
L3,sa,0.20,0.2000,0.000196,0.002574,0.711028,upper
L3,sa,0.20,0.2000,0.000278,0.003062,0.688509,upper
L3,sa,0.20,0.2000,0.000377,0.003566,0.663596,upper
L3,sa,0.20,0.2000,0.000497,0.004088,0.636163,upper
L3,sa,0.20,0.2000,0.000638,0.004627,0.606094,upper
L3,sa,0.20,0.2000,0.000803,0.005183,0.573295,upper
L3,sa,0.20,0.2000,0.000993,0.005755,0.537688,upper
L3,sa,0.20,0.2000,0.001211,0.006343,0.499226,upper
L3,sa,0.20,0.2000,0.001458,0.006948,0.457893,upper
L3,sa,0.20,0.2000,0.001738,0.007567,0.413710,upper
L3,sa,0.20,0.2000,0.002052,0.008200,0.366739,upper
L3,sa,0.20,0.2000,0.002402,0.008847,0.317092,upper
L3,sa,0.20,0.2000,0.002791,0.009505,0.264928,upper
L3,sa,0.20,0.2000,0.003221,0.010175,0.210458,upper
L3,sa,0.20,0.2000,0.003694,0.010854,0.153942,upper
L3,sa,0.20,0.2000,0.004212,0.011542,0.095689,upper
L3,sa,0.20,0.2000,0.004777,0.012236,0.036054,upper
L3,sa,0.20,0.2000,0.005392,0.012935,-0.024575,upper
L3,sa,0.20,0.2000,0.006058,0.013638,-0.085781,upper
L3,sa,0.20,0.2000,0.006777,0.014342,-0.147131,upper
L3,sa,0.20,0.2000,0.007551,0.015047,-0.208186,upper
L3,sa,0.20,0.2000,0.008382,0.015751,-0.268513,upper
L3,sa,0.20,0.2000,0.009271,0.016451,-0.327694,upper
L3,sa,0.20,0.2000,0.010219,0.017147,-0.385335,upper
L3,sa,0.20,0.2000,0.011228,0.017838,-0.441080,upper
L3,sa,0.20,0.2000,0.012300,0.018521,-0.494613,upper
L3,sa,0.20,0.2000,0.013436,0.019195,-0.545664,upper
L3,sa,0.20,0.2000,0.014637,0.019860,-0.594013,upper
L3,sa,0.20,0.2000,0.015904,0.020515,-0.639499,upper
L3,sa,0.20,0.2000,0.017239,0.021159,-0.681995,upper
L3,sa,0.20,0.2000,0.018643,0.021791,-0.721388,upper
L3,sa,0.20,0.2000,0.020117,0.022410,-0.757624,upper
L3,sa,0.20,0.2000,0.021664,0.023016,-0.790709,upper
L3,sa,0.20,0.2000,0.023284,0.023610,-0.820657,upper
L3,sa,0.20,0.2000,0.024979,0.024190,-0.847498,upper
L3,sa,0.20,0.2000,0.026750,0.024757,-0.871277,upper
L3,sa,0.20,0.2000,0.028600,0.025311,-0.892049,upper
L3,sa,0.20,0.2000,0.030531,0.025853,-0.909874,upper
L3,sa,0.20,0.2000,0.032543,0.026382,-0.924813,upper
L3,sa,0.20,0.2000,0.034640,0.026899,-0.936911,upper
L3,sa,0.20,0.2000,0.036823,0.027404,-0.946207,upper
L3,sa,0.20,0.2000,0.039094,0.027899,-0.952725,upper
L3,sa,0.20,0.2000,0.041456,0.028383,-0.956440,upper
L3,sa,0.20,0.2000,0.043912,0.028859,-0.957320,upper
L3,sa,0.20,0.2000,0.046463,0.029326,-0.955078,upper
L3,sa,0.20,0.2000,0.049112,0.029785,-0.948953,upper
L3,sa,0.20,0.2000,0.051862,0.030238,-0.937628,upper
L3,sa,0.20,0.2000,0.054716,0.030686,-0.920022,upper
L3,sa,0.20,0.2000,0.057676,0.031129,-0.895040,upper
L3,sa,0.20,0.2000,0.060746,0.031569,-0.855193,upper
L3,sa,0.20,0.2000,0.063928,0.032006,-0.797787,upper
L3,sa,0.20,0.2000,0.067226,0.032442,-0.721841,upper
L3,sa,0.20,0.2000,0.070643,0.032877,-0.623559,upper
L3,sa,0.20,0.2000,0.074181,0.033313,-0.546860,upper
L3,sa,0.20,0.2000,0.077844,0.033751,-0.517970,upper
L3,sa,0.20,0.2000,0.081635,0.034191,-0.507193,upper
L3,sa,0.20,0.2000,0.085558,0.034634,-0.495007,upper
L3,sa,0.20,0.2000,0.089616,0.035080,-0.477294,upper
L3,sa,0.20,0.2000,0.093813,0.035530,-0.456244,upper
L3,sa,0.20,0.2000,0.098151,0.035985,-0.438173,upper
L3,sa,0.20,0.2000,0.102634,0.036444,-0.431518,upper
L3,sa,0.20,0.2000,0.107265,0.036907,-0.435856,upper
L3,sa,0.20,0.2000,0.112049,0.037375,-0.446617,upper
L3,sa,0.20,0.2000,0.116988,0.037847,-0.456811,upper
L3,sa,0.20,0.2000,0.122085,0.038323,-0.461216,upper
L3,sa,0.20,0.2000,0.127344,0.038801,-0.461517,upper
L3,sa,0.20,0.2000,0.132769,0.039282,-0.460075,upper
L3,sa,0.20,0.2000,0.138361,0.039764,-0.458959,upper
L3,sa,0.20,0.2000,0.144125,0.040246,-0.459807,upper
L3,sa,0.20,0.2000,0.150063,0.040726,-0.462145,upper
L3,sa,0.20,0.2000,0.156179,0.041204,-0.465543,upper
L3,sa,0.20,0.2000,0.162474,0.041678,-0.469474,upper
L3,sa,0.20,0.2000,0.168952,0.042147,-0.473409,upper
L3,sa,0.20,0.2000,0.175614,0.042610,-0.477282,upper
L3,sa,0.20,0.2000,0.182464,0.043064,-0.481046,upper
L3,sa,0.20,0.2000,0.189502,0.043509,-0.484683,upper
L3,sa,0.20,0.2000,0.196731,0.043942,-0.488236,upper
L3,sa,0.20,0.2000,0.204152,0.044364,-0.491732,upper
L3,sa,0.20,0.2000,0.211767,0.044773,-0.495183,upper
L3,sa,0.20,0.2000,0.219576,0.045168,-0.498551,upper
L3,sa,0.20,0.2000,0.227580,0.045547,-0.501759,upper
L3,sa,0.20,0.2000,0.235780,0.045911,-0.504690,upper
L3,sa,0.20,0.2000,0.244175,0.046258,-0.507259,upper
L3,sa,0.20,0.2000,0.252765,0.046588,-0.509417,upper
L3,sa,0.20,0.2000,0.261551,0.046900,-0.511166,upper
L3,sa,0.20,0.2000,0.270530,0.047194,-0.512701,upper
L3,sa,0.20,0.2000,0.279701,0.047468,-0.514237,upper
L3,sa,0.20,0.2000,0.289064,0.047723,-0.516048,upper
L3,sa,0.20,0.2000,0.298615,0.047957,-0.518425,upper
L3,sa,0.20,0.2000,0.308352,0.048168,-0.521547,upper
L3,sa,0.20,0.2000,0.318273,0.048357,-0.525554,upper
L3,sa,0.20,0.2000,0.328374,0.048520,-0.530530,upper
L3,sa,0.20,0.2000,0.338651,0.048657,-0.536503,upper
L3,sa,0.20,0.2000,0.349100,0.048765,-0.543408,upper
L3,sa,0.20,0.2000,0.359716,0.048843,-0.551156,upper
L3,sa,0.20,0.2000,0.370496,0.048887,-0.559622,upper
L3,sa,0.20,0.2000,0.381432,0.048894,-0.568663,upper
L3,sa,0.20,0.2000,0.392519,0.048863,-0.578180,upper
L3,sa,0.20,0.2000,0.403751,0.048790,-0.588063,upper
L3,sa,0.20,0.2000,0.415120,0.048673,-0.598191,upper
L3,sa,0.20,0.2000,0.426620,0.048509,-0.608435,upper
L3,sa,0.20,0.2000,0.438243,0.048296,-0.618666,upper
L3,sa,0.20,0.2000,0.449981,0.048033,-0.628743,upper
L3,sa,0.20,0.2000,0.461826,0.047717,-0.638526,upper
L3,sa,0.20,0.2000,0.473769,0.047347,-0.647879,upper
L3,sa,0.20,0.2000,0.485800,0.046924,-0.656654,upper
L3,sa,0.20,0.2000,0.497911,0.046447,-0.664736,upper
L3,sa,0.20,0.2000,0.510092,0.045918,-0.672047,upper
L3,sa,0.20,0.2000,0.522334,0.045337,-0.678502,upper
L3,sa,0.20,0.2000,0.534626,0.044707,-0.684037,upper
L3,sa,0.20,0.2000,0.546959,0.044030,-0.688558,upper
L3,sa,0.20,0.2000,0.559322,0.043308,-0.691896,upper
L3,sa,0.20,0.2000,0.571705,0.042545,-0.693661,upper
L3,sa,0.20,0.2000,0.584099,0.041745,-0.692550,upper
L3,sa,0.20,0.2000,0.596493,0.040910,-0.684457,upper
L3,sa,0.20,0.2000,0.608876,0.040043,-0.657488,upper
L3,sa,0.20,0.2000,0.621239,0.039149,-0.594532,upper
L3,sa,0.20,0.2000,0.633572,0.038230,-0.490650,upper
L3,sa,0.20,0.2000,0.645864,0.037290,-0.368983,upper
L3,sa,0.20,0.2000,0.658106,0.036330,-0.271458,upper
L3,sa,0.20,0.2000,0.670288,0.035354,-0.211286,upper
L3,sa,0.20,0.2000,0.682401,0.034364,-0.173313,upper
L3,sa,0.20,0.2000,0.694435,0.033360,-0.149785,upper
L3,sa,0.20,0.2000,0.706381,0.032346,-0.137242,upper
L3,sa,0.20,0.2000,0.718230,0.031322,-0.130509,upper
L3,sa,0.20,0.2000,0.729973,0.030288,-0.123668,upper
L3,sa,0.20,0.2000,0.741604,0.029247,-0.113511,upper
L3,sa,0.20,0.2000,0.753112,0.028199,-0.101695,upper
L3,sa,0.20,0.2000,0.764492,0.027144,-0.091983,upper
L3,sa,0.20,0.2000,0.775735,0.026084,-0.084606,upper
L3,sa,0.20,0.2000,0.786835,0.025019,-0.076000,upper
L3,sa,0.20,0.2000,0.797785,0.023949,-0.064070,upper
L3,sa,0.20,0.2000,0.808581,0.022876,-0.050154,upper
L3,sa,0.20,0.2000,0.819215,0.021800,-0.037039,upper
L3,sa,0.20,0.2000,0.829682,0.020722,-0.026008,upper
L3,sa,0.20,0.2000,0.839979,0.019643,-0.015261,upper
L3,sa,0.20,0.2000,0.850101,0.018564,-0.003289,upper
L3,sa,0.20,0.2000,0.860044,0.017485,0.009503,upper
L3,sa,0.20,0.2000,0.869805,0.016409,0.022064,upper
L3,sa,0.20,0.2000,0.879380,0.015336,0.034173,upper
L3,sa,0.20,0.2000,0.888767,0.014267,0.047391,upper
L3,sa,0.20,0.2000,0.897965,0.013204,0.062472,upper
L3,sa,0.20,0.2000,0.906971,0.012147,0.078097,upper
L3,sa,0.20,0.2000,0.915784,0.011100,0.093122,upper
L3,sa,0.20,0.2000,0.924403,0.010062,0.107692,upper
L3,sa,0.20,0.2000,0.932829,0.009037,0.122612,upper
L3,sa,0.20,0.2000,0.941059,0.008025,0.138393,upper
L3,sa,0.20,0.2000,0.949096,0.007029,0.155001,upper
L3,sa,0.20,0.2000,0.956938,0.006050,0.171896,upper
L3,sa,0.20,0.2000,0.964589,0.005093,0.188297,upper
L3,sa,0.20,0.2000,0.972047,0.004158,0.204387,upper
L3,sa,0.20,0.2000,0.979316,0.003249,0.220669,upper
L3,sa,0.20,0.2000,0.986396,0.002368,0.236551,upper
L3,sa,0.20,0.2000,0.993290,0.001519,0.249813,upper
L3,sa,0.20,0.2000,1.000000,0.000705,0.275337,upper
L3,sa,0.20,0.2000,-0.000000,0.000000,0.803405,lower
L3,sa,0.20,0.2000,0.000004,-0.000389,0.813560,lower
L3,sa,0.20,0.2000,0.000019,-0.000793,0.822881,lower
L3,sa,0.20,0.2000,0.000043,-0.001214,0.831215,lower
L3,sa,0.20,0.2000,0.000080,-0.001650,0.838548,lower
L3,sa,0.20,0.2000,0.000131,-0.002104,0.844698,lower
L3,sa,0.20,0.2000,0.000196,-0.002574,0.849516,lower
L3,sa,0.20,0.2000,0.000278,-0.003062,0.852829,lower
L3,sa,0.20,0.2000,0.000377,-0.003566,0.854461,lower
L3,sa,0.20,0.2000,0.000497,-0.004088,0.854236,lower
L3,sa,0.20,0.2000,0.000638,-0.004627,0.851977,lower
L3,sa,0.20,0.2000,0.000803,-0.005183,0.847507,lower
L3,sa,0.20,0.2000,0.000993,-0.005755,0.840660,lower
L3,sa,0.20,0.2000,0.001211,-0.006343,0.831282,lower
L3,sa,0.20,0.2000,0.001458,-0.006948,0.819239,lower
L3,sa,0.20,0.2000,0.001738,-0.007567,0.804422,lower
L3,sa,0.20,0.2000,0.002052,-0.008200,0.786755,lower
L3,sa,0.20,0.2000,0.002402,-0.008847,0.766199,lower
L3,sa,0.20,0.2000,0.002791,-0.009505,0.742763,lower
L3,sa,0.20,0.2000,0.003221,-0.010175,0.716503,lower
L3,sa,0.20,0.2000,0.003694,-0.010854,0.687530,lower
L3,sa,0.20,0.2000,0.004212,-0.011542,0.656012,lower
L3,sa,0.20,0.2000,0.004777,-0.012236,0.622172,lower
L3,sa,0.20,0.2000,0.005392,-0.012935,0.586290,lower
L3,sa,0.20,0.2000,0.006058,-0.013638,0.548692,lower
L3,sa,0.20,0.2000,0.006777,-0.014342,0.509752,lower
L3,sa,0.20,0.2000,0.007551,-0.015047,0.469874,lower
L3,sa,0.20,0.2000,0.008382,-0.015751,0.429487,lower
L3,sa,0.20,0.2000,0.009271,-0.016451,0.389031,lower
L3,sa,0.20,0.2000,0.010219,-0.017147,0.348948,lower
L3,sa,0.20,0.2000,0.011228,-0.017838,0.309664,lower
L3,sa,0.20,0.2000,0.012300,-0.018521,0.271584,lower
L3,sa,0.20,0.2000,0.013436,-0.019195,0.235076,lower
L3,sa,0.20,0.2000,0.014637,-0.019860,0.200467,lower
L3,sa,0.20,0.2000,0.015904,-0.020515,0.168035,lower
L3,sa,0.20,0.2000,0.017239,-0.021159,0.138003,lower
L3,sa,0.20,0.2000,0.018643,-0.021791,0.110538,lower
L3,sa,0.20,0.2000,0.020117,-0.022410,0.085750,lower
L3,sa,0.20,0.2000,0.021664,-0.023016,0.063693,lower
L3,sa,0.20,0.2000,0.023284,-0.023610,0.044365,lower
L3,sa,0.20,0.2000,0.024979,-0.024190,0.027717,lower
L3,sa,0.20,0.2000,0.026750,-0.024757,0.013651,lower
L3,sa,0.20,0.2000,0.028600,-0.025311,0.002034,lower
L3,sa,0.20,0.2000,0.030531,-0.025853,-0.007304,lower
L3,sa,0.20,0.2000,0.032543,-0.026382,-0.014554,lower
L3,sa,0.20,0.2000,0.034640,-0.026899,-0.019928,lower
L3,sa,0.20,0.2000,0.036823,-0.027404,-0.023645,lower
L3,sa,0.20,0.2000,0.039094,-0.027899,-0.025931,lower
L3,sa,0.20,0.2000,0.041456,-0.028383,-0.027010,lower
L3,sa,0.20,0.2000,0.043912,-0.028859,-0.027097,lower
L3,sa,0.20,0.2000,0.046463,-0.029326,-0.026399,lower
L3,sa,0.20,0.2000,0.049112,-0.029785,-0.025110,lower
L3,sa,0.20,0.2000,0.051862,-0.030238,-0.023406,lower
L3,sa,0.20,0.2000,0.054716,-0.030686,-0.021453,lower
L3,sa,0.20,0.2000,0.057676,-0.031129,-0.019394,lower
L3,sa,0.20,0.2000,0.060746,-0.031569,-0.017361,lower
L3,sa,0.20,0.2000,0.063928,-0.032006,-0.015467,lower
L3,sa,0.20,0.2000,0.067226,-0.032442,-0.013811,lower
L3,sa,0.20,0.2000,0.070643,-0.032877,-0.012478,lower
L3,sa,0.20,0.2000,0.074181,-0.033313,-0.011537,lower
L3,sa,0.20,0.2000,0.077844,-0.033751,-0.011047,lower
L3,sa,0.20,0.2000,0.081635,-0.034191,-0.011052,lower
L3,sa,0.20,0.2000,0.085558,-0.034634,-0.011586,lower
L3,sa,0.20,0.2000,0.089616,-0.035080,-0.012672,lower
L3,sa,0.20,0.2000,0.093813,-0.035530,-0.014322,lower
L3,sa,0.20,0.2000,0.098151,-0.035985,-0.016540,lower
L3,sa,0.20,0.2000,0.102634,-0.036444,-0.019318,lower
L3,sa,0.20,0.2000,0.107265,-0.036907,-0.022642,lower
L3,sa,0.20,0.2000,0.112049,-0.037375,-0.026487,lower
L3,sa,0.20,0.2000,0.116988,-0.037847,-0.030822,lower
L3,sa,0.20,0.2000,0.122085,-0.038323,-0.035607,lower
L3,sa,0.20,0.2000,0.127344,-0.038801,-0.040797,lower
L3,sa,0.20,0.2000,0.132769,-0.039282,-0.046342,lower
L3,sa,0.20,0.2000,0.138361,-0.039764,-0.052186,lower
L3,sa,0.20,0.2000,0.144125,-0.040246,-0.058270,lower
L3,sa,0.20,0.2000,0.150063,-0.040726,-0.064533,lower
L3,sa,0.20,0.2000,0.156179,-0.041204,-0.070914,lower
L3,sa,0.20,0.2000,0.162474,-0.041678,-0.077354,lower
L3,sa,0.20,0.2000,0.168952,-0.042147,-0.083797,lower
L3,sa,0.20,0.2000,0.175614,-0.042610,-0.090192,lower
L3,sa,0.20,0.2000,0.182464,-0.043064,-0.096494,lower
L3,sa,0.20,0.2000,0.189502,-0.043509,-0.102668,lower
L3,sa,0.20,0.2000,0.196731,-0.043942,-0.108691,lower
L3,sa,0.20,0.2000,0.204152,-0.044364,-0.114549,lower
L3,sa,0.20,0.2000,0.211767,-0.044773,-0.120241,lower
L3,sa,0.20,0.2000,0.219576,-0.045168,-0.125779,lower
L3,sa,0.20,0.2000,0.227580,-0.045547,-0.131185,lower
L3,sa,0.20,0.2000,0.235780,-0.045911,-0.136494,lower
L3,sa,0.20,0.2000,0.244175,-0.046258,-0.141750,lower
L3,sa,0.20,0.2000,0.252765,-0.046588,-0.147004,lower
L3,sa,0.20,0.2000,0.261551,-0.046900,-0.152311,lower
L3,sa,0.20,0.2000,0.270530,-0.047194,-0.157727,lower
L3,sa,0.20,0.2000,0.279701,-0.047468,-0.163307,lower
L3,sa,0.20,0.2000,0.289064,-0.047723,-0.169100,lower
L3,sa,0.20,0.2000,0.298615,-0.047957,-0.175149,lower
L3,sa,0.20,0.2000,0.308352,-0.048168,-0.181480,lower
L3,sa,0.20,0.2000,0.318273,-0.048357,-0.188108,lower
L3,sa,0.20,0.2000,0.328374,-0.048520,-0.195028,lower
L3,sa,0.20,0.2000,0.338651,-0.048657,-0.202214,lower
L3,sa,0.20,0.2000,0.349100,-0.048765,-0.209617,lower
L3,sa,0.20,0.2000,0.359716,-0.048843,-0.217163,lower
L3,sa,0.20,0.2000,0.370496,-0.048887,-0.224755,lower
L3,sa,0.20,0.2000,0.381432,-0.048894,-0.232269,lower
L3,sa,0.20,0.2000,0.392519,-0.048863,-0.239559,lower
L3,sa,0.20,0.2000,0.403751,-0.048790,-0.246457,lower
L3,sa,0.20,0.2000,0.415120,-0.048673,-0.252781,lower
L3,sa,0.20,0.2000,0.426620,-0.048509,-0.258340,lower
L3,sa,0.20,0.2000,0.438243,-0.048296,-0.262945,lower
L3,sa,0.20,0.2000,0.449981,-0.048033,-0.266418,lower
L3,sa,0.20,0.2000,0.461826,-0.047717,-0.268609,lower
L3,sa,0.20,0.2000,0.473769,-0.047347,-0.269410,lower
L3,sa,0.20,0.2000,0.485800,-0.046924,-0.268758,lower
L3,sa,0.20,0.2000,0.497911,-0.046447,-0.266647,lower
L3,sa,0.20,0.2000,0.510092,-0.045918,-0.263130,lower
L3,sa,0.20,0.2000,0.522334,-0.045337,-0.258312,lower
L3,sa,0.20,0.2000,0.534626,-0.044707,-0.252329,lower
L3,sa,0.20,0.2000,0.546959,-0.044030,-0.245338,lower
L3,sa,0.20,0.2000,0.559322,-0.043308,-0.237515,lower
L3,sa,0.20,0.2000,0.571705,-0.042545,-0.229044,lower
L3,sa,0.20,0.2000,0.584099,-0.041745,-0.220111,lower
L3,sa,0.20,0.2000,0.596493,-0.040910,-0.210891,lower
L3,sa,0.20,0.2000,0.608876,-0.040043,-0.201524,lower
L3,sa,0.20,0.2000,0.621239,-0.039149,-0.192120,lower
L3,sa,0.20,0.2000,0.633572,-0.038230,-0.182766,lower
L3,sa,0.20,0.2000,0.645864,-0.037290,-0.173513,lower
L3,sa,0.20,0.2000,0.658106,-0.036330,-0.164395,lower
L3,sa,0.20,0.2000,0.670288,-0.035354,-0.155424,lower
L3,sa,0.20,0.2000,0.682401,-0.034364,-0.146595,lower
L3,sa,0.20,0.2000,0.694435,-0.033360,-0.137909,lower
L3,sa,0.20,0.2000,0.706381,-0.032346,-0.129351,lower
L3,sa,0.20,0.2000,0.718230,-0.031322,-0.120877,lower
L3,sa,0.20,0.2000,0.729973,-0.030288,-0.112429,lower
L3,sa,0.20,0.2000,0.741604,-0.029247,-0.103959,lower
L3,sa,0.20,0.2000,0.753112,-0.028199,-0.095408,lower
L3,sa,0.20,0.2000,0.764492,-0.027144,-0.086722,lower
L3,sa,0.20,0.2000,0.775735,-0.026084,-0.077869,lower
L3,sa,0.20,0.2000,0.786835,-0.025019,-0.068798,lower
L3,sa,0.20,0.2000,0.797785,-0.023949,-0.059462,lower
L3,sa,0.20,0.2000,0.808581,-0.022876,-0.049829,lower
L3,sa,0.20,0.2000,0.819215,-0.021800,-0.039885,lower
L3,sa,0.20,0.2000,0.829682,-0.020722,-0.029595,lower
L3,sa,0.20,0.2000,0.839979,-0.019643,-0.018942,lower
L3,sa,0.20,0.2000,0.850101,-0.018564,-0.007936,lower
L3,sa,0.20,0.2000,0.860044,-0.017485,0.003469,lower
L3,sa,0.20,0.2000,0.869805,-0.016409,0.015275,lower
L3,sa,0.20,0.2000,0.879380,-0.015336,0.027510,lower
L3,sa,0.20,0.2000,0.888767,-0.014267,0.040226,lower
L3,sa,0.20,0.2000,0.897965,-0.013204,0.053436,lower
L3,sa,0.20,0.2000,0.906971,-0.012147,0.067168,lower
L3,sa,0.20,0.2000,0.915784,-0.011100,0.081384,lower
L3,sa,0.20,0.2000,0.924403,-0.010062,0.096061,lower
L3,sa,0.20,0.2000,0.932829,-0.009037,0.111115,lower
L3,sa,0.20,0.2000,0.941059,-0.008025,0.126418,lower
L3,sa,0.20,0.2000,0.949096,-0.007029,0.142051,lower
L3,sa,0.20,0.2000,0.956938,-0.006050,0.158004,lower
L3,sa,0.20,0.2000,0.964589,-0.005093,0.174335,lower
L3,sa,0.20,0.2000,0.972047,-0.004158,0.191228,lower
L3,sa,0.20,0.2000,0.979316,-0.003249,0.208618,lower
L3,sa,0.20,0.2000,0.986396,-0.002368,0.226422,lower
L3,sa,0.20,0.2000,0.993290,-0.001519,0.242422,lower
L3,sa,0.20,0.2000,1.000000,-0.000705,0.272071,lower
L3,sa,0.44,0.4400,-0.000000,0.000000,0.765965,upper
L3,sa,0.44,0.4400,0.000004,0.000389,0.753633,upper
L3,sa,0.44,0.4400,0.000019,0.000793,0.739734,upper
L3,sa,0.44,0.4400,0.000043,0.001214,0.723963,upper
L3,sa,0.44,0.4400,0.000080,0.001650,0.706320,upper
L3,sa,0.44,0.4400,0.000131,0.002104,0.686631,upper
L3,sa,0.44,0.4400,0.000196,0.002574,0.664776,upper
L3,sa,0.44,0.4400,0.000278,0.003062,0.640610,upper
L3,sa,0.44,0.4400,0.000377,0.003566,0.614007,upper
L3,sa,0.44,0.4400,0.000497,0.004088,0.584844,upper
L3,sa,0.44,0.4400,0.000638,0.004627,0.553012,upper
L3,sa,0.44,0.4400,0.000803,0.005183,0.518422,upper
L3,sa,0.44,0.4400,0.000993,0.005755,0.481004,upper
L3,sa,0.44,0.4400,0.001211,0.006343,0.440721,upper
L3,sa,0.44,0.4400,0.001458,0.006948,0.397564,upper
L3,sa,0.44,0.4400,0.001738,0.007567,0.351565,upper
L3,sa,0.44,0.4400,0.002052,0.008200,0.302799,upper
L3,sa,0.44,0.4400,0.002402,0.008847,0.251387,upper
L3,sa,0.44,0.4400,0.002791,0.009505,0.197500,upper
L3,sa,0.44,0.4400,0.003221,0.010175,0.141360,upper
L3,sa,0.44,0.4400,0.003694,0.010854,0.083237,upper
L3,sa,0.44,0.4400,0.004212,0.011542,0.023451,upper
L3,sa,0.44,0.4400,0.004777,0.012236,-0.037638,upper
L3,sa,0.44,0.4400,0.005392,0.012935,-0.099636,upper
L3,sa,0.44,0.4400,0.006058,0.013638,-0.162122,upper
L3,sa,0.44,0.4400,0.006777,0.014342,-0.224663,upper
L3,sa,0.44,0.4400,0.007551,0.015047,-0.286823,upper
L3,sa,0.44,0.4400,0.008382,0.015751,-0.348175,upper
L3,sa,0.44,0.4400,0.009271,0.016451,-0.408308,upper
L3,sa,0.44,0.4400,0.010219,0.017147,-0.466840,upper
L3,sa,0.44,0.4400,0.011228,0.017838,-0.523424,upper
L3,sa,0.44,0.4400,0.012300,0.018521,-0.577759,upper
L3,sa,0.44,0.4400,0.013436,0.019195,-0.629620,upper
L3,sa,0.44,0.4400,0.014637,0.019860,-0.678809,upper
L3,sa,0.44,0.4400,0.015904,0.020515,-0.725125,upper
L3,sa,0.44,0.4400,0.017239,0.021159,-0.768453,upper
L3,sa,0.44,0.4400,0.018643,0.021791,-0.808767,upper
L3,sa,0.44,0.4400,0.020117,0.022410,-0.846049,upper
L3,sa,0.44,0.4400,0.021664,0.023016,-0.880301,upper
L3,sa,0.44,0.4400,0.023284,0.023610,-0.911560,upper
L3,sa,0.44,0.4400,0.024979,0.024190,-0.939886,upper
L3,sa,0.44,0.4400,0.026750,0.024757,-0.965352,upper
L3,sa,0.44,0.4400,0.028600,0.025311,-0.988046,upper
L3,sa,0.44,0.4400,0.030531,0.025853,-1.008068,upper
L3,sa,0.44,0.4400,0.032543,0.026382,-1.025522,upper
L3,sa,0.44,0.4400,0.034640,0.026899,-1.040516,upper
L3,sa,0.44,0.4400,0.036823,0.027404,-1.053157,upper
L3,sa,0.44,0.4400,0.039094,0.027899,-1.063553,upper
L3,sa,0.44,0.4400,0.041456,0.028383,-1.071811,upper
L3,sa,0.44,0.4400,0.043912,0.028859,-1.078038,upper
L3,sa,0.44,0.4400,0.046463,0.029326,-1.082337,upper
L3,sa,0.44,0.4400,0.049112,0.029785,-1.084815,upper
L3,sa,0.44,0.4400,0.051862,0.030238,-1.085570,upper
L3,sa,0.44,0.4400,0.054716,0.030686,-1.084695,upper
L3,sa,0.44,0.4400,0.057676,0.031129,-1.082284,upper
L3,sa,0.44,0.4400,0.060746,0.031569,-1.078424,upper
L3,sa,0.44,0.4400,0.063928,0.032006,-1.073202,upper
L3,sa,0.44,0.4400,0.067226,0.032442,-1.066723,upper
L3,sa,0.44,0.4400,0.070642,0.032877,-1.059118,upper
L3,sa,0.44,0.4400,0.074181,0.033313,-1.050568,upper
L3,sa,0.44,0.4400,0.077844,0.033751,-1.041179,upper
L3,sa,0.44,0.4400,0.081635,0.034191,-1.031022,upper
L3,sa,0.44,0.4400,0.085558,0.034634,-1.020098,upper
L3,sa,0.44,0.4400,0.089616,0.035080,-1.008319,upper
L3,sa,0.44,0.4400,0.093813,0.035530,-0.995650,upper
L3,sa,0.44,0.4400,0.098151,0.035985,-0.981648,upper
L3,sa,0.44,0.4400,0.102634,0.036444,-0.964800,upper
L3,sa,0.44,0.4400,0.107265,0.036907,-0.938174,upper
L3,sa,0.44,0.4400,0.112049,0.037375,-0.890912,upper
L3,sa,0.44,0.4400,0.116988,0.037847,-0.821524,upper
L3,sa,0.44,0.4400,0.122085,0.038323,-0.735822,upper
L3,sa,0.44,0.4400,0.127344,0.038801,-0.649144,upper
L3,sa,0.44,0.4400,0.132769,0.039282,-0.582666,upper
L3,sa,0.44,0.4400,0.138361,0.039764,-0.541313,upper
L3,sa,0.44,0.4400,0.144125,0.040246,-0.522352,upper
L3,sa,0.44,0.4400,0.150063,0.040726,-0.519975,upper
L3,sa,0.44,0.4400,0.156179,0.041204,-0.524875,upper
L3,sa,0.44,0.4400,0.162474,0.041678,-0.532806,upper
L3,sa,0.44,0.4400,0.168952,0.042147,-0.542051,upper
L3,sa,0.44,0.4400,0.175614,0.042610,-0.551302,upper
L3,sa,0.44,0.4400,0.182464,0.043064,-0.559451,upper
L3,sa,0.44,0.4400,0.189502,0.043509,-0.566658,upper
L3,sa,0.44,0.4400,0.196731,0.043942,-0.573555,upper
L3,sa,0.44,0.4400,0.204152,0.044364,-0.580429,upper
L3,sa,0.44,0.4400,0.211767,0.044773,-0.587470,upper
L3,sa,0.44,0.4400,0.219576,0.045168,-0.594374,upper
L3,sa,0.44,0.4400,0.227580,0.045547,-0.600736,upper
L3,sa,0.44,0.4400,0.235780,0.045911,-0.606273,upper
L3,sa,0.44,0.4400,0.244175,0.046258,-0.610704,upper
L3,sa,0.44,0.4400,0.252765,0.046588,-0.613990,upper
L3,sa,0.44,0.4400,0.261551,0.046900,-0.616154,upper
L3,sa,0.44,0.4400,0.270530,0.047194,-0.617399,upper
L3,sa,0.44,0.4400,0.279701,0.047468,-0.618000,upper
L3,sa,0.44,0.4400,0.289064,0.047723,-0.618346,upper
L3,sa,0.44,0.4400,0.298615,0.047957,-0.618872,upper
L3,sa,0.44,0.4400,0.308352,0.048168,-0.619937,upper
L3,sa,0.44,0.4400,0.318273,0.048357,-0.621872,upper
L3,sa,0.44,0.4400,0.328374,0.048520,-0.624853,upper
L3,sa,0.44,0.4400,0.338651,0.048657,-0.628983,upper
L3,sa,0.44,0.4400,0.349100,0.048765,-0.634228,upper
L3,sa,0.44,0.4400,0.359716,0.048843,-0.640493,upper
L3,sa,0.44,0.4400,0.370496,0.048887,-0.647674,upper
L3,sa,0.44,0.4400,0.381432,0.048894,-0.655634,upper
L3,sa,0.44,0.4400,0.392519,0.048863,-0.664255,upper
L3,sa,0.44,0.4400,0.403750,0.048790,-0.673414,upper
L3,sa,0.44,0.4400,0.415120,0.048673,-0.683000,upper
L3,sa,0.44,0.4400,0.426620,0.048509,-0.692895,upper
L3,sa,0.44,0.4400,0.438243,0.048297,-0.702987,upper
L3,sa,0.44,0.4400,0.449981,0.048033,-0.713151,upper
L3,sa,0.44,0.4400,0.461826,0.047717,-0.723220,upper
L3,sa,0.44,0.4400,0.473769,0.047347,-0.733060,upper
L3,sa,0.44,0.4400,0.485800,0.046924,-0.742556,upper
L3,sa,0.44,0.4400,0.497911,0.046447,-0.751296,upper
L3,sa,0.44,0.4400,0.510092,0.045918,-0.758284,upper
L3,sa,0.44,0.4400,0.522334,0.045337,-0.759825,upper
L3,sa,0.44,0.4400,0.534626,0.044707,-0.740738,upper
L3,sa,0.44,0.4400,0.546959,0.044030,-0.663570,upper
L3,sa,0.44,0.4400,0.559322,0.043308,-0.507990,upper
L3,sa,0.44,0.4400,0.571705,0.042545,-0.337423,upper
L3,sa,0.44,0.4400,0.584099,0.041745,-0.224414,upper
L3,sa,0.44,0.4400,0.596493,0.040910,-0.170264,upper
L3,sa,0.44,0.4400,0.608876,0.040043,-0.150710,upper
L3,sa,0.44,0.4400,0.621239,0.039149,-0.147972,upper
L3,sa,0.44,0.4400,0.633572,0.038230,-0.149498,upper
L3,sa,0.44,0.4400,0.645864,0.037290,-0.145308,upper
L3,sa,0.44,0.4400,0.658106,0.036330,-0.132887,upper
L3,sa,0.44,0.4400,0.670288,0.035354,-0.116095,upper
L3,sa,0.44,0.4400,0.682401,0.034364,-0.100849,upper
L3,sa,0.44,0.4400,0.694435,0.033360,-0.092220,upper
L3,sa,0.44,0.4400,0.706381,0.032346,-0.090086,upper
L3,sa,0.44,0.4400,0.718230,0.031322,-0.089287,upper
L3,sa,0.44,0.4400,0.729973,0.030288,-0.085091,upper
L3,sa,0.44,0.4400,0.741604,0.029247,-0.076036,upper
L3,sa,0.44,0.4400,0.753112,0.028199,-0.064084,upper
L3,sa,0.44,0.4400,0.764492,0.027144,-0.052162,upper
L3,sa,0.44,0.4400,0.775735,0.026084,-0.041675,upper
L3,sa,0.44,0.4400,0.786835,0.025019,-0.031950,upper
L3,sa,0.44,0.4400,0.797785,0.023949,-0.021625,upper
L3,sa,0.44,0.4400,0.808581,0.022876,-0.011415,upper
L3,sa,0.44,0.4400,0.819215,0.021800,-0.001888,upper
L3,sa,0.44,0.4400,0.829682,0.020722,0.006650,upper
L3,sa,0.44,0.4400,0.839979,0.019643,0.014498,upper
L3,sa,0.44,0.4400,0.850101,0.018564,0.024135,upper
L3,sa,0.44,0.4400,0.860044,0.017485,0.035939,upper
L3,sa,0.44,0.4400,0.869805,0.016409,0.048723,upper
L3,sa,0.44,0.4400,0.879380,0.015336,0.061709,upper
L3,sa,0.44,0.4400,0.888767,0.014267,0.073467,upper
L3,sa,0.44,0.4400,0.897965,0.013204,0.084556,upper
L3,sa,0.44,0.4400,0.906971,0.012147,0.096743,upper
L3,sa,0.44,0.4400,0.915784,0.011100,0.110298,upper
L3,sa,0.44,0.4400,0.924403,0.010062,0.125004,upper
L3,sa,0.44,0.4400,0.932828,0.009037,0.139981,upper
L3,sa,0.44,0.4400,0.941059,0.008025,0.154370,upper
L3,sa,0.44,0.4400,0.949096,0.007029,0.168504,upper
L3,sa,0.44,0.4400,0.956938,0.006050,0.182641,upper
L3,sa,0.44,0.4400,0.964589,0.005093,0.197042,upper
L3,sa,0.44,0.4400,0.972047,0.004158,0.211872,upper
L3,sa,0.44,0.4400,0.979316,0.003249,0.226919,upper
L3,sa,0.44,0.4400,0.986396,0.002368,0.242342,upper
L3,sa,0.44,0.4400,0.993290,0.001519,0.256006,upper
L3,sa,0.44,0.4400,1.000000,0.000705,0.280576,upper
L3,sa,0.44,0.4400,-0.000000,0.000000,0.765965,lower
L3,sa,0.44,0.4400,0.000004,-0.000389,0.777460,lower
L3,sa,0.44,0.4400,0.000019,-0.000793,0.788161,lower
L3,sa,0.44,0.4400,0.000043,-0.001214,0.797925,lower
L3,sa,0.44,0.4400,0.000080,-0.001650,0.806734,lower
L3,sa,0.44,0.4400,0.000131,-0.002104,0.814406,lower
L3,sa,0.44,0.4400,0.000196,-0.002574,0.820787,lower
L3,sa,0.44,0.4400,0.000278,-0.003062,0.825701,lower
L3,sa,0.44,0.4400,0.000377,-0.003566,0.828969,lower
L3,sa,0.44,0.4400,0.000497,-0.004088,0.830408,lower
L3,sa,0.44,0.4400,0.000638,-0.004627,0.829834,lower
L3,sa,0.44,0.4400,0.000803,-0.005183,0.827066,lower
L3,sa,0.44,0.4400,0.000993,-0.005755,0.821928,lower
L3,sa,0.44,0.4400,0.001211,-0.006343,0.814256,lower
L3,sa,0.44,0.4400,0.001458,-0.006948,0.803905,lower
L3,sa,0.44,0.4400,0.001738,-0.007567,0.790755,lower
L3,sa,0.44,0.4400,0.002052,-0.008200,0.774717,lower
L3,sa,0.44,0.4400,0.002402,-0.008847,0.755740,lower
L3,sa,0.44,0.4400,0.002791,-0.009505,0.733817,lower
L3,sa,0.44,0.4400,0.003221,-0.010175,0.708992,lower
L3,sa,0.44,0.4400,0.003694,-0.010854,0.681361,lower
L3,sa,0.44,0.4400,0.004212,-0.011542,0.651079,lower
L3,sa,0.44,0.4400,0.004777,-0.012236,0.618357,lower
L3,sa,0.44,0.4400,0.005392,-0.012935,0.583461,lower
L3,sa,0.44,0.4400,0.006058,-0.013638,0.546710,lower
L3,sa,0.44,0.4400,0.006777,-0.014342,0.508466,lower
L3,sa,0.44,0.4400,0.007551,-0.015047,0.469127,lower
L3,sa,0.44,0.4400,0.008382,-0.015751,0.429117,lower
L3,sa,0.44,0.4400,0.009271,-0.016451,0.388874,lower
L3,sa,0.44,0.4400,0.010219,-0.017147,0.348837,lower
L3,sa,0.44,0.4400,0.011228,-0.017838,0.309433,lower
L3,sa,0.44,0.4400,0.012300,-0.018521,0.271070,lower
L3,sa,0.44,0.4400,0.013436,-0.019195,0.234121,lower
L3,sa,0.44,0.4400,0.014637,-0.019860,0.198919,lower
L3,sa,0.44,0.4400,0.015904,-0.020515,0.165752,lower
L3,sa,0.44,0.4400,0.017239,-0.021159,0.134852,lower
L3,sa,0.44,0.4400,0.018643,-0.021791,0.106399,lower
L3,sa,0.44,0.4400,0.020117,-0.022410,0.080515,lower
L3,sa,0.44,0.4400,0.021664,-0.023016,0.057270,lower
L3,sa,0.44,0.4400,0.023284,-0.023610,0.036680,lower
L3,sa,0.44,0.4400,0.024979,-0.024190,0.018710,lower
L3,sa,0.44,0.4400,0.026750,-0.024757,0.003282,lower
L3,sa,0.44,0.4400,0.028600,-0.025311,-0.009720,lower
L3,sa,0.44,0.4400,0.030531,-0.025853,-0.020449,lower
L3,sa,0.44,0.4400,0.032543,-0.026382,-0.029082,lower
L3,sa,0.44,0.4400,0.034640,-0.026899,-0.035814,lower
L3,sa,0.44,0.4400,0.036823,-0.027404,-0.040855,lower
L3,sa,0.44,0.4400,0.039094,-0.027899,-0.044420,lower
L3,sa,0.44,0.4400,0.041456,-0.028383,-0.046726,lower
L3,sa,0.44,0.4400,0.043912,-0.028859,-0.047984,lower
L3,sa,0.44,0.4400,0.046463,-0.029326,-0.048397,lower
L3,sa,0.44,0.4400,0.049112,-0.029785,-0.048156,lower
L3,sa,0.44,0.4400,0.051862,-0.030238,-0.047441,lower
L3,sa,0.44,0.4400,0.054716,-0.030686,-0.046415,lower
L3,sa,0.44,0.4400,0.057676,-0.031129,-0.045226,lower
L3,sa,0.44,0.4400,0.060746,-0.031569,-0.044008,lower
L3,sa,0.44,0.4400,0.063928,-0.032006,-0.042879,lower
L3,sa,0.44,0.4400,0.067226,-0.032442,-0.041941,lower
L3,sa,0.44,0.4400,0.070642,-0.032877,-0.041282,lower
L3,sa,0.44,0.4400,0.074181,-0.033313,-0.040977,lower
L3,sa,0.44,0.4400,0.077844,-0.033751,-0.041087,lower
L3,sa,0.44,0.4400,0.081635,-0.034191,-0.041662,lower
L3,sa,0.44,0.4400,0.085558,-0.034634,-0.042739,lower
L3,sa,0.44,0.4400,0.089616,-0.035080,-0.044344,lower
L3,sa,0.44,0.4400,0.093813,-0.035530,-0.046493,lower
L3,sa,0.44,0.4400,0.098151,-0.035985,-0.049192,lower
L3,sa,0.44,0.4400,0.102634,-0.036444,-0.052434,lower
L3,sa,0.44,0.4400,0.107265,-0.036907,-0.056207,lower
L3,sa,0.44,0.4400,0.112049,-0.037375,-0.060487,lower
L3,sa,0.44,0.4400,0.116988,-0.037847,-0.065245,lower
L3,sa,0.44,0.4400,0.122085,-0.038323,-0.070440,lower
L3,sa,0.44,0.4400,0.127344,-0.038801,-0.076025,lower
L3,sa,0.44,0.4400,0.132769,-0.039282,-0.081950,lower
L3,sa,0.44,0.4400,0.138361,-0.039764,-0.088155,lower
L3,sa,0.44,0.4400,0.144125,-0.040246,-0.094580,lower
L3,sa,0.44,0.4400,0.150063,-0.040726,-0.101160,lower
L3,sa,0.44,0.4400,0.156179,-0.041204,-0.107831,lower
L3,sa,0.44,0.4400,0.162474,-0.041678,-0.114527,lower
L3,sa,0.44,0.4400,0.168952,-0.042147,-0.121189,lower
L3,sa,0.44,0.4400,0.175614,-0.042610,-0.127759,lower
L3,sa,0.44,0.4400,0.182464,-0.043064,-0.134190,lower
L3,sa,0.44,0.4400,0.189502,-0.043509,-0.140440,lower
L3,sa,0.44,0.4400,0.196731,-0.043942,-0.146480,lower
L3,sa,0.44,0.4400,0.204152,-0.044364,-0.152293,lower
L3,sa,0.44,0.4400,0.211767,-0.044773,-0.157873,lower
L3,sa,0.44,0.4400,0.219576,-0.045168,-0.163228,lower
L3,sa,0.44,0.4400,0.227580,-0.045547,-0.168378,lower
L3,sa,0.44,0.4400,0.235780,-0.045911,-0.173355,lower
L3,sa,0.44,0.4400,0.244175,-0.046258,-0.178201,lower
L3,sa,0.44,0.4400,0.252765,-0.046588,-0.182964,lower
L3,sa,0.44,0.4400,0.261551,-0.046900,-0.187698,lower
L3,sa,0.44,0.4400,0.270530,-0.047194,-0.192457,lower
L3,sa,0.44,0.4400,0.279701,-0.047468,-0.197293,lower
L3,sa,0.44,0.4400,0.289064,-0.047723,-0.202252,lower
L3,sa,0.44,0.4400,0.298615,-0.047957,-0.207371,lower
L3,sa,0.44,0.4400,0.308352,-0.048168,-0.212674,lower
L3,sa,0.44,0.4400,0.318273,-0.048357,-0.218165,lower
L3,sa,0.44,0.4400,0.328374,-0.048520,-0.223831,lower
L3,sa,0.44,0.4400,0.338651,-0.048657,-0.229638,lower
L3,sa,0.44,0.4400,0.349100,-0.048765,-0.235526,lower
L3,sa,0.44,0.4400,0.359716,-0.048843,-0.241409,lower
L3,sa,0.44,0.4400,0.370496,-0.048887,-0.247181,lower
L3,sa,0.44,0.4400,0.381432,-0.048894,-0.252710,lower
L3,sa,0.44,0.4400,0.392519,-0.048863,-0.257846,lower
L3,sa,0.44,0.4400,0.403750,-0.048790,-0.262423,lower
L3,sa,0.44,0.4400,0.415120,-0.048673,-0.266273,lower
L3,sa,0.44,0.4400,0.426620,-0.048509,-0.269231,lower
L3,sa,0.44,0.4400,0.438243,-0.048297,-0.271140,lower
L3,sa,0.44,0.4400,0.449981,-0.048033,-0.271867,lower
L3,sa,0.44,0.4400,0.461826,-0.047717,-0.271317,lower
L3,sa,0.44,0.4400,0.473769,-0.047347,-0.269441,lower
L3,sa,0.44,0.4400,0.485800,-0.046924,-0.266237,lower
L3,sa,0.44,0.4400,0.497911,-0.046447,-0.261741,lower
L3,sa,0.44,0.4400,0.510092,-0.045918,-0.256015,lower
L3,sa,0.44,0.4400,0.522334,-0.045337,-0.249174,lower
L3,sa,0.44,0.4400,0.534626,-0.044707,-0.241373,lower
L3,sa,0.44,0.4400,0.546959,-0.044030,-0.232735,lower
L3,sa,0.44,0.4400,0.559322,-0.043308,-0.223392,lower
L3,sa,0.44,0.4400,0.571705,-0.042545,-0.213488,lower
L3,sa,0.44,0.4400,0.584099,-0.041745,-0.203181,lower
L3,sa,0.44,0.4400,0.596493,-0.040910,-0.192677,lower
L3,sa,0.44,0.4400,0.608876,-0.040043,-0.182198,lower
L3,sa,0.44,0.4400,0.621239,-0.039149,-0.171930,lower
L3,sa,0.44,0.4400,0.633572,-0.038230,-0.161930,lower
L3,sa,0.44,0.4400,0.645864,-0.037290,-0.152267,lower
L3,sa,0.44,0.4400,0.658106,-0.036330,-0.142907,lower
L3,sa,0.44,0.4400,0.670288,-0.035354,-0.133683,lower
L3,sa,0.44,0.4400,0.682401,-0.034364,-0.124537,lower
L3,sa,0.44,0.4400,0.694435,-0.033360,-0.115351,lower
L3,sa,0.44,0.4400,0.706381,-0.032346,-0.106089,lower
L3,sa,0.44,0.4400,0.718230,-0.031322,-0.096835,lower
L3,sa,0.44,0.4400,0.729973,-0.030288,-0.087678,lower
L3,sa,0.44,0.4400,0.741604,-0.029247,-0.078665,lower
L3,sa,0.44,0.4400,0.753112,-0.028199,-0.069809,lower
L3,sa,0.44,0.4400,0.764492,-0.027144,-0.061148,lower
L3,sa,0.44,0.4400,0.775735,-0.026084,-0.052640,lower
L3,sa,0.44,0.4400,0.786835,-0.025019,-0.044263,lower
L3,sa,0.44,0.4400,0.797785,-0.023949,-0.035957,lower
L3,sa,0.44,0.4400,0.808581,-0.022876,-0.027624,lower
L3,sa,0.44,0.4400,0.819215,-0.021800,-0.019114,lower
L3,sa,0.44,0.4400,0.829682,-0.020722,-0.010313,lower
L3,sa,0.44,0.4400,0.839979,-0.019643,-0.001085,lower
L3,sa,0.44,0.4400,0.850101,-0.018564,0.008778,lower
L3,sa,0.44,0.4400,0.860044,-0.017485,0.019327,lower
L3,sa,0.44,0.4400,0.869805,-0.016409,0.030646,lower
L3,sa,0.44,0.4400,0.879380,-0.015336,0.042671,lower
L3,sa,0.44,0.4400,0.888767,-0.014267,0.055264,lower
L3,sa,0.44,0.4400,0.897965,-0.013204,0.068309,lower
L3,sa,0.44,0.4400,0.906971,-0.012147,0.081634,lower
L3,sa,0.44,0.4400,0.915784,-0.011100,0.095183,lower
L3,sa,0.44,0.4400,0.924403,-0.010062,0.108908,lower
L3,sa,0.44,0.4400,0.932828,-0.009037,0.122824,lower
L3,sa,0.44,0.4400,0.941059,-0.008025,0.136993,lower
L3,sa,0.44,0.4400,0.949096,-0.007029,0.151550,lower
L3,sa,0.44,0.4400,0.956938,-0.006050,0.166605,lower
L3,sa,0.44,0.4400,0.964589,-0.005093,0.182232,lower
L3,sa,0.44,0.4400,0.972047,-0.004158,0.198542,lower
L3,sa,0.44,0.4400,0.979316,-0.003249,0.215409,lower
L3,sa,0.44,0.4400,0.986396,-0.002368,0.232539,lower
L3,sa,0.44,0.4400,0.993290,-0.001519,0.247756,lower
L3,sa,0.44,0.4400,1.000000,-0.000705,0.276543,lower
L3,sa,0.65,0.6500,0.000000,0.000000,0.749821,upper
L3,sa,0.65,0.6500,0.000004,0.000389,0.736838,upper
L3,sa,0.65,0.6500,0.000019,0.000793,0.722269,upper
L3,sa,0.65,0.6500,0.000043,0.001214,0.705806,upper
L3,sa,0.65,0.6500,0.000080,0.001650,0.687452,upper
L3,sa,0.65,0.6500,0.000131,0.002104,0.667033,upper
L3,sa,0.65,0.6500,0.000196,0.002574,0.644429,upper
L3,sa,0.65,0.6500,0.000278,0.003062,0.619500,upper
L3,sa,0.65,0.6500,0.000377,0.003566,0.592121,upper
L3,sa,0.65,0.6500,0.000497,0.004088,0.562170,upper
L3,sa,0.65,0.6500,0.000638,0.004627,0.529545,upper
L3,sa,0.65,0.6500,0.000803,0.005183,0.494159,upper
L3,sa,0.65,0.6500,0.000993,0.005755,0.455947,upper
L3,sa,0.65,0.6500,0.001211,0.006343,0.414875,upper
L3,sa,0.65,0.6500,0.001458,0.006948,0.370942,upper
L3,sa,0.65,0.6500,0.001738,0.007567,0.324183,upper
L3,sa,0.65,0.6500,0.002052,0.008200,0.274680,upper
L3,sa,0.65,0.6500,0.002402,0.008847,0.222559,upper
L3,sa,0.65,0.6500,0.002791,0.009505,0.167996,upper
L3,sa,0.65,0.6500,0.003221,0.010175,0.111219,upper
L3,sa,0.65,0.6500,0.003694,0.010854,0.052504,upper
L3,sa,0.65,0.6500,0.004212,0.011542,-0.007826,upper
L3,sa,0.65,0.6500,0.004777,0.012236,-0.069409,upper
L3,sa,0.65,0.6500,0.005392,0.012935,-0.131845,upper
L3,sa,0.65,0.6500,0.006058,0.013638,-0.194717,upper
L3,sa,0.65,0.6500,0.006777,0.014342,-0.257589,upper
L3,sa,0.65,0.6500,0.007551,0.015047,-0.320027,upper
L3,sa,0.65,0.6500,0.008382,0.015751,-0.381607,upper
L3,sa,0.65,0.6500,0.009271,0.016451,-0.441921,upper
L3,sa,0.65,0.6500,0.010219,0.017147,-0.500596,upper
L3,sa,0.65,0.6500,0.011228,0.017838,-0.557290,upper
L3,sa,0.65,0.6500,0.012300,0.018521,-0.611711,upper
L3,sa,0.65,0.6500,0.013436,0.019195,-0.663621,upper
L3,sa,0.65,0.6500,0.014637,0.019860,-0.712824,upper
L3,sa,0.65,0.6500,0.015904,0.020515,-0.759168,upper
L3,sa,0.65,0.6500,0.017239,0.021159,-0.802553,upper
L3,sa,0.65,0.6500,0.018643,0.021791,-0.842930,upper
L3,sa,0.65,0.6500,0.020117,0.022410,-0.880282,upper
L3,sa,0.65,0.6500,0.021664,0.023016,-0.914624,upper
L3,sa,0.65,0.6500,0.023284,0.023610,-0.945999,upper
L3,sa,0.65,0.6500,0.024979,0.024190,-0.974473,upper
L3,sa,0.65,0.6500,0.026750,0.024757,-1.000126,upper
L3,sa,0.65,0.6500,0.028600,0.025311,-1.023054,upper
L3,sa,0.65,0.6500,0.030531,0.025853,-1.043360,upper
L3,sa,0.65,0.6500,0.032543,0.026382,-1.061152,upper
L3,sa,0.65,0.6500,0.034640,0.026899,-1.076543,upper
L3,sa,0.65,0.6500,0.036823,0.027404,-1.089643,upper
L3,sa,0.65,0.6500,0.039094,0.027899,-1.100565,upper
L3,sa,0.65,0.6500,0.041456,0.028383,-1.109419,upper
L3,sa,0.65,0.6500,0.043912,0.028859,-1.116316,upper
L3,sa,0.65,0.6500,0.046463,0.029326,-1.121368,upper
L3,sa,0.65,0.6500,0.049112,0.029785,-1.124684,upper
L3,sa,0.65,0.6500,0.051862,0.030238,-1.126370,upper
L3,sa,0.65,0.6500,0.054716,0.030686,-1.126531,upper
L3,sa,0.65,0.6500,0.057676,0.031129,-1.125268,upper
L3,sa,0.65,0.6500,0.060746,0.031569,-1.122682,upper
L3,sa,0.65,0.6500,0.063928,0.032006,-1.118874,upper
L3,sa,0.65,0.6500,0.067226,0.032442,-1.113947,upper
L3,sa,0.65,0.6500,0.070643,0.032877,-1.108008,upper
L3,sa,0.65,0.6500,0.074181,0.033313,-1.101170,upper
L3,sa,0.65,0.6500,0.077844,0.033751,-1.093548,upper
L3,sa,0.65,0.6500,0.081635,0.034191,-1.085262,upper
L3,sa,0.65,0.6500,0.085558,0.034634,-1.076428,upper
L3,sa,0.65,0.6500,0.089616,0.035080,-1.067159,upper
L3,sa,0.65,0.6500,0.093813,0.035530,-1.057564,upper
L3,sa,0.65,0.6500,0.098151,0.035985,-1.047754,upper
L3,sa,0.65,0.6500,0.102634,0.036444,-1.037834,upper
L3,sa,0.65,0.6500,0.107265,0.036907,-1.027925,upper
L3,sa,0.65,0.6500,0.112049,0.037375,-1.018104,upper
L3,sa,0.65,0.6500,0.116988,0.037847,-1.008403,upper
L3,sa,0.65,0.6500,0.122085,0.038323,-0.998956,upper
L3,sa,0.65,0.6500,0.127344,0.038801,-0.989845,upper
L3,sa,0.65,0.6500,0.132769,0.039282,-0.981175,upper
L3,sa,0.65,0.6500,0.138361,0.039764,-0.973044,upper
L3,sa,0.65,0.6500,0.144125,0.040246,-0.965376,upper
L3,sa,0.65,0.6500,0.150064,0.040726,-0.958268,upper
L3,sa,0.65,0.6500,0.156179,0.041204,-0.951692,upper
L3,sa,0.65,0.6500,0.162474,0.041678,-0.945243,upper
L3,sa,0.65,0.6500,0.168952,0.042147,-0.938159,upper
L3,sa,0.65,0.6500,0.175614,0.042610,-0.927941,upper
L3,sa,0.65,0.6500,0.182464,0.043064,-0.910949,upper
L3,sa,0.65,0.6500,0.189502,0.043509,-0.878612,upper
L3,sa,0.65,0.6500,0.196731,0.043942,-0.822910,upper
L3,sa,0.65,0.6500,0.204152,0.044364,-0.747865,upper
L3,sa,0.65,0.6500,0.211767,0.044773,-0.676585,upper
L3,sa,0.65,0.6500,0.219576,0.045168,-0.630967,upper
L3,sa,0.65,0.6500,0.227580,0.045547,-0.610924,upper
L3,sa,0.65,0.6500,0.235779,0.045911,-0.607415,upper
L3,sa,0.65,0.6500,0.244175,0.046258,-0.612344,upper
L3,sa,0.65,0.6500,0.252765,0.046588,-0.620847,upper
L3,sa,0.65,0.6500,0.261551,0.046900,-0.630455,upper
L3,sa,0.65,0.6500,0.270530,0.047194,-0.639590,upper
L3,sa,0.65,0.6500,0.279701,0.047468,-0.647098,upper
L3,sa,0.65,0.6500,0.289064,0.047723,-0.653109,upper
L3,sa,0.65,0.6500,0.298615,0.047957,-0.658139,upper
L3,sa,0.65,0.6500,0.308352,0.048168,-0.662742,upper
L3,sa,0.65,0.6500,0.318273,0.048357,-0.667574,upper
L3,sa,0.65,0.6500,0.328374,0.048520,-0.672846,upper
L3,sa,0.65,0.6500,0.338651,0.048657,-0.678663,upper
L3,sa,0.65,0.6500,0.349100,0.048765,-0.685055,upper
L3,sa,0.65,0.6500,0.359716,0.048843,-0.691969,upper
L3,sa,0.65,0.6500,0.370496,0.048887,-0.699393,upper
L3,sa,0.65,0.6500,0.381432,0.048894,-0.707199,upper
L3,sa,0.65,0.6500,0.392519,0.048863,-0.715390,upper
L3,sa,0.65,0.6500,0.403750,0.048790,-0.723827,upper
L3,sa,0.65,0.6500,0.415120,0.048673,-0.732169,upper
L3,sa,0.65,0.6500,0.426620,0.048509,-0.739886,upper
L3,sa,0.65,0.6500,0.438243,0.048297,-0.745787,upper
L3,sa,0.65,0.6500,0.449981,0.048033,-0.745141,upper
L3,sa,0.65,0.6500,0.461826,0.047717,-0.719248,upper
L3,sa,0.65,0.6500,0.473769,0.047347,-0.628994,upper
L3,sa,0.65,0.6500,0.485800,0.046924,-0.464236,upper
L3,sa,0.65,0.6500,0.497911,0.046447,-0.301216,upper
L3,sa,0.65,0.6500,0.510092,0.045918,-0.203957,upper
L3,sa,0.65,0.6500,0.522334,0.045337,-0.164632,upper
L3,sa,0.65,0.6500,0.534626,0.044707,-0.159370,upper
L3,sa,0.65,0.6500,0.546959,0.044030,-0.167693,upper
L3,sa,0.65,0.6500,0.559322,0.043308,-0.176517,upper
L3,sa,0.65,0.6500,0.571705,0.042545,-0.175201,upper
L3,sa,0.65,0.6500,0.584099,0.041745,-0.163240,upper
L3,sa,0.65,0.6500,0.596493,0.040910,-0.148899,upper
L3,sa,0.65,0.6500,0.608876,0.040043,-0.139235,upper
L3,sa,0.65,0.6500,0.621239,0.039149,-0.137675,upper
L3,sa,0.65,0.6500,0.633572,0.038230,-0.141454,upper
L3,sa,0.65,0.6500,0.645864,0.037290,-0.139401,upper
L3,sa,0.65,0.6500,0.658106,0.036330,-0.124771,upper
L3,sa,0.65,0.6500,0.670288,0.035354,-0.101352,upper
L3,sa,0.65,0.6500,0.682401,0.034364,-0.079735,upper
L3,sa,0.65,0.6500,0.694435,0.033360,-0.071560,upper
L3,sa,0.65,0.6500,0.706381,0.032346,-0.075992,upper
L3,sa,0.65,0.6500,0.718230,0.031322,-0.081619,upper
L3,sa,0.65,0.6500,0.729973,0.030288,-0.079773,upper
L3,sa,0.65,0.6500,0.741604,0.029247,-0.069145,upper
L3,sa,0.65,0.6500,0.753112,0.028199,-0.054414,upper
L3,sa,0.65,0.6500,0.764492,0.027144,-0.042082,upper
L3,sa,0.65,0.6500,0.775735,0.026084,-0.034447,upper
L3,sa,0.65,0.6500,0.786835,0.025019,-0.027528,upper
L3,sa,0.65,0.6500,0.797785,0.023949,-0.017983,upper
L3,sa,0.65,0.6500,0.808581,0.022876,-0.005839,upper
L3,sa,0.65,0.6500,0.819215,0.021800,0.006885,upper
L3,sa,0.65,0.6500,0.829682,0.020722,0.016566,upper
L3,sa,0.65,0.6500,0.839979,0.019643,0.023363,upper
L3,sa,0.65,0.6500,0.850101,0.018564,0.030576,upper
L3,sa,0.65,0.6500,0.860044,0.017485,0.040533,upper
L3,sa,0.65,0.6500,0.869805,0.016409,0.053488,upper
L3,sa,0.65,0.6500,0.879380,0.015336,0.067534,upper
L3,sa,0.65,0.6500,0.888767,0.014267,0.081239,upper
L3,sa,0.65,0.6500,0.897965,0.013204,0.093966,upper
L3,sa,0.65,0.6500,0.906971,0.012147,0.106092,upper
L3,sa,0.65,0.6500,0.915784,0.011100,0.118661,upper
L3,sa,0.65,0.6500,0.924403,0.010062,0.131157,upper
L3,sa,0.65,0.6500,0.932829,0.009037,0.143631,upper
L3,sa,0.65,0.6500,0.941059,0.008025,0.156561,upper
L3,sa,0.65,0.6500,0.949096,0.007029,0.170061,upper
L3,sa,0.65,0.6500,0.956938,0.006050,0.185019,upper
L3,sa,0.65,0.6500,0.964589,0.005093,0.200895,upper
L3,sa,0.65,0.6500,0.972047,0.004158,0.216702,upper
L3,sa,0.65,0.6500,0.979316,0.003249,0.232237,upper
L3,sa,0.65,0.6500,0.986396,0.002368,0.246803,upper
L3,sa,0.65,0.6500,0.993290,0.001519,0.258874,upper
L3,sa,0.65,0.6500,1.000000,0.000705,0.283618,upper
L3,sa,0.65,0.6500,0.000000,0.000000,0.749821,lower
L3,sa,0.65,0.6500,0.000004,-0.000389,0.761971,lower
L3,sa,0.65,0.6500,0.000019,-0.000793,0.773353,lower
L3,sa,0.65,0.6500,0.000043,-0.001214,0.783826,lower
L3,sa,0.65,0.6500,0.000080,-0.001650,0.793372,lower
L3,sa,0.65,0.6500,0.000131,-0.002104,0.801809,lower
L3,sa,0.65,0.6500,0.000196,-0.002574,0.808984,lower
L3,sa,0.65,0.6500,0.000278,-0.003062,0.814716,lower
L3,sa,0.65,0.6500,0.000377,-0.003566,0.818828,lower
L3,sa,0.65,0.6500,0.000497,-0.004088,0.821132,lower
L3,sa,0.65,0.6500,0.000638,-0.004627,0.821443,lower
L3,sa,0.65,0.6500,0.000803,-0.005183,0.819576,lower
L3,sa,0.65,0.6500,0.000993,-0.005755,0.815352,lower
L3,sa,0.65,0.6500,0.001211,-0.006343,0.808604,lower
L3,sa,0.65,0.6500,0.001458,-0.006948,0.799181,lower
L3,sa,0.65,0.6500,0.001738,-0.007567,0.786957,lower
L3,sa,0.65,0.6500,0.002052,-0.008200,0.771837,lower
L3,sa,0.65,0.6500,0.002402,-0.008847,0.753764,lower
L3,sa,0.65,0.6500,0.002791,-0.009505,0.732723,lower
L3,sa,0.65,0.6500,0.003221,-0.010175,0.708752,lower
L3,sa,0.65,0.6500,0.003694,-0.010854,0.681940,lower
L3,sa,0.65,0.6500,0.004212,-0.011542,0.652433,lower
L3,sa,0.65,0.6500,0.004777,-0.012236,0.620436,lower
L3,sa,0.65,0.6500,0.005392,-0.012935,0.586208,lower
L3,sa,0.65,0.6500,0.006058,-0.013638,0.550063,lower
L3,sa,0.65,0.6500,0.006777,-0.014342,0.512356,lower
L3,sa,0.65,0.6500,0.007551,-0.015047,0.473481,lower
L3,sa,0.65,0.6500,0.008382,-0.015751,0.433859,lower
L3,sa,0.65,0.6500,0.009271,-0.016451,0.393925,lower
L3,sa,0.65,0.6500,0.010219,-0.017147,0.354114,lower
L3,sa,0.65,0.6500,0.011228,-0.017838,0.314855,lower
L3,sa,0.65,0.6500,0.012300,-0.018521,0.276554,lower
L3,sa,0.65,0.6500,0.013436,-0.019195,0.239587,lower
L3,sa,0.65,0.6500,0.014637,-0.019860,0.204288,lower
L3,sa,0.65,0.6500,0.015904,-0.020515,0.170946,lower
L3,sa,0.65,0.6500,0.017239,-0.021159,0.139798,lower
L3,sa,0.65,0.6500,0.018643,-0.021791,0.111027,lower
L3,sa,0.65,0.6500,0.020117,-0.022410,0.084762,lower
L3,sa,0.65,0.6500,0.021664,-0.023016,0.061077,lower
L3,sa,0.65,0.6500,0.023284,-0.023610,0.039995,lower
L3,sa,0.65,0.6500,0.024979,-0.024190,0.021488,lower
L3,sa,0.65,0.6500,0.026750,-0.024757,0.005486,lower
L3,sa,0.65,0.6500,0.028600,-0.025311,-0.008121,lower
L3,sa,0.65,0.6500,0.030531,-0.025853,-0.019475,lower
L3,sa,0.65,0.6500,0.032543,-0.026382,-0.028747,lower
L3,sa,0.65,0.6500,0.034640,-0.026899,-0.036125,lower
L3,sa,0.65,0.6500,0.036823,-0.027404,-0.041812,lower
L3,sa,0.65,0.6500,0.039094,-0.027899,-0.046016,lower
L3,sa,0.65,0.6500,0.041456,-0.028383,-0.048949,lower
L3,sa,0.65,0.6500,0.043912,-0.028859,-0.050818,lower
L3,sa,0.65,0.6500,0.046463,-0.029326,-0.051823,lower
L3,sa,0.65,0.6500,0.049112,-0.029785,-0.052152,lower
L3,sa,0.65,0.6500,0.051862,-0.030238,-0.051984,lower
L3,sa,0.65,0.6500,0.054716,-0.030686,-0.051481,lower
L3,sa,0.65,0.6500,0.057676,-0.031129,-0.050792,lower
L3,sa,0.65,0.6500,0.060746,-0.031569,-0.050050,lower
L3,sa,0.65,0.6500,0.063928,-0.032006,-0.049374,lower
L3,sa,0.65,0.6500,0.067226,-0.032442,-0.048867,lower
L3,sa,0.65,0.6500,0.070643,-0.032877,-0.048618,lower
L3,sa,0.65,0.6500,0.074181,-0.033313,-0.048704,lower
L3,sa,0.65,0.6500,0.077844,-0.033751,-0.049189,lower
L3,sa,0.65,0.6500,0.081635,-0.034191,-0.050121,lower
L3,sa,0.65,0.6500,0.085558,-0.034634,-0.051541,lower
L3,sa,0.65,0.6500,0.089616,-0.035080,-0.053476,lower
L3,sa,0.65,0.6500,0.093813,-0.035530,-0.055943,lower
L3,sa,0.65,0.6500,0.098151,-0.035985,-0.058949,lower
L3,sa,0.65,0.6500,0.102634,-0.036444,-0.062489,lower
L3,sa,0.65,0.6500,0.107265,-0.036907,-0.066551,lower
L3,sa,0.65,0.6500,0.112049,-0.037375,-0.071113,lower
L3,sa,0.65,0.6500,0.116988,-0.037847,-0.076145,lower
L3,sa,0.65,0.6500,0.122085,-0.038323,-0.081607,lower
L3,sa,0.65,0.6500,0.127344,-0.038801,-0.087453,lower
L3,sa,0.65,0.6500,0.132769,-0.039282,-0.093631,lower
L3,sa,0.65,0.6500,0.138361,-0.039764,-0.100083,lower
L3,sa,0.65,0.6500,0.144125,-0.040246,-0.106746,lower
L3,sa,0.65,0.6500,0.150064,-0.040726,-0.113556,lower
L3,sa,0.65,0.6500,0.156179,-0.041204,-0.120447,lower
L3,sa,0.65,0.6500,0.162474,-0.041678,-0.127353,lower
L3,sa,0.65,0.6500,0.168952,-0.042147,-0.134211,lower
L3,sa,0.65,0.6500,0.175614,-0.042610,-0.140966,lower
L3,sa,0.65,0.6500,0.182464,-0.043064,-0.147564,lower
L3,sa,0.65,0.6500,0.189502,-0.043509,-0.153966,lower
L3,sa,0.65,0.6500,0.196731,-0.043942,-0.160139,lower
L3,sa,0.65,0.6500,0.204152,-0.044364,-0.166065,lower
L3,sa,0.65,0.6500,0.211767,-0.044773,-0.171737,lower
L3,sa,0.65,0.6500,0.219576,-0.045168,-0.177162,lower
L3,sa,0.65,0.6500,0.227580,-0.045547,-0.182360,lower
L3,sa,0.65,0.6500,0.235779,-0.045911,-0.187361,lower
L3,sa,0.65,0.6500,0.244175,-0.046258,-0.192207,lower
L3,sa,0.65,0.6500,0.252765,-0.046588,-0.196948,lower
L3,sa,0.65,0.6500,0.261551,-0.046900,-0.201635,lower
L3,sa,0.65,0.6500,0.270530,-0.047194,-0.206323,lower
L3,sa,0.65,0.6500,0.279701,-0.047468,-0.211065,lower
L3,sa,0.65,0.6500,0.289064,-0.047723,-0.215907,lower
L3,sa,0.65,0.6500,0.298615,-0.047957,-0.220886,lower
L3,sa,0.65,0.6500,0.308352,-0.048168,-0.226023,lower
L3,sa,0.65,0.6500,0.318273,-0.048357,-0.231322,lower
L3,sa,0.65,0.6500,0.328374,-0.048520,-0.236770,lower
L3,sa,0.65,0.6500,0.338651,-0.048657,-0.242331,lower
L3,sa,0.65,0.6500,0.349100,-0.048765,-0.247940,lower
L3,sa,0.65,0.6500,0.359716,-0.048843,-0.253510,lower
L3,sa,0.65,0.6500,0.370496,-0.048887,-0.258931,lower
L3,sa,0.65,0.6500,0.381432,-0.048894,-0.264069,lower
L3,sa,0.65,0.6500,0.392519,-0.048863,-0.268765,lower
L3,sa,0.65,0.6500,0.403750,-0.048790,-0.272850,lower
L3,sa,0.65,0.6500,0.415120,-0.048673,-0.276142,lower
L3,sa,0.65,0.6500,0.426620,-0.048509,-0.278464,lower
L3,sa,0.65,0.6500,0.438243,-0.048297,-0.279662,lower
L3,sa,0.65,0.6500,0.449981,-0.048033,-0.279583,lower
L3,sa,0.65,0.6500,0.461826,-0.047717,-0.278077,lower
L3,sa,0.65,0.6500,0.473769,-0.047347,-0.275074,lower
L3,sa,0.65,0.6500,0.485800,-0.046924,-0.270631,lower
L3,sa,0.65,0.6500,0.497911,-0.046447,-0.264753,lower
L3,sa,0.65,0.6500,0.510092,-0.045918,-0.257549,lower
L3,sa,0.65,0.6500,0.522334,-0.045337,-0.249244,lower
L3,sa,0.65,0.6500,0.534626,-0.044707,-0.240039,lower
L3,sa,0.65,0.6500,0.546959,-0.044030,-0.230161,lower
L3,sa,0.65,0.6500,0.559322,-0.043308,-0.219838,lower
L3,sa,0.65,0.6500,0.571705,-0.042545,-0.209240,lower
L3,sa,0.65,0.6500,0.584099,-0.041745,-0.198232,lower
L3,sa,0.65,0.6500,0.596493,-0.040910,-0.187143,lower
L3,sa,0.65,0.6500,0.608876,-0.040043,-0.176171,lower
L3,sa,0.65,0.6500,0.621239,-0.039149,-0.165206,lower
L3,sa,0.65,0.6500,0.633572,-0.038230,-0.154611,lower
L3,sa,0.65,0.6500,0.645864,-0.037290,-0.144106,lower
L3,sa,0.65,0.6500,0.658106,-0.036330,-0.133578,lower
L3,sa,0.65,0.6500,0.670288,-0.035354,-0.123189,lower
L3,sa,0.65,0.6500,0.682401,-0.034364,-0.113124,lower
L3,sa,0.65,0.6500,0.694435,-0.033360,-0.103638,lower
L3,sa,0.65,0.6500,0.706381,-0.032346,-0.094784,lower
L3,sa,0.65,0.6500,0.718230,-0.031322,-0.086838,lower
L3,sa,0.65,0.6500,0.729973,-0.030288,-0.079256,lower
L3,sa,0.65,0.6500,0.741604,-0.029247,-0.071918,lower
L3,sa,0.65,0.6500,0.753112,-0.028199,-0.064658,lower
L3,sa,0.65,0.6500,0.764492,-0.027144,-0.056708,lower
L3,sa,0.65,0.6500,0.775735,-0.026084,-0.048312,lower
L3,sa,0.65,0.6500,0.786835,-0.025019,-0.039359,lower
L3,sa,0.65,0.6500,0.797785,-0.023949,-0.029997,lower
L3,sa,0.65,0.6500,0.808581,-0.022876,-0.020724,lower
L3,sa,0.65,0.6500,0.819215,-0.021800,-0.011511,lower
L3,sa,0.65,0.6500,0.829682,-0.020722,-0.002436,lower
L3,sa,0.65,0.6500,0.839979,-0.019643,0.006733,lower
L3,sa,0.65,0.6500,0.850101,-0.018564,0.016212,lower
L3,sa,0.65,0.6500,0.860044,-0.017485,0.026274,lower
L3,sa,0.65,0.6500,0.869805,-0.016409,0.037139,lower
L3,sa,0.65,0.6500,0.879380,-0.015336,0.048760,lower
L3,sa,0.65,0.6500,0.888767,-0.014267,0.061222,lower
L3,sa,0.65,0.6500,0.897965,-0.013204,0.074262,lower
L3,sa,0.65,0.6500,0.906971,-0.012147,0.087709,lower
L3,sa,0.65,0.6500,0.915784,-0.011100,0.101400,lower
L3,sa,0.65,0.6500,0.924403,-0.010062,0.115107,lower
L3,sa,0.65,0.6500,0.932829,-0.009037,0.128910,lower
L3,sa,0.65,0.6500,0.941059,-0.008025,0.142767,lower
L3,sa,0.65,0.6500,0.949096,-0.007029,0.156986,lower
L3,sa,0.65,0.6500,0.956938,-0.006050,0.171830,lower
L3,sa,0.65,0.6500,0.964589,-0.005093,0.187347,lower
L3,sa,0.65,0.6500,0.972047,-0.004158,0.203744,lower
L3,sa,0.65,0.6500,0.979316,-0.003249,0.220761,lower
L3,sa,0.65,0.6500,0.986396,-0.002368,0.237980,lower
L3,sa,0.65,0.6500,0.993290,-0.001519,0.253014,lower
L3,sa,0.65,0.6500,1.000000,-0.000705,0.281165,lower
L3,sa,0.80,0.8000,-0.000000,0.000000,0.737743,upper
L3,sa,0.80,0.8000,0.000004,0.000389,0.724509,upper
L3,sa,0.80,0.8000,0.000019,0.000793,0.709684,upper
L3,sa,0.80,0.8000,0.000043,0.001214,0.692958,upper
L3,sa,0.80,0.8000,0.000080,0.001650,0.674333,upper
L3,sa,0.80,0.8000,0.000131,0.002104,0.653637,upper
L3,sa,0.80,0.8000,0.000196,0.002574,0.630751,upper
L3,sa,0.80,0.8000,0.000278,0.003062,0.605535,upper
L3,sa,0.80,0.8000,0.000377,0.003566,0.577866,upper
L3,sa,0.80,0.8000,0.000497,0.004088,0.547625,upper
L3,sa,0.80,0.8000,0.000638,0.004627,0.514708,upper
L3,sa,0.80,0.8000,0.000803,0.005183,0.479032,upper
L3,sa,0.80,0.8000,0.000993,0.005755,0.440534,upper
L3,sa,0.80,0.8000,0.001211,0.006343,0.399182,upper
L3,sa,0.80,0.8000,0.001458,0.006948,0.354976,upper
L3,sa,0.80,0.8000,0.001738,0.007567,0.307956,upper
L3,sa,0.80,0.8000,0.002052,0.008200,0.258204,upper
L3,sa,0.80,0.8000,0.002402,0.008847,0.205849,upper
L3,sa,0.80,0.8000,0.002791,0.009505,0.151071,upper
L3,sa,0.80,0.8000,0.003221,0.010175,0.094098,upper
L3,sa,0.80,0.8000,0.003694,0.010854,0.035208,upper
L3,sa,0.80,0.8000,0.004212,0.011542,-0.025274,upper
L3,sa,0.80,0.8000,0.004777,0.012236,-0.086984,upper
L3,sa,0.80,0.8000,0.005392,0.012935,-0.149523,upper
L3,sa,0.80,0.8000,0.006058,0.013638,-0.212473,upper
L3,sa,0.80,0.8000,0.006777,0.014342,-0.275400,upper
L3,sa,0.80,0.8000,0.007551,0.015047,-0.337870,upper
L3,sa,0.80,0.8000,0.008382,0.015751,-0.399461,upper
L3,sa,0.80,0.8000,0.009271,0.016451,-0.459769,upper
L3,sa,0.80,0.8000,0.010219,0.017147,-0.518421,upper
L3,sa,0.80,0.8000,0.011228,0.017838,-0.575083,upper
L3,sa,0.80,0.8000,0.012300,0.018521,-0.629465,upper
L3,sa,0.80,0.8000,0.013436,0.019195,-0.681323,upper
L3,sa,0.80,0.8000,0.014637,0.019860,-0.730464,upper
L3,sa,0.80,0.8000,0.015904,0.020515,-0.776752,upper
L3,sa,0.80,0.8000,0.017239,0.021159,-0.820096,upper
L3,sa,0.80,0.8000,0.018643,0.021791,-0.860438,upper
L3,sa,0.80,0.8000,0.020117,0.022410,-0.897767,upper
L3,sa,0.80,0.8000,0.021664,0.023016,-0.932101,upper
L3,sa,0.80,0.8000,0.023284,0.023610,-0.963484,upper
L3,sa,0.80,0.8000,0.024979,0.024190,-0.991984,upper
L3,sa,0.80,0.8000,0.026750,0.024757,-1.017685,upper
L3,sa,0.80,0.8000,0.028600,0.025311,-1.040684,upper
L3,sa,0.80,0.8000,0.030531,0.025853,-1.061086,upper
L3,sa,0.80,0.8000,0.032543,0.026382,-1.079002,upper
L3,sa,0.80,0.8000,0.034640,0.026899,-1.094544,upper
L3,sa,0.80,0.8000,0.036823,0.027404,-1.107825,upper
L3,sa,0.80,0.8000,0.039094,0.027899,-1.118958,upper
L3,sa,0.80,0.8000,0.041456,0.028383,-1.128056,upper
L3,sa,0.80,0.8000,0.043912,0.028859,-1.135231,upper
L3,sa,0.80,0.8000,0.046463,0.029326,-1.140595,upper
L3,sa,0.80,0.8000,0.049112,0.029785,-1.144258,upper
L3,sa,0.80,0.8000,0.051862,0.030238,-1.146329,upper
L3,sa,0.80,0.8000,0.054716,0.030686,-1.146913,upper
L3,sa,0.80,0.8000,0.057676,0.031129,-1.146113,upper
L3,sa,0.80,0.8000,0.060746,0.031569,-1.144031,upper
L3,sa,0.80,0.8000,0.063928,0.032006,-1.140768,upper
L3,sa,0.80,0.8000,0.067226,0.032442,-1.136430,upper
L3,sa,0.80,0.8000,0.070642,0.032877,-1.131122,upper
L3,sa,0.80,0.8000,0.074181,0.033313,-1.124958,upper
L3,sa,0.80,0.8000,0.077844,0.033751,-1.118054,upper
L3,sa,0.80,0.8000,0.081635,0.034191,-1.110528,upper
L3,sa,0.80,0.8000,0.085558,0.034634,-1.102501,upper
L3,sa,0.80,0.8000,0.089616,0.035080,-1.094092,upper
L3,sa,0.80,0.8000,0.093813,0.035530,-1.085415,upper
L3,sa,0.80,0.8000,0.098151,0.035985,-1.076583,upper
L3,sa,0.80,0.8000,0.102634,0.036444,-1.067699,upper
L3,sa,0.80,0.8000,0.107265,0.036907,-1.058864,upper
L3,sa,0.80,0.8000,0.112049,0.037375,-1.050172,upper
L3,sa,0.80,0.8000,0.116988,0.037847,-1.041714,upper
L3,sa,0.80,0.8000,0.122085,0.038323,-1.033580,upper
L3,sa,0.80,0.8000,0.127344,0.038801,-1.025847,upper
L3,sa,0.80,0.8000,0.132769,0.039282,-1.018578,upper
L3,sa,0.80,0.8000,0.138361,0.039764,-1.011823,upper
L3,sa,0.80,0.8000,0.144125,0.040246,-1.005601,upper
L3,sa,0.80,0.8000,0.150064,0.040726,-0.999906,upper
L3,sa,0.80,0.8000,0.156179,0.041204,-0.994746,upper
L3,sa,0.80,0.8000,0.162474,0.041678,-0.990078,upper
L3,sa,0.80,0.8000,0.168952,0.042147,-0.985881,upper
L3,sa,0.80,0.8000,0.175614,0.042610,-0.982131,upper
L3,sa,0.80,0.8000,0.182464,0.043064,-0.978735,upper
L3,sa,0.80,0.8000,0.189502,0.043509,-0.975629,upper
L3,sa,0.80,0.8000,0.196731,0.043942,-0.972756,upper
L3,sa,0.80,0.8000,0.204152,0.044364,-0.970067,upper
L3,sa,0.80,0.8000,0.211767,0.044773,-0.967488,upper
L3,sa,0.80,0.8000,0.219576,0.045168,-0.964966,upper
L3,sa,0.80,0.8000,0.227580,0.045547,-0.962524,upper
L3,sa,0.80,0.8000,0.235780,0.045911,-0.960182,upper
L3,sa,0.80,0.8000,0.244175,0.046258,-0.957498,upper
L3,sa,0.80,0.8000,0.252765,0.046588,-0.953163,upper
L3,sa,0.80,0.8000,0.261551,0.046900,-0.944975,upper
L3,sa,0.80,0.8000,0.270530,0.047194,-0.926456,upper
L3,sa,0.80,0.8000,0.279701,0.047468,-0.886025,upper
L3,sa,0.80,0.8000,0.289064,0.047723,-0.818980,upper
L3,sa,0.80,0.8000,0.298615,0.047957,-0.744002,upper
L3,sa,0.80,0.8000,0.308352,0.048168,-0.689940,upper
L3,sa,0.80,0.8000,0.318273,0.048357,-0.666389,upper
L3,sa,0.80,0.8000,0.328374,0.048520,-0.663218,upper
L3,sa,0.80,0.8000,0.338651,0.048657,-0.667110,upper
L3,sa,0.80,0.8000,0.349100,0.048765,-0.665688,upper
L3,sa,0.80,0.8000,0.359716,0.048843,-0.641386,upper
L3,sa,0.80,0.8000,0.370496,0.048887,-0.570958,upper
L3,sa,0.80,0.8000,0.381432,0.048894,-0.450448,upper
L3,sa,0.80,0.8000,0.392519,0.048863,-0.323630,upper
L3,sa,0.80,0.8000,0.403751,0.048790,-0.236850,upper
L3,sa,0.80,0.8000,0.415120,0.048673,-0.192781,upper
L3,sa,0.80,0.8000,0.426620,0.048509,-0.174947,upper
L3,sa,0.80,0.8000,0.438243,0.048296,-0.172438,upper
L3,sa,0.80,0.8000,0.449982,0.048033,-0.181320,upper
L3,sa,0.80,0.8000,0.461826,0.047717,-0.196215,upper
L3,sa,0.80,0.8000,0.473769,0.047347,-0.209131,upper
L3,sa,0.80,0.8000,0.485800,0.046924,-0.213425,upper
L3,sa,0.80,0.8000,0.497911,0.046447,-0.206782,upper
L3,sa,0.80,0.8000,0.510092,0.045918,-0.195319,upper
L3,sa,0.80,0.8000,0.522334,0.045337,-0.186824,upper
L3,sa,0.80,0.8000,0.534626,0.044707,-0.183699,upper
L3,sa,0.80,0.8000,0.546959,0.044030,-0.185402,upper
L3,sa,0.80,0.8000,0.559322,0.043308,-0.188612,upper
L3,sa,0.80,0.8000,0.571705,0.042545,-0.188227,upper
L3,sa,0.80,0.8000,0.584099,0.041745,-0.180259,upper
L3,sa,0.80,0.8000,0.596493,0.040910,-0.162441,upper
L3,sa,0.80,0.8000,0.608876,0.040043,-0.140574,upper
L3,sa,0.80,0.8000,0.621239,0.039149,-0.123560,upper
L3,sa,0.80,0.8000,0.633572,0.038230,-0.116343,upper
L3,sa,0.80,0.8000,0.645864,0.037290,-0.120104,upper
L3,sa,0.80,0.8000,0.658106,0.036330,-0.126842,upper
L3,sa,0.80,0.8000,0.670288,0.035354,-0.126384,upper
L3,sa,0.80,0.8000,0.682401,0.034364,-0.115411,upper
L3,sa,0.80,0.8000,0.694435,0.033360,-0.100194,upper
L3,sa,0.80,0.8000,0.706381,0.032346,-0.088820,upper
L3,sa,0.80,0.8000,0.718230,0.031322,-0.081861,upper
L3,sa,0.80,0.8000,0.729973,0.030288,-0.076726,upper
L3,sa,0.80,0.8000,0.741604,0.029247,-0.063834,upper
L3,sa,0.80,0.8000,0.753112,0.028199,-0.040756,upper
L3,sa,0.80,0.8000,0.764492,0.027144,-0.018765,upper
L3,sa,0.80,0.8000,0.775735,0.026084,-0.004036,upper
L3,sa,0.80,0.8000,0.786835,0.025019,-0.003377,upper
L3,sa,0.80,0.8000,0.797785,0.023949,-0.013289,upper
L3,sa,0.80,0.8000,0.808581,0.022876,-0.019130,upper
L3,sa,0.80,0.8000,0.819215,0.021800,-0.015349,upper
L3,sa,0.80,0.8000,0.829682,0.020722,-0.000093,upper
L3,sa,0.80,0.8000,0.839979,0.019643,0.021068,upper
L3,sa,0.80,0.8000,0.850101,0.018564,0.039657,upper
L3,sa,0.80,0.8000,0.860044,0.017485,0.052866,upper
L3,sa,0.80,0.8000,0.869805,0.016409,0.060309,upper
L3,sa,0.80,0.8000,0.879380,0.015336,0.067159,upper
L3,sa,0.80,0.8000,0.888768,0.014267,0.075511,upper
L3,sa,0.80,0.8000,0.897965,0.013204,0.085642,upper
L3,sa,0.80,0.8000,0.906971,0.012147,0.100441,upper
L3,sa,0.80,0.8000,0.915784,0.011100,0.115953,upper
L3,sa,0.80,0.8000,0.924403,0.010062,0.130472,upper
L3,sa,0.80,0.8000,0.932829,0.009037,0.145274,upper
L3,sa,0.80,0.8000,0.941059,0.008025,0.156088,upper
L3,sa,0.80,0.8000,0.949096,0.007029,0.165666,upper
L3,sa,0.80,0.8000,0.956938,0.006050,0.178933,upper
L3,sa,0.80,0.8000,0.964588,0.005093,0.193506,upper
L3,sa,0.80,0.8000,0.972047,0.004158,0.210391,upper
L3,sa,0.80,0.8000,0.979316,0.003249,0.229151,upper
L3,sa,0.80,0.8000,0.986396,0.002368,0.245010,upper
L3,sa,0.80,0.8000,0.993290,0.001519,0.256802,upper
L3,sa,0.80,0.8000,1.000000,0.000705,0.281485,upper
L3,sa,0.80,0.8000,-0.000000,0.000000,0.737743,lower
L3,sa,0.80,0.8000,0.000004,-0.000389,0.750146,lower
L3,sa,0.80,0.8000,0.000019,-0.000793,0.761790,lower
L3,sa,0.80,0.8000,0.000043,-0.001214,0.772537,lower
L3,sa,0.80,0.8000,0.000080,-0.001650,0.782368,lower
L3,sa,0.80,0.8000,0.000131,-0.002104,0.791102,lower
L3,sa,0.80,0.8000,0.000196,-0.002574,0.798583,lower
L3,sa,0.80,0.8000,0.000278,-0.003062,0.804633,lower
L3,sa,0.80,0.8000,0.000377,-0.003566,0.809072,lower
L3,sa,0.80,0.8000,0.000497,-0.004088,0.811712,lower
L3,sa,0.80,0.8000,0.000638,-0.004627,0.812365,lower
L3,sa,0.80,0.8000,0.000803,-0.005183,0.810848,lower
L3,sa,0.80,0.8000,0.000993,-0.005755,0.806978,lower
L3,sa,0.80,0.8000,0.001211,-0.006343,0.800585,lower
L3,sa,0.80,0.8000,0.001458,-0.006948,0.791518,lower
L3,sa,0.80,0.8000,0.001738,-0.007567,0.779647,lower
L3,sa,0.80,0.8000,0.002052,-0.008200,0.764876,lower
L3,sa,0.80,0.8000,0.002402,-0.008847,0.747143,lower
L3,sa,0.80,0.8000,0.002791,-0.009505,0.726431,lower
L3,sa,0.80,0.8000,0.003221,-0.010175,0.702774,lower
L3,sa,0.80,0.8000,0.003694,-0.010854,0.676257,lower
L3,sa,0.80,0.8000,0.004212,-0.011542,0.647024,lower
L3,sa,0.80,0.8000,0.004777,-0.012236,0.615275,lower
L3,sa,0.80,0.8000,0.005392,-0.012935,0.581268,lower
L3,sa,0.80,0.8000,0.006058,-0.013638,0.545311,lower
L3,sa,0.80,0.8000,0.006777,-0.014342,0.507759,lower
L3,sa,0.80,0.8000,0.007551,-0.015047,0.469003,lower
L3,sa,0.80,0.8000,0.008382,-0.015751,0.429461,lower
L3,sa,0.80,0.8000,0.009271,-0.016451,0.389566,lower
L3,sa,0.80,0.8000,0.010219,-0.017147,0.349755,lower
L3,sa,0.80,0.8000,0.011228,-0.017838,0.310453,lower
L3,sa,0.80,0.8000,0.012300,-0.018521,0.272068,lower
L3,sa,0.80,0.8000,0.013436,-0.019195,0.234974,lower
L3,sa,0.80,0.8000,0.014637,-0.019860,0.199508,lower
L3,sa,0.80,0.8000,0.015904,-0.020515,0.165959,lower
L3,sa,0.80,0.8000,0.017239,-0.021159,0.134566,lower
L3,sa,0.80,0.8000,0.018643,-0.021791,0.105515,lower
L3,sa,0.80,0.8000,0.020117,-0.022410,0.078937,lower
L3,sa,0.80,0.8000,0.021664,-0.023016,0.054910,lower
L3,sa,0.80,0.8000,0.023284,-0.023610,0.033458,lower
L3,sa,0.80,0.8000,0.024979,-0.024190,0.014560,lower
L3,sa,0.80,0.8000,0.026750,-0.024757,-0.001851,lower
L3,sa,0.80,0.8000,0.028600,-0.025311,-0.015882,lower
L3,sa,0.80,0.8000,0.030531,-0.025853,-0.027670,lower
L3,sa,0.80,0.8000,0.032543,-0.026382,-0.037382,lower
L3,sa,0.80,0.8000,0.034640,-0.026899,-0.045203,lower
L3,sa,0.80,0.8000,0.036823,-0.027404,-0.051332,lower
L3,sa,0.80,0.8000,0.039094,-0.027899,-0.055976,lower
L3,sa,0.80,0.8000,0.041456,-0.028383,-0.059343,lower
L3,sa,0.80,0.8000,0.043912,-0.028859,-0.061640,lower
L3,sa,0.80,0.8000,0.046463,-0.029326,-0.063064,lower
L3,sa,0.80,0.8000,0.049112,-0.029785,-0.063806,lower
L3,sa,0.80,0.8000,0.051862,-0.030238,-0.064042,lower
L3,sa,0.80,0.8000,0.054716,-0.030686,-0.063936,lower
L3,sa,0.80,0.8000,0.057676,-0.031129,-0.063637,lower
L3,sa,0.80,0.8000,0.060746,-0.031569,-0.063280,lower
L3,sa,0.80,0.8000,0.063928,-0.032006,-0.062983,lower
L3,sa,0.80,0.8000,0.067226,-0.032442,-0.062853,lower
L3,sa,0.80,0.8000,0.070642,-0.032877,-0.062979,lower
L3,sa,0.80,0.8000,0.074181,-0.033313,-0.063440,lower
L3,sa,0.80,0.8000,0.077844,-0.033751,-0.064300,lower
L3,sa,0.80,0.8000,0.081635,-0.034191,-0.065612,lower
L3,sa,0.80,0.8000,0.085558,-0.034634,-0.067415,lower
L3,sa,0.80,0.8000,0.089616,-0.035080,-0.069739,lower
L3,sa,0.80,0.8000,0.093813,-0.035530,-0.072602,lower
L3,sa,0.80,0.8000,0.098151,-0.035985,-0.076013,lower
L3,sa,0.80,0.8000,0.102634,-0.036444,-0.079970,lower
L3,sa,0.80,0.8000,0.107265,-0.036907,-0.084460,lower
L3,sa,0.80,0.8000,0.112049,-0.037375,-0.089463,lower
L3,sa,0.80,0.8000,0.116988,-0.037847,-0.094949,lower
L3,sa,0.80,0.8000,0.122085,-0.038323,-0.100881,lower
L3,sa,0.80,0.8000,0.127344,-0.038801,-0.107214,lower
L3,sa,0.80,0.8000,0.132769,-0.039282,-0.113895,lower
L3,sa,0.80,0.8000,0.138361,-0.039764,-0.120867,lower
L3,sa,0.80,0.8000,0.144125,-0.040246,-0.128068,lower
L3,sa,0.80,0.8000,0.150064,-0.040726,-0.135433,lower
L3,sa,0.80,0.8000,0.156179,-0.041204,-0.142895,lower
L3,sa,0.80,0.8000,0.162474,-0.041678,-0.150388,lower
L3,sa,0.80,0.8000,0.168952,-0.042147,-0.157848,lower
L3,sa,0.80,0.8000,0.175614,-0.042610,-0.165217,lower
L3,sa,0.80,0.8000,0.182464,-0.043064,-0.172441,lower
L3,sa,0.80,0.8000,0.189502,-0.043509,-0.179475,lower
L3,sa,0.80,0.8000,0.196731,-0.043942,-0.186286,lower
L3,sa,0.80,0.8000,0.204152,-0.044364,-0.192849,lower
L3,sa,0.80,0.8000,0.211767,-0.044773,-0.199154,lower
L3,sa,0.80,0.8000,0.219576,-0.045168,-0.205203,lower
L3,sa,0.80,0.8000,0.227580,-0.045547,-0.211007,lower
L3,sa,0.80,0.8000,0.235780,-0.045911,-0.216592,lower
L3,sa,0.80,0.8000,0.244175,-0.046258,-0.221989,lower
L3,sa,0.80,0.8000,0.252765,-0.046588,-0.227238,lower
L3,sa,0.80,0.8000,0.261551,-0.046900,-0.232381,lower
L3,sa,0.80,0.8000,0.270530,-0.047194,-0.237458,lower
L3,sa,0.80,0.8000,0.279701,-0.047468,-0.242504,lower
L3,sa,0.80,0.8000,0.289064,-0.047723,-0.247551,lower
L3,sa,0.80,0.8000,0.298615,-0.047957,-0.252614,lower
L3,sa,0.80,0.8000,0.308352,-0.048168,-0.257686,lower
L3,sa,0.80,0.8000,0.318273,-0.048357,-0.262747,lower
L3,sa,0.80,0.8000,0.328374,-0.048520,-0.267754,lower
L3,sa,0.80,0.8000,0.338651,-0.048657,-0.272637,lower
L3,sa,0.80,0.8000,0.349100,-0.048765,-0.277295,lower
L3,sa,0.80,0.8000,0.359716,-0.048843,-0.281614,lower
L3,sa,0.80,0.8000,0.370496,-0.048887,-0.285446,lower
L3,sa,0.80,0.8000,0.381432,-0.048894,-0.288630,lower
L3,sa,0.80,0.8000,0.392519,-0.048863,-0.291007,lower
L3,sa,0.80,0.8000,0.403751,-0.048790,-0.292408,lower
L3,sa,0.80,0.8000,0.415120,-0.048673,-0.292618,lower
L3,sa,0.80,0.8000,0.426620,-0.048509,-0.291475,lower
L3,sa,0.80,0.8000,0.438243,-0.048296,-0.288951,lower
L3,sa,0.80,0.8000,0.449982,-0.048033,-0.284888,lower
L3,sa,0.80,0.8000,0.461826,-0.047717,-0.279228,lower
L3,sa,0.80,0.8000,0.473769,-0.047347,-0.272057,lower
L3,sa,0.80,0.8000,0.485800,-0.046924,-0.263562,lower
L3,sa,0.80,0.8000,0.497911,-0.046447,-0.253910,lower
L3,sa,0.80,0.8000,0.510092,-0.045918,-0.243694,lower
L3,sa,0.80,0.8000,0.522334,-0.045337,-0.233651,lower
L3,sa,0.80,0.8000,0.534626,-0.044707,-0.223763,lower
L3,sa,0.80,0.8000,0.546959,-0.044030,-0.214831,lower
L3,sa,0.80,0.8000,0.559322,-0.043308,-0.206577,lower
L3,sa,0.80,0.8000,0.571705,-0.042545,-0.197951,lower
L3,sa,0.80,0.8000,0.584099,-0.041745,-0.188637,lower
L3,sa,0.80,0.8000,0.596493,-0.040910,-0.177343,lower
L3,sa,0.80,0.8000,0.608876,-0.040043,-0.163936,lower
L3,sa,0.80,0.8000,0.621239,-0.039149,-0.148903,lower
L3,sa,0.80,0.8000,0.633572,-0.038230,-0.133983,lower
L3,sa,0.80,0.8000,0.645864,-0.037290,-0.120700,lower
L3,sa,0.80,0.8000,0.658106,-0.036330,-0.110116,lower
L3,sa,0.80,0.8000,0.670288,-0.035354,-0.103997,lower
L3,sa,0.80,0.8000,0.682401,-0.034364,-0.100261,lower
L3,sa,0.80,0.8000,0.694435,-0.033360,-0.098316,lower
L3,sa,0.80,0.8000,0.706381,-0.032346,-0.096380,lower
L3,sa,0.80,0.8000,0.718230,-0.031322,-0.091005,lower
L3,sa,0.80,0.8000,0.729973,-0.030288,-0.082867,lower
L3,sa,0.80,0.8000,0.741604,-0.029247,-0.070685,lower
L3,sa,0.80,0.8000,0.753112,-0.028199,-0.056025,lower
L3,sa,0.80,0.8000,0.764492,-0.027144,-0.041523,lower
L3,sa,0.80,0.8000,0.775735,-0.026084,-0.028354,lower
L3,sa,0.80,0.8000,0.786835,-0.025019,-0.018972,lower
L3,sa,0.80,0.8000,0.797785,-0.023949,-0.012480,lower
L3,sa,0.80,0.8000,0.808581,-0.022876,-0.008689,lower
L3,sa,0.80,0.8000,0.819215,-0.021800,-0.005589,lower
L3,sa,0.80,0.8000,0.829682,-0.020722,-0.000491,lower
L3,sa,0.80,0.8000,0.839979,-0.019643,0.006702,lower
L3,sa,0.80,0.8000,0.850101,-0.018564,0.017826,lower
L3,sa,0.80,0.8000,0.860044,-0.017485,0.031270,lower
L3,sa,0.80,0.8000,0.869805,-0.016409,0.044983,lower
L3,sa,0.80,0.8000,0.879380,-0.015336,0.058435,lower
L3,sa,0.80,0.8000,0.888768,-0.014267,0.069480,lower
L3,sa,0.80,0.8000,0.897965,-0.013204,0.079402,lower
L3,sa,0.80,0.8000,0.906971,-0.012147,0.089796,lower
L3,sa,0.80,0.8000,0.915784,-0.011100,0.101000,lower
L3,sa,0.80,0.8000,0.924403,-0.010062,0.114610,lower
L3,sa,0.80,0.8000,0.932829,-0.009037,0.129578,lower
L3,sa,0.80,0.8000,0.941059,-0.008025,0.144503,lower
L3,sa,0.80,0.8000,0.949096,-0.007029,0.159562,lower
L3,sa,0.80,0.8000,0.956938,-0.006050,0.173956,lower
L3,sa,0.80,0.8000,0.964588,-0.005093,0.188326,lower
L3,sa,0.80,0.8000,0.972047,-0.004158,0.203926,lower
L3,sa,0.80,0.8000,0.979316,-0.003249,0.220224,lower
L3,sa,0.80,0.8000,0.986396,-0.002368,0.236795,lower
L3,sa,0.80,0.8000,0.993290,-0.001519,0.251297,lower
L3,sa,0.80,0.8000,1.000000,-0.000705,0.279241,lower
L3,sa,0.90,0.9000,-0.000000,0.000000,0.721188,upper
L3,sa,0.90,0.9000,0.000004,0.000389,0.708096,upper
L3,sa,0.90,0.9000,0.000018,0.000793,0.693415,upper
L3,sa,0.90,0.9000,0.000043,0.001214,0.676836,upper
L3,sa,0.90,0.9000,0.000080,0.001650,0.658361,upper
L3,sa,0.90,0.9000,0.000131,0.002104,0.637816,upper
L3,sa,0.90,0.9000,0.000196,0.002574,0.615084,upper
L3,sa,0.90,0.9000,0.000278,0.003062,0.590025,upper
L3,sa,0.90,0.9000,0.000377,0.003566,0.562514,upper
L3,sa,0.90,0.9000,0.000497,0.004088,0.532432,upper
L3,sa,0.90,0.9000,0.000638,0.004627,0.499677,upper
L3,sa,0.90,0.9000,0.000803,0.005183,0.464162,upper
L3,sa,0.90,0.9000,0.000993,0.005755,0.425828,upper
L3,sa,0.90,0.9000,0.001211,0.006343,0.384640,upper
L3,sa,0.90,0.9000,0.001458,0.006948,0.340599,upper
L3,sa,0.90,0.9000,0.001738,0.007567,0.293744,upper
L3,sa,0.90,0.9000,0.002052,0.008200,0.244158,upper
L3,sa,0.90,0.9000,0.002402,0.008847,0.191968,upper
L3,sa,0.90,0.9000,0.002791,0.009505,0.137354,upper
L3,sa,0.90,0.9000,0.003221,0.010175,0.080545,upper
L3,sa,0.90,0.9000,0.003694,0.010854,0.021817,upper
L3,sa,0.90,0.9000,0.004212,0.011542,-0.038506,upper
L3,sa,0.90,0.9000,0.004777,0.012236,-0.100059,upper
L3,sa,0.90,0.9000,0.005392,0.012935,-0.162446,upper
L3,sa,0.90,0.9000,0.006058,0.013638,-0.225247,upper
L3,sa,0.90,0.9000,0.006777,0.014342,-0.288031,upper
L3,sa,0.90,0.9000,0.007551,0.015047,-0.350365,upper
L3,sa,0.90,0.9000,0.008382,0.015751,-0.411827,upper
L3,sa,0.90,0.9000,0.009271,0.016451,-0.472015,upper
L3,sa,0.90,0.9000,0.010219,0.017147,-0.530557,upper
L3,sa,0.90,0.9000,0.011228,0.017838,-0.587121,upper
L3,sa,0.90,0.9000,0.012300,0.018521,-0.641420,upper
L3,sa,0.90,0.9000,0.013436,0.019195,-0.693206,upper
L3,sa,0.90,0.9000,0.014637,0.019860,-0.742288,upper
L3,sa,0.90,0.9000,0.015904,0.020515,-0.788536,upper
L3,sa,0.90,0.9000,0.017239,0.021159,-0.831858,upper
L3,sa,0.90,0.9000,0.018643,0.021791,-0.872198,upper
L3,sa,0.90,0.9000,0.020117,0.022410,-0.909545,upper
L3,sa,0.90,0.9000,0.021664,0.023016,-0.943917,upper
L3,sa,0.90,0.9000,0.023284,0.023610,-0.975360,upper
L3,sa,0.90,0.9000,0.024979,0.024190,-1.003944,upper
L3,sa,0.90,0.9000,0.026750,0.024757,-1.029753,upper
L3,sa,0.90,0.9000,0.028600,0.025311,-1.052884,upper
L3,sa,0.90,0.9000,0.030531,0.025853,-1.073444,upper
L3,sa,0.90,0.9000,0.032543,0.026382,-1.091545,upper
L3,sa,0.90,0.9000,0.034640,0.026899,-1.107299,upper
L3,sa,0.90,0.9000,0.036823,0.027404,-1.120822,upper
L3,sa,0.90,0.9000,0.039094,0.027899,-1.132227,upper
L3,sa,0.90,0.9000,0.041456,0.028383,-1.141629,upper
L3,sa,0.90,0.9000,0.043911,0.028859,-1.149139,upper
L3,sa,0.90,0.9000,0.046463,0.029326,-1.154871,upper
L3,sa,0.90,0.9000,0.049112,0.029785,-1.158938,upper
L3,sa,0.90,0.9000,0.051862,0.030238,-1.161448,upper
L3,sa,0.90,0.9000,0.054716,0.030686,-1.162509,upper
L3,sa,0.90,0.9000,0.057676,0.031129,-1.162225,upper
L3,sa,0.90,0.9000,0.060746,0.031569,-1.160699,upper
L3,sa,0.90,0.9000,0.063928,0.032006,-1.158036,upper
L3,sa,0.90,0.9000,0.067226,0.032442,-1.154340,upper
L3,sa,0.90,0.9000,0.070642,0.032877,-1.149720,upper
L3,sa,0.90,0.9000,0.074181,0.033313,-1.144289,upper
L3,sa,0.90,0.9000,0.077844,0.033751,-1.138165,upper
L3,sa,0.90,0.9000,0.081635,0.034191,-1.131469,upper
L3,sa,0.90,0.9000,0.085558,0.034634,-1.124322,upper
L3,sa,0.90,0.9000,0.089616,0.035080,-1.116843,upper
L3,sa,0.90,0.9000,0.093813,0.035530,-1.109152,upper
L3,sa,0.90,0.9000,0.098151,0.035985,-1.101361,upper
L3,sa,0.90,0.9000,0.102634,0.036444,-1.093576,upper
L3,sa,0.90,0.9000,0.107265,0.036907,-1.085898,upper
L3,sa,0.90,0.9000,0.112049,0.037375,-1.078423,upper
L3,sa,0.90,0.9000,0.116988,0.037847,-1.071245,upper
L3,sa,0.90,0.9000,0.122085,0.038323,-1.064450,upper
L3,sa,0.90,0.9000,0.127344,0.038801,-1.058120,upper
L3,sa,0.90,0.9000,0.132769,0.039282,-1.052319,upper
L3,sa,0.90,0.9000,0.138361,0.039764,-1.047095,upper
L3,sa,0.90,0.9000,0.144125,0.040246,-1.042474,upper
L3,sa,0.90,0.9000,0.150063,0.040726,-1.038468,upper
L3,sa,0.90,0.9000,0.156179,0.041204,-1.035079,upper
L3,sa,0.90,0.9000,0.162474,0.041678,-1.032299,upper
L3,sa,0.90,0.9000,0.168952,0.042147,-1.030103,upper
L3,sa,0.90,0.9000,0.175614,0.042610,-1.028452,upper
L3,sa,0.90,0.9000,0.182464,0.043064,-1.027300,upper
L3,sa,0.90,0.9000,0.189502,0.043509,-1.026580,upper
L3,sa,0.90,0.9000,0.196731,0.043942,-1.026240,upper
L3,sa,0.90,0.9000,0.204152,0.044364,-1.026230,upper
L3,sa,0.90,0.9000,0.211767,0.044773,-1.026509,upper
L3,sa,0.90,0.9000,0.219576,0.045168,-1.027054,upper
L3,sa,0.90,0.9000,0.227580,0.045547,-1.027871,upper
L3,sa,0.90,0.9000,0.235779,0.045911,-1.029269,upper
L3,sa,0.90,0.9000,0.244175,0.046258,-1.030611,upper
L3,sa,0.90,0.9000,0.252765,0.046588,-1.029215,upper
L3,sa,0.90,0.9000,0.261551,0.046900,-1.018789,upper
L3,sa,0.90,0.9000,0.270530,0.047194,-0.969615,upper
L3,sa,0.90,0.9000,0.279701,0.047469,-0.822051,upper
L3,sa,0.90,0.9000,0.289064,0.047723,-0.600659,upper
L3,sa,0.90,0.9000,0.298615,0.047957,-0.405946,upper
L3,sa,0.90,0.9000,0.308352,0.048168,-0.265732,upper
L3,sa,0.90,0.9000,0.318273,0.048357,-0.176543,upper
L3,sa,0.90,0.9000,0.328374,0.048520,-0.136828,upper
L3,sa,0.90,0.9000,0.338651,0.048657,-0.123006,upper
L3,sa,0.90,0.9000,0.349100,0.048765,-0.119871,upper
L3,sa,0.90,0.9000,0.359716,0.048843,-0.121849,upper
L3,sa,0.90,0.9000,0.370495,0.048887,-0.126673,upper
L3,sa,0.90,0.9000,0.381432,0.048894,-0.135596,upper
L3,sa,0.90,0.9000,0.392519,0.048863,-0.148906,upper
L3,sa,0.90,0.9000,0.403750,0.048790,-0.165534,upper
L3,sa,0.90,0.9000,0.415120,0.048673,-0.183608,upper
L3,sa,0.90,0.9000,0.426620,0.048509,-0.199193,upper
L3,sa,0.90,0.9000,0.438243,0.048297,-0.209516,upper
L3,sa,0.90,0.9000,0.449981,0.048033,-0.213918,upper
L3,sa,0.90,0.9000,0.461826,0.047717,-0.213748,upper
L3,sa,0.90,0.9000,0.473769,0.047347,-0.211735,upper
L3,sa,0.90,0.9000,0.485800,0.046924,-0.209960,upper
L3,sa,0.90,0.9000,0.497911,0.046447,-0.208939,upper
L3,sa,0.90,0.9000,0.510092,0.045918,-0.208047,upper
L3,sa,0.90,0.9000,0.522334,0.045337,-0.205914,upper
L3,sa,0.90,0.9000,0.534626,0.044707,-0.202165,upper
L3,sa,0.90,0.9000,0.546959,0.044030,-0.197572,upper
L3,sa,0.90,0.9000,0.559322,0.043308,-0.192799,upper
L3,sa,0.90,0.9000,0.571705,0.042545,-0.187699,upper
L3,sa,0.90,0.9000,0.584099,0.041745,-0.180528,upper
L3,sa,0.90,0.9000,0.596493,0.040910,-0.171624,upper
L3,sa,0.90,0.9000,0.608876,0.040043,-0.160815,upper
L3,sa,0.90,0.9000,0.621239,0.039149,-0.149682,upper
L3,sa,0.90,0.9000,0.633572,0.038230,-0.141136,upper
L3,sa,0.90,0.9000,0.645864,0.037290,-0.132239,upper
L3,sa,0.90,0.9000,0.658106,0.036330,-0.122350,upper
L3,sa,0.90,0.9000,0.670288,0.035354,-0.107454,upper
L3,sa,0.90,0.9000,0.682401,0.034364,-0.086375,upper
L3,sa,0.90,0.9000,0.694435,0.033360,-0.065779,upper
L3,sa,0.90,0.9000,0.706381,0.032346,-0.048500,upper
L3,sa,0.90,0.9000,0.718230,0.031322,-0.044852,upper
L3,sa,0.90,0.9000,0.729973,0.030288,-0.054502,upper
L3,sa,0.90,0.9000,0.741604,0.029247,-0.068760,upper
L3,sa,0.90,0.9000,0.753112,0.028199,-0.082897,upper
L3,sa,0.90,0.9000,0.764492,0.027144,-0.080903,upper
L3,sa,0.90,0.9000,0.775735,0.026084,-0.062240,upper
L3,sa,0.90,0.9000,0.786835,0.025019,-0.035143,upper
L3,sa,0.90,0.9000,0.797785,0.023949,-0.004931,upper
L3,sa,0.90,0.9000,0.808580,0.022876,0.013989,upper
L3,sa,0.90,0.9000,0.819215,0.021800,0.020207,upper
L3,sa,0.90,0.9000,0.829682,0.020722,0.018723,upper
L3,sa,0.90,0.9000,0.839979,0.019643,0.013433,upper
L3,sa,0.90,0.9000,0.850101,0.018564,0.012675,upper
L3,sa,0.90,0.9000,0.860044,0.017485,0.018235,upper
L3,sa,0.90,0.9000,0.869805,0.016409,0.028007,upper
L3,sa,0.90,0.9000,0.879380,0.015336,0.040907,upper
L3,sa,0.90,0.9000,0.888767,0.014267,0.056641,upper
L3,sa,0.90,0.9000,0.897965,0.013204,0.073264,upper
L3,sa,0.90,0.9000,0.906971,0.012147,0.090238,upper
L3,sa,0.90,0.9000,0.915784,0.011100,0.106780,upper
L3,sa,0.90,0.9000,0.924403,0.010062,0.119203,upper
L3,sa,0.90,0.9000,0.932828,0.009037,0.129184,upper
L3,sa,0.90,0.9000,0.941059,0.008025,0.138519,upper
L3,sa,0.90,0.9000,0.949096,0.007029,0.148178,upper
L3,sa,0.90,0.9000,0.956938,0.006050,0.161148,upper
L3,sa,0.90,0.9000,0.964588,0.005093,0.176342,upper
L3,sa,0.90,0.9000,0.972047,0.004158,0.192357,upper
L3,sa,0.90,0.9000,0.979316,0.003249,0.208548,upper
L3,sa,0.90,0.9000,0.986396,0.002368,0.223785,upper
L3,sa,0.90,0.9000,0.993290,0.001519,0.236649,upper
L3,sa,0.90,0.9000,1.000000,0.000705,0.262305,upper
L3,sa,0.90,0.9000,-0.000000,0.000000,0.721188,lower
L3,sa,0.90,0.9000,0.000004,-0.000389,0.733444,lower
L3,sa,0.90,0.9000,0.000018,-0.000793,0.744933,lower
L3,sa,0.90,0.9000,0.000043,-0.001214,0.755517,lower
L3,sa,0.90,0.9000,0.000080,-0.001650,0.765175,lower
L3,sa,0.90,0.9000,0.000131,-0.002104,0.773723,lower
L3,sa,0.90,0.9000,0.000196,-0.002574,0.781009,lower
L3,sa,0.90,0.9000,0.000278,-0.003062,0.786850,lower
L3,sa,0.90,0.9000,0.000377,-0.003566,0.791067,lower
L3,sa,0.90,0.9000,0.000497,-0.004088,0.793472,lower
L3,sa,0.90,0.9000,0.000638,-0.004627,0.793876,lower
L3,sa,0.90,0.9000,0.000803,-0.005183,0.792093,lower
L3,sa,0.90,0.9000,0.000993,-0.005755,0.787942,lower
L3,sa,0.90,0.9000,0.001211,-0.006343,0.781251,lower
L3,sa,0.90,0.9000,0.001458,-0.006948,0.771868,lower
L3,sa,0.90,0.9000,0.001738,-0.007567,0.759664,lower
L3,sa,0.90,0.9000,0.002052,-0.008200,0.744541,lower
L3,sa,0.90,0.9000,0.002402,-0.008847,0.726437,lower
L3,sa,0.90,0.9000,0.002791,-0.009505,0.705335,lower
L3,sa,0.90,0.9000,0.003221,-0.010175,0.681268,lower
L3,sa,0.90,0.9000,0.003694,-0.010854,0.654322,lower
L3,sa,0.90,0.9000,0.004212,-0.011542,0.624641,lower
L3,sa,0.90,0.9000,0.004777,-0.012236,0.592424,lower
L3,sa,0.90,0.9000,0.005392,-0.012935,0.557930,lower
L3,sa,0.90,0.9000,0.006058,-0.013638,0.521466,lower
L3,sa,0.90,0.9000,0.006777,-0.014342,0.483388,lower
L3,sa,0.90,0.9000,0.007551,-0.015047,0.444088,lower
L3,sa,0.90,0.9000,0.008382,-0.015751,0.403983,lower
L3,sa,0.90,0.9000,0.009271,-0.016451,0.363507,lower
L3,sa,0.90,0.9000,0.010219,-0.017147,0.323097,lower
L3,sa,0.90,0.9000,0.011228,-0.017838,0.283179,lower
L3,sa,0.90,0.9000,0.012300,-0.018521,0.244161,lower
L3,sa,0.90,0.9000,0.013436,-0.019195,0.206419,lower
L3,sa,0.90,0.9000,0.014637,-0.019860,0.170291,lower
L3,sa,0.90,0.9000,0.015904,-0.020515,0.136067,lower
L3,sa,0.90,0.9000,0.017239,-0.021159,0.103990,lower
L3,sa,0.90,0.9000,0.018643,-0.021791,0.074248,lower
L3,sa,0.90,0.9000,0.020117,-0.022410,0.046974,lower
L3,sa,0.90,0.9000,0.021664,-0.023016,0.022250,lower
L3,sa,0.90,0.9000,0.023284,-0.023610,0.000106,lower
L3,sa,0.90,0.9000,0.024979,-0.024190,-0.019478,lower
L3,sa,0.90,0.9000,0.026750,-0.024757,-0.036565,lower
L3,sa,0.90,0.9000,0.028600,-0.025311,-0.051258,lower
L3,sa,0.90,0.9000,0.030531,-0.025853,-0.063694,lower
L3,sa,0.90,0.9000,0.032543,-0.026382,-0.074036,lower
L3,sa,0.90,0.9000,0.034640,-0.026899,-0.082469,lower
L3,sa,0.90,0.9000,0.036823,-0.027404,-0.089194,lower
L3,sa,0.90,0.9000,0.039094,-0.027899,-0.094418,lower
L3,sa,0.90,0.9000,0.041456,-0.028383,-0.098353,lower
L3,sa,0.90,0.9000,0.043911,-0.028859,-0.101208,lower
L3,sa,0.90,0.9000,0.046463,-0.029326,-0.103184,lower
L3,sa,0.90,0.9000,0.049112,-0.029785,-0.104476,lower
L3,sa,0.90,0.9000,0.051862,-0.030238,-0.105265,lower
L3,sa,0.90,0.9000,0.054716,-0.030686,-0.105718,lower
L3,sa,0.90,0.9000,0.057676,-0.031129,-0.105989,lower
L3,sa,0.90,0.9000,0.060746,-0.031569,-0.106216,lower
L3,sa,0.90,0.9000,0.063928,-0.032006,-0.106522,lower
L3,sa,0.90,0.9000,0.067226,-0.032442,-0.107018,lower
L3,sa,0.90,0.9000,0.070642,-0.032877,-0.107796,lower
L3,sa,0.90,0.9000,0.074181,-0.033313,-0.108938,lower
L3,sa,0.90,0.9000,0.077844,-0.033751,-0.110511,lower
L3,sa,0.90,0.9000,0.081635,-0.034191,-0.112570,lower
L3,sa,0.90,0.9000,0.085558,-0.034634,-0.115157,lower
L3,sa,0.90,0.9000,0.089616,-0.035080,-0.118304,lower
L3,sa,0.90,0.9000,0.093813,-0.035530,-0.122030,lower
L3,sa,0.90,0.9000,0.098151,-0.035985,-0.126344,lower
L3,sa,0.90,0.9000,0.102634,-0.036444,-0.131243,lower
L3,sa,0.90,0.9000,0.107265,-0.036907,-0.136716,lower
L3,sa,0.90,0.9000,0.112049,-0.037375,-0.142739,lower
L3,sa,0.90,0.9000,0.116988,-0.037847,-0.149280,lower
L3,sa,0.90,0.9000,0.122085,-0.038323,-0.156298,lower
L3,sa,0.90,0.9000,0.127344,-0.038801,-0.163740,lower
L3,sa,0.90,0.9000,0.132769,-0.039282,-0.171546,lower
L3,sa,0.90,0.9000,0.138361,-0.039764,-0.179649,lower
L3,sa,0.90,0.9000,0.144125,-0.040246,-0.187974,lower
L3,sa,0.90,0.9000,0.150063,-0.040726,-0.196439,lower
L3,sa,0.90,0.9000,0.156179,-0.041204,-0.204958,lower
L3,sa,0.90,0.9000,0.162474,-0.041678,-0.213440,lower
L3,sa,0.90,0.9000,0.168952,-0.042147,-0.221795,lower
L3,sa,0.90,0.9000,0.175614,-0.042610,-0.229931,lower
L3,sa,0.90,0.9000,0.182464,-0.043064,-0.237759,lower
L3,sa,0.90,0.9000,0.189502,-0.043509,-0.245194,lower
L3,sa,0.90,0.9000,0.196731,-0.043942,-0.252158,lower
L3,sa,0.90,0.9000,0.204152,-0.044364,-0.258583,lower
L3,sa,0.90,0.9000,0.211767,-0.044773,-0.264409,lower
L3,sa,0.90,0.9000,0.219576,-0.045168,-0.269595,lower
L3,sa,0.90,0.9000,0.227580,-0.045547,-0.274112,lower
L3,sa,0.90,0.9000,0.235779,-0.045911,-0.277942,lower
L3,sa,0.90,0.9000,0.244175,-0.046258,-0.281088,lower
L3,sa,0.90,0.9000,0.252765,-0.046588,-0.283574,lower
L3,sa,0.90,0.9000,0.261551,-0.046900,-0.285435,lower
L3,sa,0.90,0.9000,0.270530,-0.047194,-0.286713,lower
L3,sa,0.90,0.9000,0.279701,-0.047469,-0.287469,lower
L3,sa,0.90,0.9000,0.289064,-0.047723,-0.287774,lower
L3,sa,0.90,0.9000,0.298615,-0.047957,-0.287690,lower
L3,sa,0.90,0.9000,0.308352,-0.048168,-0.287268,lower
L3,sa,0.90,0.9000,0.318273,-0.048357,-0.286566,lower
L3,sa,0.90,0.9000,0.328374,-0.048520,-0.285594,lower
L3,sa,0.90,0.9000,0.338651,-0.048657,-0.284339,lower
L3,sa,0.90,0.9000,0.349100,-0.048765,-0.282785,lower
L3,sa,0.90,0.9000,0.359716,-0.048843,-0.280871,lower
L3,sa,0.90,0.9000,0.370495,-0.048887,-0.278440,lower
L3,sa,0.90,0.9000,0.381432,-0.048894,-0.275353,lower
L3,sa,0.90,0.9000,0.392519,-0.048863,-0.271589,lower
L3,sa,0.90,0.9000,0.403750,-0.048790,-0.266926,lower
L3,sa,0.90,0.9000,0.415120,-0.048673,-0.261295,lower
L3,sa,0.90,0.9000,0.426620,-0.048509,-0.254764,lower
L3,sa,0.90,0.9000,0.438243,-0.048297,-0.247580,lower
L3,sa,0.90,0.9000,0.449981,-0.048033,-0.239795,lower
L3,sa,0.90,0.9000,0.461826,-0.047717,-0.231968,lower
L3,sa,0.90,0.9000,0.473769,-0.047347,-0.224724,lower
L3,sa,0.90,0.9000,0.485800,-0.046924,-0.217920,lower
L3,sa,0.90,0.9000,0.497911,-0.046447,-0.212249,lower
L3,sa,0.90,0.9000,0.510092,-0.045918,-0.207496,lower
L3,sa,0.90,0.9000,0.522334,-0.045337,-0.203188,lower
L3,sa,0.90,0.9000,0.534626,-0.044707,-0.198490,lower
L3,sa,0.90,0.9000,0.546959,-0.044030,-0.193297,lower
L3,sa,0.90,0.9000,0.559322,-0.043308,-0.186827,lower
L3,sa,0.90,0.9000,0.571705,-0.042545,-0.177788,lower
L3,sa,0.90,0.9000,0.584099,-0.041745,-0.167942,lower
L3,sa,0.90,0.9000,0.596493,-0.040910,-0.155825,lower
L3,sa,0.90,0.9000,0.608876,-0.040043,-0.142086,lower
L3,sa,0.90,0.9000,0.621239,-0.039149,-0.127943,lower
L3,sa,0.90,0.9000,0.633572,-0.038230,-0.112577,lower
L3,sa,0.90,0.9000,0.645864,-0.037290,-0.099035,lower
L3,sa,0.90,0.9000,0.658106,-0.036330,-0.087358,lower
L3,sa,0.90,0.9000,0.670288,-0.035354,-0.079348,lower
L3,sa,0.90,0.9000,0.682401,-0.034364,-0.075209,lower
L3,sa,0.90,0.9000,0.694435,-0.033360,-0.073041,lower
L3,sa,0.90,0.9000,0.706381,-0.032346,-0.072131,lower
L3,sa,0.90,0.9000,0.718230,-0.031322,-0.067392,lower
L3,sa,0.90,0.9000,0.729973,-0.030288,-0.060038,lower
L3,sa,0.90,0.9000,0.741604,-0.029247,-0.050089,lower
L3,sa,0.90,0.9000,0.753112,-0.028199,-0.038313,lower
L3,sa,0.90,0.9000,0.764492,-0.027144,-0.030836,lower
L3,sa,0.90,0.9000,0.775735,-0.026084,-0.025063,lower
L3,sa,0.90,0.9000,0.786835,-0.025019,-0.022442,lower
L3,sa,0.90,0.9000,0.797785,-0.023949,-0.021375,lower
L3,sa,0.90,0.9000,0.808580,-0.022876,-0.014431,lower
L3,sa,0.90,0.9000,0.819215,-0.021800,-0.004587,lower
L3,sa,0.90,0.9000,0.829682,-0.020722,0.008832,lower
L3,sa,0.90,0.9000,0.839979,-0.019643,0.023341,lower
L3,sa,0.90,0.9000,0.850101,-0.018564,0.031785,lower
L3,sa,0.90,0.9000,0.860044,-0.017485,0.037128,lower
L3,sa,0.90,0.9000,0.869805,-0.016409,0.039470,lower
L3,sa,0.90,0.9000,0.879380,-0.015336,0.042047,lower
L3,sa,0.90,0.9000,0.888767,-0.014267,0.052550,lower
L3,sa,0.90,0.9000,0.897965,-0.013204,0.068017,lower
L3,sa,0.90,0.9000,0.906971,-0.012147,0.087811,lower
L3,sa,0.90,0.9000,0.915784,-0.011100,0.108315,lower
L3,sa,0.90,0.9000,0.924403,-0.010062,0.121065,lower
L3,sa,0.90,0.9000,0.932828,-0.009037,0.129423,lower
L3,sa,0.90,0.9000,0.941059,-0.008025,0.134556,lower
L3,sa,0.90,0.9000,0.949096,-0.007029,0.139470,lower
L3,sa,0.90,0.9000,0.956938,-0.006050,0.152413,lower
L3,sa,0.90,0.9000,0.964588,-0.005093,0.169463,lower
L3,sa,0.90,0.9000,0.972047,-0.004158,0.188277,lower
L3,sa,0.90,0.9000,0.979316,-0.003249,0.208236,lower
L3,sa,0.90,0.9000,0.986396,-0.002368,0.222929,lower
L3,sa,0.90,0.9000,0.993290,-0.001519,0.232975,lower
L3,sa,0.90,0.9000,1.000000,-0.000705,0.259740,lower
L3,sa,0.96,0.9600,0.000000,0.000000,0.680501,upper
L3,sa,0.96,0.9600,0.000004,0.000389,0.667919,upper
L3,sa,0.96,0.9600,0.000019,0.000793,0.653758,upper
L3,sa,0.96,0.9600,0.000043,0.001214,0.637713,upper
L3,sa,0.96,0.9600,0.000080,0.001650,0.619783,upper
L3,sa,0.96,0.9600,0.000131,0.002104,0.599796,upper
L3,sa,0.96,0.9600,0.000196,0.002574,0.577631,upper
L3,sa,0.96,0.9600,0.000278,0.003062,0.553149,upper
L3,sa,0.96,0.9600,0.000377,0.003566,0.526224,upper
L3,sa,0.96,0.9600,0.000497,0.004088,0.496735,upper
L3,sa,0.96,0.9600,0.000638,0.004627,0.464579,upper
L3,sa,0.96,0.9600,0.000803,0.005183,0.429669,upper
L3,sa,0.96,0.9600,0.000993,0.005755,0.391940,upper
L3,sa,0.96,0.9600,0.001211,0.006343,0.351359,upper
L3,sa,0.96,0.9600,0.001458,0.006948,0.307924,upper
L3,sa,0.96,0.9600,0.001738,0.007567,0.261671,upper
L3,sa,0.96,0.9600,0.002052,0.008200,0.212680,upper
L3,sa,0.96,0.9600,0.002402,0.008847,0.161078,upper
L3,sa,0.96,0.9600,0.002791,0.009505,0.107041,upper
L3,sa,0.96,0.9600,0.003221,0.010175,0.050794,upper
L3,sa,0.96,0.9600,0.003694,0.010854,-0.007388,upper
L3,sa,0.96,0.9600,0.004212,0.011542,-0.067184,upper
L3,sa,0.96,0.9600,0.004777,0.012236,-0.128233,upper
L3,sa,0.96,0.9600,0.005392,0.012935,-0.190141,upper
L3,sa,0.96,0.9600,0.006058,0.013638,-0.252491,upper
L3,sa,0.96,0.9600,0.006777,0.014342,-0.314856,upper
L3,sa,0.96,0.9600,0.007551,0.015047,-0.376803,upper
L3,sa,0.96,0.9600,0.008382,0.015751,-0.437915,upper
L3,sa,0.96,0.9600,0.009271,0.016451,-0.497791,upper
L3,sa,0.96,0.9600,0.010219,0.017147,-0.556063,upper
L3,sa,0.96,0.9600,0.011228,0.017838,-0.612401,upper
L3,sa,0.96,0.9600,0.012300,0.018521,-0.666517,upper
L3,sa,0.96,0.9600,0.013436,0.019195,-0.718170,upper
L3,sa,0.96,0.9600,0.014637,0.019860,-0.767173,upper
L3,sa,0.96,0.9600,0.015904,0.020515,-0.813392,upper
L3,sa,0.96,0.9600,0.017239,0.021159,-0.856736,upper
L3,sa,0.96,0.9600,0.018643,0.021791,-0.897155,upper
L3,sa,0.96,0.9600,0.020117,0.022410,-0.934640,upper
L3,sa,0.96,0.9600,0.021664,0.023016,-0.969209,upper
L3,sa,0.96,0.9600,0.023284,0.023610,-1.000913,upper
L3,sa,0.96,0.9600,0.024979,0.024190,-1.029821,upper
L3,sa,0.96,0.9600,0.026750,0.024757,-1.056022,upper
L3,sa,0.96,0.9600,0.028600,0.025311,-1.079616,upper
L3,sa,0.96,0.9600,0.030531,0.025853,-1.100711,upper
L3,sa,0.96,0.9600,0.032543,0.026382,-1.119423,upper
L3,sa,0.96,0.9600,0.034640,0.026899,-1.135870,upper
L3,sa,0.96,0.9600,0.036823,0.027404,-1.150169,upper
L3,sa,0.96,0.9600,0.039094,0.027899,-1.162438,upper
L3,sa,0.96,0.9600,0.041456,0.028383,-1.172795,upper
L3,sa,0.96,0.9600,0.043912,0.028859,-1.181357,upper
L3,sa,0.96,0.9600,0.046463,0.029326,-1.188242,upper
L3,sa,0.96,0.9600,0.049112,0.029785,-1.193565,upper
L3,sa,0.96,0.9600,0.051862,0.030238,-1.197441,upper
L3,sa,0.96,0.9600,0.054716,0.030686,-1.199983,upper
L3,sa,0.96,0.9600,0.057676,0.031129,-1.201298,upper
L3,sa,0.96,0.9600,0.060746,0.031569,-1.201495,upper
L3,sa,0.96,0.9600,0.063928,0.032006,-1.200677,upper
L3,sa,0.96,0.9600,0.067226,0.032442,-1.198950,upper
L3,sa,0.96,0.9600,0.070643,0.032877,-1.196418,upper
L3,sa,0.96,0.9600,0.074181,0.033313,-1.193187,upper
L3,sa,0.96,0.9600,0.077844,0.033751,-1.189360,upper
L3,sa,0.96,0.9600,0.081635,0.034191,-1.185036,upper
L3,sa,0.96,0.9600,0.085558,0.034634,-1.180304,upper
L3,sa,0.96,0.9600,0.089616,0.035080,-1.175238,upper
L3,sa,0.96,0.9600,0.093813,0.035530,-1.169896,upper
L3,sa,0.96,0.9600,0.098151,0.035985,-1.164311,upper
L3,sa,0.96,0.9600,0.102634,0.036444,-1.158489,upper
L3,sa,0.96,0.9600,0.107265,0.036907,-1.152408,upper
L3,sa,0.96,0.9600,0.112049,0.037375,-1.146011,upper
L3,sa,0.96,0.9600,0.116988,0.037847,-1.139208,upper
L3,sa,0.96,0.9600,0.122085,0.038323,-1.131878,upper
L3,sa,0.96,0.9600,0.127344,0.038801,-1.123855,upper
L3,sa,0.96,0.9600,0.132769,0.039282,-1.114920,upper
L3,sa,0.96,0.9600,0.138361,0.039764,-1.104757,upper
L3,sa,0.96,0.9600,0.144125,0.040246,-1.092929,upper
L3,sa,0.96,0.9600,0.150064,0.040726,-1.078829,upper
L3,sa,0.96,0.9600,0.156179,0.041204,-1.061773,upper
L3,sa,0.96,0.9600,0.162474,0.041678,-1.041303,upper
L3,sa,0.96,0.9600,0.168952,0.042147,-1.017426,upper
L3,sa,0.96,0.9600,0.175614,0.042610,-0.990783,upper
L3,sa,0.96,0.9600,0.182464,0.043064,-0.962582,upper
L3,sa,0.96,0.9600,0.189502,0.043509,-0.934377,upper
L3,sa,0.96,0.9600,0.196731,0.043942,-0.907095,upper
L3,sa,0.96,0.9600,0.204152,0.044364,-0.880494,upper
L3,sa,0.96,0.9600,0.211767,0.044773,-0.849838,upper
L3,sa,0.96,0.9600,0.219576,0.045168,-0.797119,upper
L3,sa,0.96,0.9600,0.227580,0.045547,-0.688204,upper
L3,sa,0.96,0.9600,0.235780,0.045911,-0.521406,upper
L3,sa,0.96,0.9600,0.244175,0.046258,-0.360081,upper
L3,sa,0.96,0.9600,0.252765,0.046588,-0.251389,upper
L3,sa,0.96,0.9600,0.261551,0.046900,-0.195395,upper
L3,sa,0.96,0.9600,0.270530,0.047194,-0.177902,upper
L3,sa,0.96,0.9600,0.279701,0.047468,-0.180014,upper
L3,sa,0.96,0.9600,0.289064,0.047723,-0.187683,upper
L3,sa,0.96,0.9600,0.298615,0.047957,-0.191369,upper
L3,sa,0.96,0.9600,0.308352,0.048168,-0.190019,upper
L3,sa,0.96,0.9600,0.318273,0.048357,-0.189104,upper
L3,sa,0.96,0.9600,0.328374,0.048520,-0.192925,upper
L3,sa,0.96,0.9600,0.338651,0.048657,-0.202061,upper
L3,sa,0.96,0.9600,0.349100,0.048765,-0.213997,upper
L3,sa,0.96,0.9600,0.359716,0.048843,-0.224472,upper
L3,sa,0.96,0.9600,0.370496,0.048887,-0.230985,upper
L3,sa,0.96,0.9600,0.381432,0.048894,-0.232423,upper
L3,sa,0.96,0.9600,0.392519,0.048863,-0.230978,upper
L3,sa,0.96,0.9600,0.403751,0.048790,-0.229823,upper
L3,sa,0.96,0.9600,0.415120,0.048673,-0.231028,upper
L3,sa,0.96,0.9600,0.426620,0.048509,-0.235683,upper
L3,sa,0.96,0.9600,0.438243,0.048296,-0.241454,upper
L3,sa,0.96,0.9600,0.449982,0.048033,-0.246055,upper
L3,sa,0.96,0.9600,0.461826,0.047717,-0.247684,upper
L3,sa,0.96,0.9600,0.473769,0.047347,-0.245067,upper
L3,sa,0.96,0.9600,0.485800,0.046924,-0.239378,upper
L3,sa,0.96,0.9600,0.497911,0.046447,-0.232297,upper
L3,sa,0.96,0.9600,0.510092,0.045918,-0.226604,upper
L3,sa,0.96,0.9600,0.522334,0.045337,-0.224272,upper
L3,sa,0.96,0.9600,0.534626,0.044707,-0.224368,upper
L3,sa,0.96,0.9600,0.546959,0.044030,-0.223954,upper
L3,sa,0.96,0.9600,0.559322,0.043308,-0.219235,upper
L3,sa,0.96,0.9600,0.571705,0.042545,-0.207650,upper
L3,sa,0.96,0.9600,0.584099,0.041745,-0.189530,upper
L3,sa,0.96,0.9600,0.596493,0.040910,-0.169540,upper
L3,sa,0.96,0.9600,0.608876,0.040043,-0.152524,upper
L3,sa,0.96,0.9600,0.621239,0.039149,-0.141876,upper
L3,sa,0.96,0.9600,0.633572,0.038230,-0.138919,upper
L3,sa,0.96,0.9600,0.645864,0.037290,-0.137852,upper
L3,sa,0.96,0.9600,0.658106,0.036330,-0.134924,upper
L3,sa,0.96,0.9600,0.670288,0.035354,-0.128890,upper
L3,sa,0.96,0.9600,0.682401,0.034364,-0.118711,upper
L3,sa,0.96,0.9600,0.694435,0.033360,-0.111960,upper
L3,sa,0.96,0.9600,0.706381,0.032346,-0.108547,upper
L3,sa,0.96,0.9600,0.718230,0.031322,-0.107397,upper
L3,sa,0.96,0.9600,0.729973,0.030288,-0.109854,upper
L3,sa,0.96,0.9600,0.741604,0.029247,-0.106062,upper
L3,sa,0.96,0.9600,0.753112,0.028199,-0.095938,upper
L3,sa,0.96,0.9600,0.764492,0.027144,-0.079703,upper
L3,sa,0.96,0.9600,0.775735,0.026084,-0.059553,upper
L3,sa,0.96,0.9600,0.786835,0.025019,-0.048062,upper
L3,sa,0.96,0.9600,0.797785,0.023949,-0.044674,upper
L3,sa,0.96,0.9600,0.808581,0.022876,-0.050747,upper
L3,sa,0.96,0.9600,0.819215,0.021800,-0.061857,upper
L3,sa,0.96,0.9600,0.829683,0.020722,-0.065291,upper
L3,sa,0.96,0.9600,0.839979,0.019643,-0.061321,upper
L3,sa,0.96,0.9600,0.850101,0.018564,-0.046338,upper
L3,sa,0.96,0.9600,0.860044,0.017485,-0.024234,upper
L3,sa,0.96,0.9600,0.869805,0.016409,-0.005150,upper
L3,sa,0.96,0.9600,0.879380,0.015336,0.009835,upper
L3,sa,0.96,0.9600,0.888767,0.014267,0.016415,upper
L3,sa,0.96,0.9600,0.897965,0.013204,0.017520,upper
L3,sa,0.96,0.9600,0.906971,0.012147,0.019971,upper
L3,sa,0.96,0.9600,0.915784,0.011100,0.024197,upper
L3,sa,0.96,0.9600,0.924403,0.010062,0.032480,upper
L3,sa,0.96,0.9600,0.932828,0.009037,0.044082,upper
L3,sa,0.96,0.9600,0.941059,0.008025,0.055538,upper
L3,sa,0.96,0.9600,0.949096,0.007029,0.067787,upper
L3,sa,0.96,0.9600,0.956938,0.006050,0.081871,upper
L3,sa,0.96,0.9600,0.964589,0.005093,0.097979,upper
L3,sa,0.96,0.9600,0.972047,0.004158,0.118538,upper
L3,sa,0.96,0.9600,0.979316,0.003249,0.140495,upper
L3,sa,0.96,0.9600,0.986396,0.002368,0.159928,upper
L3,sa,0.96,0.9600,0.993290,0.001519,0.178781,upper
L3,sa,0.96,0.9600,1.000000,0.000705,0.217800,upper
L3,sa,0.96,0.9600,0.000000,0.000000,0.680501,lower
L3,sa,0.96,0.9600,0.000004,-0.000389,0.692238,lower
L3,sa,0.96,0.9600,0.000019,-0.000793,0.703182,lower
L3,sa,0.96,0.9600,0.000043,-0.001214,0.713192,lower
L3,sa,0.96,0.9600,0.000080,-0.001650,0.722245,lower
L3,sa,0.96,0.9600,0.000131,-0.002104,0.730158,lower
L3,sa,0.96,0.9600,0.000196,-0.002574,0.736774,lower
L3,sa,0.96,0.9600,0.000278,-0.003062,0.741912,lower
L3,sa,0.96,0.9600,0.000377,-0.003566,0.745389,lower
L3,sa,0.96,0.9600,0.000497,-0.004088,0.747017,lower
L3,sa,0.96,0.9600,0.000638,-0.004627,0.746608,lower
L3,sa,0.96,0.9600,0.000803,-0.005183,0.743973,lower
L3,sa,0.96,0.9600,0.000993,-0.005755,0.738931,lower
L3,sa,0.96,0.9600,0.001211,-0.006343,0.731311,lower
L3,sa,0.96,0.9600,0.001458,-0.006948,0.720959,lower
L3,sa,0.96,0.9600,0.001738,-0.007567,0.707747,lower
L3,sa,0.96,0.9600,0.002052,-0.008200,0.691578,lower
L3,sa,0.96,0.9600,0.002402,-0.008847,0.672391,lower
L3,sa,0.96,0.9600,0.002791,-0.009505,0.650169,lower
L3,sa,0.96,0.9600,0.003221,-0.010175,0.624948,lower
L3,sa,0.96,0.9600,0.003694,-0.010854,0.596815,lower
L3,sa,0.96,0.9600,0.004212,-0.011542,0.565914,lower
L3,sa,0.96,0.9600,0.004777,-0.012236,0.532448,lower
L3,sa,0.96,0.9600,0.005392,-0.012935,0.496676,lower
L3,sa,0.96,0.9600,0.006058,-0.013638,0.458907,lower
L3,sa,0.96,0.9600,0.006777,-0.014342,0.419498,lower
L3,sa,0.96,0.9600,0.007551,-0.015047,0.378840,lower
L3,sa,0.96,0.9600,0.008382,-0.015751,0.337353,lower
L3,sa,0.96,0.9600,0.009271,-0.016451,0.295469,lower
L3,sa,0.96,0.9600,0.010219,-0.017147,0.253625,lower
L3,sa,0.96,0.9600,0.011228,-0.017838,0.212247,lower
L3,sa,0.96,0.9600,0.012300,-0.018521,0.171744,lower
L3,sa,0.96,0.9600,0.013436,-0.019195,0.132490,lower
L3,sa,0.96,0.9600,0.014637,-0.019860,0.094825,lower
L3,sa,0.96,0.9600,0.015904,-0.020515,0.059042,lower
L3,sa,0.96,0.9600,0.017239,-0.021159,0.025385,lower
L3,sa,0.96,0.9600,0.018643,-0.021791,-0.005954,lower
L3,sa,0.96,0.9600,0.020117,-0.022410,-0.034836,lower
L3,sa,0.96,0.9600,0.021664,-0.023016,-0.061172,lower
L3,sa,0.96,0.9600,0.023284,-0.023610,-0.084927,lower
L3,sa,0.96,0.9600,0.024979,-0.024190,-0.106112,lower
L3,sa,0.96,0.9600,0.026750,-0.024757,-0.124784,lower
L3,sa,0.96,0.9600,0.028600,-0.025311,-0.141037,lower
L3,sa,0.96,0.9600,0.030531,-0.025853,-0.155003,lower
L3,sa,0.96,0.9600,0.032543,-0.026382,-0.166840,lower
L3,sa,0.96,0.9600,0.034640,-0.026899,-0.176731,lower
L3,sa,0.96,0.9600,0.036823,-0.027404,-0.184874,lower
L3,sa,0.96,0.9600,0.039094,-0.027899,-0.191477,lower
L3,sa,0.96,0.9600,0.041456,-0.028383,-0.196753,lower
L3,sa,0.96,0.9600,0.043912,-0.028859,-0.200911,lower
L3,sa,0.96,0.9600,0.046463,-0.029326,-0.204156,lower
L3,sa,0.96,0.9600,0.049112,-0.029785,-0.206683,lower
L3,sa,0.96,0.9600,0.051862,-0.030238,-0.208673,lower
L3,sa,0.96,0.9600,0.054716,-0.030686,-0.210293,lower
L3,sa,0.96,0.9600,0.057676,-0.031129,-0.211693,lower
L3,sa,0.96,0.9600,0.060746,-0.031569,-0.213007,lower
L3,sa,0.96,0.9600,0.063928,-0.032006,-0.214350,lower
L3,sa,0.96,0.9600,0.067226,-0.032442,-0.215820,lower
L3,sa,0.96,0.9600,0.070643,-0.032877,-0.217499,lower
L3,sa,0.96,0.9600,0.074181,-0.033313,-0.219451,lower
L3,sa,0.96,0.9600,0.077844,-0.033751,-0.221725,lower
L3,sa,0.96,0.9600,0.081635,-0.034191,-0.224356,lower
L3,sa,0.96,0.9600,0.085558,-0.034634,-0.227363,lower
L3,sa,0.96,0.9600,0.089616,-0.035080,-0.230754,lower
L3,sa,0.96,0.9600,0.093813,-0.035530,-0.234525,lower
L3,sa,0.96,0.9600,0.098151,-0.035985,-0.238658,lower
L3,sa,0.96,0.9600,0.102634,-0.036444,-0.243128,lower
L3,sa,0.96,0.9600,0.107265,-0.036907,-0.247898,lower
L3,sa,0.96,0.9600,0.112049,-0.037375,-0.252921,lower
L3,sa,0.96,0.9600,0.116988,-0.037847,-0.258144,lower
L3,sa,0.96,0.9600,0.122085,-0.038323,-0.263502,lower
L3,sa,0.96,0.9600,0.127344,-0.038801,-0.268923,lower
L3,sa,0.96,0.9600,0.132769,-0.039282,-0.274323,lower
L3,sa,0.96,0.9600,0.138361,-0.039764,-0.279613,lower
L3,sa,0.96,0.9600,0.144125,-0.040246,-0.284696,lower
L3,sa,0.96,0.9600,0.150064,-0.040726,-0.289468,lower
L3,sa,0.96,0.9600,0.156179,-0.041204,-0.293821,lower
L3,sa,0.96,0.9600,0.162474,-0.041678,-0.297651,lower
L3,sa,0.96,0.9600,0.168952,-0.042147,-0.300854,lower
L3,sa,0.96,0.9600,0.175614,-0.042610,-0.303336,lower
L3,sa,0.96,0.9600,0.182464,-0.043064,-0.305018,lower
L3,sa,0.96,0.9600,0.189502,-0.043509,-0.305848,lower
L3,sa,0.96,0.9600,0.196731,-0.043942,-0.305795,lower
L3,sa,0.96,0.9600,0.204152,-0.044364,-0.304853,lower
L3,sa,0.96,0.9600,0.211767,-0.044773,-0.303054,lower
L3,sa,0.96,0.9600,0.219576,-0.045168,-0.300460,lower
L3,sa,0.96,0.9600,0.227580,-0.045547,-0.297153,lower
L3,sa,0.96,0.9600,0.235780,-0.045911,-0.293217,lower
L3,sa,0.96,0.9600,0.244175,-0.046258,-0.288772,lower
L3,sa,0.96,0.9600,0.252765,-0.046588,-0.283916,lower
L3,sa,0.96,0.9600,0.261551,-0.046900,-0.278739,lower
L3,sa,0.96,0.9600,0.270530,-0.047194,-0.273329,lower
L3,sa,0.96,0.9600,0.279701,-0.047468,-0.267775,lower
L3,sa,0.96,0.9600,0.289064,-0.047723,-0.262107,lower
L3,sa,0.96,0.9600,0.298615,-0.047957,-0.256358,lower
L3,sa,0.96,0.9600,0.308352,-0.048168,-0.250612,lower
L3,sa,0.96,0.9600,0.318273,-0.048357,-0.244843,lower
L3,sa,0.96,0.9600,0.328374,-0.048520,-0.239018,lower
L3,sa,0.96,0.9600,0.338651,-0.048657,-0.233145,lower
L3,sa,0.96,0.9600,0.349100,-0.048765,-0.227360,lower
L3,sa,0.96,0.9600,0.359716,-0.048843,-0.221554,lower
L3,sa,0.96,0.9600,0.370496,-0.048887,-0.215804,lower
L3,sa,0.96,0.9600,0.381432,-0.048894,-0.210286,lower
L3,sa,0.96,0.9600,0.392519,-0.048863,-0.205151,lower
L3,sa,0.96,0.9600,0.403751,-0.048790,-0.200554,lower
L3,sa,0.96,0.9600,0.415120,-0.048673,-0.196881,lower
L3,sa,0.96,0.9600,0.426620,-0.048509,-0.194604,lower
L3,sa,0.96,0.9600,0.438243,-0.048296,-0.193316,lower
L3,sa,0.96,0.9600,0.449982,-0.048033,-0.193723,lower
L3,sa,0.96,0.9600,0.461826,-0.047717,-0.195459,lower
L3,sa,0.96,0.9600,0.473769,-0.047347,-0.197693,lower
L3,sa,0.96,0.9600,0.485800,-0.046924,-0.199442,lower
L3,sa,0.96,0.9600,0.497911,-0.046447,-0.199604,lower
L3,sa,0.96,0.9600,0.510092,-0.045918,-0.196761,lower
L3,sa,0.96,0.9600,0.522334,-0.045337,-0.188321,lower
L3,sa,0.96,0.9600,0.534626,-0.044707,-0.175425,lower
L3,sa,0.96,0.9600,0.546959,-0.044030,-0.156476,lower
L3,sa,0.96,0.9600,0.559322,-0.043308,-0.133366,lower
L3,sa,0.96,0.9600,0.571705,-0.042545,-0.110689,lower
L3,sa,0.96,0.9600,0.584099,-0.041745,-0.090543,lower
L3,sa,0.96,0.9600,0.596493,-0.040910,-0.079878,lower
L3,sa,0.96,0.9600,0.608876,-0.040043,-0.079012,lower
L3,sa,0.96,0.9600,0.621239,-0.039149,-0.088479,lower
L3,sa,0.96,0.9600,0.633572,-0.038230,-0.103707,lower
L3,sa,0.96,0.9600,0.645864,-0.037290,-0.115310,lower
L3,sa,0.96,0.9600,0.658106,-0.036330,-0.119976,lower
L3,sa,0.96,0.9600,0.670288,-0.035354,-0.108554,lower
L3,sa,0.96,0.9600,0.682401,-0.034364,-0.084053,lower
L3,sa,0.96,0.9600,0.694435,-0.033360,-0.052163,lower
L3,sa,0.96,0.9600,0.706381,-0.032346,-0.020746,lower
L3,sa,0.96,0.9600,0.718230,-0.031322,-0.005871,lower
L3,sa,0.96,0.9600,0.729973,-0.030288,-0.005203,lower
L3,sa,0.96,0.9600,0.741604,-0.029247,-0.021813,lower
L3,sa,0.96,0.9600,0.753112,-0.028199,-0.047851,lower
L3,sa,0.96,0.9600,0.764492,-0.027144,-0.062121,lower
L3,sa,0.96,0.9600,0.775735,-0.026084,-0.064102,lower
L3,sa,0.96,0.9600,0.786835,-0.025019,-0.046731,lower
L3,sa,0.96,0.9600,0.797785,-0.023949,-0.015401,lower
L3,sa,0.96,0.9600,0.808581,-0.022876,0.013682,lower
L3,sa,0.96,0.9600,0.819215,-0.021800,0.035469,lower
L3,sa,0.96,0.9600,0.829683,-0.020722,0.037281,lower
L3,sa,0.96,0.9600,0.839979,-0.019643,0.025316,lower
L3,sa,0.96,0.9600,0.850101,-0.018564,0.011955,lower
L3,sa,0.96,0.9600,0.860044,-0.017485,0.001978,lower
L3,sa,0.96,0.9600,0.869805,-0.016409,0.009438,lower
L3,sa,0.96,0.9600,0.879380,-0.015336,0.030512,lower
L3,sa,0.96,0.9600,0.888767,-0.014267,0.057745,lower
L3,sa,0.96,0.9600,0.897965,-0.013204,0.084703,lower
L3,sa,0.96,0.9600,0.906971,-0.012147,0.097072,lower
L3,sa,0.96,0.9600,0.915784,-0.011100,0.098711,lower
L3,sa,0.96,0.9600,0.924403,-0.010062,0.094281,lower
L3,sa,0.96,0.9600,0.932828,-0.009037,0.089391,lower
L3,sa,0.96,0.9600,0.941059,-0.008025,0.096709,lower
L3,sa,0.96,0.9600,0.949096,-0.007029,0.112551,lower
L3,sa,0.96,0.9600,0.956938,-0.006050,0.133139,lower
L3,sa,0.96,0.9600,0.964589,-0.005093,0.154618,lower
L3,sa,0.96,0.9600,0.972047,-0.004158,0.167069,lower
L3,sa,0.96,0.9600,0.979316,-0.003249,0.175951,lower
L3,sa,0.96,0.9600,0.986396,-0.002368,0.187535,lower
L3,sa,0.96,0.9600,0.993290,-0.001519,0.197797,lower
L3,sa,0.96,0.9600,1.000000,-0.000705,0.224069,lower
L3,sa,0.99,0.9900,0.000000,0.000000,0.545923,upper
L3,sa,0.99,0.9900,0.000004,0.000389,0.534142,upper
L3,sa,0.99,0.9900,0.000019,0.000793,0.520824,upper
L3,sa,0.99,0.9900,0.000043,0.001214,0.505677,upper
L3,sa,0.99,0.9900,0.000080,0.001650,0.488697,upper
L3,sa,0.99,0.9900,0.000131,0.002104,0.469714,upper
L3,sa,0.99,0.9900,0.000196,0.002574,0.448612,upper
L3,sa,0.99,0.9900,0.000278,0.003062,0.425252,upper
L3,sa,0.99,0.9900,0.000377,0.003566,0.399511,upper
L3,sa,0.99,0.9900,0.000497,0.004088,0.371271,upper
L3,sa,0.99,0.9900,0.000638,0.004627,0.340430,upper
L3,sa,0.99,0.9900,0.000803,0.005183,0.306901,upper
L3,sa,0.99,0.9900,0.000993,0.005755,0.270621,upper
L3,sa,0.99,0.9900,0.001211,0.006343,0.231557,upper
L3,sa,0.99,0.9900,0.001458,0.006948,0.189706,upper
L3,sa,0.99,0.9900,0.001738,0.007567,0.145107,upper
L3,sa,0.99,0.9900,0.002052,0.008200,0.097839,upper
L3,sa,0.99,0.9900,0.002402,0.008847,0.048029,upper
L3,sa,0.99,0.9900,0.002791,0.009505,-0.004151,upper
L3,sa,0.99,0.9900,0.003221,0.010175,-0.058476,upper
L3,sa,0.99,0.9900,0.003694,0.010854,-0.114677,upper
L3,sa,0.99,0.9900,0.004212,0.011542,-0.172436,upper
L3,sa,0.99,0.9900,0.004777,0.012236,-0.231398,upper
L3,sa,0.99,0.9900,0.005392,0.012935,-0.291174,upper
L3,sa,0.99,0.9900,0.006058,0.013638,-0.351353,upper
L3,sa,0.99,0.9900,0.006777,0.014342,-0.411513,upper
L3,sa,0.99,0.9900,0.007551,0.015047,-0.471228,upper
L3,sa,0.99,0.9900,0.008382,0.015751,-0.530083,upper
L3,sa,0.99,0.9900,0.009271,0.016451,-0.587681,upper
L3,sa,0.99,0.9900,0.010219,0.017147,-0.643656,upper
L3,sa,0.99,0.9900,0.011228,0.017838,-0.697676,upper
L3,sa,0.99,0.9900,0.012300,0.018521,-0.749457,upper
L3,sa,0.99,0.9900,0.013436,0.019195,-0.798779,upper
L3,sa,0.99,0.9900,0.014637,0.019860,-0.845463,upper
L3,sa,0.99,0.9900,0.015904,0.020515,-0.889355,upper
L3,sa,0.99,0.9900,0.017239,0.021159,-0.930362,upper
L3,sa,0.99,0.9900,0.018643,0.021791,-0.968431,upper
L3,sa,0.99,0.9900,0.020117,0.022410,-1.003545,upper
L3,sa,0.99,0.9900,0.021664,0.023016,-1.035750,upper
L3,sa,0.99,0.9900,0.023284,0.023610,-1.065119,upper
L3,sa,0.99,0.9900,0.024979,0.024190,-1.091699,upper
L3,sa,0.99,0.9900,0.026750,0.024757,-1.115502,upper
L3,sa,0.99,0.9900,0.028600,0.025311,-1.136529,upper
L3,sa,0.99,0.9900,0.030531,0.025853,-1.154776,upper
L3,sa,0.99,0.9900,0.032543,0.026382,-1.170250,upper
L3,sa,0.99,0.9900,0.034640,0.026899,-1.183020,upper
L3,sa,0.99,0.9900,0.036823,0.027404,-1.193186,upper
L3,sa,0.99,0.9900,0.039094,0.027899,-1.200838,upper
L3,sa,0.99,0.9900,0.041456,0.028383,-1.206028,upper
L3,sa,0.99,0.9900,0.043911,0.028859,-1.208751,upper
L3,sa,0.99,0.9900,0.046463,0.029326,-1.208963,upper
L3,sa,0.99,0.9900,0.049112,0.029785,-1.206599,upper
L3,sa,0.99,0.9900,0.051862,0.030238,-1.201608,upper
L3,sa,0.99,0.9900,0.054716,0.030686,-1.193993,upper
L3,sa,0.99,0.9900,0.057676,0.031129,-1.183818,upper
L3,sa,0.99,0.9900,0.060746,0.031569,-1.171203,upper
L3,sa,0.99,0.9900,0.063928,0.032006,-1.156303,upper
L3,sa,0.99,0.9900,0.067226,0.032442,-1.139320,upper
L3,sa,0.99,0.9900,0.070642,0.032877,-1.120535,upper
L3,sa,0.99,0.9900,0.074181,0.033313,-1.100322,upper
L3,sa,0.99,0.9900,0.077844,0.033751,-1.079145,upper
L3,sa,0.99,0.9900,0.081635,0.034191,-1.057505,upper
L3,sa,0.99,0.9900,0.085558,0.034634,-1.035874,upper
L3,sa,0.99,0.9900,0.089616,0.035080,-1.014621,upper
L3,sa,0.99,0.9900,0.093813,0.035530,-0.993994,upper
L3,sa,0.99,0.9900,0.098151,0.035985,-0.974142,upper
L3,sa,0.99,0.9900,0.102634,0.036444,-0.955149,upper
L3,sa,0.99,0.9900,0.107265,0.036907,-0.937050,upper
L3,sa,0.99,0.9900,0.112049,0.037375,-0.919836,upper
L3,sa,0.99,0.9900,0.116988,0.037847,-0.903483,upper
L3,sa,0.99,0.9900,0.122085,0.038323,-0.887953,upper
L3,sa,0.99,0.9900,0.127344,0.038801,-0.873152,upper
L3,sa,0.99,0.9900,0.132769,0.039282,-0.858907,upper
L3,sa,0.99,0.9900,0.138361,0.039764,-0.845009,upper
L3,sa,0.99,0.9900,0.144125,0.040246,-0.831261,upper
L3,sa,0.99,0.9900,0.150063,0.040726,-0.817342,upper
L3,sa,0.99,0.9900,0.156179,0.041204,-0.802639,upper
L3,sa,0.99,0.9900,0.162474,0.041678,-0.786188,upper
L3,sa,0.99,0.9900,0.168952,0.042147,-0.766689,upper
L3,sa,0.99,0.9900,0.175614,0.042610,-0.742361,upper
L3,sa,0.99,0.9900,0.182464,0.043064,-0.711384,upper
L3,sa,0.99,0.9900,0.189502,0.043509,-0.672485,upper
L3,sa,0.99,0.9900,0.196731,0.043942,-0.626274,upper
L3,sa,0.99,0.9900,0.204152,0.044364,-0.576120,upper
L3,sa,0.99,0.9900,0.211767,0.044773,-0.527860,upper
L3,sa,0.99,0.9900,0.219576,0.045168,-0.486057,upper
L3,sa,0.99,0.9900,0.227580,0.045547,-0.449951,upper
L3,sa,0.99,0.9900,0.235779,0.045911,-0.419027,upper
L3,sa,0.99,0.9900,0.244175,0.046258,-0.393836,upper
L3,sa,0.99,0.9900,0.252765,0.046588,-0.372617,upper
L3,sa,0.99,0.9900,0.261551,0.046900,-0.354355,upper
L3,sa,0.99,0.9900,0.270530,0.047194,-0.338159,upper
L3,sa,0.99,0.9900,0.279701,0.047468,-0.323997,upper
L3,sa,0.99,0.9900,0.289064,0.047723,-0.312922,upper
L3,sa,0.99,0.9900,0.298615,0.047957,-0.304486,upper
L3,sa,0.99,0.9900,0.308352,0.048168,-0.298434,upper
L3,sa,0.99,0.9900,0.318273,0.048357,-0.294231,upper
L3,sa,0.99,0.9900,0.328374,0.048520,-0.290811,upper
L3,sa,0.99,0.9900,0.338651,0.048657,-0.288474,upper
L3,sa,0.99,0.9900,0.349100,0.048765,-0.287683,upper
L3,sa,0.99,0.9900,0.359716,0.048843,-0.288251,upper
L3,sa,0.99,0.9900,0.370496,0.048887,-0.289924,upper
L3,sa,0.99,0.9900,0.381432,0.048894,-0.292158,upper
L3,sa,0.99,0.9900,0.392519,0.048863,-0.294348,upper
L3,sa,0.99,0.9900,0.403750,0.048790,-0.296482,upper
L3,sa,0.99,0.9900,0.415120,0.048673,-0.298637,upper
L3,sa,0.99,0.9900,0.426620,0.048509,-0.300389,upper
L3,sa,0.99,0.9900,0.438243,0.048297,-0.301465,upper
L3,sa,0.99,0.9900,0.449981,0.048033,-0.301805,upper
L3,sa,0.99,0.9900,0.461826,0.047717,-0.301049,upper
L3,sa,0.99,0.9900,0.473769,0.047347,-0.299295,upper
L3,sa,0.99,0.9900,0.485800,0.046924,-0.296706,upper
L3,sa,0.99,0.9900,0.497911,0.046447,-0.293126,upper
L3,sa,0.99,0.9900,0.510092,0.045918,-0.288832,upper
L3,sa,0.99,0.9900,0.522334,0.045337,-0.283599,upper
L3,sa,0.99,0.9900,0.534626,0.044707,-0.277254,upper
L3,sa,0.99,0.9900,0.546959,0.044030,-0.270070,upper
L3,sa,0.99,0.9900,0.559322,0.043308,-0.262076,upper
L3,sa,0.99,0.9900,0.571705,0.042545,-0.253877,upper
L3,sa,0.99,0.9900,0.584099,0.041745,-0.245985,upper
L3,sa,0.99,0.9900,0.596493,0.040910,-0.238235,upper
L3,sa,0.99,0.9900,0.608876,0.040043,-0.230849,upper
L3,sa,0.99,0.9900,0.621239,0.039149,-0.223690,upper
L3,sa,0.99,0.9900,0.633572,0.038230,-0.216414,upper
L3,sa,0.99,0.9900,0.645864,0.037290,-0.209378,upper
L3,sa,0.99,0.9900,0.658106,0.036330,-0.202347,upper
L3,sa,0.99,0.9900,0.670288,0.035354,-0.195233,upper
L3,sa,0.99,0.9900,0.682401,0.034364,-0.188216,upper
L3,sa,0.99,0.9900,0.694435,0.033360,-0.180961,upper
L3,sa,0.99,0.9900,0.706381,0.032346,-0.173773,upper
L3,sa,0.99,0.9900,0.718230,0.031322,-0.166580,upper
L3,sa,0.99,0.9900,0.729973,0.030288,-0.159221,upper
L3,sa,0.99,0.9900,0.741604,0.029247,-0.152224,upper
L3,sa,0.99,0.9900,0.753112,0.028199,-0.145159,upper
L3,sa,0.99,0.9900,0.764492,0.027144,-0.138216,upper
L3,sa,0.99,0.9900,0.775735,0.026084,-0.131386,upper
L3,sa,0.99,0.9900,0.786835,0.025019,-0.123508,upper
L3,sa,0.99,0.9900,0.797786,0.023949,-0.115213,upper
L3,sa,0.99,0.9900,0.808581,0.022876,-0.106232,upper
L3,sa,0.99,0.9900,0.819215,0.021800,-0.096808,upper
L3,sa,0.99,0.9900,0.829682,0.020722,-0.089010,upper
L3,sa,0.99,0.9900,0.839979,0.019643,-0.082147,upper
L3,sa,0.99,0.9900,0.850101,0.018564,-0.076702,upper
L3,sa,0.99,0.9900,0.860044,0.017485,-0.071543,upper
L3,sa,0.99,0.9900,0.869805,0.016409,-0.063236,upper
L3,sa,0.99,0.9900,0.879380,0.015336,-0.052519,upper
L3,sa,0.99,0.9900,0.888767,0.014267,-0.038697,upper
L3,sa,0.99,0.9900,0.897965,0.013204,-0.023512,upper
L3,sa,0.99,0.9900,0.906971,0.012147,-0.010945,upper
L3,sa,0.99,0.9900,0.915784,0.011100,-0.000849,upper
L3,sa,0.99,0.9900,0.924403,0.010062,0.005220,upper
L3,sa,0.99,0.9900,0.932829,0.009037,0.009558,upper
L3,sa,0.99,0.9900,0.941059,0.008025,0.016275,upper
L3,sa,0.99,0.9900,0.949096,0.007029,0.025526,upper
L3,sa,0.99,0.9900,0.956939,0.006050,0.039370,upper
L3,sa,0.99,0.9900,0.964589,0.005093,0.055935,upper
L3,sa,0.99,0.9900,0.972047,0.004158,0.072340,upper
L3,sa,0.99,0.9900,0.979316,0.003249,0.089425,upper
L3,sa,0.99,0.9900,0.986396,0.002368,0.104206,upper
L3,sa,0.99,0.9900,0.993290,0.001519,0.114652,upper
L3,sa,0.99,0.9900,1.000000,0.000705,0.144641,upper
L3,sa,0.99,0.9900,0.000000,0.000000,0.545923,lower
L3,sa,0.99,0.9900,0.000004,-0.000389,0.556862,lower
L3,sa,0.99,0.9900,0.000019,-0.000793,0.566998,lower
L3,sa,0.99,0.9900,0.000043,-0.001214,0.576189,lower
L3,sa,0.99,0.9900,0.000080,-0.001650,0.584408,lower
L3,sa,0.99,0.9900,0.000131,-0.002104,0.591474,lower
L3,sa,0.99,0.9900,0.000196,-0.002574,0.597232,lower
L3,sa,0.99,0.9900,0.000278,-0.003062,0.601502,lower
L3,sa,0.99,0.9900,0.000377,-0.003566,0.604104,lower
L3,sa,0.99,0.9900,0.000497,-0.004088,0.604853,lower
L3,sa,0.99,0.9900,0.000638,-0.004627,0.603564,lower
L3,sa,0.99,0.9900,0.000803,-0.005183,0.600046,lower
L3,sa,0.99,0.9900,0.000993,-0.005755,0.594118,lower
L3,sa,0.99,0.9900,0.001211,-0.006343,0.585614,lower
L3,sa,0.99,0.9900,0.001458,-0.006948,0.574383,lower
L3,sa,0.99,0.9900,0.001738,-0.007567,0.560299,lower
L3,sa,0.99,0.9900,0.002052,-0.008200,0.543269,lower
L3,sa,0.99,0.9900,0.002402,-0.008847,0.523235,lower
L3,sa,0.99,0.9900,0.002791,-0.009505,0.500184,lower
L3,sa,0.99,0.9900,0.003221,-0.010175,0.474152,lower
L3,sa,0.99,0.9900,0.003694,-0.010854,0.445226,lower
L3,sa,0.99,0.9900,0.004212,-0.011542,0.413551,lower
L3,sa,0.99,0.9900,0.004777,-0.012236,0.379328,lower
L3,sa,0.99,0.9900,0.005392,-0.012935,0.342815,lower
L3,sa,0.99,0.9900,0.006058,-0.013638,0.304318,lower
L3,sa,0.99,0.9900,0.006777,-0.014342,0.264189,lower
L3,sa,0.99,0.9900,0.007551,-0.015047,0.222816,lower
L3,sa,0.99,0.9900,0.008382,-0.015751,0.180614,lower
L3,sa,0.99,0.9900,0.009271,-0.016451,0.138010,lower
L3,sa,0.99,0.9900,0.010219,-0.017147,0.095436,lower
L3,sa,0.99,0.9900,0.011228,-0.017838,0.053317,lower
L3,sa,0.99,0.9900,0.012300,-0.018521,0.012056,lower
L3,sa,0.99,0.9900,0.013436,-0.019195,-0.027969,lower
L3,sa,0.99,0.9900,0.014637,-0.019860,-0.066418,lower
L3,sa,0.99,0.9900,0.015904,-0.020515,-0.102991,lower
L3,sa,0.99,0.9900,0.017239,-0.021159,-0.137431,lower
L3,sa,0.99,0.9900,0.018643,-0.021791,-0.169531,lower
L3,sa,0.99,0.9900,0.020117,-0.022410,-0.199128,lower
L3,sa,0.99,0.9900,0.021664,-0.023016,-0.226107,lower
L3,sa,0.99,0.9900,0.023284,-0.023610,-0.250397,lower
L3,sa,0.99,0.9900,0.024979,-0.024190,-0.271968,lower
L3,sa,0.99,0.9900,0.026750,-0.024757,-0.290833,lower
L3,sa,0.99,0.9900,0.028600,-0.025311,-0.307042,lower
L3,sa,0.99,0.9900,0.030531,-0.025853,-0.320684,lower
L3,sa,0.99,0.9900,0.032543,-0.026382,-0.331876,lower
L3,sa,0.99,0.9900,0.034640,-0.026899,-0.340768,lower
L3,sa,0.99,0.9900,0.036823,-0.027404,-0.347535,lower
L3,sa,0.99,0.9900,0.039094,-0.027899,-0.352373,lower
L3,sa,0.99,0.9900,0.041456,-0.028383,-0.355493,lower
L3,sa,0.99,0.9900,0.043911,-0.028859,-0.357120,lower
L3,sa,0.99,0.9900,0.046463,-0.029326,-0.357481,lower
L3,sa,0.99,0.9900,0.049112,-0.029785,-0.356802,lower
L3,sa,0.99,0.9900,0.051862,-0.030238,-0.355305,lower
L3,sa,0.99,0.9900,0.054716,-0.030686,-0.353198,lower
L3,sa,0.99,0.9900,0.057676,-0.031129,-0.350673,lower
L3,sa,0.99,0.9900,0.060746,-0.031569,-0.347906,lower
L3,sa,0.99,0.9900,0.063928,-0.032006,-0.345048,lower
L3,sa,0.99,0.9900,0.067226,-0.032442,-0.342231,lower
L3,sa,0.99,0.9900,0.070642,-0.032877,-0.339558,lower
L3,sa,0.99,0.9900,0.074181,-0.033313,-0.337114,lower
L3,sa,0.99,0.9900,0.077844,-0.033751,-0.334957,lower
L3,sa,0.99,0.9900,0.081635,-0.034191,-0.333128,lower
L3,sa,0.99,0.9900,0.085558,-0.034634,-0.331642,lower
L3,sa,0.99,0.9900,0.089616,-0.035080,-0.330500,lower
L3,sa,0.99,0.9900,0.093813,-0.035530,-0.329686,lower
L3,sa,0.99,0.9900,0.098151,-0.035985,-0.329168,lower
L3,sa,0.99,0.9900,0.102634,-0.036444,-0.328903,lower
L3,sa,0.99,0.9900,0.107265,-0.036907,-0.328834,lower
L3,sa,0.99,0.9900,0.112049,-0.037375,-0.328896,lower
L3,sa,0.99,0.9900,0.116988,-0.037847,-0.329015,lower
L3,sa,0.99,0.9900,0.122085,-0.038323,-0.329112,lower
L3,sa,0.99,0.9900,0.127344,-0.038801,-0.329099,lower
L3,sa,0.99,0.9900,0.132769,-0.039282,-0.328887,lower
L3,sa,0.99,0.9900,0.138361,-0.039764,-0.328389,lower
L3,sa,0.99,0.9900,0.144125,-0.040246,-0.327519,lower
L3,sa,0.99,0.9900,0.150063,-0.040726,-0.326195,lower
L3,sa,0.99,0.9900,0.156179,-0.041204,-0.324347,lower
L3,sa,0.99,0.9900,0.162474,-0.041678,-0.321920,lower
L3,sa,0.99,0.9900,0.168952,-0.042147,-0.318868,lower
L3,sa,0.99,0.9900,0.175614,-0.042610,-0.315156,lower
L3,sa,0.99,0.9900,0.182464,-0.043064,-0.310772,lower
L3,sa,0.99,0.9900,0.189502,-0.043509,-0.305718,lower
L3,sa,0.99,0.9900,0.196731,-0.043942,-0.300005,lower
L3,sa,0.99,0.9900,0.204152,-0.044364,-0.293660,lower
L3,sa,0.99,0.9900,0.211767,-0.044773,-0.286738,lower
L3,sa,0.99,0.9900,0.219576,-0.045168,-0.279292,lower
L3,sa,0.99,0.9900,0.227580,-0.045547,-0.271395,lower
L3,sa,0.99,0.9900,0.235779,-0.045911,-0.263150,lower
L3,sa,0.99,0.9900,0.244175,-0.046258,-0.254667,lower
L3,sa,0.99,0.9900,0.252765,-0.046588,-0.246040,lower
L3,sa,0.99,0.9900,0.261551,-0.046900,-0.237383,lower
L3,sa,0.99,0.9900,0.270530,-0.047194,-0.228860,lower
L3,sa,0.99,0.9900,0.279701,-0.047468,-0.220545,lower
L3,sa,0.99,0.9900,0.289064,-0.047723,-0.212514,lower
L3,sa,0.99,0.9900,0.298615,-0.047957,-0.204860,lower
L3,sa,0.99,0.9900,0.308352,-0.048168,-0.197727,lower
L3,sa,0.99,0.9900,0.318273,-0.048357,-0.191112,lower
L3,sa,0.99,0.9900,0.328374,-0.048520,-0.185073,lower
L3,sa,0.99,0.9900,0.338651,-0.048657,-0.179736,lower
L3,sa,0.99,0.9900,0.349100,-0.048765,-0.175154,lower
L3,sa,0.99,0.9900,0.359716,-0.048843,-0.171397,lower
L3,sa,0.99,0.9900,0.370496,-0.048887,-0.168615,lower
L3,sa,0.99,0.9900,0.381432,-0.048894,-0.166913,lower
L3,sa,0.99,0.9900,0.392519,-0.048863,-0.166062,lower
L3,sa,0.99,0.9900,0.403750,-0.048790,-0.166225,lower
L3,sa,0.99,0.9900,0.415120,-0.048673,-0.167308,lower
L3,sa,0.99,0.9900,0.426620,-0.048509,-0.169030,lower
L3,sa,0.99,0.9900,0.438243,-0.048297,-0.170728,lower
L3,sa,0.99,0.9900,0.449981,-0.048033,-0.172208,lower
L3,sa,0.99,0.9900,0.461826,-0.047717,-0.172610,lower
L3,sa,0.99,0.9900,0.473769,-0.047347,-0.170575,lower
L3,sa,0.99,0.9900,0.485800,-0.046924,-0.166349,lower
L3,sa,0.99,0.9900,0.497911,-0.046447,-0.158603,lower
L3,sa,0.99,0.9900,0.510092,-0.045918,-0.147396,lower
L3,sa,0.99,0.9900,0.522334,-0.045337,-0.133467,lower
L3,sa,0.99,0.9900,0.534626,-0.044707,-0.118243,lower
L3,sa,0.99,0.9900,0.546959,-0.044030,-0.103922,lower
L3,sa,0.99,0.9900,0.559322,-0.043308,-0.092752,lower
L3,sa,0.99,0.9900,0.571705,-0.042545,-0.088553,lower
L3,sa,0.99,0.9900,0.584099,-0.041745,-0.089229,lower
L3,sa,0.99,0.9900,0.596493,-0.040910,-0.094890,lower
L3,sa,0.99,0.9900,0.608876,-0.040043,-0.102729,lower
L3,sa,0.99,0.9900,0.621239,-0.039149,-0.105180,lower
L3,sa,0.99,0.9900,0.633572,-0.038230,-0.102376,lower
L3,sa,0.99,0.9900,0.645864,-0.037290,-0.090281,lower
L3,sa,0.99,0.9900,0.658106,-0.036330,-0.070783,lower
L3,sa,0.99,0.9900,0.670288,-0.035354,-0.050611,lower
L3,sa,0.99,0.9900,0.682401,-0.034364,-0.032970,lower
L3,sa,0.99,0.9900,0.694435,-0.033360,-0.025685,lower
L3,sa,0.99,0.9900,0.706381,-0.032346,-0.027995,lower
L3,sa,0.99,0.9900,0.718230,-0.031322,-0.037828,lower
L3,sa,0.99,0.9900,0.729973,-0.030288,-0.050722,lower
L3,sa,0.99,0.9900,0.741604,-0.029247,-0.056810,lower
L3,sa,0.99,0.9900,0.753112,-0.028199,-0.054479,lower
L3,sa,0.99,0.9900,0.764492,-0.027144,-0.040407,lower
L3,sa,0.99,0.9900,0.775735,-0.026084,-0.019267,lower
L3,sa,0.99,0.9900,0.786835,-0.025019,-0.000092,lower
L3,sa,0.99,0.9900,0.797786,-0.023949,0.012807,lower
L3,sa,0.99,0.9900,0.808581,-0.022876,0.011399,lower
L3,sa,0.99,0.9900,0.819215,-0.021800,0.002156,lower
L3,sa,0.99,0.9900,0.829682,-0.020722,-0.007414,lower
L3,sa,0.99,0.9900,0.839979,-0.019643,-0.013368,lower
L3,sa,0.99,0.9900,0.850101,-0.018564,-0.004840,lower
L3,sa,0.99,0.9900,0.860044,-0.017485,0.013545,lower
L3,sa,0.99,0.9900,0.869805,-0.016409,0.036829,lower
L3,sa,0.99,0.9900,0.879380,-0.015336,0.058805,lower
L3,sa,0.99,0.9900,0.888767,-0.014267,0.066855,lower
L3,sa,0.99,0.9900,0.897965,-0.013204,0.065333,lower
L3,sa,0.99,0.9900,0.906971,-0.012147,0.056923,lower
L3,sa,0.99,0.9900,0.915784,-0.011100,0.047530,lower
L3,sa,0.99,0.9900,0.924403,-0.010062,0.049311,lower
L3,sa,0.99,0.9900,0.932829,-0.009037,0.059696,lower
L3,sa,0.99,0.9900,0.941059,-0.008025,0.077804,lower
L3,sa,0.99,0.9900,0.949096,-0.007029,0.098342,lower
L3,sa,0.99,0.9900,0.956939,-0.006050,0.111073,lower
L3,sa,0.99,0.9900,0.964589,-0.005093,0.117576,lower
L3,sa,0.99,0.9900,0.972047,-0.004158,0.118294,lower
L3,sa,0.99,0.9900,0.979316,-0.003249,0.117625,lower
L3,sa,0.99,0.9900,0.986396,-0.002368,0.123691,lower
L3,sa,0.99,0.9900,0.993290,-0.001519,0.132552,lower
L3,sa,0.99,0.9900,1.000000,-0.000705,0.152494,lower
