state,arm,eta,rule,j1,foot,signed
W M0.76,P0,0.2,percell,0.09665157376317704,0.13970839176678512,0.04305681800360808
W M0.76,P0,0.2,subcell,0.09665157376317704,0.13971005292818917,0.043058479165012126
W M0.76,P0,0.44,percell,0.17779935827254914,0.19642665781655244,0.0186272995440033
W M0.76,P0,0.44,subcell,0.17779935827254914,0.19654535411690488,0.01874599584435574
W M0.76,P0,0.65,percell,0.22080039520713624,0.23954803179074832,0.018747636583612087
W M0.76,P0,0.65,subcell,0.22080039520713624,0.2411898256764433,0.02038943046930705
W M0.76,P0,0.8,percell,0.19837389285581794,0.9783472120176484,0.7799733191618304
W M0.76,P0,0.8,subcell,0.19837389285581794,0.9795693699416724,0.7811954770858545
W M0.76,P0,0.9,percell,0.18512968070615557,0.2506719044554258,0.06554222374927024
W M0.76,P0,0.9,subcell,0.18512968070615557,0.25085391398878953,0.06572423328263396
W M0.76,P0,0.96,percell,0.14893793943010655,0.9856717028026137,0.8367337633725072
W M0.76,P0,0.96,subcell,0.14893793943010655,0.9858357585807929,0.8368978191506863
W M0.76,P0,0.99,percell,0.08296773969575051,0.9785004028722927,0.8955326631765421
W M0.76,P0,0.99,subcell,0.08296773969575051,0.9785084566954448,0.8955407169996943
W M0.76,P1,0.44,percell,0.17779935827254914,0.23006894584466106,0.05226958757211192
W M0.76,P1,0.44,subcell,0.17779935827254914,0.23012184817245004,0.052322489899900904
W M0.76,P1,0.65,percell,0.22080039520713624,0.20234678999021552,-0.018453605216920715
W M0.76,P1,0.65,subcell,0.22080039520713624,0.20423019162594294,-0.016570203581193294
W M0.76,P1,0.8,percell,0.19837389285581794,0.21445345855822417,0.016079565702406234
W M0.76,P1,0.8,subcell,0.19837389285581794,0.2145569569182678,0.016183064062449848
W M0.76,P1,0.9,percell,0.18512968070615557,0.21397731049088595,0.028847629784730378
W M0.76,P1,0.9,subcell,0.18512968070615557,0.21423320512439384,0.02910352441823827
W M0.76,P1,0.96,percell,0.14893793943010655,0.17447455675457713,0.025536617324470573
W M0.76,P1,0.96,subcell,0.14893793943010655,0.17458660543670895,0.0256486660066024
W M0.76,P1,0.99,percell,0.08296773969575051,0.9692655512600036,0.886297811564253
W M0.76,P1,0.99,subcell,0.08296773969575051,0.9692682656213736,0.886300525925623
W M0.76,P2,0.44,percell,0.17779935827254914,0.1957220126902602,0.01792265441771107
W M0.76,P2,0.44,subcell,0.17779935827254914,0.19637399742097897,0.018574639148429828
W M0.76,P2,0.65,percell,0.22080039520713624,0.2049208356173386,-0.015879559589797643
W M0.76,P2,0.65,subcell,0.22080039520713624,0.2049793973933561,-0.01582099781378013
W M0.76,P2,0.8,percell,0.19837389285581794,0.2327824732053585,0.03440858034954056
W M0.76,P2,0.8,subcell,0.19837389285581794,0.23280380836248923,0.034429915506671294
W M0.76,P2,0.9,percell,0.18512968070615557,0.22957780078478493,0.04444812007862936
W M0.76,P2,0.9,subcell,0.18512968070615557,0.2300592905566198,0.044929609850464236
W M0.76,P2,0.96,percell,0.14893793943010655,0.1722471416456167,0.02330920221551014
W M0.76,P2,0.96,subcell,0.14893793943010655,0.17226606429269922,0.02332812486259267
W M0.76,P2,0.99,percell,0.08296773969575051,0.13302799654908362,0.05006025685333311
W M0.76,P2,0.99,subcell,0.08296773969575051,0.13311540566591276,0.05014766597016225
W M0.76,P3,0.44,percell,0.17779935827254914,0.19642665781655244,0.0186272995440033
W M0.76,P3,0.44,subcell,0.17779935827254914,0.19652180541548153,0.01872244714293239
W M0.76,P3,0.65,percell,0.22080039520713624,0.2120284922507321,-0.008771902956404148
W M0.76,P3,0.65,subcell,0.22080039520713624,0.21204782377079184,-0.008752571436344392
W M0.76,P3,0.8,percell,0.19837389285581794,0.20065445610080168,0.002280563244983741
W M0.76,P3,0.8,subcell,0.19837389285581794,0.20071126069375342,0.002337367837935478
W M0.76,P3,0.9,percell,0.18512968070615557,0.18633056684093277,0.0012008861347772015
W M0.76,P3,0.9,subcell,0.18512968070615557,0.1864226368597563,0.0012929561536007272
W M0.76,P3,0.96,percell,0.14893793943010655,0.1722471416456167,0.02330920221551014
W M0.76,P3,0.96,subcell,0.14893793943010655,0.17234269939632807,0.023404759966221517
W M0.76,P3,0.99,percell,0.08296773969575051,0.13620219923635102,0.05323445954060051
W M0.76,P3,0.99,subcell,0.08296773969575051,0.13621834841953825,0.05325060872378774
W M0.76,S1,0.2,percell,0.09665157376317704,0.11172510869091917,0.015073534927742133
W M0.76,S1,0.2,subcell,0.09665157376317704,0.11172664242131636,0.015075068658139318
W M0.76,S1,0.44,percell,0.17779935827254914,0.19642665781655244,0.0186272995440033
W M0.76,S1,0.44,subcell,0.17779935827254914,0.19646291016343884,0.018663551890889696
W M0.76,S1,0.65,percell,0.22080039520713624,0.2120284922507321,-0.008771902956404148
W M0.76,S1,0.65,subcell,0.22080039520713624,0.21203941417267394,-0.008760981034462295
W M0.76,S1,0.8,percell,0.19837389285581794,0.1995043715365141,0.0011304786806961564
W M0.76,S1,0.8,subcell,0.19837389285581794,0.20056011573337898,0.0021862228775610393
W M0.76,S1,0.9,percell,0.18512968070615557,0.2506719044554258,0.06554222374927024
W M0.76,S1,0.9,subcell,0.18512968070615557,0.2507020004977258,0.06557231979157022
W M0.76,S1,0.96,percell,0.14893793943010655,0.9856717028026137,0.8367337633725072
W M0.76,S1,0.96,subcell,0.14893793943010655,0.9857224489966137,0.8367845095665071
W M0.76,S1,0.99,percell,0.08296773969575051,0.9753346931603681,0.8923669534646176
W M0.76,S1,0.99,subcell,0.08296773969575051,0.9753766013347944,0.8924088616390439
W M0.76,S2,0.44,percell,0.17779935827254914,0.1957220126902602,0.01792265441771107
W M0.76,S2,0.44,subcell,0.17779935827254914,0.19641274113443463,0.01861338286188549
W M0.76,S2,0.65,percell,0.22080039520713624,0.2049208356173386,-0.015879559589797643
W M0.76,S2,0.65,subcell,0.22080039520713624,0.20496043191573607,-0.015839963291400166
W M0.76,S2,0.8,percell,0.19837389285581794,0.1995043715365141,0.0011304786806961564
W M0.76,S2,0.8,subcell,0.19837389285581794,0.2005999865072682,0.002226093651450267
W M0.76,S2,0.9,percell,0.18512968070615557,0.21397731049088595,0.028847629784730378
W M0.76,S2,0.9,subcell,0.18512968070615557,0.21415340641076244,0.029023725704606873
W M0.76,S2,0.96,percell,0.14893793943010655,0.17447455675457713,0.025536617324470573
W M0.76,S2,0.96,subcell,0.14893793943010655,0.17451396316858622,0.02557602373847967
W M0.76,S2,0.99,percell,0.08296773969575051,0.13317430251434,0.0502065628185895
W M0.76,S2,0.99,subcell,0.08296773969575051,0.13326933982357833,0.05030160012782782
W M0.76,S3,0.44,percell,0.17779935827254914,0.19642665781655244,0.0186272995440033
W M0.76,S3,0.44,subcell,0.17779935827254914,0.1964552280255284,0.018655869752979254
W M0.76,S3,0.65,percell,0.22080039520713624,0.20234678999021552,-0.018453605216920715
W M0.76,S3,0.65,subcell,0.22080039520713624,0.20393817406544448,-0.016862221141691752
W M0.76,S3,0.8,percell,0.19837389285581794,0.1995043715365141,0.0011304786806961564
W M0.76,S3,0.8,subcell,0.19837389285581794,0.20044180750789076,0.0020679146520728164
W M0.76,S3,0.9,percell,0.18512968070615557,0.19525172430084126,0.010122043594685687
W M0.76,S3,0.9,subcell,0.18512968070615557,0.19528997983566027,0.010160299129504696
W M0.76,S3,0.96,percell,0.14893793943010655,0.1639735940101274,0.015035654580020846
W M0.76,S3,0.96,subcell,0.14893793943010655,0.16524816303650183,0.01631022360639528
W M0.76,S3,0.99,percell,0.08296773969575051,0.13016319441593138,0.04719545472018087
W M0.76,S3,0.99,subcell,0.08296773969575051,0.1302509058760784,0.04728316618032789
W M0.78,P0,0.2,percell,0.39956321318342125,0.3972202766165634,-0.002342936566857856
W M0.78,P0,0.2,subcell,0.39956321318342125,0.3972903807175909,-0.0022728324658303767
W M0.78,P0,0.44,percell,0.3975518828115314,0.42080969343746993,0.023257810625938513
W M0.78,P0,0.44,subcell,0.3975518828115314,0.4208339662024099,0.023282083390878505
W M0.78,P0,0.65,percell,0.35986938579084743,0.37764590801220843,0.017776522221361002
W M0.78,P0,0.65,subcell,0.35986938579084743,0.3776523253832969,0.017782939592449476
W M0.78,P0,0.8,percell,0.29573910690159105,0.9783472120176484,0.6826081051160573
W M0.78,P0,0.8,subcell,0.29573910690159105,0.9796365615994825,0.6838974546978915
W M0.78,P0,0.9,percell,0.2335662222796183,0.2589153628639305,0.02534914058431223
W M0.78,P0,0.9,subcell,0.2335662222796183,0.2589297443515262,0.025363522071907924
W M0.78,P0,0.96,percell,0.17069770758907693,0.9856717028026137,0.8149739952135369
W M0.78,P0,0.96,subcell,0.17069770758907693,0.9858599186642973,0.8151622110752204
W M0.78,P0,0.99,percell,0.10914388443267178,0.9785004028722927,0.8693565184396209
W M0.78,P0,0.99,subcell,0.10914388443267178,0.9785128731181678,0.8693689886854961
W M0.78,P1,0.2,percell,0.39956321318342125,0.3972202766165634,-0.002342936566857856
W M0.78,P1,0.2,subcell,0.39956321318342125,0.39722401683287223,-0.002339196350549022
W M0.78,P1,0.44,percell,0.3975518828115314,0.37901902906025664,-0.01853285375127478
W M0.78,P1,0.44,subcell,0.3975518828115314,0.37901916383515627,-0.01853271897637515
W M0.78,P1,0.65,percell,0.35986938579084743,0.3462534265694207,-0.013615959221426721
W M0.78,P1,0.65,subcell,0.35986938579084743,0.34627308262000894,-0.013596303170838486
W M0.78,P1,0.8,percell,0.29573910690159105,0.2857509785347183,-0.00998812836687274
W M0.78,P1,0.8,subcell,0.29573910690159105,0.28590280334877427,-0.009836303552816783
W M0.78,P1,0.9,percell,0.2335662222796183,0.27108494588532045,0.03751872360570216
W M0.78,P1,0.9,subcell,0.2335662222796183,0.27192186047190686,0.03835563819228857
W M0.78,P1,0.96,percell,0.17069770758907693,0.20228103212804013,0.0315833245389632
W M0.78,P1,0.96,subcell,0.17069770758907693,0.20235392921030265,0.03165622162122572
W M0.78,P1,0.99,percell,0.10914388443267178,0.9738007765786793,0.8646568921460075
W M0.78,P1,0.99,subcell,0.10914388443267178,0.9738496587269772,0.8647057742943054
W M0.78,P2,0.2,percell,0.39956321318342125,0.39688188025271726,-0.0026813329307039946
W M0.78,P2,0.2,subcell,0.39956321318342125,0.397053619494263,-0.0025095936891582626
W M0.78,P2,0.44,percell,0.3975518828115314,0.37901902906025664,-0.01853285375127478
W M0.78,P2,0.44,subcell,0.3975518828115314,0.37901968085316395,-0.018532201958367467
W M0.78,P2,0.65,percell,0.35986938579084743,0.3309865929536707,-0.028882792837176707
W M0.78,P2,0.65,subcell,0.35986938579084743,0.33099162495280493,-0.0288777608380425
W M0.78,P2,0.8,percell,0.29573910690159105,0.3059953267734766,0.010256219871885519
W M0.78,P2,0.8,subcell,0.29573910690159105,0.30616959483029227,0.010430487928701215
W M0.78,P2,0.9,percell,0.2335662222796183,0.27108494588532045,0.03751872360570216
W M0.78,P2,0.9,subcell,0.2335662222796183,0.2722400752841103,0.038673853004492026
W M0.78,P2,0.96,percell,0.17069770758907693,0.20228103212804013,0.0315833245389632
W M0.78,P2,0.96,subcell,0.17069770758907693,0.20230928791719646,0.03161158032811953
W M0.78,P2,0.99,percell,0.10914388443267178,0.1561843297661347,0.04704044533346291
W M0.78,P2,0.99,subcell,0.10914388443267178,0.15626014680671008,0.04711626237403829
W M0.78,P3,0.44,percell,0.3975518828115314,0.36229787403012437,-0.035254008781407054
W M0.78,P3,0.44,subcell,0.3975518828115314,0.36249286332026265,-0.03505901949126877
W M0.78,P3,0.65,percell,0.35986938579084743,0.3309865929536707,-0.028882792837176707
W M0.78,P3,0.65,subcell,0.35986938579084743,0.33099613519972304,-0.02887325059112439
W M0.78,P3,0.8,percell,0.29573910690159105,0.2857509785347183,-0.00998812836687274
W M0.78,P3,0.8,subcell,0.29573910690159105,0.2857721330531209,-0.009966973848470173
W M0.78,P3,0.9,percell,0.2335662222796183,0.2589153628639305,0.02534914058431223
W M0.78,P3,0.9,subcell,0.2335662222796183,0.2589156660570613,0.025349443777442998
W M0.78,P3,0.96,percell,0.17069770758907693,0.20228103212804013,0.0315833245389632
W M0.78,P3,0.96,subcell,0.17069770758907693,0.2022903191594581,0.03159261157038118
W M0.78,P3,0.99,percell,0.10914388443267178,0.1561843297661347,0.04704044533346291
W M0.78,P3,0.99,subcell,0.10914388443267178,0.15622783967051218,0.0470839552378404
W M0.78,S1,0.2,percell,0.39956321318342125,0.3972202766165634,-0.002342936566857856
W M0.78,S1,0.2,subcell,0.39956321318342125,0.39724185964317493,-0.002321353540246318
W M0.78,S1,0.44,percell,0.3975518828115314,0.36229787403012437,-0.035254008781407054
W M0.78,S1,0.44,subcell,0.3975518828115314,0.36375586372728064,-0.033796019084250783
W M0.78,S1,0.65,percell,0.35986938579084743,0.3500874510560189,-0.009781934734828523
W M0.78,S1,0.65,subcell,0.35986938579084743,0.3503143541234421,-0.009555031667405345
W M0.78,S1,0.8,percell,0.29573910690159105,0.2857509785347183,-0.00998812836687274
W M0.78,S1,0.8,subcell,0.29573910690159105,0.28589774104642646,-0.009841365855164597
W M0.78,S1,0.9,percell,0.2335662222796183,0.27108494588532045,0.03751872360570216
W M0.78,S1,0.9,subcell,0.2335662222796183,0.27144767541425363,0.03788145313463534
W M0.78,S1,0.96,percell,0.17069770758907693,0.9856717028026137,0.8149739952135369
W M0.78,S1,0.96,subcell,0.17069770758907693,0.985758637196251,0.815060929607174
W M0.78,S1,0.99,percell,0.10914388443267178,0.9785004028722927,0.8693565184396209
W M0.78,S1,0.99,subcell,0.10914388443267178,0.9785064645729581,0.8693625801402863
W M0.78,S2,0.2,percell,0.39956321318342125,0.15438483005628267,-0.24517838312713858
W M0.78,S2,0.2,subcell,0.39956321318342125,0.15526111272969306,-0.2443021004537282
W M0.78,S2,0.44,percell,0.3975518828115314,0.36229787403012437,-0.035254008781407054
W M0.78,S2,0.44,subcell,0.3975518828115314,0.36231422105111555,-0.03523766176041587
W M0.78,S2,0.65,percell,0.35986938579084743,0.32629112206342586,-0.033578263727421565
W M0.78,S2,0.65,subcell,0.35986938579084743,0.32631772859225217,-0.033551657198595264
W M0.78,S2,0.8,percell,0.29573910690159105,0.2857509785347183,-0.00998812836687274
W M0.78,S2,0.8,subcell,0.29573910690159105,0.2858092708359043,-0.009929836065686759
W M0.78,S2,0.9,percell,0.2335662222796183,0.2506719044554258,0.01710568217580752
W M0.78,S2,0.9,subcell,0.2335662222796183,0.251299413163616,0.01773319088399769
W M0.78,S2,0.96,percell,0.17069770758907693,0.20228103212804013,0.0315833245389632
W M0.78,S2,0.96,subcell,0.17069770758907693,0.2023228103833557,0.03162510279427877
W M0.78,S2,0.99,percell,0.10914388443267178,0.1561843297661347,0.04704044533346291
W M0.78,S2,0.99,subcell,0.10914388443267178,0.1562372805715591,0.04709339613888733
W M0.78,S3,0.44,percell,0.3975518828115314,0.329806977351343,-0.06774490546018841
W M0.78,S3,0.44,subcell,0.3975518828115314,0.3298184228758443,-0.06773345993568713
W M0.78,S3,0.65,percell,0.35986938579084743,0.3309865929536707,-0.028882792837176707
W M0.78,S3,0.65,subcell,0.35986938579084743,0.33099532639619694,-0.028874059394650486
W M0.78,S3,0.8,percell,0.29573910690159105,0.2857509785347183,-0.00998812836687274
W M0.78,S3,0.8,subcell,0.29573910690159105,0.28577700398036376,-0.00996210292122729
W M0.78,S3,0.9,percell,0.2335662222796183,0.2506719044554258,0.01710568217580752
W M0.78,S3,0.9,subcell,0.2335662222796183,0.25128616026443,0.017719937984811723
W M0.78,S3,0.96,percell,0.17069770758907693,0.20228103212804013,0.0315833245389632
W M0.78,S3,0.96,subcell,0.17069770758907693,0.2022933401208216,0.03159563253174466
W M0.78,S3,0.99,percell,0.10914388443267178,0.1561843297661347,0.04704044533346291
W M0.78,S3,0.99,subcell,0.10914388443267178,0.15622593648573002,0.04708205205305824
W M0.80,P0,0.2,percell,0.5481954261749326,0.5570595183598465,0.008864092184913908
W M0.80,P0,0.2,subcell,0.5481954261749326,0.557072890061106,0.008877463886173498
W M0.80,P0,0.44,percell,0.4934961704324939,0.4969772627907579,0.003481092358263993
W M0.80,P0,0.44,subcell,0.4934961704324939,0.4975304280324028,0.004034257599908941
W M0.80,P0,0.65,percell,0.4374580906257188,0.45265681488503884,0.015198724259320062
W M0.80,P0,0.65,subcell,0.4374580906257188,0.4526792232640425,0.015221132638323698
W M0.80,P0,0.8,percell,0.3726151229072277,0.9783472120176484,0.6057320891104208
W M0.80,P0,0.8,subcell,0.3726151229072277,0.9796997476115028,0.6070846247042752
W M0.80,P0,0.9,percell,0.32530423258049546,0.3348532756083735,0.009549043027878068
W M0.80,P0,0.9,subcell,0.32530423258049546,0.3355360886221203,0.010231856041624854
W M0.80,P0,0.96,percell,0.20165859521533813,0.9856717028026137,0.7840131075872756
W M0.80,P0,0.96,subcell,0.20165859521533813,0.9858832497994784,0.7842246545841403
W M0.80,P0,0.99,percell,0.1429470944273265,0.9811729250069775,0.838225830579651
W M0.80,P0,0.99,subcell,0.1429470944273265,0.9812030659537351,0.8382559715264086
W M0.80,P1,0.2,percell,0.5481954261749326,0.54076169060975,-0.007433735565182564
W M0.80,P1,0.2,subcell,0.5481954261749326,0.5408047544018976,-0.007390671773034985
W M0.80,P1,0.44,percell,0.4934961704324939,0.4969772627907579,0.003481092358263993
W M0.80,P1,0.44,subcell,0.4934961704324939,0.49837907432702494,0.004882903894531054
W M0.80,P1,0.65,percell,0.4374580906257188,0.4524529411303098,0.01499485050459104
W M0.80,P1,0.65,subcell,0.4374580906257188,0.45245850025663714,0.015000409630918365
W M0.80,P1,0.8,percell,0.3726151229072277,0.37766694670288886,0.005051823795661159
W M0.80,P1,0.8,subcell,0.3726151229072277,0.37892480998929795,0.006309687082070248
W M0.80,P1,0.9,percell,0.32530423258049546,0.33435548768170376,0.0090512551012083
W M0.80,P1,0.9,subcell,0.32530423258049546,0.3344638209966702,0.009159588416174758
W M0.80,P1,0.96,percell,0.20165859521533813,0.9856717028026137,0.7840131075872756
W M0.80,P1,0.96,subcell,0.20165859521533813,0.9857046867235786,0.7840460915082405
W M0.80,P1,0.99,percell,0.1429470944273265,0.9738007765786793,0.8308536821513528
W M0.80,P1,0.99,subcell,0.1429470944273265,0.9739027916962588,0.8309556972689323
W M0.80,P2,0.2,percell,0.5481954261749326,0.5400553450861556,-0.008140081088776951
W M0.80,P2,0.2,subcell,0.5481954261749326,0.5400558657381997,-0.008139560436732807
W M0.80,P2,0.44,percell,0.4934961704324939,0.4702052458186443,-0.023290924613849573
W M0.80,P2,0.44,subcell,0.4934961704324939,0.47030155032458076,-0.023194620107913122
W M0.80,P2,0.65,percell,0.4374580906257188,0.42215031411149917,-0.015307776514219607
W M0.80,P2,0.65,subcell,0.4374580906257188,0.42254562089609427,-0.014912469729624511
W M0.80,P2,0.8,percell,0.3726151229072277,0.37766694670288886,0.005051823795661159
W M0.80,P2,0.8,subcell,0.3726151229072277,0.37791573173957044,0.005300608832342735
W M0.80,P2,0.9,percell,0.32530423258049546,0.31291896755806053,-0.012385265022434921
W M0.80,P2,0.9,subcell,0.32530423258049546,0.312946911030979,-0.012357321549516465
W M0.80,P2,0.96,percell,0.20165859521533813,0.2261231384956011,0.024464543280262957
W M0.80,P2,0.96,subcell,0.20165859521533813,0.22643094925129836,0.02477235403596023
W M0.80,P2,0.99,percell,0.1429470944273265,0.9681209873524655,0.8251738929251391
W M0.80,P2,0.99,subcell,0.1429470944273265,0.9681423679009721,0.8251952734736456
W M0.80,P3,0.2,percell,0.5481954261749326,0.5400553450861556,-0.008140081088776951
W M0.80,P3,0.2,subcell,0.5481954261749326,0.5400560511444344,-0.008139375030498108
W M0.80,P3,0.44,percell,0.4934961704324939,0.4746372935502178,-0.01885887688227611
W M0.80,P3,0.44,subcell,0.4934961704324939,0.4750155030781564,-0.01848066735433751
W M0.80,P3,0.65,percell,0.4374580906257188,0.43491516932948326,-0.002542921296235512
W M0.80,P3,0.65,subcell,0.4374580906257188,0.43495432452018323,-0.002503766105535543
W M0.80,P3,0.8,percell,0.3726151229072277,0.364595778816783,-0.008019344090444691
W M0.80,P3,0.8,subcell,0.3726151229072277,0.36463122572466355,-0.007983897182564148
W M0.80,P3,0.9,percell,0.32530423258049546,0.31291896755806053,-0.012385265022434921
W M0.80,P3,0.9,subcell,0.32530423258049546,0.31292756860275395,-0.012376663977741509
W M0.80,P3,0.96,percell,0.20165859521533813,0.2261231384956011,0.024464543280262957
W M0.80,P3,0.96,subcell,0.20165859521533813,0.22612511549162886,0.024466520276290732
W M0.80,P3,0.99,percell,0.1429470944273265,0.18871062489106002,0.04576353046373352
W M0.80,P3,0.99,subcell,0.1429470944273265,0.1887155736092094,0.0457684791818829
W M0.80,S1,0.2,percell,0.5481954261749326,0.54076169060975,-0.007433735565182564
W M0.80,S1,0.2,subcell,0.5481954261749326,0.5408106351556636,-0.0073847910192689215
W M0.80,S1,0.44,percell,0.4934961704324939,0.4969772627907579,0.003481092358263993
W M0.80,S1,0.44,subcell,0.4934961704324939,0.49777295222357865,0.0042767817910847605
W M0.80,S1,0.65,percell,0.4374580906257188,0.4524529411303098,0.01499485050459104
W M0.80,S1,0.65,subcell,0.4374580906257188,0.45246434548973574,0.015006254864016966
W M0.80,S1,0.8,percell,0.3726151229072277,0.364595778816783,-0.008019344090444691
W M0.80,S1,0.8,subcell,0.3726151229072277,0.36484332025044924,-0.007771802656778459
W M0.80,S1,0.9,percell,0.32530423258049546,0.3348532756083735,0.009549043027878068
W M0.80,S1,0.9,subcell,0.32530423258049546,0.33501226011371865,0.009708027533223196
W M0.80,S1,0.96,percell,0.20165859521533813,0.9856717028026137,0.7840131075872756
W M0.80,S1,0.96,subcell,0.20165859521533813,0.9857942166534123,0.7841356214380741
W M0.80,S1,0.99,percell,0.1429470944273265,0.9785004028722927,0.8355533084449662
W M0.80,S1,0.99,subcell,0.1429470944273265,0.9785135934251695,0.8355664989978431
W M0.80,S2,0.2,percell,0.5481954261749326,0.5400553450861556,-0.008140081088776951
W M0.80,S2,0.2,subcell,0.5481954261749326,0.5400566507633165,-0.008138775411616006
W M0.80,S2,0.44,percell,0.4934961704324939,0.4746372935502178,-0.01885887688227611
W M0.80,S2,0.44,subcell,0.4934961704324939,0.47525450817575854,-0.018241662256735347
W M0.80,S2,0.65,percell,0.4374580906257188,0.43491516932948326,-0.002542921296235512
W M0.80,S2,0.65,subcell,0.4374580906257188,0.4350312454667747,-0.002426845158944091
W M0.80,S2,0.8,percell,0.3726151229072277,0.364595778816783,-0.008019344090444691
W M0.80,S2,0.8,subcell,0.3726151229072277,0.36467843047568943,-0.007936692431538273
W M0.80,S2,0.9,percell,0.32530423258049546,0.3348532756083735,0.009549043027878068
W M0.80,S2,0.9,subcell,0.32530423258049546,0.334921405267962,0.009617172687466535
W M0.80,S2,0.96,percell,0.20165859521533813,0.9856717028026137,0.7840131075872756
W M0.80,S2,0.96,subcell,0.20165859521533813,0.9856760742211896,0.7840174790058515
W M0.80,S2,0.99,percell,0.1429470944273265,0.9753346931603681,0.8323875987330416
W M0.80,S2,0.99,subcell,0.1429470944273265,0.9753410773690293,0.8323939829417029
W M0.80,S3,0.2,percell,0.5481954261749326,0.5400553450861556,-0.008140081088776951
W M0.80,S3,0.2,subcell,0.5481954261749326,0.5400556267838797,-0.008139799391052804
W M0.80,S3,0.44,percell,0.4934961704324939,0.4591305203233057,-0.034365650109188184
W M0.80,S3,0.44,subcell,0.4934961704324939,0.46128323287805595,-0.03221293755443794
W M0.80,S3,0.65,percell,0.4374580906257188,0.43491516932948326,-0.002542921296235512
W M0.80,S3,0.65,subcell,0.4374580906257188,0.43493169637006246,-0.002526394255656317
W M0.80,S3,0.8,percell,0.3726151229072277,0.364595778816783,-0.008019344090444691
W M0.80,S3,0.8,subcell,0.3726151229072277,0.36465849806303796,-0.007956624844189741
W M0.80,S3,0.9,percell,0.32530423258049546,0.3201102711796227,-0.005193961400872749
W M0.80,S3,0.9,subcell,0.32530423258049546,0.32011569576750454,-0.005188536812990918
W M0.80,S3,0.96,percell,0.20165859521533813,0.22587270975334017,0.02421411453800204
W M0.80,S3,0.96,subcell,0.20165859521533813,0.22611871156614602,0.024460116350807887
W M0.80,S3,0.99,percell,0.1429470944273265,0.18871062489106002,0.04576353046373352
W M0.80,S3,0.99,subcell,0.1429470944273265,0.18871472645912066,0.04576763203179415
W M0.82,P0,0.2,percell,0.6203257000274321,0.6139075607811839,-0.006418139246248233
W M0.82,P0,0.2,subcell,0.6203257000274321,0.6140498490929603,-0.006275850934471805
W M0.82,P0,0.44,percell,0.5545803009717839,0.543394155618494,-0.011186145353289878
W M0.82,P0,0.44,subcell,0.5545803009717839,0.5439640403385622,-0.010616260633221741
W M0.82,P0,0.65,percell,0.5255158125965869,0.5276238154467355,0.0021080028501486714
W M0.82,P0,0.65,subcell,0.5255158125965869,0.5280790048087537,0.0025631922121668316
W M0.82,P0,0.8,percell,0.46531710410110644,0.9841854235306934,0.5188683194295869
W M0.82,P0,0.8,subcell,0.46531710410110644,0.9845018045244286,0.5191847004233221
W M0.82,P0,0.9,percell,0.37282630329915506,0.4097424969481016,0.03691619364894655
W M0.82,P0,0.9,subcell,0.37282630329915506,0.40980052979780807,0.03697422649865301
W M0.82,P0,0.96,percell,0.2890955799193211,0.9856717028026137,0.6965761228832926
W M0.82,P0,0.96,subcell,0.2890955799193211,0.9859053356320722,0.6968097557127511
W M0.82,P0,0.99,percell,0.2236815095254519,0.9811729250069775,0.7574914154815255
W M0.82,P0,0.99,subcell,0.2236815095254519,0.9812955899293732,0.7576140804039213
W M0.82,P1,0.2,percell,0.6203257000274321,0.6230957912177779,0.0027700911903457692
W M0.82,P1,0.2,subcell,0.6203257000274321,0.6231579349203968,0.0028322348929646912
W M0.82,P1,0.44,percell,0.5545803009717839,0.5484259171423621,-0.0061543838294217945
W M0.82,P1,0.44,subcell,0.5545803009717839,0.548663559429336,-0.005916741542447923
W M0.82,P1,0.65,percell,0.5255158125965869,0.5276238154467355,0.0021080028501486714
W M0.82,P1,0.65,subcell,0.5255158125965869,0.5283126791944314,0.002796866597844505
W M0.82,P1,0.8,percell,0.46531710410110644,0.4590256635502404,-0.0062914405508660565
W M0.82,P1,0.8,subcell,0.46531710410110644,0.4613842023751635,-0.003932901725942961
W M0.82,P1,0.9,percell,0.37282630329915506,0.3767209718996567,0.0038946686005016384
W M0.82,P1,0.9,subcell,0.37282630329915506,0.37793147610179345,0.005105172802638391
W M0.82,P1,0.96,percell,0.2890955799193211,0.9856717028026137,0.6965761228832926
W M0.82,P1,0.96,subcell,0.2890955799193211,0.9857529984828929,0.6966574185635718
W M0.82,P1,0.99,percell,0.2236815095254519,0.9753346931603681,0.7516531836349163
W M0.82,P1,0.99,subcell,0.2236815095254519,0.9753424448459114,0.7516609353204595
W M0.82,P2,0.2,percell,0.6203257000274321,0.6139075607811839,-0.006418139246248233
W M0.82,P2,0.2,subcell,0.6203257000274321,0.6140272877992765,-0.0062984122281556365
W M0.82,P2,0.44,percell,0.5545803009717839,0.5484259171423621,-0.0061543838294217945
W M0.82,P2,0.44,subcell,0.5545803009717839,0.5485169438266557,-0.006063357145128179
W M0.82,P2,0.65,percell,0.5255158125965869,0.5276238154467355,0.0021080028501486714
W M0.82,P2,0.65,subcell,0.5255158125965869,0.5277320683273824,0.0022162557307955355
W M0.82,P2,0.8,percell,0.46531710410110644,0.4358361934606343,-0.029480910640472147
W M0.82,P2,0.8,subcell,0.46531710410110644,0.4362104425043882,-0.029106661596718264
W M0.82,P2,0.9,percell,0.37282630329915506,0.3767209718996567,0.0038946686005016384
W M0.82,P2,0.9,subcell,0.37282630329915506,0.3787549354619095,0.005928632162754466
W M0.82,P2,0.96,percell,0.2890955799193211,0.30210244038427064,0.013006860464949532
W M0.82,P2,0.96,subcell,0.2890955799193211,0.30241048894923395,0.013314909029912836
W M0.82,P2,0.99,percell,0.2236815095254519,0.9692655512600036,0.7455840417345516
W M0.82,P2,0.99,subcell,0.2236815095254519,0.9692657732272024,0.7455842637017505
W M0.82,P3,0.2,percell,0.6203257000274321,0.6139075607811839,-0.006418139246248233
W M0.82,P3,0.2,subcell,0.6203257000274321,0.6139575578681259,-0.006368142159306256
W M0.82,P3,0.44,percell,0.5545803009717839,0.5535647814101858,-0.0010155195615980661
W M0.82,P3,0.44,subcell,0.5545803009717839,0.5550850276089975,0.0005047266372135706
W M0.82,P3,0.65,percell,0.5255158125965869,0.5276238154467355,0.0021080028501486714
W M0.82,P3,0.65,subcell,0.5255158125965869,0.5278294247137405,0.0023136121171536406
W M0.82,P3,0.8,percell,0.46531710410110644,0.4513668900738966,-0.013950214027209862
W M0.82,P3,0.8,subcell,0.46531710410110644,0.45191059523221877,-0.013406508868887668
W M0.82,P3,0.9,percell,0.37282630329915506,0.3767209718996567,0.0038946686005016384
W M0.82,P3,0.9,subcell,0.37282630329915506,0.3787165525578733,0.005890249258718228
W M0.82,P3,0.96,percell,0.2890955799193211,0.28728887620338944,-0.001806703715931668
W M0.82,P3,0.96,subcell,0.2890955799193211,0.2876884245950588,-0.0014071553242623325
W M0.82,P3,0.99,percell,0.2236815095254519,0.9593486971780509,0.7356671876525991
W M0.82,P3,0.99,subcell,0.2236815095254519,0.9593498424021981,0.7356683328767462
W M0.82,S1,0.2,percell,0.6203257000274321,0.6139075607811839,-0.006418139246248233
W M0.82,S1,0.2,subcell,0.6203257000274321,0.6140770859725339,-0.006248614054898294
W M0.82,S1,0.44,percell,0.5545803009717839,0.5484259171423621,-0.0061543838294217945
W M0.82,S1,0.44,subcell,0.5545803009717839,0.5484421381575082,-0.006138162814275705
W M0.82,S1,0.65,percell,0.5255158125965869,0.5276238154467355,0.0021080028501486714
W M0.82,S1,0.65,subcell,0.5255158125965869,0.5281646026208666,0.002648790024279757
W M0.82,S1,0.8,percell,0.46531710410110644,0.4522433351880101,-0.013073768913096362
W M0.82,S1,0.8,subcell,0.46531710410110644,0.45230614031806626,-0.013010963783040175
W M0.82,S1,0.9,percell,0.37282630329915506,0.4097424969481016,0.03691619364894655
W M0.82,S1,0.9,subcell,0.37282630329915506,0.40975001181193554,0.036923708512780484
W M0.82,S1,0.96,percell,0.2890955799193211,0.9856717028026137,0.6965761228832926
W M0.82,S1,0.96,subcell,0.2890955799193211,0.9858281865349481,0.696732606615627
W M0.82,S1,0.99,percell,0.2236815095254519,0.9785004028722927,0.7548188933468407
W M0.82,S1,0.99,subcell,0.2236815095254519,0.9785206243721484,0.7548391148466964
W M0.82,S2,0.2,percell,0.6203257000274321,0.6230957912177779,0.0027700911903457692
W M0.82,S2,0.2,subcell,0.6203257000274321,0.6230961750746558,0.0027704750472236084
W M0.82,S2,0.44,percell,0.5545803009717839,0.5484259171423621,-0.0061543838294217945
W M0.82,S2,0.44,subcell,0.5545803009717839,0.5484691763111017,-0.006111124660682199
W M0.82,S2,0.65,percell,0.5255158125965869,0.5276238154467355,0.0021080028501486714
W M0.82,S2,0.65,subcell,0.5255158125965869,0.5279816961296809,0.002465883533094071
W M0.82,S2,0.8,percell,0.46531710410110644,0.4513668900738966,-0.013950214027209862
W M0.82,S2,0.8,subcell,0.46531710410110644,0.45170614877955984,-0.013610955321546603
W M0.82,S2,0.9,percell,0.37282630329915506,0.3710479020256783,-0.0017784012734767818
W M0.82,S2,0.9,subcell,0.37282630329915506,0.3731972036324832,0.0003709003333281502
W M0.82,S2,0.96,percell,0.2890955799193211,0.9856717028026137,0.6965761228832926
W M0.82,S2,0.96,subcell,0.2890955799193211,0.9857318808101035,0.6966363008907824
W M0.82,S2,0.99,percell,0.2236815095254519,0.9753346931603681,0.7516531836349163
W M0.82,S2,0.99,subcell,0.2236815095254519,0.9753707919784212,0.7516892824529693
W M0.82,S3,0.2,percell,0.6203257000274321,0.6139075607811839,-0.006418139246248233
W M0.82,S3,0.2,subcell,0.6203257000274321,0.6139872901887087,-0.006338409838723469
W M0.82,S3,0.44,percell,0.5545803009717839,0.543394155618494,-0.011186145353289878
W M0.82,S3,0.44,subcell,0.5545803009717839,0.5437075934349419,-0.010872707536841997
W M0.82,S3,0.65,percell,0.5255158125965869,0.515447331206354,-0.010068481390232864
W M0.82,S3,0.65,subcell,0.5255158125965869,0.5166809090777281,-0.008834903518858739
W M0.82,S3,0.8,percell,0.46531710410110644,0.4513668900738966,-0.013950214027209862
W M0.82,S3,0.8,subcell,0.46531710410110644,0.4513996030111756,-0.01391750108993084
W M0.82,S3,0.9,percell,0.37282630329915506,0.3767209718996567,0.0038946686005016384
W M0.82,S3,0.9,subcell,0.37282630329915506,0.377216122706985,0.0043898194078299535
W M0.82,S3,0.96,percell,0.2890955799193211,0.30210244038427064,0.013006860464949532
W M0.82,S3,0.96,subcell,0.2890955799193211,0.30221423721429347,0.013118657294972358
W M0.82,S3,0.99,percell,0.2236815095254519,0.2565798647418726,0.032898355216420705
W M0.82,S3,0.99,subcell,0.2236815095254519,0.2567169475918516,0.03303543806639969
W M0.8395,P0,0.2,percell,0.676034162687673,0.6705342486594731,-0.005499914028199937
W M0.8395,P0,0.2,subcell,0.676034162687673,0.6711137976661542,-0.004920365021518824
W M0.8395,P0,0.44,percell,0.6255630828248574,0.6123522059682991,-0.013210876856558307
W M0.8395,P0,0.44,subcell,0.6255630828248574,0.6123872222125323,-0.013175860612325119
W M0.8395,P0,0.65,percell,0.5729860759389566,0.5759128677684422,0.002926791829485631
W M0.8395,P0,0.65,subcell,0.5729860759389566,0.5764645244499552,0.003478448510998655
W M0.8395,P0,0.8,percell,0.5201747196863,0.9841854235306934,0.46401070384439336
W M0.8395,P0,0.8,subcell,0.5201747196863,0.9849158028098242,0.46474108312352413
W M0.8395,P0,0.9,percell,0.4456864227601006,0.44511257595808695,-0.0005738468020136667
W M0.8395,P0,0.9,subcell,0.4456864227601006,0.4452864938162466,-0.0003999289438540443
W M0.8395,P0,0.96,percell,0.3726865108251922,0.9856717028026137,0.6129851919774215
W M0.8395,P0,0.96,subcell,0.3726865108251922,0.9859271522370975,0.6132406414119053
W M0.8395,P0,0.99,percell,0.34381145009775804,0.9811729250069775,0.6373614749092195
W M0.8395,P0,0.99,subcell,0.34381145009775804,0.9813790071413534,0.6375675570435954
W M0.8395,P1,0.2,percell,0.676034162687673,0.6705342486594731,-0.005499914028199937
W M0.8395,P1,0.2,subcell,0.676034162687673,0.6714277866764231,-0.004606376011249913
W M0.8395,P1,0.44,percell,0.6255630828248574,0.6123522059682991,-0.013210876856558307
W M0.8395,P1,0.44,subcell,0.6255630828248574,0.6124392799938762,-0.013123802830981246
W M0.8395,P1,0.65,percell,0.5729860759389566,0.5759128677684422,0.002926791829485631
W M0.8395,P1,0.65,subcell,0.5729860759389566,0.5765543851092483,0.003568309170291717
W M0.8395,P1,0.8,percell,0.5201747196863,0.503287755180331,-0.01688696450596905
W M0.8395,P1,0.8,subcell,0.5201747196863,0.5061303194146354,-0.014044400271664648
W M0.8395,P1,0.9,percell,0.4456864227601006,0.46653672255814094,0.020850299798040317
W M0.8395,P1,0.9,subcell,0.4456864227601006,0.4665402137144387,0.02085379095433809
W M0.8395,P1,0.96,percell,0.3726865108251922,0.9920031353257368,0.6193166245005446
W M0.8395,P1,0.96,subcell,0.3726865108251922,0.992009944023372,0.6193234331981797
W M0.8395,P1,0.99,percell,0.34381145009775804,0.9785004028722927,0.6346889527745346
W M0.8395,P1,0.99,subcell,0.34381145009775804,0.978509276720656,0.634697826622898
W M0.8395,P2,0.2,percell,0.676034162687673,0.6705342486594731,-0.005499914028199937
W M0.8395,P2,0.2,subcell,0.676034162687673,0.6711756306647629,-0.004858532022910089
W M0.8395,P2,0.44,percell,0.6255630828248574,0.6209465921842113,-0.004616490640646065
W M0.8395,P2,0.44,subcell,0.6255630828248574,0.6211628003329371,-0.00440028249192026
W M0.8395,P2,0.65,percell,0.5729860759389566,0.5759128677684422,0.002926791829485631
W M0.8395,P2,0.65,subcell,0.5729860759389566,0.5759418428692507,0.0029557669302940903
W M0.8395,P2,0.8,percell,0.5201747196863,0.5071503772526418,-0.013024342433658243
W M0.8395,P2,0.8,subcell,0.5201747196863,0.5073703703761093,-0.012804349310190699
W M0.8395,P2,0.9,percell,0.4456864227601006,0.46653672255814094,0.020850299798040317
W M0.8395,P2,0.9,subcell,0.4456864227601006,0.4665491311447442,0.020862708384643602
W M0.8395,P2,0.96,percell,0.3726865108251922,0.37667784831533363,0.003991337490141411
W M0.8395,P2,0.96,subcell,0.3726865108251922,0.37675272025793455,0.004066209432742329
W M0.8395,P2,0.99,percell,0.34381145009775804,0.9753346931603681,0.6315232430626101
W M0.8395,P2,0.99,subcell,0.34381145009775804,0.9753631307262465,0.6315516806284884
W M0.8395,P3,0.2,percell,0.676034162687673,0.6705342486594731,-0.005499914028199937
W M0.8395,P3,0.2,subcell,0.676034162687673,0.6711739522296437,-0.004860210458029313
W M0.8395,P3,0.44,percell,0.6255630828248574,0.6044771621004362,-0.02108592072442117
W M0.8395,P3,0.44,subcell,0.6255630828248574,0.6046225915474817,-0.02094049127737574
W M0.8395,P3,0.65,percell,0.5729860759389566,0.5643319084461466,-0.008654167492810005
W M0.8395,P3,0.65,subcell,0.5729860759389566,0.5643392129715256,-0.008646862967431002
W M0.8395,P3,0.8,percell,0.5201747196863,0.5245456547884314,0.004370935102131379
W M0.8395,P3,0.8,subcell,0.5201747196863,0.5245539378868685,0.004379218200568524
W M0.8395,P3,0.9,percell,0.4456864227601006,0.447188836513951,0.0015024137538504068
W M0.8395,P3,0.9,subcell,0.4456864227601006,0.4472139313353291,0.0015275085752284867
W M0.8395,P3,0.96,percell,0.3726865108251922,0.37667784831533363,0.003991337490141411
W M0.8395,P3,0.96,subcell,0.3726865108251922,0.376688975044289,0.00400246421909678
W M0.8395,P3,0.99,percell,0.34381145009775804,0.9738007765786793,0.6299893264809212
W M0.8395,P3,0.99,subcell,0.34381145009775804,0.9738038424659612,0.6299923923682031
W M0.8395,S1,0.2,percell,0.676034162687673,0.6705342486594731,-0.005499914028199937
W M0.8395,S1,0.2,subcell,0.676034162687673,0.6713095780534136,-0.004724584634259399
W M0.8395,S1,0.44,percell,0.6255630828248574,0.6123522059682991,-0.013210876856558307
W M0.8395,S1,0.44,subcell,0.6255630828248574,0.6124185753650107,-0.013144507459846744
W M0.8395,S1,0.65,percell,0.5729860759389566,0.5759128677684422,0.002926791829485631
W M0.8395,S1,0.65,subcell,0.5729860759389566,0.5764758263960287,0.003489750457072116
W M0.8395,S1,0.8,percell,0.5201747196863,0.5071503772526418,-0.013024342433658243
W M0.8395,S1,0.8,subcell,0.5201747196863,0.5071521730401882,-0.013022546646111799
W M0.8395,S1,0.9,percell,0.4456864227601006,0.44511257595808695,-0.0005738468020136667
W M0.8395,S1,0.9,subcell,0.4456864227601006,0.4452946338818318,-0.00039178887826879505
W M0.8395,S1,0.96,percell,0.3726865108251922,0.9856717028026137,0.6129851919774215
W M0.8395,S1,0.96,subcell,0.3726865108251922,0.9858611372652106,0.6131746264400184
W M0.8395,S1,0.99,percell,0.34381145009775804,0.9785004028722927,0.6346889527745346
W M0.8395,S1,0.99,subcell,0.34381145009775804,0.9785275492289239,0.6347160991311659
W M0.8395,S2,0.2,percell,0.676034162687673,0.6705342486594731,-0.005499914028199937
W M0.8395,S2,0.2,subcell,0.676034162687673,0.6713299783481371,-0.0047041843395358995
W M0.8395,S2,0.44,percell,0.6255630828248574,0.6123522059682991,-0.013210876856558307
W M0.8395,S2,0.44,subcell,0.6255630828248574,0.6124214300821341,-0.013141652742723275
W M0.8395,S2,0.65,percell,0.5729860759389566,0.5759128677684422,0.002926791829485631
W M0.8395,S2,0.65,subcell,0.5729860759389566,0.5762329694808078,0.003246893541851259
W M0.8395,S2,0.8,percell,0.5201747196863,0.503287755180331,-0.01688696450596905
W M0.8395,S2,0.8,subcell,0.5201747196863,0.5066577997774531,-0.013516919908846958
W M0.8395,S2,0.9,percell,0.4456864227601006,0.447188836513951,0.0015024137538504068
W M0.8395,S2,0.9,subcell,0.4456864227601006,0.4472636148660525,0.0015771921059518634
W M0.8395,S2,0.96,percell,0.3726865108251922,0.9856717028026137,0.6129851919774215
W M0.8395,S2,0.96,subcell,0.3726865108251922,0.9857859587037657,0.6130994478785735
W M0.8395,S2,0.99,percell,0.34381145009775804,0.9785004028722927,0.6346889527745346
W M0.8395,S2,0.99,subcell,0.34381145009775804,0.978508678621437,0.6346972285236789
W M0.8395,S3,0.2,percell,0.676034162687673,0.6705342486594731,-0.005499914028199937
W M0.8395,S3,0.2,subcell,0.676034162687673,0.6711363207485933,-0.004897841939079717
W M0.8395,S3,0.44,percell,0.6255630828248574,0.6123522059682991,-0.013210876856558307
W M0.8395,S3,0.44,subcell,0.6255630828248574,0.6123933318046509,-0.013169751020206455
W M0.8395,S3,0.65,percell,0.5729860759389566,0.5588406787652771,-0.014145397173679464
W M0.8395,S3,0.65,subcell,0.5729860759389566,0.5596373521783023,-0.013348723760654213
W M0.8395,S3,0.8,percell,0.5201747196863,0.503287755180331,-0.01688696450596905
W M0.8395,S3,0.8,subcell,0.5201747196863,0.5070155973051325,-0.013159122381167565
W M0.8395,S3,0.9,percell,0.4456864227601006,0.447188836513951,0.0015024137538504068
W M0.8395,S3,0.9,subcell,0.4456864227601006,0.4471917529473915,0.0015053301872908764
W M0.8395,S3,0.96,percell,0.3726865108251922,0.368380241910572,-0.004306268914620215
W M0.8395,S3,0.96,subcell,0.3726865108251922,0.3685763637013984,-0.004110147123793817
W M0.8395,S3,0.99,percell,0.34381145009775804,0.9753346931603681,0.6315232430626101
W M0.8395,S3,0.99,subcell,0.34381145009775804,0.9753545570317439,0.6315431069339859
W M0.86,P0,0.2,percell,0.7363343522107196,0.7434305362080408,0.007096183997321148
W M0.86,P0,0.2,subcell,0.7363343522107196,0.7435067216421481,0.007172369431428516
W M0.86,P0,0.44,percell,0.6811539921683327,0.6766451347077229,-0.004508857460609805
W M0.86,P0,0.44,subcell,0.6811539921683327,0.6768331421115898,-0.004320850056742875
W M0.86,P0,0.65,percell,0.6333842953593987,0.637603299419519,0.004219004060120324
W M0.86,P0,0.65,subcell,0.6333842953593987,0.6376160616729565,0.0042317663135578165
W M0.86,P0,0.8,percell,0.5789670343823993,0.9841854235306934,0.4052183891482941
W M0.86,P0,0.8,subcell,0.5789670343823993,0.9853184936792004,0.40635145929680117
W M0.86,P0,0.9,percell,0.5227805688362556,0.5368279222329849,0.014047353396729356
W M0.86,P0,0.9,subcell,0.5227805688362556,0.5368873326300441,0.014106763793788502
W M0.86,P0,0.96,percell,0.4798209398581537,0.9921546889509332,0.5123337490927795
W M0.86,P0,0.96,subcell,0.4798209398581537,0.9921624528244715,0.5123415129663178
W M0.86,P0,0.99,percell,0.4460916367209732,0.98513756469765,0.5390459279766768
W M0.86,P0,0.99,subcell,0.4460916367209732,0.9852074795289254,0.5391158428079522
W M0.86,P1,0.2,percell,0.7363343522107196,0.7379938584886239,0.0016595062779042324
W M0.86,P1,0.2,subcell,0.7363343522107196,0.7380635801354178,0.0017292279246982067
W M0.86,P1,0.44,percell,0.6811539921683327,0.6766451347077229,-0.004508857460609805
W M0.86,P1,0.44,subcell,0.6811539921683327,0.6767987709983453,-0.004355221169987433
W M0.86,P1,0.65,percell,0.6333842953593987,0.637603299419519,0.004219004060120324
W M0.86,P1,0.65,subcell,0.6333842953593987,0.6376130778664396,0.004228782507040951
W M0.86,P1,0.8,percell,0.5789670343823993,0.5798270803275549,0.0008600459451556519
W M0.86,P1,0.8,subcell,0.5789670343823993,0.5800955846953179,0.0011285503129185859
W M0.86,P1,0.9,percell,0.5227805688362556,0.5154345982166968,-0.007345970619558773
W M0.86,P1,0.9,subcell,0.5227805688362556,0.5158301248066515,-0.006950444029604097
W M0.86,P1,0.96,percell,0.4798209398581537,0.9920031353257368,0.5121821954675831
W M0.86,P1,0.96,subcell,0.4798209398581537,0.9920248189678991,0.5122038791097454
W M0.86,P1,0.99,percell,0.4460916367209732,0.9816632691416428,0.5355716324206696
W M0.86,P1,0.99,subcell,0.4460916367209732,0.981666954065219,0.5355753173442458
W M0.86,P2,0.2,percell,0.7363343522107196,0.7248595611247314,-0.011474791085988256
W M0.86,P2,0.2,subcell,0.7363343522107196,0.7288201763494433,-0.00751417586127634
W M0.86,P2,0.44,percell,0.6811539921683327,0.6766451347077229,-0.004508857460609805
W M0.86,P2,0.44,subcell,0.6811539921683327,0.6767296539192166,-0.004424338249116144
W M0.86,P2,0.65,percell,0.6333842953593987,0.637603299419519,0.004219004060120324
W M0.86,P2,0.65,subcell,0.6333842953593987,0.6376038409552703,0.0042195455958716765
W M0.86,P2,0.8,percell,0.5789670343823993,0.5751020400613421,-0.003864994321057136
W M0.86,P2,0.8,subcell,0.5789670343823993,0.5751471494377618,-0.003819884944637475
W M0.86,P2,0.9,percell,0.5227805688362556,0.5249034476951203,0.002122878858864752
W M0.86,P2,0.9,subcell,0.5227805688362556,0.5250403010727008,0.0022597322364452666
W M0.86,P2,0.96,percell,0.4798209398581537,0.9856717028026137,0.50585076294446
W M0.86,P2,0.96,subcell,0.4798209398581537,0.985681619694761,0.5058606798366072
W M0.86,P2,0.99,percell,0.4460916367209732,0.9753346931603681,0.529243056439395
W M0.86,P2,0.99,subcell,0.4460916367209732,0.9753972344026305,0.5293055976816573
W M0.86,P3,0.2,percell,0.7363343522107196,0.7379938584886239,0.0016595062779042324
W M0.86,P3,0.2,subcell,0.7363343522107196,0.7380010683797474,0.0016667161690278043
W M0.86,P3,0.44,percell,0.6811539921683327,0.6766451347077229,-0.004508857460609805
W M0.86,P3,0.44,subcell,0.6811539921683327,0.6766993152624953,-0.004454676905837451
W M0.86,P3,0.65,percell,0.6333842953593987,0.637603299419519,0.004219004060120324
W M0.86,P3,0.65,subcell,0.6333842953593987,0.637608111601799,0.004223816242400313
W M0.86,P3,0.8,percell,0.5789670343823993,0.5798270803275549,0.0008600459451556519
W M0.86,P3,0.8,subcell,0.5789670343823993,0.579827492175537,0.0008604577931377033
W M0.86,P3,0.9,percell,0.5227805688362556,0.5154345982166968,-0.007345970619558773
W M0.86,P3,0.9,subcell,0.5227805688362556,0.5154500913737514,-0.007330477462504148
W M0.86,P3,0.96,percell,0.4798209398581537,0.9711054385393004,0.4912844986811467
W M0.86,P3,0.96,subcell,0.4798209398581537,0.9711743217358831,0.4913533818777294
W M0.86,P3,0.99,percell,0.4460916367209732,0.9753346931603681,0.529243056439395
W M0.86,P3,0.99,subcell,0.4460916367209732,0.9753367633289763,0.5292451266080032
W M0.86,S1,0.2,percell,0.7363343522107196,0.7379938584886239,0.0016595062779042324
W M0.86,S1,0.2,subcell,0.7363343522107196,0.7380847750075635,0.001750422796843898
W M0.86,S1,0.44,percell,0.6811539921683327,0.6766451347077229,-0.004508857460609805
W M0.86,S1,0.44,subcell,0.6811539921683327,0.6768171652950704,-0.004336826873262312
W M0.86,S1,0.65,percell,0.6333842953593987,0.637603299419519,0.004219004060120324
W M0.86,S1,0.65,subcell,0.6333842953593987,0.6376136200913,0.004229324731901296
W M0.86,S1,0.8,percell,0.5789670343823993,0.5798270803275549,0.0008600459451556519
W M0.86,S1,0.8,subcell,0.5789670343823993,0.5799995251981759,0.00103249081577661
W M0.86,S1,0.9,percell,0.5227805688362556,0.5368279222329849,0.014047353396729356
W M0.86,S1,0.9,subcell,0.5227805688362556,0.5368414704788995,0.014060901642643953
W M0.86,S1,0.96,percell,0.4798209398581537,0.9856717028026137,0.50585076294446
W M0.86,S1,0.96,subcell,0.4798209398581537,0.9858959583013422,0.5060750184431886
W M0.86,S1,0.99,percell,0.4460916367209732,0.9785004028722927,0.5324087661513195
W M0.86,S1,0.99,subcell,0.4460916367209732,0.978534601328298,0.5324429646073248
W M0.86,S2,0.2,percell,0.7363343522107196,0.7379938584886239,0.0016595062779042324
W M0.86,S2,0.2,subcell,0.7363343522107196,0.7380114121178023,0.0016770599070826675
W M0.86,S2,0.44,percell,0.6811539921683327,0.6766451347077229,-0.004508857460609805
W M0.86,S2,0.44,subcell,0.6811539921683327,0.6767583604100159,-0.004395631758316809
W M0.86,S2,0.65,percell,0.6333842953593987,0.637603299419519,0.004219004060120324
W M0.86,S2,0.65,subcell,0.6333842953593987,0.6376133767244441,0.004229081365045406
W M0.86,S2,0.8,percell,0.5789670343823993,0.5798270803275549,0.0008600459451556519
W M0.86,S2,0.8,subcell,0.5789670343823993,0.5798584426529744,0.0008914082705751003
W M0.86,S2,0.9,percell,0.5227805688362556,0.5043964945475033,-0.018384074288752217
W M0.86,S2,0.9,subcell,0.5227805688362556,0.5050024954026755,-0.017778073433580066
W M0.86,S2,0.96,percell,0.4798209398581537,0.9856717028026137,0.50585076294446
W M0.86,S2,0.96,subcell,0.4798209398581537,0.9858422106351434,0.5060212707769898
W M0.86,S2,0.99,percell,0.4460916367209732,0.9816632691416428,0.5355716324206696
W M0.86,S2,0.99,subcell,0.4460916367209732,0.9816638998146673,0.5355722630936941
W M0.86,S3,0.2,percell,0.7363343522107196,0.7379938584886239,0.0016595062779042324
W M0.86,S3,0.2,subcell,0.7363343522107196,0.7380108598368232,0.0016765076261036072
W M0.86,S3,0.44,percell,0.6811539921683327,0.6766451347077229,-0.004508857460609805
W M0.86,S3,0.44,subcell,0.6811539921683327,0.6767354678650348,-0.0044185243032979216
W M0.86,S3,0.65,percell,0.6333842953593987,0.637603299419519,0.004219004060120324
W M0.86,S3,0.65,subcell,0.6333842953593987,0.6376120959046759,0.0042278005452772716
W M0.86,S3,0.8,percell,0.5789670343823993,0.5798270803275549,0.0008600459451556519
W M0.86,S3,0.8,subcell,0.5789670343823993,0.5798294763397518,0.0008624419573525222
W M0.86,S3,0.9,percell,0.5227805688362556,0.5043964945475033,-0.018384074288752217
W M0.86,S3,0.9,subcell,0.5227805688362556,0.5049233697032249,-0.017857199133030632
W M0.86,S3,0.96,percell,0.4798209398581537,0.9856717028026137,0.50585076294446
W M0.86,S3,0.96,subcell,0.4798209398581537,0.9857105413073541,0.5058896014492005
W M0.86,S3,0.99,percell,0.4460916367209732,0.9753346931603681,0.529243056439395
W M0.86,S3,0.99,subcell,0.4460916367209732,0.9753881274868399,0.5292964907658667
W M0.88,P0,0.2,percell,0.800490567214696,0.7884646723843592,-0.01202589483033678
W M0.88,P0,0.2,subcell,0.800490567214696,0.7885633420936983,-0.011927225120997753
W M0.88,P0,0.44,percell,0.73916087274921,0.7368883428576719,-0.0022725298915381442
W M0.88,P0,0.44,subcell,0.73916087274921,0.7369269992335283,-0.002233873515681717
W M0.88,P0,0.65,percell,0.6814392435018977,0.680449389431921,-0.0009898540699766478
W M0.88,P0,0.65,subcell,0.6814392435018977,0.6810605293509656,-0.00037871415093204686
W M0.88,P0,0.8,percell,0.6371611084235318,0.9841854235306934,0.3470243151071616
W M0.88,P0,0.8,subcell,0.6371611084235318,0.9856861792447994,0.3485250708212676
W M0.88,P0,0.9,percell,0.5883277435233024,0.5905440080667369,0.0022162645434344874
W M0.88,P0,0.9,subcell,0.5883277435233024,0.5910689790021028,0.0027412354788003412
W M0.88,P0,0.96,percell,0.5341769957328869,0.9921680701166081,0.4579910743837212
W M0.88,P0,0.96,subcell,0.5341769957328869,0.9923334622184644,0.4581564664855775
W M0.88,P0,0.99,percell,0.5644383045933794,0.9867665143853118,0.4223282097919324
W M0.88,P0,0.99,subcell,0.5644383045933794,0.9867764034395542,0.4223380988461748
W M0.88,P1,0.2,percell,0.800490567214696,0.7884646723843592,-0.01202589483033678
W M0.88,P1,0.2,subcell,0.800490567214696,0.7885979811770242,-0.011892586037671848
W M0.88,P1,0.44,percell,0.73916087274921,0.7368883428576719,-0.0022725298915381442
W M0.88,P1,0.44,subcell,0.73916087274921,0.7369086113860156,-0.002252261363194452
W M0.88,P1,0.65,percell,0.6814392435018977,0.680449389431921,-0.0009898540699766478
W M0.88,P1,0.65,subcell,0.6814392435018977,0.6808988173315778,-0.0005404261703199076
W M0.88,P1,0.8,percell,0.6371611084235318,0.6363616595582855,-0.0007994488652462994
W M0.88,P1,0.8,subcell,0.6371611084235318,0.6396109896799514,0.0024498812564196504
W M0.88,P1,0.9,percell,0.5883277435233024,0.5905440080667369,0.0022162645434344874
W M0.88,P1,0.9,subcell,0.5883277435233024,0.5906558284445853,0.0023280849212828914
W M0.88,P1,0.96,percell,0.5341769957328869,0.9920031353257368,0.4578261395928499
W M0.88,P1,0.96,subcell,0.5341769957328869,0.9920383225534709,0.457861326820584
W M0.88,P1,0.99,percell,0.5644383045933794,0.98513756469765,0.4206992601042706
W M0.88,P1,0.99,subcell,0.5644383045933794,0.9851623235710943,0.42072401897771494
W M0.88,P2,0.2,percell,0.800490567214696,0.7884646723843592,-0.01202589483033678
W M0.88,P2,0.2,subcell,0.800490567214696,0.7884692910070735,-0.0120212762076225
W M0.88,P2,0.44,percell,0.73916087274921,0.728678492822232,-0.010482379926978092
W M0.88,P2,0.44,subcell,0.73916087274921,0.7286799438615859,-0.010480928887624197
W M0.88,P2,0.65,percell,0.6814392435018977,0.6789812951839803,-0.0024579483179173467
W M0.88,P2,0.65,subcell,0.6814392435018977,0.6789856645306225,-0.002453578971275183
W M0.88,P2,0.8,percell,0.6371611084235318,0.6161935371316576,-0.02096757129187421
W M0.88,P2,0.8,subcell,0.6371611084235318,0.6175598591994474,-0.01960124922408435
W M0.88,P2,0.9,percell,0.5883277435233024,0.5854732349088839,-0.002854508614418494
W M0.88,P2,0.9,subcell,0.5883277435233024,0.5865863100925197,-0.0017414334307827017
W M0.88,P2,0.96,percell,0.5341769957328869,0.9920031353257368,0.4578261395928499
W M0.88,P2,0.96,subcell,0.5341769957328869,0.9920171712747282,0.4578401755418413
W M0.88,P2,0.99,percell,0.5644383045933794,0.9816632691416428,0.4172249645482634
W M0.88,P2,0.99,subcell,0.5644383045933794,0.981668566335604,0.41723026174222455
W M0.88,P3,0.2,percell,0.800490567214696,0.7884646723843592,-0.01202589483033678
W M0.88,P3,0.2,subcell,0.800490567214696,0.788548034357134,-0.011942532857561972
W M0.88,P3,0.44,percell,0.73916087274921,0.7368883428576719,-0.0022725298915381442
W M0.88,P3,0.44,subcell,0.73916087274921,0.7368927023476237,-0.0022681704015863335
W M0.88,P3,0.65,percell,0.6814392435018977,0.680449389431921,-0.0009898540699766478
W M0.88,P3,0.65,subcell,0.6814392435018977,0.6811213973778137,-0.0003178461240839203
W M0.88,P3,0.8,percell,0.6371611084235318,0.6363616595582855,-0.0007994488652462994
W M0.88,P3,0.8,subcell,0.6371611084235318,0.6366659369931285,-0.0004951714304033406
W M0.88,P3,0.9,percell,0.5883277435233024,0.5905440080667369,0.0022162645434344874
W M0.88,P3,0.9,subcell,0.5883277435233024,0.590629994976869,0.0023022514535665506
W M0.88,P3,0.96,percell,0.5341769957328869,0.9856717028026137,0.45149470706972683
W M0.88,P3,0.96,subcell,0.5341769957328869,0.9857287555374531,0.4515517598045662
W M0.88,P3,0.99,percell,0.5644383045933794,0.9816632691416428,0.4172249645482634
W M0.88,P3,0.99,subcell,0.5644383045933794,0.9816633562306256,0.4172250516372462
W M0.88,S1,0.2,percell,0.800490567214696,0.7884646723843592,-0.01202589483033678
W M0.88,S1,0.2,subcell,0.800490567214696,0.7885809966215757,-0.011909570593120367
W M0.88,S1,0.44,percell,0.73916087274921,0.7368883428576719,-0.0022725298915381442
W M0.88,S1,0.44,subcell,0.73916087274921,0.7369066231158736,-0.002254249633336425
W M0.88,S1,0.65,percell,0.6814392435018977,0.680449389431921,-0.0009898540699766478
W M0.88,S1,0.65,subcell,0.6814392435018977,0.6806320972835916,-0.0008071462183060207
W M0.88,S1,0.8,percell,0.6371611084235318,0.6363616595582855,-0.0007994488652462994
W M0.88,S1,0.8,subcell,0.6371611084235318,0.6379594519275714,0.0007983435040396225
W M0.88,S1,0.9,percell,0.5883277435233024,0.5905440080667369,0.0022162645434344874
W M0.88,S1,0.9,subcell,0.5883277435233024,0.5908498966971025,0.0025221531738001124
W M0.88,S1,0.96,percell,0.5341769957328869,0.9856717028026137,0.45149470706972683
W M0.88,S1,0.96,subcell,0.5341769957328869,0.9859269103207596,0.4517499145878727
W M0.88,S1,0.99,percell,0.5644383045933794,0.98513756469765,0.4206992601042706
W M0.88,S1,0.99,subcell,0.5644383045933794,0.9852060197616901,0.4207677151683107
W M0.88,S2,0.2,percell,0.800490567214696,0.7884646723843592,-0.01202589483033678
W M0.88,S2,0.2,subcell,0.800490567214696,0.7885488882951177,-0.011941678919578314
W M0.88,S2,0.44,percell,0.73916087274921,0.7368883428576719,-0.0022725298915381442
W M0.88,S2,0.44,subcell,0.73916087274921,0.7369011962459147,-0.0022596765032953936
W M0.88,S2,0.65,percell,0.6814392435018977,0.680449389431921,-0.0009898540699766478
W M0.88,S2,0.65,subcell,0.6814392435018977,0.6804931354591973,-0.0009461080427003443
W M0.88,S2,0.8,percell,0.6371611084235318,0.6363616595582855,-0.0007994488652462994
W M0.88,S2,0.8,subcell,0.6371611084235318,0.6366874047248501,-0.0004737036986817156
W M0.88,S2,0.9,percell,0.5883277435233024,0.5854732349088839,-0.002854508614418494
W M0.88,S2,0.9,subcell,0.5883277435233024,0.5862404959237044,-0.0020872475995979967
W M0.88,S2,0.96,percell,0.5341769957328869,0.9920031353257368,0.4578261395928499
W M0.88,S2,0.96,subcell,0.5341769957328869,0.9920167887897844,0.4578397930568975
W M0.88,S2,0.99,percell,0.5644383045933794,0.9816632691416428,0.4172249645482634
W M0.88,S2,0.99,subcell,0.5644383045933794,0.9816684598076885,0.41723015521430906
W M0.88,S3,0.2,percell,0.800490567214696,0.7884646723843592,-0.01202589483033678
W M0.88,S3,0.2,subcell,0.800490567214696,0.7885600301674628,-0.011930537047233236
W M0.88,S3,0.44,percell,0.73916087274921,0.7368883428576719,-0.0022725298915381442
W M0.88,S3,0.44,subcell,0.73916087274921,0.7369051992070009,-0.0022556735422091245
W M0.88,S3,0.65,percell,0.6814392435018977,0.680449389431921,-0.0009898540699766478
W M0.88,S3,0.65,subcell,0.6814392435018977,0.6809641304051536,-0.0004751130967440842
W M0.88,S3,0.8,percell,0.6371611084235318,0.6161935371316576,-0.02096757129187421
W M0.88,S3,0.8,subcell,0.6371611084235318,0.6172306952565887,-0.019930413166943106
W M0.88,S3,0.9,percell,0.5883277435233024,0.573168221290378,-0.015159522232924383
W M0.88,S3,0.9,subcell,0.5883277435233024,0.5758427386312313,-0.012485004892071161
W M0.88,S3,0.96,percell,0.5341769957328869,0.9856717028026137,0.45149470706972683
W M0.88,S3,0.96,subcell,0.5341769957328869,0.9857816913893335,0.45160469565644656
W M0.88,S3,0.99,percell,0.5644383045933794,0.9816632691416428,0.4172249645482634
W M0.88,S3,0.99,subcell,0.5644383045933794,0.9816635245842329,0.4172252199908535
WB M0.78,P0,0.2,percell,0.12097270285811895,0.14544944044069355,0.024476737582574598
WB M0.78,P0,0.2,subcell,0.12097270285811895,0.14574139573806502,0.02476869287994607
WB M0.78,P0,0.44,percell,0.23717148865409338,0.2585821242642347,0.021410635610141338
WB M0.78,P0,0.44,subcell,0.23717148865409338,0.2586491558404837,0.021477667186390326
WB M0.78,P0,0.65,percell,0.3081265194373187,0.3276711854883779,0.0195446660510592
WB M0.78,P0,0.65,subcell,0.3081265194373187,0.32775469160436616,0.01962817216704743
WB M0.78,P0,0.8,percell,0.24154461456979026,0.28636593588201176,0.044821321312221496
WB M0.78,P0,0.8,subcell,0.24154461456979026,0.28640273504235814,0.044858120472567875
WB M0.78,P0,0.9,percell,0.23699665058059474,0.2557881964557122,0.01879154587511747
WB M0.78,P0,0.9,subcell,0.23699665058059474,0.2565273819581942,0.019530731377599447
WB M0.78,P0,0.96,percell,0.15979432300657653,0.9888423289444873,0.8290480059379108
WB M0.78,P0,0.96,subcell,0.15979432300657653,0.98951683540876,0.8297225124021834
WB M0.78,P0,0.99,percell,0.10698084774318004,0.9812463801052841,0.874265532362104
WB M0.78,P0,0.99,subcell,0.10698084774318004,0.9812485010850611,0.8742676533418811
WB M0.78,P1,0.2,percell,0.12097270285811895,0.14544944044069355,0.024476737582574598
WB M0.78,P1,0.2,subcell,0.12097270285811895,0.14567288659662547,0.02470018373850652
WB M0.78,P1,0.44,percell,0.23717148865409338,0.23584077405627057,-0.0013307145978228019
WB M0.78,P1,0.44,subcell,0.23717148865409338,0.2358549876311338,-0.0013165010229595764
WB M0.78,P1,0.65,percell,0.3081265194373187,0.31172117791918863,0.0035946584818699057
WB M0.78,P1,0.65,subcell,0.3081265194373187,0.3117467433621155,0.0036202239247967727
WB M0.78,P1,0.8,percell,0.24154461456979026,0.2731518303530907,0.031607215783300446
WB M0.78,P1,0.8,subcell,0.24154461456979026,0.2731635602489587,0.03161894567916845
WB M0.78,P1,0.9,percell,0.23699665058059474,0.24297926686262927,0.005982616282034531
WB M0.78,P1,0.9,subcell,0.23699665058059474,0.24302845552835375,0.006031804947759012
WB M0.78,P1,0.96,percell,0.15979432300657653,0.19384885639882687,0.03405453339225034
WB M0.78,P1,0.96,subcell,0.15979432300657653,0.19391033210949812,0.03411600910292159
WB M0.78,P1,0.99,percell,0.10698084774318004,0.977684719780806,0.8707038720376259
WB M0.78,P1,0.99,subcell,0.10698084774318004,0.9777428420866843,0.8707619943435042
WB M0.78,P2,0.2,percell,0.12097270285811895,0.15218681634101158,0.03121411348289263
WB M0.78,P2,0.2,subcell,0.12097270285811895,0.1522108422830408,0.031238139424921846
WB M0.78,P2,0.44,percell,0.23717148865409338,0.22401818665488715,-0.013153301999206224
WB M0.78,P2,0.44,subcell,0.23717148865409338,0.22402894460431777,-0.013142544049775606
WB M0.78,P2,0.65,percell,0.3081265194373187,0.31172117791918863,0.0035946584818699057
WB M0.78,P2,0.65,subcell,0.3081265194373187,0.3118130909818355,0.0036865715445167924
WB M0.78,P2,0.8,percell,0.24154461456979026,0.27854450194192404,0.03699988737213378
WB M0.78,P2,0.8,subcell,0.24154461456979026,0.27868469057895695,0.03714007600916669
WB M0.78,P2,0.9,percell,0.23699665058059474,0.24021838654698008,0.003221735966385336
WB M0.78,P2,0.9,subcell,0.23699665058059474,0.2402800617610507,0.0032834111804559696
WB M0.78,P2,0.96,percell,0.15979432300657653,0.19384885639882687,0.03405453339225034
WB M0.78,P2,0.96,subcell,0.15979432300657653,0.19394872788655734,0.03415440487998081
WB M0.78,P2,0.99,percell,0.10698084774318004,0.9726673441225836,0.8656864963794035
WB M0.78,P2,0.99,subcell,0.10698084774318004,0.9726705395367585,0.8656896917935785
WB M0.78,P3,0.44,percell,0.23717148865409338,0.22214393737556773,-0.015027551278525647
WB M0.78,P3,0.44,subcell,0.23717148865409338,0.22214676972235672,-0.015024718931736653
WB M0.78,P3,0.65,percell,0.3081265194373187,0.3042361519191273,-0.00389036751819144
WB M0.78,P3,0.65,subcell,0.3081265194373187,0.30454160026571564,-0.003584919171603085
WB M0.78,P3,0.8,percell,0.24154461456979026,0.27854450194192404,0.03699988737213378
WB M0.78,P3,0.8,subcell,0.24154461456979026,0.27860861339817916,0.0370639988283889
WB M0.78,P3,0.9,percell,0.23699665058059474,0.25383060137270635,0.016833950792111613
WB M0.78,P3,0.9,subcell,0.23699665058059474,0.2538443287618172,0.01684767818122243
WB M0.78,P3,0.96,percell,0.15979432300657653,0.1771865812470325,0.017392258240455954
WB M0.78,P3,0.96,subcell,0.15979432300657653,0.1810142451940317,0.021219922187455165
WB M0.78,P3,0.99,percell,0.10698084774318004,0.16010898915994573,0.053128141416765695
WB M0.78,P3,0.99,subcell,0.10698084774318004,0.16022749962086769,0.05324665187768765
WB M0.78,S1,0.2,percell,0.12097270285811895,0.13561031437965518,0.014637611521536226
WB M0.78,S1,0.2,subcell,0.12097270285811895,0.13794444284701066,0.016971739988891704
WB M0.78,S1,0.44,percell,0.23717148865409338,0.22214393737556773,-0.015027551278525647
WB M0.78,S1,0.44,subcell,0.23717148865409338,0.22215449270335313,-0.015016995950740242
WB M0.78,S1,0.65,percell,0.3081265194373187,0.3042361519191273,-0.00389036751819144
WB M0.78,S1,0.65,subcell,0.3081265194373187,0.3048384188524066,-0.0032881005849121347
WB M0.78,S1,0.8,percell,0.24154461456979026,0.27854450194192404,0.03699988737213378
WB M0.78,S1,0.8,subcell,0.24154461456979026,0.2786237952498516,0.03707918068006133
WB M0.78,S1,0.9,percell,0.23699665058059474,0.2557881964557122,0.01879154587511747
WB M0.78,S1,0.9,subcell,0.23699665058059474,0.25589632321250133,0.01889967263190659
WB M0.78,S1,0.96,percell,0.15979432300657653,0.19384885639882687,0.03405453339225034
WB M0.78,S1,0.96,subcell,0.15979432300657653,0.19398125348987147,0.034186930483294936
WB M0.78,S1,0.99,percell,0.10698084774318004,0.9812463801052841,0.874265532362104
WB M0.78,S1,0.99,subcell,0.10698084774318004,0.9812484210135326,0.8742675732703525
WB M0.78,S2,0.44,percell,0.23717148865409338,0.22214393737556773,-0.015027551278525647
WB M0.78,S2,0.44,subcell,0.23717148865409338,0.22214606851593893,-0.015025420138154444
WB M0.78,S2,0.65,percell,0.3081265194373187,0.3042361519191273,-0.00389036751819144
WB M0.78,S2,0.65,subcell,0.3081265194373187,0.30461619814039265,-0.0035103212969260777
WB M0.78,S2,0.8,percell,0.24154461456979026,0.27854450194192404,0.03699988737213378
WB M0.78,S2,0.8,subcell,0.24154461456979026,0.27863325835928393,0.03708864378949367
WB M0.78,S2,0.9,percell,0.23699665058059474,0.24021838654698008,0.003221735966385336
WB M0.78,S2,0.9,subcell,0.23699665058059474,0.24024546807691743,0.0032488174963226923
WB M0.78,S2,0.96,percell,0.15979432300657653,0.19384885639882687,0.03405453339225034
WB M0.78,S2,0.96,subcell,0.15979432300657653,0.1939581885060849,0.03416386549950837
WB M0.78,S2,0.99,percell,0.10698084774318004,0.16727412161795377,0.060293273874773734
WB M0.78,S2,0.99,subcell,0.10698084774318004,0.1672896890719708,0.060308841328790774
WB M0.78,S3,0.44,percell,0.23717148865409338,0.21169664984988287,-0.025474838804210503
WB M0.78,S3,0.44,subcell,0.23717148865409338,0.21192513017784223,-0.025246358476251146
WB M0.78,S3,0.65,percell,0.3081265194373187,0.3042361519191273,-0.00389036751819144
WB M0.78,S3,0.65,subcell,0.3081265194373187,0.3044171070778259,-0.0037094123594928474
WB M0.78,S3,0.8,percell,0.24154461456979026,0.27854450194192404,0.03699988737213378
WB M0.78,S3,0.8,subcell,0.24154461456979026,0.27858938323747723,0.03704476866768697
WB M0.78,S3,0.9,percell,0.23699665058059474,0.24021838654698008,0.003221735966385336
WB M0.78,S3,0.9,subcell,0.23699665058059474,0.24022630856046143,0.0032296579798666847
WB M0.78,S3,0.96,percell,0.15979432300657653,0.19384885639882687,0.03405453339225034
WB M0.78,S3,0.96,subcell,0.15979432300657653,0.19391906481605659,0.03412474180948005
WB M0.78,S3,0.99,percell,0.10698084774318004,0.16010898915994573,0.053128141416765695
WB M0.78,S3,0.99,subcell,0.10698084774318004,0.16035822672270858,0.053377378979528545
WB M0.82,P0,0.2,percell,0.5389738174319358,0.5628087318382389,0.02383491440630303
WB M0.82,P0,0.2,subcell,0.5389738174319358,0.5629099813061977,0.023936163874261895
WB M0.82,P0,0.44,percell,0.5335591730910253,0.5585159828013601,0.02495680971033476
WB M0.82,P0,0.44,subcell,0.5335591730910253,0.5585194421122968,0.024960269021271464
WB M0.82,P0,0.65,percell,0.4980023990529356,0.5263861506274333,0.02838375157449774
WB M0.82,P0,0.65,subcell,0.4980023990529356,0.5285502974000388,0.030547898347103197
WB M0.82,P0,0.8,percell,0.46359804875242494,0.4725165068554383,0.008918458103013338
WB M0.82,P0,0.8,subcell,0.46359804875242494,0.4728130204593426,0.009214971706917652
WB M0.82,P0,0.9,percell,0.3487547655495737,0.35514640085490173,0.006391635305328047
WB M0.82,P0,0.9,subcell,0.3487547655495737,0.35532956028959006,0.006574794740016376
WB M0.82,P0,0.96,percell,0.2592271998306016,0.9955844850238539,0.7363572851932523
WB M0.82,P0,0.96,subcell,0.2592271998306016,0.9980550151630008,0.7388278153323992
WB M0.82,P0,0.99,percell,0.1978947639832007,0.9836567223397592,0.7857619583565585
WB M0.82,P0,0.99,subcell,0.1978947639832007,0.9836593054754356,0.7857645414922348
WB M0.82,P1,0.2,percell,0.5389738174319358,0.5597411472934546,0.020767329861518746
WB M0.82,P1,0.2,subcell,0.5389738174319358,0.5605559489328462,0.021582131500910373
WB M0.82,P1,0.44,percell,0.5335591730910253,0.5459444635274975,0.012385290436472185
WB M0.82,P1,0.44,subcell,0.5335591730910253,0.5469740487867307,0.01341487569570543
WB M0.82,P1,0.65,percell,0.4980023990529356,0.5117012589384583,0.013698859885522718
WB M0.82,P1,0.65,subcell,0.4980023990529356,0.5119511930501511,0.013948793997215547
WB M0.82,P1,0.8,percell,0.46359804875242494,0.45979022071600034,-0.0038078280364245987
WB M0.82,P1,0.8,subcell,0.46359804875242494,0.4609747988210193,-0.0026232499314056135
WB M0.82,P1,0.9,percell,0.3487547655495737,0.35514640085490173,0.006391635305328047
WB M0.82,P1,0.9,subcell,0.3487547655495737,0.3551603009256679,0.006405535376094229
WB M0.82,P1,0.96,percell,0.2592271998306016,0.27532877108121034,0.016101571250608737
WB M0.82,P1,0.96,subcell,0.2592271998306016,0.2753706613900062,0.016143461559404604
WB M0.82,P1,0.99,percell,0.1978947639832007,0.9812463801052841,0.7833516161220834
WB M0.82,P1,0.99,subcell,0.1978947639832007,0.9812480554876022,0.7833532915044015
WB M0.82,P2,0.2,percell,0.5389738174319358,0.5451204518055484,0.006146634373612514
WB M0.82,P2,0.2,subcell,0.5389738174319358,0.5453867115350516,0.0064128941031157405
WB M0.82,P2,0.44,percell,0.5335591730910253,0.5402178898283126,0.006658716737287351
WB M0.82,P2,0.44,subcell,0.5335591730910253,0.5403471991135091,0.006788026022483851
WB M0.82,P2,0.65,percell,0.4980023990529356,0.49452512023369183,-0.0034772788192437565
WB M0.82,P2,0.65,subcell,0.4980023990529356,0.49498860978670195,-0.003013789266233635
WB M0.82,P2,0.8,percell,0.46359804875242494,0.45979022071600034,-0.0038078280364245987
WB M0.82,P2,0.8,subcell,0.46359804875242494,0.460466591022918,-0.003131457729506959
WB M0.82,P2,0.9,percell,0.3487547655495737,0.3414687127499036,-0.007286052799670095
WB M0.82,P2,0.9,subcell,0.3487547655495737,0.3436578462666943,-0.005096919282879364
WB M0.82,P2,0.96,percell,0.2592271998306016,0.27532877108121034,0.016101571250608737
WB M0.82,P2,0.96,subcell,0.2592271998306016,0.27569072265616157,0.016463522825559962
WB M0.82,P2,0.99,percell,0.1978947639832007,0.973124759021366,0.7752299950381653
WB M0.82,P2,0.99,subcell,0.1978947639832007,0.9731356571488069,0.7752408931656062
WB M0.82,P3,0.2,percell,0.5389738174319358,0.531577035651087,-0.0073967817808487935
WB M0.82,P3,0.2,subcell,0.5389738174319358,0.5332744447091265,-0.005699372722809293
WB M0.82,P3,0.44,percell,0.5335591730910253,0.5402178898283126,0.006658716737287351
WB M0.82,P3,0.44,subcell,0.5335591730910253,0.5402247038863197,0.0066655307952944165
WB M0.82,P3,0.65,percell,0.4980023990529356,0.5017575271292872,0.0037551280763516437
WB M0.82,P3,0.65,subcell,0.4980023990529356,0.5018447223718945,0.0038423233189588957
WB M0.82,P3,0.8,percell,0.46359804875242494,0.44318195867102855,-0.020416090081396387
WB M0.82,P3,0.8,subcell,0.46359804875242494,0.44325330966198684,-0.020344739090438102
WB M0.82,P3,0.9,percell,0.3487547655495737,0.3414687127499036,-0.007286052799670095
WB M0.82,P3,0.9,subcell,0.3487547655495737,0.34471264504931576,-0.004042120500257929
WB M0.82,P3,0.96,percell,0.2592271998306016,0.28722610715796826,0.02799890732736665
WB M0.82,P3,0.96,subcell,0.2592271998306016,0.2913580216477497,0.0321308218171481
WB M0.82,P3,0.99,percell,0.1978947639832007,0.25117171490070267,0.05327695091750198
WB M0.82,P3,0.99,subcell,0.1978947639832007,0.25123410851945266,0.05333934453625197
WB M0.82,S1,0.2,percell,0.5389738174319358,0.5597411472934546,0.020767329861518746
WB M0.82,S1,0.2,subcell,0.5389738174319358,0.560893650990606,0.02191983355867011
WB M0.82,S1,0.44,percell,0.5335591730910253,0.5459444635274975,0.012385290436472185
WB M0.82,S1,0.44,subcell,0.5335591730910253,0.5465262519551525,0.01296707886412718
WB M0.82,S1,0.65,percell,0.4980023990529356,0.5017575271292872,0.0037551280763516437
WB M0.82,S1,0.65,subcell,0.4980023990529356,0.5019608905890794,0.00395849153614386
WB M0.82,S1,0.8,percell,0.46359804875242494,0.4623894635352916,-0.001208585217133351
WB M0.82,S1,0.8,subcell,0.46359804875242494,0.46240604329151136,-0.001192005460913581
WB M0.82,S1,0.9,percell,0.3487547655495737,0.35514640085490173,0.006391635305328047
WB M0.82,S1,0.9,subcell,0.3487547655495737,0.3552428816072869,0.006488116057713211
WB M0.82,S1,0.96,percell,0.2592271998306016,0.28722610715796826,0.02799890732736665
WB M0.82,S1,0.96,subcell,0.2592271998306016,0.28797534488545495,0.028748145054853347
WB M0.82,S1,0.99,percell,0.1978947639832007,0.9812463801052841,0.7833516161220834
WB M0.82,S1,0.99,subcell,0.1978947639832007,0.9812498364005471,0.7833550724173464
WB M0.82,S2,0.2,percell,0.5389738174319358,0.5597411472934546,0.020767329861518746
WB M0.82,S2,0.2,subcell,0.5389738174319358,0.5599148379172852,0.020941020485349404
WB M0.82,S2,0.44,percell,0.5335591730910253,0.5402178898283126,0.006658716737287351
WB M0.82,S2,0.44,subcell,0.5335591730910253,0.5403478486610415,0.006788675570016167
WB M0.82,S2,0.65,percell,0.4980023990529356,0.5017575271292872,0.0037551280763516437
WB M0.82,S2,0.65,subcell,0.4980023990529356,0.5017680270864605,0.003765628033524926
WB M0.82,S2,0.8,percell,0.46359804875242494,0.45979022071600034,-0.0038078280364245987
WB M0.82,S2,0.8,subcell,0.46359804875242494,0.4604807805177689,-0.003117268234656023
WB M0.82,S2,0.9,percell,0.3487547655495737,0.3414687127499036,-0.007286052799670095
WB M0.82,S2,0.9,subcell,0.3487547655495737,0.3453055741990118,-0.0034491913505618754
WB M0.82,S2,0.96,percell,0.2592271998306016,0.27532877108121034,0.016101571250608737
WB M0.82,S2,0.96,subcell,0.2592271998306016,0.2754325778668265,0.016205378036224904
WB M0.82,S2,0.99,percell,0.1978947639832007,0.9812463801052841,0.7833516161220834
WB M0.82,S2,0.99,subcell,0.1978947639832007,0.9812479114259078,0.7833531474427071
WB M0.82,S3,0.2,percell,0.5389738174319358,0.5451204518055484,0.006146634373612514
WB M0.82,S3,0.2,subcell,0.5389738174319358,0.5451204682986838,0.006146650866747927
WB M0.82,S3,0.44,percell,0.5335591730910253,0.5402178898283126,0.006658716737287351
WB M0.82,S3,0.44,subcell,0.5335591730910253,0.54028723298685,0.006728059895824701
WB M0.82,S3,0.65,percell,0.4980023990529356,0.49452512023369183,-0.0034772788192437565
WB M0.82,S3,0.65,subcell,0.4980023990529356,0.4949003448138494,-0.0031020542390861605
WB M0.82,S3,0.8,percell,0.46359804875242494,0.45979022071600034,-0.0038078280364245987
WB M0.82,S3,0.8,subcell,0.46359804875242494,0.4600734995441659,-0.0035245492082590646
WB M0.82,S3,0.9,percell,0.3487547655495737,0.3414687127499036,-0.007286052799670095
WB M0.82,S3,0.9,subcell,0.3487547655495737,0.34429179758811657,-0.0044629679614571205
WB M0.82,S3,0.96,percell,0.2592271998306016,0.27532877108121034,0.016101571250608737
WB M0.82,S3,0.96,subcell,0.2592271998306016,0.2755103114491644,0.016283111618562773
WB M0.82,S3,0.99,percell,0.1978947639832007,0.977684719780806,0.7797899557976052
WB M0.82,S3,0.99,subcell,0.1978947639832007,0.9777502666523348,0.7798555026691341
WB M0.86,P0,0.2,percell,0.7394384421993287,0.7347950166163132,-0.004643425583015559
WB M0.86,P0,0.2,subcell,0.7394384421993287,0.7360536735568733,-0.0033847686424554047
WB M0.86,P0,0.44,percell,0.6792921337993386,0.6748108031169427,-0.004481330682395868
WB M0.86,P0,0.44,subcell,0.6792921337993386,0.6763569272540768,-0.0029352065452618037
WB M0.86,P0,0.65,percell,0.6325176222135303,0.6310894004475307,-0.0014282217659995489
WB M0.86,P0,0.65,subcell,0.6325176222135303,0.6319152621884191,-0.0006023600251111594
WB M0.86,P0,0.8,percell,0.5727624563620767,0.5731024054777184,0.0003399491156417245
WB M0.86,P0,0.8,subcell,0.5727624563620767,0.5739265141883262,0.0011640578262495094
WB M0.86,P0,0.9,percell,0.5224959201917083,0.49632512906898485,-0.02617079112272347
WB M0.86,P0,0.9,subcell,0.5224959201917083,0.49642271084086953,-0.02607320935083879
WB M0.86,P0,0.96,percell,0.4368069112031842,0.9988092571372407,0.5620023459340564
WB M0.86,P0,0.96,subcell,0.4368069112031842,0.9988888326083517,0.5620819214051676
WB M0.86,P0,0.99,percell,0.4469195972970975,0.9870995773858117,0.5401799800887142
WB M0.86,P0,0.99,subcell,0.4469195972970975,0.9871440292406194,0.5402244319435219
WB M0.86,P1,0.2,percell,0.7394384421993287,0.7290824691384524,-0.010355973060876322
WB M0.86,P1,0.2,subcell,0.7394384421993287,0.7305661044420153,-0.008872337757313442
WB M0.86,P1,0.44,percell,0.6792921337993386,0.6777403348681909,-0.0015517989311477631
WB M0.86,P1,0.44,subcell,0.6792921337993386,0.6780034629919945,-0.0012886708073440722
WB M0.86,P1,0.65,percell,0.6325176222135303,0.6310894004475307,-0.0014282217659995489
WB M0.86,P1,0.65,subcell,0.6325176222135303,0.6325077606090332,-9.861604497007903e-06
WB M0.86,P1,0.8,percell,0.5727624563620767,0.5677256124105129,-0.005036843951563785
WB M0.86,P1,0.8,subcell,0.5727624563620767,0.5678663971648381,-0.004896059197238567
WB M0.86,P1,0.9,percell,0.5224959201917083,0.49331122985745196,-0.029184690334256358
WB M0.86,P1,0.9,subcell,0.5224959201917083,0.49535281629015177,-0.027143103901556553
WB M0.86,P1,0.96,percell,0.4368069112031842,0.4732326850887026,0.036425773885518375
WB M0.86,P1,0.96,subcell,0.4368069112031842,0.47329188843811415,0.03648497723492994
WB M0.86,P1,0.99,percell,0.4469195972970975,0.9812500423284309,0.5343304450313334
WB M0.86,P1,0.99,subcell,0.4469195972970975,0.9812724309835812,0.5343528336864837
WB M0.86,P2,0.2,percell,0.7394384421993287,0.7274234350563028,-0.012015007143025946
WB M0.86,P2,0.2,subcell,0.7394384421993287,0.7274295460423019,-0.012008896157026827
WB M0.86,P2,0.44,percell,0.6792921337993386,0.6777403348681909,-0.0015517989311477631
WB M0.86,P2,0.44,subcell,0.6792921337993386,0.6780984071727229,-0.0011937266266157653
WB M0.86,P2,0.65,percell,0.6325176222135303,0.6310894004475307,-0.0014282217659995489
WB M0.86,P2,0.65,subcell,0.6325176222135303,0.6319832039249325,-0.0005344182885977933
WB M0.86,P2,0.8,percell,0.5727624563620767,0.5677256124105129,-0.005036843951563785
WB M0.86,P2,0.8,subcell,0.5727624563620767,0.5679024634379128,-0.004859992924163836
WB M0.86,P2,0.9,percell,0.5224959201917083,0.49632512906898485,-0.02617079112272347
WB M0.86,P2,0.9,subcell,0.5224959201917083,0.49635158348191066,-0.026144336709797655
WB M0.86,P2,0.96,percell,0.4368069112031842,0.4732326850887026,0.036425773885518375
WB M0.86,P2,0.96,subcell,0.4368069112031842,0.4732585505775906,0.036451639374406375
WB M0.86,P2,0.99,percell,0.4469195972970975,0.9856642771428016,0.5387446798457041
WB M0.86,P2,0.99,subcell,0.4469195972970975,0.9856944644192973,0.5387748671221998
WB M0.86,P3,0.2,percell,0.7394384421993287,0.7194557331157457,-0.019982709083583017
WB M0.86,P3,0.2,subcell,0.7394384421993287,0.7194558031366779,-0.019982639062650853
WB M0.86,P3,0.44,percell,0.6792921337993386,0.6777403348681909,-0.0015517989311477631
WB M0.86,P3,0.44,subcell,0.6792921337993386,0.6780446117484542,-0.0012475220508844087
WB M0.86,P3,0.65,percell,0.6325176222135303,0.6310894004475307,-0.0014282217659995489
WB M0.86,P3,0.65,subcell,0.6325176222135303,0.631653355940477,-0.0008642662730532491
WB M0.86,P3,0.8,percell,0.5727624563620767,0.5677256124105129,-0.005036843951563785
WB M0.86,P3,0.8,subcell,0.5727624563620767,0.5679308738136788,-0.004831582548397884
WB M0.86,P3,0.9,percell,0.5224959201917083,0.49331122985745196,-0.029184690334256358
WB M0.86,P3,0.9,subcell,0.5224959201917083,0.4955087527851262,-0.026987167406582135
WB M0.86,P3,0.96,percell,0.4368069112031842,0.4732326850887026,0.036425773885518375
WB M0.86,P3,0.96,subcell,0.4368069112031842,0.4732705383964577,0.03646362719327351
WB M0.86,P3,0.99,percell,0.4469195972970975,0.979609834873758,0.5326902375766605
WB M0.86,P3,0.99,subcell,0.4469195972970975,0.9796210844605417,0.5327014871634442
WB M0.86,S1,0.2,percell,0.7394384421993287,0.7290824691384524,-0.010355973060876322
WB M0.86,S1,0.2,subcell,0.7394384421993287,0.7306153988318989,-0.008823043367429895
WB M0.86,S1,0.44,percell,0.6792921337993386,0.6684582277287107,-0.010833906070627952
WB M0.86,S1,0.44,subcell,0.6792921337993386,0.6687048181361592,-0.010587315663179386
WB M0.86,S1,0.65,percell,0.6325176222135303,0.6310894004475307,-0.0014282217659995489
WB M0.86,S1,0.65,subcell,0.6325176222135303,0.6326269598092241,0.00010933759569387025
WB M0.86,S1,0.8,percell,0.5727624563620767,0.5731024054777184,0.0003399491156417245
WB M0.86,S1,0.8,subcell,0.5727624563620767,0.5731825751529609,0.00042011879088421633
WB M0.86,S1,0.9,percell,0.5224959201917083,0.49632512906898485,-0.02617079112272347
WB M0.86,S1,0.9,subcell,0.5224959201917083,0.496363467779858,-0.026132452411850304
WB M0.86,S1,0.96,percell,0.4368069112031842,0.9988092571372407,0.5620023459340564
WB M0.86,S1,0.96,subcell,0.4368069112031842,0.9988740288338971,0.5620671176307128
WB M0.86,S1,0.99,percell,0.4469195972970975,0.9870995773858117,0.5401799800887142
WB M0.86,S1,0.99,subcell,0.4469195972970975,0.9871302607139268,0.5402106634168293
WB M0.86,S2,0.2,percell,0.7394384421993287,0.7274234350563028,-0.012015007143025946
WB M0.86,S2,0.2,subcell,0.7394384421993287,0.7274566303490283,-0.01198181185030045
WB M0.86,S2,0.44,percell,0.6792921337993386,0.6777403348681909,-0.0015517989311477631
WB M0.86,S2,0.44,subcell,0.6792921337993386,0.6778647494504331,-0.001427384348905547
WB M0.86,S2,0.65,percell,0.6325176222135303,0.6310894004475307,-0.0014282217659995489
WB M0.86,S2,0.65,subcell,0.6325176222135303,0.6323431007571464,-0.0001745214563838582
WB M0.86,S2,0.8,percell,0.5727624563620767,0.5677256124105129,-0.005036843951563785
WB M0.86,S2,0.8,subcell,0.5727624563620767,0.5679813663543066,-0.00478109000777005
WB M0.86,S2,0.9,percell,0.5224959201917083,0.49632512906898485,-0.02617079112272347
WB M0.86,S2,0.9,subcell,0.5224959201917083,0.49633693681456503,-0.026158983377143286
WB M0.86,S2,0.96,percell,0.4368069112031842,0.4732326850887026,0.036425773885518375
WB M0.86,S2,0.96,subcell,0.4368069112031842,0.4732646163279234,0.03645770512473917
WB M0.86,S2,0.99,percell,0.4469195972970975,0.9888425669619278,0.5419229696648303
WB M0.86,S2,0.99,subcell,0.4469195972970975,0.988906243670902,0.5419866463738044
WB M0.86,S3,0.2,percell,0.7394384421993287,0.7274234350563028,-0.012015007143025946
WB M0.86,S3,0.2,subcell,0.7394384421993287,0.7274258255416021,-0.012012616657726682
WB M0.86,S3,0.44,percell,0.6792921337993386,0.6777403348681909,-0.0015517989311477631
WB M0.86,S3,0.44,subcell,0.6792921337993386,0.6779622239094386,-0.001329909889900005
WB M0.86,S3,0.65,percell,0.6325176222135303,0.6310894004475307,-0.0014282217659995489
WB M0.86,S3,0.65,subcell,0.6325176222135303,0.6318715263287761,-0.000646095884754172
WB M0.86,S3,0.8,percell,0.5727624563620767,0.5731024054777184,0.0003399491156417245
WB M0.86,S3,0.8,subcell,0.5727624563620767,0.573127709852608,0.0003652534905312921
WB M0.86,S3,0.9,percell,0.5224959201917083,0.49331122985745196,-0.029184690334256358
WB M0.86,S3,0.9,subcell,0.5224959201917083,0.4955050384540681,-0.026990881737640193
WB M0.86,S3,0.96,percell,0.4368069112031842,0.4732326850887026,0.036425773885518375
WB M0.86,S3,0.96,subcell,0.4368069112031842,0.47324737300069547,0.03644046179751126
WB M0.86,S3,0.99,percell,0.4469195972970975,0.9812463801052841,0.5343267828081866
WB M0.86,S3,0.99,subcell,0.4469195972970975,0.9812481787933245,0.534328581496227
WB M0.88,P0,0.2,percell,0.7915133919991485,0.7877396190340124,-0.0037737729651361462
WB M0.88,P0,0.2,subcell,0.7915133919991485,0.7877739052734902,-0.00373948672565827
WB M0.88,P0,0.44,percell,0.7288737377456687,0.7384673173155675,0.009593579569898814
WB M0.88,P0,0.44,subcell,0.7288737377456687,0.738481668104062,0.009607930358393357
WB M0.88,P0,0.65,percell,0.6766211207390799,0.6713519338004706,-0.005269186938609227
WB M0.88,P0,0.65,subcell,0.6766211207390799,0.6713642766103145,-0.00525684412876537
WB M0.88,P0,0.8,percell,0.6288567674904022,0.6306134632684176,0.0017566957780154047
WB M0.88,P0,0.8,subcell,0.6288567674904022,0.6306334926132077,0.001776725122805467
WB M0.88,P0,0.9,percell,0.5747371976026177,0.5745034042127092,-0.00023379338990847653
WB M0.88,P0,0.9,subcell,0.5747371976026177,0.5752665783929243,0.0005293807903066217
WB M0.88,P0,0.96,percell,0.5518210957869999,0.9988092571372407,0.4469881613502408
WB M0.88,P0,0.96,subcell,0.5518210957869999,0.9989372859010673,0.44711619011406745
WB M0.88,P0,0.99,percell,0.5607478685660094,0.9911085833775706,0.43036071481156113
WB M0.88,P0,0.99,subcell,0.5607478685660094,0.9911398900361449,0.43039202147013544
WB M0.88,P1,0.2,percell,0.7915133919991485,0.7877396190340124,-0.0037737729651361462
WB M0.88,P1,0.2,subcell,0.7915133919991485,0.7878146492478014,-0.0036987427513470728
WB M0.88,P1,0.44,percell,0.7288737377456687,0.72716112575173,-0.0017126119939386841
WB M0.88,P1,0.44,subcell,0.7288737377456687,0.7271775376456341,-0.0016962001000345728
WB M0.88,P1,0.65,percell,0.6766211207390799,0.6713519338004706,-0.005269186938609227
WB M0.88,P1,0.65,subcell,0.6766211207390799,0.6713666772650797,-0.00525444347400017
WB M0.88,P1,0.8,percell,0.6288567674904022,0.6306134632684176,0.0017566957780154047
WB M0.88,P1,0.8,subcell,0.6288567674904022,0.6307192475839295,0.0018624800935272967
WB M0.88,P1,0.9,percell,0.5747371976026177,0.5822946140558939,0.007557416453276233
WB M0.88,P1,0.9,subcell,0.5747371976026177,0.5823283632958404,0.007591165693222712
WB M0.88,P1,0.96,percell,0.5518210957869999,0.5512268469467183,-0.000594248840281586
WB M0.88,P1,0.96,subcell,0.5518210957869999,0.5512939003977848,-0.0005271953892150849
WB M0.88,P1,0.99,percell,0.5607478685660094,0.9888425669619278,0.4280946983959184
WB M0.88,P1,0.99,subcell,0.5607478685660094,0.9888951430753875,0.42814727450937806
WB M0.88,P2,0.2,percell,0.7915133919991485,0.7928681269628359,0.0013547349636874317
WB M0.88,P2,0.2,subcell,0.7915133919991485,0.7939013028545476,0.0023879108553991335
WB M0.88,P2,0.44,percell,0.7288737377456687,0.72716112575173,-0.0017126119939386841
WB M0.88,P2,0.44,subcell,0.7288737377456687,0.727207624526697,-0.0016661132189716987
WB M0.88,P2,0.65,percell,0.6766211207390799,0.6734309608697115,-0.0031901598693683253
WB M0.88,P2,0.65,subcell,0.6766211207390799,0.6734483773487603,-0.003172743390319588
WB M0.88,P2,0.8,percell,0.6288567674904022,0.6156084051703626,-0.013248362320039564
WB M0.88,P2,0.8,subcell,0.6288567674904022,0.6163003198946664,-0.01255644759573582
WB M0.88,P2,0.9,percell,0.5747371976026177,0.5745034042127092,-0.00023379338990847653
WB M0.88,P2,0.9,subcell,0.5747371976026177,0.5806009039241,0.005863706321482365
WB M0.88,P2,0.96,percell,0.5518210957869999,0.5467071407693307,-0.005113955017669203
WB M0.88,P2,0.96,subcell,0.5518210957869999,0.5468601244184194,-0.004960971368580536
WB M0.88,P2,0.99,percell,0.5607478685660094,0.9915910193020939,0.4308431507360845
WB M0.88,P2,0.99,subcell,0.5607478685660094,0.9916042218097119,0.4308563532437024
WB M0.88,P3,0.2,percell,0.7915133919991485,0.7851518455105314,-0.006361546488617087
WB M0.88,P3,0.2,subcell,0.7915133919991485,0.7853482717730275,-0.006165120226121035
WB M0.88,P3,0.44,percell,0.7288737377456687,0.72716112575173,-0.0017126119939386841
WB M0.88,P3,0.44,subcell,0.7288737377456687,0.727177638048301,-0.0016960996973676146
WB M0.88,P3,0.65,percell,0.6766211207390799,0.6801818784091338,0.0035607576700539267
WB M0.88,P3,0.65,subcell,0.6766211207390799,0.680220716212478,0.003599595473398165
WB M0.88,P3,0.8,percell,0.6288567674904022,0.6156084051703626,-0.013248362320039564
WB M0.88,P3,0.8,subcell,0.6288567674904022,0.6158613103705041,-0.012995457119898135
WB M0.88,P3,0.9,percell,0.5747371976026177,0.5745034042127092,-0.00023379338990847653
WB M0.88,P3,0.9,subcell,0.5747371976026177,0.5756856129901929,0.0009484153875752854
WB M0.88,P3,0.96,percell,0.5518210957869999,0.5365409922127796,-0.015280103574220272
WB M0.88,P3,0.96,subcell,0.5518210957869999,0.5390222550560592,-0.01279884073094073
WB M0.88,P3,0.99,percell,0.5607478685660094,0.9854375116138793,0.4246896430478698
WB M0.88,P3,0.99,subcell,0.5607478685660094,0.9854397087682175,0.42469184020220807
WB M0.88,S1,0.2,percell,0.7915133919991485,0.7877396190340124,-0.0037737729651361462
WB M0.88,S1,0.2,subcell,0.7915133919991485,0.7877870906794572,-0.0037263013196913164
WB M0.88,S1,0.44,percell,0.7288737377456687,0.72716112575173,-0.0017126119939386841
WB M0.88,S1,0.44,subcell,0.7288737377456687,0.7271767456096769,-0.0016969921359917262
WB M0.88,S1,0.65,percell,0.6766211207390799,0.6713519338004706,-0.005269186938609227
WB M0.88,S1,0.65,subcell,0.6766211207390799,0.6713678015872665,-0.005253319151813374
WB M0.88,S1,0.8,percell,0.6288567674904022,0.6306134632684176,0.0017566957780154047
WB M0.88,S1,0.8,subcell,0.6288567674904022,0.630683099425044,0.0018263319346417672
WB M0.88,S1,0.9,percell,0.5747371976026177,0.5745034042127092,-0.00023379338990847653
WB M0.88,S1,0.9,subcell,0.5747371976026177,0.5781390204865474,0.0034018228839297615
WB M0.88,S1,0.96,percell,0.5518210957869999,0.9988092571372407,0.4469881613502408
WB M0.88,S1,0.96,subcell,0.5518210957869999,0.9989480777629279,0.44712698197592804
WB M0.88,S1,0.99,percell,0.5607478685660094,0.9911085833775706,0.43036071481156113
WB M0.88,S1,0.99,subcell,0.5607478685660094,0.9911217068363601,0.4303738382703507
WB M0.88,S2,0.2,percell,0.7915133919991485,0.7877396190340124,-0.0037737729651361462
WB M0.88,S2,0.2,subcell,0.7915133919991485,0.7877990335980137,-0.0037143584011347652
WB M0.88,S2,0.44,percell,0.7288737377456687,0.72716112575173,-0.0017126119939386841
WB M0.88,S2,0.44,subcell,0.7288737377456687,0.7271859422891991,-0.0016877954564695763
WB M0.88,S2,0.65,percell,0.6766211207390799,0.6798997092294007,0.0032785884903208107
WB M0.88,S2,0.65,subcell,0.6766211207390799,0.6799155629542674,0.0032944422151874875
WB M0.88,S2,0.8,percell,0.6288567674904022,0.6156084051703626,-0.013248362320039564
WB M0.88,S2,0.8,subcell,0.6288567674904022,0.6162162848334171,-0.012640482656985141
WB M0.88,S2,0.9,percell,0.5747371976026177,0.5745034042127092,-0.00023379338990847653
WB M0.88,S2,0.9,subcell,0.5747371976026177,0.5774563577834343,0.0027191601808166377
WB M0.88,S2,0.96,percell,0.5518210957869999,0.5467071407693307,-0.005113955017669203
WB M0.88,S2,0.96,subcell,0.5518210957869999,0.5470579119184303,-0.004763183868569554
WB M0.88,S2,0.99,percell,0.5607478685660094,0.9888425669619278,0.4280946983959184
WB M0.88,S2,0.99,subcell,0.5607478685660094,0.9889736739745751,0.4282258054085657
WB M0.88,S3,0.2,percell,0.7915133919991485,0.7877396190340124,-0.0037737729651361462
WB M0.88,S3,0.2,subcell,0.7915133919991485,0.7877787820813701,-0.0037346099177784087
WB M0.88,S3,0.44,percell,0.7288737377456687,0.72716112575173,-0.0017126119939386841
WB M0.88,S3,0.44,subcell,0.7288737377456687,0.7271729519249372,-0.0017007858207314097
WB M0.88,S3,0.65,percell,0.6766211207390799,0.6798997092294007,0.0032785884903208107
WB M0.88,S3,0.65,subcell,0.6766211207390799,0.6799461713248693,0.0033250505857894685
WB M0.88,S3,0.8,percell,0.6288567674904022,0.6156084051703626,-0.013248362320039564
WB M0.88,S3,0.8,subcell,0.6288567674904022,0.6158968187782143,-0.012959948712187863
WB M0.88,S3,0.9,percell,0.5747371976026177,0.5616382941762008,-0.013098903426416841
WB M0.88,S3,0.9,subcell,0.5747371976026177,0.5616835317103039,-0.013053665892313715
WB M0.88,S3,0.96,percell,0.5518210957869999,0.5365409922127796,-0.015280103574220272
WB M0.88,S3,0.96,subcell,0.5518210957869999,0.5381627599534957,-0.013658335833504176
WB M0.88,S3,0.99,percell,0.5607478685660094,0.9888425669619278,0.4280946983959184
WB M0.88,S3,0.99,subcell,0.5607478685660094,0.988886468531552,0.4281385999655426
WB xcoarse,P0,0.2,percell,0.8008685417179153,0.7903757997127105,-0.01049274200520478
WB xcoarse,P0,0.2,subcell,0.8008685417179153,0.7905729227293092,-0.010295618988606092
WB xcoarse,P0,0.44,percell,0.737910679846184,0.7106782049772911,-0.02723247486889291
WB xcoarse,P0,0.44,subcell,0.737910679846184,0.7119319146761112,-0.025978765170072804
WB xcoarse,P0,0.65,percell,0.6881505094745185,0.6689681468563924,-0.019182362618126114
WB xcoarse,P0,0.65,subcell,0.6881505094745185,0.6691568678332293,-0.01899364164128925
WB xcoarse,P0,0.8,percell,0.6372726611770517,0.6248028277140217,-0.012469833463029989
WB xcoarse,P0,0.8,subcell,0.6372726611770517,0.6256433421040067,-0.011629319073044986
WB xcoarse,P0,0.9,percell,0.5901731350090347,0.5959825627011562,0.00580942769212156
WB xcoarse,P0,0.9,subcell,0.5901731350090347,0.5970949456987232,0.006921810689688557
WB xcoarse,P0,0.96,percell,0.5157386209821673,0.996113019716915,0.48037439873474774
WB xcoarse,P0,0.96,subcell,0.5157386209821673,0.9962303391804571,0.48049171819828984
WB xcoarse,P0,0.99,percell,0.5345971440019411,0.9706094845020539,0.4360123405001127
WB xcoarse,P0,0.99,subcell,0.5345971440019411,0.9706196134312,0.4360224694292588
WB xcoarse,P1,0.2,percell,0.8008685417179153,0.7777435231915271,-0.023125018526388263
WB xcoarse,P1,0.2,subcell,0.8008685417179153,0.7778817976560484,-0.02298674406186696
WB xcoarse,P1,0.44,percell,0.737910679846184,0.7364953289034002,-0.0014153509427837774
WB xcoarse,P1,0.44,subcell,0.737910679846184,0.7365775164011179,-0.0013331634450660657
WB xcoarse,P1,0.65,percell,0.6881505094745185,0.6689681468563924,-0.019182362618126114
WB xcoarse,P1,0.65,subcell,0.6881505094745185,0.6691312606695525,-0.01901924880496597
WB xcoarse,P1,0.8,percell,0.6372726611770517,0.6248028277140217,-0.012469833463029989
WB xcoarse,P1,0.8,subcell,0.6372726611770517,0.6249576905292543,-0.012314970647797407
WB xcoarse,P1,0.9,percell,0.5901731350090347,0.5781468284474695,-0.012026306561565225
WB xcoarse,P1,0.9,subcell,0.5901731350090347,0.5785138989418216,-0.011659236067213086
WB xcoarse,P1,0.96,percell,0.5157386209821673,0.9784667895234401,0.46272816854127286
WB xcoarse,P1,0.96,subcell,0.5157386209821673,0.9788591885355395,0.4631205675533723
WB xcoarse,P1,0.99,percell,0.5345971440019411,0.9618537664094173,0.4272566224074762
WB xcoarse,P1,0.99,subcell,0.5345971440019411,0.9620625043425586,0.42746536034061744
WB xcoarse,P2,0.2,percell,0.8008685417179153,0.7777435231915271,-0.023125018526388263
WB xcoarse,P2,0.2,subcell,0.8008685417179153,0.7778538378114725,-0.02301470390644278
WB xcoarse,P2,0.44,percell,0.737910679846184,0.7364953289034002,-0.0014153509427837774
WB xcoarse,P2,0.44,subcell,0.737910679846184,0.7367051643321203,-0.0012055155140636709
WB xcoarse,P2,0.65,percell,0.6881505094745185,0.6589359411058893,-0.029214568368629235
WB xcoarse,P2,0.65,subcell,0.6881505094745185,0.6643916460085753,-0.023758863465943247
WB xcoarse,P2,0.8,percell,0.6372726611770517,0.6356960267760956,-0.0015766344009561228
WB xcoarse,P2,0.8,subcell,0.6372726611770517,0.6358006228117533,-0.0014720383652984115
WB xcoarse,P2,0.9,percell,0.5901731350090347,0.5781468284474695,-0.012026306561565225
WB xcoarse,P2,0.9,subcell,0.5901731350090347,0.578220434473072,-0.011952700535962646
WB xcoarse,P2,0.96,percell,0.5157386209821673,0.9784667895234401,0.46272816854127286
WB xcoarse,P2,0.96,subcell,0.5157386209821673,0.9786104570257435,0.4628718360435762
WB xcoarse,P2,0.99,percell,0.5345971440019411,0.9578305324136142,0.423233388411673
WB xcoarse,P2,0.99,subcell,0.5345971440019411,0.9578571420365444,0.42325999803460324
WB xcoarse,P3,0.2,percell,0.8008685417179153,0.7777435231915271,-0.023125018526388263
WB xcoarse,P3,0.2,subcell,0.8008685417179153,0.7777535725115247,-0.023114969206390668
WB xcoarse,P3,0.44,percell,0.737910679846184,0.7106782049772911,-0.02723247486889291
WB xcoarse,P3,0.44,subcell,0.737910679846184,0.7115152498368841,-0.02639543000929989
WB xcoarse,P3,0.65,percell,0.6881505094745185,0.6671437603088032,-0.02100674916571532
WB xcoarse,P3,0.65,subcell,0.6881505094745185,0.6679039965318867,-0.0202465129426318
WB xcoarse,P3,0.8,percell,0.6372726611770517,0.6108560114020334,-0.02641664977501834
WB xcoarse,P3,0.8,subcell,0.6372726611770517,0.6121169799318266,-0.02515568124522516
WB xcoarse,P3,0.9,percell,0.5901731350090347,0.5451458867330429,-0.045027248275991805
WB xcoarse,P3,0.9,subcell,0.5901731350090347,0.5453464669974123,-0.044826668011622384
WB xcoarse,P3,0.96,percell,0.5157386209821673,0.5159667986778733,0.0002281776957060444
WB xcoarse,P3,0.96,subcell,0.5157386209821673,0.5159781162224079,0.00023949524024058366
WB xcoarse,P3,0.99,percell,0.5345971440019411,0.9578305324136142,0.423233388411673
WB xcoarse,P3,0.99,subcell,0.5345971440019411,0.9578381156849383,0.4232409716829971
WB xcoarse,S1,0.2,percell,0.8008685417179153,0.7777435231915271,-0.023125018526388263
WB xcoarse,S1,0.2,subcell,0.8008685417179153,0.7779034482353467,-0.022965093482568588
WB xcoarse,S1,0.44,percell,0.737910679846184,0.7106782049772911,-0.02723247486889291
WB xcoarse,S1,0.44,subcell,0.737910679846184,0.711871951713039,-0.026038728133145006
WB xcoarse,S1,0.65,percell,0.6881505094745185,0.6689681468563924,-0.019182362618126114
WB xcoarse,S1,0.65,subcell,0.6881505094745185,0.6691074718312976,-0.019043037643220906
WB xcoarse,S1,0.8,percell,0.6372726611770517,0.6248028277140217,-0.012469833463029989
WB xcoarse,S1,0.8,subcell,0.6372726611770517,0.6253020691043691,-0.011970592072682584
WB xcoarse,S1,0.9,percell,0.5901731350090347,0.5781468284474695,-0.012026306561565225
WB xcoarse,S1,0.9,subcell,0.5901731350090347,0.5784512529533382,-0.011721882055696464
WB xcoarse,S1,0.96,percell,0.5157386209821673,0.9996620504964836,0.48392342951431633
WB xcoarse,S1,0.96,subcell,0.5157386209821673,0.9997290655857418,0.48399044460357454
WB xcoarse,S1,0.99,percell,0.5345971440019411,0.9742986748093764,0.43970153080743524
WB xcoarse,S1,0.99,subcell,0.5345971440019411,0.9743683364812782,0.43977119247933705
WB xcoarse,S2,0.2,percell,0.8008685417179153,0.7777435231915271,-0.023125018526388263
WB xcoarse,S2,0.2,subcell,0.8008685417179153,0.7778415458489863,-0.02302699586892898
WB xcoarse,S2,0.44,percell,0.737910679846184,0.7106782049772911,-0.02723247486889291
WB xcoarse,S2,0.44,subcell,0.737910679846184,0.7115748772257926,-0.02633580262039137
WB xcoarse,S2,0.65,percell,0.6881505094745185,0.6689681468563924,-0.019182362618126114
WB xcoarse,S2,0.65,subcell,0.6881505094745185,0.6690145388567519,-0.019135970617766618
WB xcoarse,S2,0.8,percell,0.6372726611770517,0.6248028277140217,-0.012469833463029989
WB xcoarse,S2,0.8,subcell,0.6372726611770517,0.624923008668292,-0.012349652508759745
WB xcoarse,S2,0.9,percell,0.5901731350090347,0.5781468284474695,-0.012026306561565225
WB xcoarse,S2,0.9,subcell,0.5901731350090347,0.578217896321881,-0.011955238687153646
WB xcoarse,S2,0.96,percell,0.5157386209821673,0.9784667895234401,0.46272816854127286
WB xcoarse,S2,0.96,subcell,0.5157386209821673,0.9787195826886662,0.46298096170649894
WB xcoarse,S2,0.99,percell,0.5345971440019411,0.9618537664094173,0.4272566224074762
WB xcoarse,S2,0.99,subcell,0.5345971440019411,0.9620209848932607,0.4274238408913196
WB xcoarse,S3,0.2,percell,0.8008685417179153,0.7777435231915271,-0.023125018526388263
WB xcoarse,S3,0.2,subcell,0.8008685417179153,0.7777457251201384,-0.02312281659777693
WB xcoarse,S3,0.44,percell,0.737910679846184,0.7106782049772911,-0.02723247486889291
WB xcoarse,S3,0.44,subcell,0.737910679846184,0.7114021018088347,-0.026508578037349295
WB xcoarse,S3,0.65,percell,0.6881505094745185,0.6589359411058893,-0.029214568368629235
WB xcoarse,S3,0.65,subcell,0.6881505094745185,0.6639501168480133,-0.024200392626505196
WB xcoarse,S3,0.8,percell,0.6372726611770517,0.6108560114020334,-0.02641664977501834
WB xcoarse,S3,0.8,subcell,0.6372726611770517,0.611633899776453,-0.02563876140059873
WB xcoarse,S3,0.9,percell,0.5901731350090347,0.5451458867330429,-0.045027248275991805
WB xcoarse,S3,0.9,subcell,0.5901731350090347,0.5453253228295265,-0.04484781217950817
WB xcoarse,S3,0.96,percell,0.5157386209821673,0.4916603379682206,-0.024078283013946655
WB xcoarse,S3,0.96,subcell,0.5157386209821673,0.4918513505472504,-0.023887270434916896
WB xcoarse,S3,0.99,percell,0.5345971440019411,0.9578305324136142,0.423233388411673
WB xcoarse,S3,0.99,subcell,0.5345971440019411,0.957842859629063,0.4232457156271219
WB medium,P0,0.2,percell,0.8150957485576685,0.8083960372644239,-0.006699711293244648
WB medium,P0,0.2,subcell,0.8150957485576685,0.8091538965633058,-0.005941851994362701
WB medium,P0,0.44,percell,0.7225663603829834,0.7163415040462645,-0.006224856336718876
WB medium,P0,0.44,subcell,0.7225663603829834,0.7163556097612307,-0.006210750621752692
WB medium,P0,0.65,percell,0.6642242540910758,0.6647290863190904,0.0005048322280146733
WB medium,P0,0.65,subcell,0.6642242540910758,0.6647316213664228,0.0005073672753470593
WB medium,P0,0.8,percell,0.5935828903310801,0.5963199662333076,0.0027370759022274926
WB medium,P0,0.8,subcell,0.5935828903310801,0.5965369236481046,0.002954033317024485
WB medium,P0,0.9,percell,0.5307233065977975,0.5424517989086133,0.011728492310815741
WB medium,P0,0.9,subcell,0.5307233065977975,0.5425356220136316,0.011812315415834052
WB medium,P0,0.96,percell,0.512597464122363,1.0,0.48740253587763704
WB medium,P0,0.96,subcell,0.512597464122363,0.998467470583701,0.48587000646133804
WB medium,P0,0.99,percell,0.5179933333932125,0.9970886220451038,0.4790952886518913
WB medium,P0,0.99,subcell,0.5179933333932125,0.9970997485575137,0.4791064151643012
WB medium,P1,0.2,percell,0.8150957485576685,0.8083960372644239,-0.006699711293244648
WB medium,P1,0.2,subcell,0.8150957485576685,0.809083242387116,-0.00601250617055249
WB medium,P1,0.44,percell,0.7225663603829834,0.7251321706300207,0.0025658102470372812
WB medium,P1,0.44,subcell,0.7225663603829834,0.7251862987194225,0.0026199383364391426
WB medium,P1,0.65,percell,0.6642242540910758,0.6629643486720292,-0.0012599054190465253
WB medium,P1,0.65,subcell,0.6642242540910758,0.6629778083538833,-0.0012464457371924587
WB medium,P1,0.8,percell,0.5935828903310801,0.5974586195744334,0.003875729243353221
WB medium,P1,0.8,subcell,0.5935828903310801,0.5974886425740559,0.003905752242975735
WB medium,P1,0.9,percell,0.5307233065977975,0.5422591744482393,0.011535867850441806
WB medium,P1,0.9,subcell,0.5307233065977975,0.5423634323913149,0.011640125793517364
WB medium,P1,0.96,percell,0.512597464122363,0.9992977203748251,0.48670025625246216
WB medium,P1,0.96,subcell,0.512597464122363,0.9995600761240901,0.4869626120017272
WB medium,P1,0.99,percell,0.5179933333932125,0.9970886220451038,0.4790952886518913
WB medium,P1,0.99,subcell,0.5179933333932125,0.9970941615130036,0.47910082811979104
WB medium,P2,0.2,percell,0.8150957485576685,0.8107451424009221,-0.004350606156746428
WB medium,P2,0.2,subcell,0.8150957485576685,0.810746859820852,-0.004348888736816492
WB medium,P2,0.44,percell,0.7225663603829834,0.7251321706300207,0.0025658102470372812
WB medium,P2,0.44,subcell,0.7225663603829834,0.7254884596614202,0.002922099278436785
WB medium,P2,0.65,percell,0.6642242540910758,0.6629643486720292,-0.0012599054190465253
WB medium,P2,0.65,subcell,0.6642242540910758,0.6629652222524474,-0.0012590318386284105
WB medium,P2,0.8,percell,0.5935828903310801,0.5940263666545724,0.0004434763234922867
WB medium,P2,0.8,subcell,0.5935828903310801,0.5940302247426764,0.0004473344115962785
WB medium,P2,0.9,percell,0.5307233065977975,0.5450965537167196,0.014373247118922072
WB medium,P2,0.9,subcell,0.5307233065977975,0.5452983910810925,0.01457508448329492
WB medium,P2,0.96,percell,0.512597464122363,0.9986291523810537,0.4860316882586907
WB medium,P2,0.96,subcell,0.512597464122363,0.9988717822165657,0.48627431809420274
WB medium,P2,0.99,percell,0.5179933333932125,0.9977655766193544,0.47977224322614187
WB medium,P2,0.99,subcell,0.5179933333932125,0.9977717009050053,0.4797783675117928
WB medium,P3,0.2,percell,0.8150957485576685,0.8083960372644239,-0.006699711293244648
WB medium,P3,0.2,subcell,0.8150957485576685,0.8086623427149594,-0.006433405842709128
WB medium,P3,0.44,percell,0.7225663603829834,0.7251321706300207,0.0025658102470372812
WB medium,P3,0.44,subcell,0.7225663603829834,0.725378567251908,0.0028122068689245827
WB medium,P3,0.65,percell,0.6642242540910758,0.6629643486720292,-0.0012599054190465253
WB medium,P3,0.65,subcell,0.6642242540910758,0.6629717081501181,-0.0012525459409576944
WB medium,P3,0.8,percell,0.5935828903310801,0.5935551965064175,-2.7693824662611277e-05
WB medium,P3,0.8,subcell,0.5935828903310801,0.5938378730343427,0.0002549827032625185
WB medium,P3,0.9,percell,0.5307233065977975,0.5450965537167196,0.014373247118922072
WB medium,P3,0.9,subcell,0.5307233065977975,0.5451232495397206,0.014399942941923038
WB medium,P3,0.96,percell,0.512597464122363,0.9986291523810537,0.4860316882586907
WB medium,P3,0.96,subcell,0.512597464122363,0.9988116130822114,0.4862141489598485
WB medium,P3,0.99,percell,0.5179933333932125,0.9970886220451038,0.4790952886518913
WB medium,P3,0.99,subcell,0.5179933333932125,0.9970950392525882,0.4791017058593757
WB medium,S1,0.2,percell,0.8150957485576685,0.8083960372644239,-0.006699711293244648
WB medium,S1,0.2,subcell,0.8150957485576685,0.80908073595542,-0.006015012602248571
WB medium,S1,0.44,percell,0.7225663603829834,0.7251321706300207,0.0025658102470372812
WB medium,S1,0.44,subcell,0.7225663603829834,0.7251623014667257,0.0025959410837422814
WB medium,S1,0.65,percell,0.6642242540910758,0.6629643486720292,-0.0012599054190465253
WB medium,S1,0.65,subcell,0.6642242540910758,0.6629819957644882,-0.0012422583265875309
WB medium,S1,0.8,percell,0.5935828903310801,0.5963199662333076,0.0027370759022274926
WB medium,S1,0.8,subcell,0.5935828903310801,0.5964786534350298,0.002895763103949678
WB medium,S1,0.9,percell,0.5307233065977975,0.5422591744482393,0.011535867850441806
WB medium,S1,0.9,subcell,0.5307233065977975,0.5423561577100116,0.011632851112214015
WB medium,S1,0.96,percell,0.512597464122363,1.0,0.48740253587763704
WB medium,S1,0.96,subcell,0.512597464122363,0.9995701434784294,0.4869726793560665
WB medium,S1,0.99,percell,0.5179933333932125,0.9952222418034996,0.4772289084102871
WB medium,S1,0.99,subcell,0.5179933333932125,0.9952633565887461,0.4772700231955336
WB medium,S2,0.2,percell,0.8150957485576685,0.8083960372644239,-0.006699711293244648
WB medium,S2,0.2,subcell,0.8150957485576685,0.8091097728519105,-0.005985975705757984
WB medium,S2,0.44,percell,0.7225663603829834,0.7251321706300207,0.0025658102470372812
WB medium,S2,0.44,subcell,0.7225663603829834,0.7253039108038607,0.0027375504208773105
WB medium,S2,0.65,percell,0.6642242540910758,0.6629643486720292,-0.0012599054190465253
WB medium,S2,0.65,subcell,0.6642242540910758,0.6629728083135896,-0.0012514457774861487
WB medium,S2,0.8,percell,0.5935828903310801,0.5963199662333076,0.0027370759022274926
WB medium,S2,0.8,subcell,0.5935828903310801,0.5963600772110088,0.0027771868799286725
WB medium,S2,0.9,percell,0.5307233065977975,0.5422591744482393,0.011535867850441806
WB medium,S2,0.9,subcell,0.5307233065977975,0.5423305260325938,0.011607219434796257
WB medium,S2,0.96,percell,0.512597464122363,0.9986291523810537,0.4860316882586907
WB medium,S2,0.96,subcell,0.512597464122363,0.9987720296742665,0.4861745655519035
WB medium,S2,0.99,percell,0.5179933333932125,0.9970886220451038,0.4790952886518913
WB medium,S2,0.99,subcell,0.5179933333932125,0.9970917992641429,0.4790984658709304
WB medium,S3,0.2,percell,0.8150957485576685,0.8077084633667514,-0.007387285190917137
WB medium,S3,0.2,subcell,0.8150957485576685,0.8083106167092441,-0.006785131848424442
WB medium,S3,0.44,percell,0.7225663603829834,0.7251321706300207,0.0025658102470372812
WB medium,S3,0.44,subcell,0.7225663603829834,0.7253298926930093,0.002763532310025907
WB medium,S3,0.65,percell,0.6642242540910758,0.6629643486720292,-0.0012599054190465253
WB medium,S3,0.65,subcell,0.6642242540910758,0.662971311113127,-0.0012529429779487566
WB medium,S3,0.8,percell,0.5935828903310801,0.5963199662333076,0.0027370759022274926
WB medium,S3,0.8,subcell,0.5935828903310801,0.5963269451750131,0.0027440548439329193
WB medium,S3,0.9,percell,0.5307233065977975,0.5450965537167196,0.014373247118922072
WB medium,S3,0.9,subcell,0.5307233065977975,0.5451010598234411,0.014377753225643608
WB medium,S3,0.96,percell,0.512597464122363,0.9986291523810537,0.4860316882586907
WB medium,S3,0.96,subcell,0.512597464122363,0.9988710566510983,0.48627359252873537
WB medium,S3,0.99,percell,0.5179933333932125,0.9977655766193544,0.47977224322614187
WB medium,S3,0.99,subcell,0.5179933333932125,0.9977660060682224,0.4797726726750099
