level,eta_requested,eta_grid,x_c,y_c,cp,surface
L1,0.20,0.2000,0.000000,0.000000,0.961969,upper
L1,0.20,0.2000,0.000019,0.000793,0.945442,upper
L1,0.20,0.2000,0.000080,0.001650,0.924856,upper
L1,0.20,0.2000,0.000196,0.002574,0.896578,upper
L1,0.20,0.2000,0.000377,0.003566,0.859283,upper
L1,0.20,0.2000,0.000638,0.004627,0.811717,upper
L1,0.20,0.2000,0.000993,0.005755,0.752783,upper
L1,0.20,0.2000,0.001458,0.006948,0.681682,upper
L1,0.20,0.2000,0.002052,0.008200,0.598082,upper
L1,0.20,0.2000,0.002791,0.009505,0.502289,upper
L1,0.20,0.2000,0.003694,0.010854,0.395383,upper
L1,0.20,0.2000,0.004777,0.012236,0.279270,upper
L1,0.20,0.2000,0.006058,0.013638,0.156647,upper
L1,0.20,0.2000,0.007551,0.015047,0.030860,upper
L1,0.20,0.2000,0.009271,0.016451,-0.094334,upper
L1,0.20,0.2000,0.011228,0.017838,-0.214982,upper
L1,0.20,0.2000,0.013436,0.019195,-0.327871,upper
L1,0.20,0.2000,0.015904,0.020515,-0.430387,upper
L1,0.20,0.2000,0.018643,0.021791,-0.522075,upper
L1,0.20,0.2000,0.021664,0.023016,-0.597847,upper
L1,0.20,0.2000,0.024979,0.024190,-0.654955,upper
L1,0.20,0.2000,0.028600,0.025311,-0.695269,upper
L1,0.20,0.2000,0.032543,0.026382,-0.717867,upper
L1,0.20,0.2000,0.036823,0.027404,-0.723402,upper
L1,0.20,0.2000,0.041456,0.028383,-0.712285,upper
L1,0.20,0.2000,0.046463,0.029326,-0.685342,upper
L1,0.20,0.2000,0.051862,0.030238,-0.644570,upper
L1,0.20,0.2000,0.057676,0.031129,-0.596038,upper
L1,0.20,0.2000,0.063928,0.032006,-0.549222,upper
L1,0.20,0.2000,0.070642,0.032877,-0.511872,upper
L1,0.20,0.2000,0.077844,0.033751,-0.483663,upper
L1,0.20,0.2000,0.085558,0.034634,-0.460736,upper
L1,0.20,0.2000,0.093813,0.035530,-0.442531,upper
L1,0.20,0.2000,0.102634,0.036444,-0.429054,upper
L1,0.20,0.2000,0.112049,0.037375,-0.420113,upper
L1,0.20,0.2000,0.122085,0.038323,-0.415331,upper
L1,0.20,0.2000,0.132769,0.039282,-0.414193,upper
L1,0.20,0.2000,0.144125,0.040246,-0.416067,upper
L1,0.20,0.2000,0.156179,0.041204,-0.420238,upper
L1,0.20,0.2000,0.168952,0.042147,-0.425949,upper
L1,0.20,0.2000,0.182464,0.043064,-0.432454,upper
L1,0.20,0.2000,0.196731,0.043942,-0.439099,upper
L1,0.20,0.2000,0.211767,0.044773,-0.445396,upper
L1,0.20,0.2000,0.227580,0.045547,-0.451101,upper
L1,0.20,0.2000,0.244175,0.046258,-0.456254,upper
L1,0.20,0.2000,0.261551,0.046900,-0.461184,upper
L1,0.20,0.2000,0.279701,0.047468,-0.466454,upper
L1,0.20,0.2000,0.298615,0.047957,-0.472758,upper
L1,0.20,0.2000,0.318273,0.048357,-0.480793,upper
L1,0.20,0.2000,0.338651,0.048657,-0.491118,upper
L1,0.20,0.2000,0.359716,0.048843,-0.504043,upper
L1,0.20,0.2000,0.381432,0.048894,-0.519608,upper
L1,0.20,0.2000,0.403750,0.048790,-0.537388,upper
L1,0.20,0.2000,0.426620,0.048509,-0.556543,upper
L1,0.20,0.2000,0.449981,0.048033,-0.575791,upper
L1,0.20,0.2000,0.473769,0.047347,-0.593848,upper
L1,0.20,0.2000,0.497911,0.046447,-0.609596,upper
L1,0.20,0.2000,0.522334,0.045337,-0.621777,upper
L1,0.20,0.2000,0.546959,0.044030,-0.629082,upper
L1,0.20,0.2000,0.571705,0.042545,-0.629889,upper
L1,0.20,0.2000,0.596493,0.040910,-0.616722,upper
L1,0.20,0.2000,0.621239,0.039149,-0.550676,upper
L1,0.20,0.2000,0.645864,0.037290,-0.448461,upper
L1,0.20,0.2000,0.670288,0.035354,-0.369680,upper
L1,0.20,0.2000,0.694435,0.033360,-0.314652,upper
L1,0.20,0.2000,0.718230,0.031322,-0.270620,upper
L1,0.20,0.2000,0.741604,0.029247,-0.233399,upper
L1,0.20,0.2000,0.764492,0.027144,-0.200294,upper
L1,0.20,0.2000,0.786835,0.025019,-0.169554,upper
L1,0.20,0.2000,0.808581,0.022876,-0.140002,upper
L1,0.20,0.2000,0.829682,0.020722,-0.110833,upper
L1,0.20,0.2000,0.850101,0.018564,-0.081491,upper
L1,0.20,0.2000,0.869805,0.016409,-0.051577,upper
L1,0.20,0.2000,0.888767,0.014267,-0.020773,upper
L1,0.20,0.2000,0.906971,0.012147,0.011218,upper
L1,0.20,0.2000,0.924403,0.010062,0.044708,upper
L1,0.20,0.2000,0.941059,0.008025,0.080074,upper
L1,0.20,0.2000,0.956938,0.006050,0.117784,upper
L1,0.20,0.2000,0.972047,0.004158,0.158566,upper
L1,0.20,0.2000,0.986396,0.002368,0.203811,upper
L1,0.20,0.2000,1.000000,0.000705,0.280493,upper
L1,0.20,0.2000,0.000000,0.000000,0.961969,lower
L1,0.20,0.2000,0.000019,-0.000793,0.978112,lower
L1,0.20,0.2000,0.000080,-0.001650,0.992438,lower
L1,0.20,0.2000,0.000196,-0.002574,1.000397,lower
L1,0.20,0.2000,0.000377,-0.003566,1.002128,lower
L1,0.20,0.2000,0.000638,-0.004627,0.998286,lower
L1,0.20,0.2000,0.000993,-0.005755,0.986109,lower
L1,0.20,0.2000,0.001458,-0.006948,0.964051,lower
L1,0.20,0.2000,0.002052,-0.008200,0.930997,lower
L1,0.20,0.2000,0.002791,-0.009505,0.886339,lower
L1,0.20,0.2000,0.003694,-0.010854,0.830136,lower
L1,0.20,0.2000,0.004777,-0.012236,0.763243,lower
L1,0.20,0.2000,0.006058,-0.013638,0.687371,lower
L1,0.20,0.2000,0.007551,-0.015047,0.605033,lower
L1,0.20,0.2000,0.009271,-0.016451,0.519351,lower
L1,0.20,0.2000,0.011228,-0.017838,0.433772,lower
L1,0.20,0.2000,0.013436,-0.019195,0.351707,lower
L1,0.20,0.2000,0.015904,-0.020515,0.276192,lower
L1,0.20,0.2000,0.018643,-0.021791,0.209597,lower
L1,0.20,0.2000,0.021664,-0.023016,0.153448,lower
L1,0.20,0.2000,0.024979,-0.024190,0.108366,lower
L1,0.20,0.2000,0.028600,-0.025311,0.074059,lower
L1,0.20,0.2000,0.032543,-0.026382,0.049534,lower
L1,0.20,0.2000,0.036823,-0.027404,0.033392,lower
L1,0.20,0.2000,0.041456,-0.028383,0.023988,lower
L1,0.20,0.2000,0.046463,-0.029326,0.019615,lower
L1,0.20,0.2000,0.051862,-0.030238,0.018665,lower
L1,0.20,0.2000,0.057676,-0.031129,0.019727,lower
L1,0.20,0.2000,0.063928,-0.032006,0.021621,lower
L1,0.20,0.2000,0.070642,-0.032877,0.023404,lower
L1,0.20,0.2000,0.077844,-0.033751,0.024345,lower
L1,0.20,0.2000,0.085558,-0.034634,0.023913,lower
L1,0.20,0.2000,0.093813,-0.035530,0.021748,lower
L1,0.20,0.2000,0.102634,-0.036444,0.017645,lower
L1,0.20,0.2000,0.112049,-0.037375,0.011545,lower
L1,0.20,0.2000,0.122085,-0.038323,0.003520,lower
L1,0.20,0.2000,0.132769,-0.039282,-0.006231,lower
L1,0.20,0.2000,0.144125,-0.040246,-0.017404,lower
L1,0.20,0.2000,0.156179,-0.041204,-0.029613,lower
L1,0.20,0.2000,0.168952,-0.042147,-0.042426,lower
L1,0.20,0.2000,0.182464,-0.043064,-0.055412,lower
L1,0.20,0.2000,0.196731,-0.043942,-0.068197,lower
L1,0.20,0.2000,0.211767,-0.044773,-0.080519,lower
L1,0.20,0.2000,0.227580,-0.045547,-0.092275,lower
L1,0.20,0.2000,0.244175,-0.046258,-0.103541,lower
L1,0.20,0.2000,0.261551,-0.046900,-0.114562,lower
L1,0.20,0.2000,0.279701,-0.047468,-0.125712,lower
L1,0.20,0.2000,0.298615,-0.047957,-0.137417,lower
L1,0.20,0.2000,0.318273,-0.048357,-0.150062,lower
L1,0.20,0.2000,0.338651,-0.048657,-0.163885,lower
L1,0.20,0.2000,0.359716,-0.048843,-0.178887,lower
L1,0.20,0.2000,0.381432,-0.048894,-0.194760,lower
L1,0.20,0.2000,0.403750,-0.048790,-0.210856,lower
L1,0.20,0.2000,0.426620,-0.048509,-0.226211,lower
L1,0.20,0.2000,0.449981,-0.048033,-0.239634,lower
L1,0.20,0.2000,0.473769,-0.047347,-0.249860,lower
L1,0.20,0.2000,0.497911,-0.046447,-0.255771,lower
L1,0.20,0.2000,0.522334,-0.045337,-0.256635,lower
L1,0.20,0.2000,0.546959,-0.044030,-0.252295,lower
L1,0.20,0.2000,0.571705,-0.042545,-0.243230,lower
L1,0.20,0.2000,0.596493,-0.040910,-0.230430,lower
L1,0.20,0.2000,0.621239,-0.039149,-0.215142,lower
L1,0.20,0.2000,0.645864,-0.037290,-0.198563,lower
L1,0.20,0.2000,0.670288,-0.035354,-0.181618,lower
L1,0.20,0.2000,0.694435,-0.033360,-0.164840,lower
L1,0.20,0.2000,0.718230,-0.031322,-0.148379,lower
L1,0.20,0.2000,0.741604,-0.029247,-0.132077,lower
L1,0.20,0.2000,0.764492,-0.027144,-0.115591,lower
L1,0.20,0.2000,0.786835,-0.025019,-0.098509,lower
L1,0.20,0.2000,0.808581,-0.022876,-0.080438,lower
L1,0.20,0.2000,0.829682,-0.020722,-0.061058,lower
L1,0.20,0.2000,0.850101,-0.018564,-0.040127,lower
L1,0.20,0.2000,0.869805,-0.016409,-0.017460,lower
L1,0.20,0.2000,0.888767,-0.014267,0.007108,lower
L1,0.20,0.2000,0.906971,-0.012147,0.033753,lower
L1,0.20,0.2000,0.924403,-0.010062,0.062688,lower
L1,0.20,0.2000,0.941059,-0.008025,0.094200,lower
L1,0.20,0.2000,0.956938,-0.006050,0.128688,lower
L1,0.20,0.2000,0.972047,-0.004158,0.166872,lower
L1,0.20,0.2000,0.986396,-0.002368,0.210248,lower
L1,0.20,0.2000,1.000000,-0.000705,0.282961,lower
L1,0.44,0.4400,-0.000000,0.000000,0.916820,upper
L1,0.44,0.4400,0.000019,0.000793,0.897917,upper
L1,0.44,0.4400,0.000080,0.001650,0.874840,upper
L1,0.44,0.4400,0.000196,0.002574,0.843875,upper
L1,0.44,0.4400,0.000377,0.003566,0.803689,upper
L1,0.44,0.4400,0.000638,0.004627,0.753026,upper
L1,0.44,0.4400,0.000993,0.005755,0.690798,upper
L1,0.44,0.4400,0.001458,0.006948,0.616228,upper
L1,0.44,0.4400,0.002052,0.008200,0.529015,upper
L1,0.44,0.4400,0.002791,0.009505,0.429509,upper
L1,0.44,0.4400,0.003694,0.010854,0.318835,upper
L1,0.44,0.4400,0.004777,0.012236,0.198942,upper
L1,0.44,0.4400,0.006058,0.013638,0.072558,upper
L1,0.44,0.4400,0.007551,0.015047,-0.056961,upper
L1,0.44,0.4400,0.009271,0.016451,-0.185824,upper
L1,0.44,0.4400,0.011228,0.017838,-0.310388,upper
L1,0.44,0.4400,0.013436,0.019195,-0.427658,upper
L1,0.44,0.4400,0.015904,0.020515,-0.538983,upper
L1,0.44,0.4400,0.018643,0.021791,-0.637221,upper
L1,0.44,0.4400,0.021664,0.023016,-0.717503,upper
L1,0.44,0.4400,0.024979,0.024190,-0.782822,upper
L1,0.44,0.4400,0.028600,0.025311,-0.831853,upper
L1,0.44,0.4400,0.032543,0.026382,-0.865902,upper
L1,0.44,0.4400,0.036823,0.027404,-0.886114,upper
L1,0.44,0.4400,0.041456,0.028383,-0.893378,upper
L1,0.44,0.4400,0.046462,0.029326,-0.888414,upper
L1,0.44,0.4400,0.051862,0.030238,-0.871766,upper
L1,0.44,0.4400,0.057676,0.031129,-0.843697,upper
L1,0.44,0.4400,0.063928,0.032006,-0.804033,upper
L1,0.44,0.4400,0.070642,0.032877,-0.752703,upper
L1,0.44,0.4400,0.077844,0.033751,-0.692678,upper
L1,0.44,0.4400,0.085558,0.034634,-0.634712,upper
L1,0.44,0.4400,0.093813,0.035530,-0.592989,upper
L1,0.44,0.4400,0.102634,0.036444,-0.569880,upper
L1,0.44,0.4400,0.112049,0.037375,-0.556917,upper
L1,0.44,0.4400,0.122085,0.038323,-0.548586,upper
L1,0.44,0.4400,0.132769,0.039282,-0.543963,upper
L1,0.44,0.4400,0.144125,0.040246,-0.542823,upper
L1,0.44,0.4400,0.156179,0.041204,-0.544524,upper
L1,0.44,0.4400,0.168952,0.042147,-0.548206,upper
L1,0.44,0.4400,0.182464,0.043064,-0.552956,upper
L1,0.44,0.4400,0.196731,0.043942,-0.557912,upper
L1,0.44,0.4400,0.211767,0.044773,-0.562362,upper
L1,0.44,0.4400,0.227580,0.045547,-0.565881,upper
L1,0.44,0.4400,0.244175,0.046258,-0.568413,upper
L1,0.44,0.4400,0.261551,0.046900,-0.570263,upper
L1,0.44,0.4400,0.279701,0.047468,-0.572077,upper
L1,0.44,0.4400,0.298615,0.047957,-0.574728,upper
L1,0.44,0.4400,0.318273,0.048357,-0.579142,upper
L1,0.44,0.4400,0.338651,0.048657,-0.586090,upper
L1,0.44,0.4400,0.359716,0.048843,-0.596020,upper
L1,0.44,0.4400,0.381432,0.048894,-0.608949,upper
L1,0.44,0.4400,0.403750,0.048790,-0.624450,upper
L1,0.44,0.4400,0.426620,0.048509,-0.641828,upper
L1,0.44,0.4400,0.449981,0.048033,-0.660163,upper
L1,0.44,0.4400,0.473769,0.047347,-0.677782,upper
L1,0.44,0.4400,0.497911,0.046447,-0.692593,upper
L1,0.44,0.4400,0.522334,0.045337,-0.702661,upper
L1,0.44,0.4400,0.546959,0.044030,-0.704379,upper
L1,0.44,0.4400,0.571705,0.042545,-0.657352,upper
L1,0.44,0.4400,0.596493,0.040910,-0.486407,upper
L1,0.44,0.4400,0.621239,0.039149,-0.313026,upper
L1,0.44,0.4400,0.645864,0.037290,-0.245942,upper
L1,0.44,0.4400,0.670288,0.035354,-0.211914,upper
L1,0.44,0.4400,0.694435,0.033360,-0.184813,upper
L1,0.44,0.4400,0.718230,0.031322,-0.160657,upper
L1,0.44,0.4400,0.741604,0.029247,-0.138056,upper
L1,0.44,0.4400,0.764492,0.027144,-0.116275,upper
L1,0.44,0.4400,0.786835,0.025019,-0.094774,upper
L1,0.44,0.4400,0.808581,0.022876,-0.073110,upper
L1,0.44,0.4400,0.829682,0.020722,-0.050923,upper
L1,0.44,0.4400,0.850101,0.018564,-0.027917,upper
L1,0.44,0.4400,0.869805,0.016409,-0.003844,upper
L1,0.44,0.4400,0.888767,0.014267,0.021538,upper
L1,0.44,0.4400,0.906971,0.012147,0.048480,upper
L1,0.44,0.4400,0.924403,0.010062,0.077269,upper
L1,0.44,0.4400,0.941059,0.008025,0.108258,upper
L1,0.44,0.4400,0.956938,0.006050,0.141884,upper
L1,0.44,0.4400,0.972047,0.004158,0.178822,upper
L1,0.44,0.4400,0.986396,0.002368,0.220373,upper
L1,0.44,0.4400,1.000000,0.000705,0.292966,upper
L1,0.44,0.4400,-0.000000,0.000000,0.916820,lower
L1,0.44,0.4400,0.000019,-0.000793,0.935386,lower
L1,0.44,0.4400,0.000080,-0.001650,0.952228,lower
L1,0.44,0.4400,0.000196,-0.002574,0.963724,lower
L1,0.44,0.4400,0.000377,-0.003566,0.968239,lower
L1,0.44,0.4400,0.000638,-0.004627,0.966268,lower
L1,0.44,0.4400,0.000993,-0.005755,0.956867,lower
L1,0.44,0.4400,0.001458,-0.006948,0.937686,lower
L1,0.44,0.4400,0.002052,-0.008200,0.907537,lower
L1,0.44,0.4400,0.002791,-0.009505,0.865722,lower
L1,0.44,0.4400,0.003694,-0.010854,0.812210,lower
L1,0.44,0.4400,0.004777,-0.012236,0.747756,lower
L1,0.44,0.4400,0.006058,-0.013638,0.673980,lower
L1,0.44,0.4400,0.007551,-0.015047,0.593308,lower
L1,0.44,0.4400,0.009271,-0.016451,0.508798,lower
L1,0.44,0.4400,0.011228,-0.017838,0.423847,lower
L1,0.44,0.4400,0.013436,-0.019195,0.341847,lower
L1,0.44,0.4400,0.015904,-0.020515,0.265843,lower
L1,0.44,0.4400,0.018643,-0.021791,0.198241,lower
L1,0.44,0.4400,0.021664,-0.023016,0.140632,lower
L1,0.44,0.4400,0.024979,-0.024190,0.093728,lower
L1,0.44,0.4400,0.028600,-0.025311,0.057360,lower
L1,0.44,0.4400,0.032543,-0.026382,0.030648,lower
L1,0.44,0.4400,0.036823,-0.027404,0.012280,lower
L1,0.44,0.4400,0.041456,-0.028383,0.000704,lower
L1,0.44,0.4400,0.046462,-0.029326,-0.005731,lower
L1,0.44,0.4400,0.051862,-0.030238,-0.008595,lower
L1,0.44,0.4400,0.057676,-0.031129,-0.009289,lower
L1,0.44,0.4400,0.063928,-0.032006,-0.008995,lower
L1,0.44,0.4400,0.070642,-0.032877,-0.008671,lower
L1,0.44,0.4400,0.077844,-0.033751,-0.009063,lower
L1,0.44,0.4400,0.085558,-0.034634,-0.010724,lower
L1,0.44,0.4400,0.093813,-0.035530,-0.014033,lower
L1,0.44,0.4400,0.102634,-0.036444,-0.019210,lower
L1,0.44,0.4400,0.112049,-0.037375,-0.026327,lower
L1,0.44,0.4400,0.122085,-0.038323,-0.035320,lower
L1,0.44,0.4400,0.132769,-0.039282,-0.045993,lower
L1,0.44,0.4400,0.144125,-0.040246,-0.058037,lower
L1,0.44,0.4400,0.156179,-0.041204,-0.071054,lower
L1,0.44,0.4400,0.168952,-0.042147,-0.084593,lower
L1,0.44,0.4400,0.182464,-0.043064,-0.098200,lower
L1,0.44,0.4400,0.196731,-0.043942,-0.111475,lower
L1,0.44,0.4400,0.211767,-0.044773,-0.124130,lower
L1,0.44,0.4400,0.227580,-0.045547,-0.136041,lower
L1,0.44,0.4400,0.244175,-0.046258,-0.147266,lower
L1,0.44,0.4400,0.261551,-0.046900,-0.158045,lower
L1,0.44,0.4400,0.279701,-0.047468,-0.168752,lower
L1,0.44,0.4400,0.298615,-0.047957,-0.179812,lower
L1,0.44,0.4400,0.318273,-0.048357,-0.191602,lower
L1,0.44,0.4400,0.338651,-0.048657,-0.204337,lower
L1,0.44,0.4400,0.359716,-0.048843,-0.217963,lower
L1,0.44,0.4400,0.381432,-0.048894,-0.232083,lower
L1,0.44,0.4400,0.403750,-0.048790,-0.245917,lower
L1,0.44,0.4400,0.426620,-0.048509,-0.258335,lower
L1,0.44,0.4400,0.449981,-0.048033,-0.267968,lower
L1,0.44,0.4400,0.473769,-0.047347,-0.273421,lower
L1,0.44,0.4400,0.497911,-0.046447,-0.273572,lower
L1,0.44,0.4400,0.522334,-0.045337,-0.267892,lower
L1,0.44,0.4400,0.546959,-0.044030,-0.256634,lower
L1,0.44,0.4400,0.571705,-0.042545,-0.240797,lower
L1,0.44,0.4400,0.596493,-0.040910,-0.221838,lower
L1,0.44,0.4400,0.621239,-0.039149,-0.201288,lower
L1,0.44,0.4400,0.645864,-0.037290,-0.180432,lower
L1,0.44,0.4400,0.670288,-0.035354,-0.160138,lower
L1,0.44,0.4400,0.694435,-0.033360,-0.140827,lower
L1,0.44,0.4400,0.718230,-0.031322,-0.122536,lower
L1,0.44,0.4400,0.741604,-0.029247,-0.105025,lower
L1,0.44,0.4400,0.764492,-0.027144,-0.087899,lower
L1,0.44,0.4400,0.786835,-0.025019,-0.070706,lower
L1,0.44,0.4400,0.808581,-0.022876,-0.053017,lower
L1,0.44,0.4400,0.829682,-0.020722,-0.034458,lower
L1,0.44,0.4400,0.850101,-0.018564,-0.014717,lower
L1,0.44,0.4400,0.869805,-0.016409,0.006476,lower
L1,0.44,0.4400,0.888767,-0.014267,0.029373,lower
L1,0.44,0.4400,0.906971,-0.012147,0.054239,lower
L1,0.44,0.4400,0.924403,-0.010062,0.081364,lower
L1,0.44,0.4400,0.941059,-0.008025,0.111097,lower
L1,0.44,0.4400,0.956938,-0.006050,0.143884,lower
L1,0.44,0.4400,0.972047,-0.004158,0.180473,lower
L1,0.44,0.4400,0.986396,-0.002368,0.222364,lower
L1,0.44,0.4400,1.000000,-0.000705,0.293738,lower
L1,0.65,0.6500,-0.000000,0.000000,0.898096,upper
L1,0.65,0.6500,0.000019,0.000793,0.877835,upper
L1,0.65,0.6500,0.000080,0.001650,0.853351,upper
L1,0.65,0.6500,0.000196,0.002574,0.820888,upper
L1,0.65,0.6500,0.000377,0.003566,0.779114,upper
L1,0.65,0.6500,0.000638,0.004627,0.726776,upper
L1,0.65,0.6500,0.000993,0.005755,0.662798,upper
L1,0.65,0.6500,0.001458,0.006948,0.586422,upper
L1,0.65,0.6500,0.002052,0.008200,0.497372,upper
L1,0.65,0.6500,0.002791,0.009505,0.396028,upper
L1,0.65,0.6500,0.003694,0.010854,0.283553,upper
L1,0.65,0.6500,0.004777,0.012236,0.161929,upper
L1,0.65,0.6500,0.006058,0.013638,0.033910,upper
L1,0.65,0.6500,0.007551,0.015047,-0.097133,upper
L1,0.65,0.6500,0.009271,0.016451,-0.227364,upper
L1,0.65,0.6500,0.011228,0.017838,-0.353334,upper
L1,0.65,0.6500,0.013436,0.019195,-0.472814,upper
L1,0.65,0.6500,0.015904,0.020515,-0.586527,upper
L1,0.65,0.6500,0.018643,0.021791,-0.687488,upper
L1,0.65,0.6500,0.021664,0.023016,-0.769120,upper
L1,0.65,0.6500,0.024979,0.024190,-0.834692,upper
L1,0.65,0.6500,0.028600,0.025311,-0.885688,upper
L1,0.65,0.6500,0.032543,0.026382,-0.922700,upper
L1,0.65,0.6500,0.036823,0.027404,-0.946707,upper
L1,0.65,0.6500,0.041456,0.028383,-0.958792,upper
L1,0.65,0.6500,0.046463,0.029326,-0.960126,upper
L1,0.65,0.6500,0.051862,0.030238,-0.951962,upper
L1,0.65,0.6500,0.057676,0.031129,-0.935524,upper
L1,0.65,0.6500,0.063928,0.032006,-0.911872,upper
L1,0.65,0.6500,0.070642,0.032877,-0.881773,upper
L1,0.65,0.6500,0.077844,0.033751,-0.845623,upper
L1,0.65,0.6500,0.085558,0.034634,-0.803595,upper
L1,0.65,0.6500,0.093813,0.035530,-0.756613,upper
L1,0.65,0.6500,0.102634,0.036444,-0.708754,upper
L1,0.65,0.6500,0.112049,0.037375,-0.668387,upper
L1,0.65,0.6500,0.122085,0.038323,-0.642529,upper
L1,0.65,0.6500,0.132769,0.039282,-0.630217,upper
L1,0.65,0.6500,0.144125,0.040246,-0.625864,upper
L1,0.65,0.6500,0.156179,0.041204,-0.625626,upper
L1,0.65,0.6500,0.168952,0.042147,-0.627914,upper
L1,0.65,0.6500,0.182464,0.043064,-0.631758,upper
L1,0.65,0.6500,0.196731,0.043942,-0.636233,upper
L1,0.65,0.6500,0.211767,0.044773,-0.640498,upper
L1,0.65,0.6500,0.227580,0.045547,-0.643926,upper
L1,0.65,0.6500,0.244175,0.046258,-0.646200,upper
L1,0.65,0.6500,0.261551,0.046900,-0.647374,upper
L1,0.65,0.6500,0.279701,0.047468,-0.647889,upper
L1,0.65,0.6500,0.298615,0.047957,-0.648521,upper
L1,0.65,0.6500,0.318273,0.048357,-0.650230,upper
L1,0.65,0.6500,0.338651,0.048657,-0.653943,upper
L1,0.65,0.6500,0.359716,0.048843,-0.660324,upper
L1,0.65,0.6500,0.381432,0.048894,-0.669669,upper
L1,0.65,0.6500,0.403750,0.048790,-0.681848,upper
L1,0.65,0.6500,0.426620,0.048509,-0.695885,upper
L1,0.65,0.6500,0.449981,0.048033,-0.709945,upper
L1,0.65,0.6500,0.473769,0.047347,-0.721427,upper
L1,0.65,0.6500,0.497911,0.046447,-0.724222,upper
L1,0.65,0.6500,0.522334,0.045337,-0.675553,upper
L1,0.65,0.6500,0.546959,0.044030,-0.495338,upper
L1,0.65,0.6500,0.571705,0.042545,-0.301737,upper
L1,0.65,0.6500,0.596493,0.040910,-0.225309,upper
L1,0.65,0.6500,0.621239,0.039149,-0.199150,upper
L1,0.65,0.6500,0.645864,0.037290,-0.179867,upper
L1,0.65,0.6500,0.670288,0.035354,-0.160952,upper
L1,0.65,0.6500,0.694435,0.033360,-0.141996,upper
L1,0.65,0.6500,0.718230,0.031322,-0.123256,upper
L1,0.65,0.6500,0.741604,0.029247,-0.104805,upper
L1,0.65,0.6500,0.764492,0.027144,-0.086483,upper
L1,0.65,0.6500,0.786835,0.025019,-0.068001,upper
L1,0.65,0.6500,0.808581,0.022876,-0.049039,upper
L1,0.65,0.6500,0.829682,0.020722,-0.029304,upper
L1,0.65,0.6500,0.850101,0.018564,-0.008544,upper
L1,0.65,0.6500,0.869805,0.016409,0.013464,upper
L1,0.65,0.6500,0.888767,0.014267,0.036933,upper
L1,0.65,0.6500,0.906971,0.012147,0.062097,upper
L1,0.65,0.6500,0.924403,0.010062,0.089224,upper
L1,0.65,0.6500,0.941059,0.008025,0.118653,upper
L1,0.65,0.6500,0.956938,0.006050,0.150808,upper
L1,0.65,0.6500,0.972047,0.004158,0.186338,upper
L1,0.65,0.6500,0.986396,0.002368,0.226509,upper
L1,0.65,0.6500,1.000000,0.000705,0.297419,upper
L1,0.65,0.6500,-0.000000,0.000000,0.898096,lower
L1,0.65,0.6500,0.000019,-0.000793,0.918075,lower
L1,0.65,0.6500,0.000080,-0.001650,0.936469,lower
L1,0.65,0.6500,0.000196,-0.002574,0.950049,lower
L1,0.65,0.6500,0.000377,-0.003566,0.955844,lower
L1,0.65,0.6500,0.000638,-0.004627,0.954676,lower
L1,0.65,0.6500,0.000993,-0.005755,0.946843,lower
L1,0.65,0.6500,0.001458,-0.006948,0.929239,lower
L1,0.65,0.6500,0.002052,-0.008200,0.900685,lower
L1,0.65,0.6500,0.002791,-0.009505,0.860443,lower
L1,0.65,0.6500,0.003694,-0.010854,0.808432,lower
L1,0.65,0.6500,0.004777,-0.012236,0.745355,lower
L1,0.65,0.6500,0.006058,-0.013638,0.672780,lower
L1,0.65,0.6500,0.007551,-0.015047,0.593089,lower
L1,0.65,0.6500,0.009271,-0.016451,0.509303,lower
L1,0.65,0.6500,0.011228,-0.017838,0.424794,lower
L1,0.65,0.6500,0.013436,-0.019195,0.342944,lower
L1,0.65,0.6500,0.015904,-0.020515,0.266796,lower
L1,0.65,0.6500,0.018643,-0.021791,0.198774,lower
L1,0.65,0.6500,0.021664,-0.023016,0.140496,lower
L1,0.65,0.6500,0.024979,-0.024190,0.092711,lower
L1,0.65,0.6500,0.028600,-0.025311,0.055319,lower
L1,0.65,0.6500,0.032543,-0.026382,0.027488,lower
L1,0.65,0.6500,0.036823,-0.027404,0.007949,lower
L1,0.65,0.6500,0.041456,-0.028383,-0.004803,lower
L1,0.65,0.6500,0.046463,-0.029326,-0.012380,lower
L1,0.65,0.6500,0.051862,-0.030238,-0.016333,lower
L1,0.65,0.6500,0.057676,-0.031129,-0.018048,lower
L1,0.65,0.6500,0.063928,-0.032006,-0.018707,lower
L1,0.65,0.6500,0.070642,-0.032877,-0.019271,lower
L1,0.65,0.6500,0.077844,-0.033751,-0.020493,lower
L1,0.65,0.6500,0.085558,-0.034634,-0.022936,lower
L1,0.65,0.6500,0.093813,-0.035530,-0.026988,lower
L1,0.65,0.6500,0.102634,-0.036444,-0.032877,lower
L1,0.65,0.6500,0.112049,-0.037375,-0.040685,lower
L1,0.65,0.6500,0.122085,-0.038323,-0.050351,lower
L1,0.65,0.6500,0.132769,-0.039282,-0.061683,lower
L1,0.65,0.6500,0.144125,-0.040246,-0.074370,lower
L1,0.65,0.6500,0.156179,-0.041204,-0.088012,lower
L1,0.65,0.6500,0.168952,-0.042147,-0.102148,lower
L1,0.65,0.6500,0.182464,-0.043064,-0.116312,lower
L1,0.65,0.6500,0.196731,-0.043942,-0.130088,lower
L1,0.65,0.6500,0.211767,-0.044773,-0.143171,lower
L1,0.65,0.6500,0.227580,-0.045547,-0.155416,lower
L1,0.65,0.6500,0.244175,-0.046258,-0.166867,lower
L1,0.65,0.6500,0.261551,-0.046900,-0.177746,lower
L1,0.65,0.6500,0.279701,-0.047468,-0.188414,lower
L1,0.65,0.6500,0.298615,-0.047957,-0.199281,lower
L1,0.65,0.6500,0.318273,-0.048357,-0.210705,lower
L1,0.65,0.6500,0.338651,-0.048657,-0.222873,lower
L1,0.65,0.6500,0.359716,-0.048843,-0.235691,lower
L1,0.65,0.6500,0.381432,-0.048894,-0.248707,lower
L1,0.65,0.6500,0.403750,-0.048790,-0.261075,lower
L1,0.65,0.6500,0.426620,-0.048509,-0.271599,lower
L1,0.65,0.6500,0.449981,-0.048033,-0.278871,lower
L1,0.65,0.6500,0.473769,-0.047347,-0.281526,lower
L1,0.65,0.6500,0.497911,-0.046447,-0.278582,lower
L1,0.65,0.6500,0.522334,-0.045337,-0.269750,lower
L1,0.65,0.6500,0.546959,-0.044030,-0.255565,lower
L1,0.65,0.6500,0.571705,-0.042545,-0.237246,lower
L1,0.65,0.6500,0.596493,-0.040910,-0.216346,lower
L1,0.65,0.6500,0.621239,-0.039149,-0.194372,lower
L1,0.65,0.6500,0.645864,-0.037290,-0.172521,lower
L1,0.65,0.6500,0.670288,-0.035354,-0.151562,lower
L1,0.65,0.6500,0.694435,-0.033360,-0.131834,lower
L1,0.65,0.6500,0.718230,-0.031322,-0.113316,lower
L1,0.65,0.6500,0.741604,-0.029247,-0.095733,lower
L1,0.65,0.6500,0.764492,-0.027144,-0.078662,lower
L1,0.65,0.6500,0.786835,-0.025019,-0.061632,lower
L1,0.65,0.6500,0.808581,-0.022876,-0.044195,lower
L1,0.65,0.6500,0.829682,-0.020722,-0.025959,lower
L1,0.65,0.6500,0.850101,-0.018564,-0.006598,lower
L1,0.65,0.6500,0.869805,-0.016409,0.014172,lower
L1,0.65,0.6500,0.888767,-0.014267,0.036615,lower
L1,0.65,0.6500,0.906971,-0.012147,0.061002,lower
L1,0.65,0.6500,0.924403,-0.010062,0.087632,lower
L1,0.65,0.6500,0.941059,-0.008025,0.116856,lower
L1,0.65,0.6500,0.956938,-0.006050,0.149122,lower
L1,0.65,0.6500,0.972047,-0.004158,0.185172,lower
L1,0.65,0.6500,0.986396,-0.002368,0.226489,lower
L1,0.65,0.6500,1.000000,-0.000705,0.297419,lower
L1,0.80,0.8000,0.000000,0.000000,0.885633,upper
L1,0.80,0.8000,0.000019,0.000793,0.864790,upper
L1,0.80,0.8000,0.000080,0.001650,0.839700,upper
L1,0.80,0.8000,0.000196,0.002574,0.806592,upper
L1,0.80,0.8000,0.000377,0.003566,0.764134,upper
L1,0.80,0.8000,0.000638,0.004627,0.711078,upper
L1,0.80,0.8000,0.000993,0.005755,0.646355,upper
L1,0.80,0.8000,0.001458,0.006948,0.569214,upper
L1,0.80,0.8000,0.002052,0.008200,0.479395,upper
L1,0.80,0.8000,0.002791,0.009505,0.377293,upper
L1,0.80,0.8000,0.003694,0.010854,0.264087,upper
L1,0.80,0.8000,0.004777,0.012236,0.141774,upper
L1,0.80,0.8000,0.006058,0.013638,0.013119,upper
L1,0.80,0.8000,0.007551,0.015047,-0.118502,upper
L1,0.80,0.8000,0.009271,0.016451,-0.249240,upper
L1,0.80,0.8000,0.011229,0.017838,-0.375755,upper
L1,0.80,0.8000,0.013436,0.019195,-0.496959,upper
L1,0.80,0.8000,0.015904,0.020515,-0.610984,upper
L1,0.80,0.8000,0.018643,0.021791,-0.711135,upper
L1,0.80,0.8000,0.021664,0.023016,-0.793767,upper
L1,0.80,0.8000,0.024979,0.024190,-0.860362,upper
L1,0.80,0.8000,0.028600,0.025311,-0.912026,upper
L1,0.80,0.8000,0.032543,0.026382,-0.949921,upper
L1,0.80,0.8000,0.036823,0.027404,-0.975154,upper
L1,0.80,0.8000,0.041456,0.028383,-0.988847,upper
L1,0.80,0.8000,0.046463,0.029326,-0.992279,upper
L1,0.80,0.8000,0.051862,0.030238,-0.986839,upper
L1,0.80,0.8000,0.057676,0.031129,-0.973930,upper
L1,0.80,0.8000,0.063928,0.032006,-0.954877,upper
L1,0.80,0.8000,0.070642,0.032877,-0.930868,upper
L1,0.80,0.8000,0.077844,0.033751,-0.902922,upper
L1,0.80,0.8000,0.085558,0.034634,-0.871860,upper
L1,0.80,0.8000,0.093813,0.035530,-0.838365,upper
L1,0.80,0.8000,0.102634,0.036444,-0.803259,upper
L1,0.80,0.8000,0.112049,0.037375,-0.768067,upper
L1,0.80,0.8000,0.122085,0.038323,-0.735701,upper
L1,0.80,0.8000,0.132769,0.039282,-0.710076,upper
L1,0.80,0.8000,0.144125,0.040246,-0.693731,upper
L1,0.80,0.8000,0.156179,0.041204,-0.685961,upper
L1,0.80,0.8000,0.168952,0.042147,-0.684034,upper
L1,0.80,0.8000,0.182464,0.043064,-0.685375,upper
L1,0.80,0.8000,0.196731,0.043942,-0.688245,upper
L1,0.80,0.8000,0.211767,0.044773,-0.691457,upper
L1,0.80,0.8000,0.227580,0.045547,-0.694131,upper
L1,0.80,0.8000,0.244175,0.046258,-0.695659,upper
L1,0.80,0.8000,0.261551,0.046900,-0.695742,upper
L1,0.80,0.8000,0.279701,0.047468,-0.694414,upper
L1,0.80,0.8000,0.298615,0.047957,-0.692031,upper
L1,0.80,0.8000,0.318273,0.048357,-0.689178,upper
L1,0.80,0.8000,0.338651,0.048657,-0.686495,upper
L1,0.80,0.8000,0.359716,0.048843,-0.684391,upper
L1,0.80,0.8000,0.381432,0.048894,-0.682795,upper
L1,0.80,0.8000,0.403751,0.048790,-0.680544,upper
L1,0.80,0.8000,0.426620,0.048509,-0.673650,upper
L1,0.80,0.8000,0.449981,0.048033,-0.648523,upper
L1,0.80,0.8000,0.473769,0.047347,-0.565629,upper
L1,0.80,0.8000,0.497911,0.046447,-0.421211,upper
L1,0.80,0.8000,0.522334,0.045337,-0.299380,upper
L1,0.80,0.8000,0.546959,0.044030,-0.243489,upper
L1,0.80,0.8000,0.571705,0.042545,-0.219610,upper
L1,0.80,0.8000,0.596493,0.040910,-0.202959,upper
L1,0.80,0.8000,0.621239,0.039149,-0.185920,upper
L1,0.80,0.8000,0.645864,0.037290,-0.167610,upper
L1,0.80,0.8000,0.670288,0.035354,-0.148793,upper
L1,0.80,0.8000,0.694435,0.033360,-0.130216,upper
L1,0.80,0.8000,0.718230,0.031322,-0.112223,upper
L1,0.80,0.8000,0.741604,0.029247,-0.094785,upper
L1,0.80,0.8000,0.764492,0.027144,-0.077637,upper
L1,0.80,0.8000,0.786835,0.025019,-0.060409,upper
L1,0.80,0.8000,0.808581,0.022876,-0.042721,upper
L1,0.80,0.8000,0.829682,0.020722,-0.024232,upper
L1,0.80,0.8000,0.850101,0.018564,-0.004654,upper
L1,0.80,0.8000,0.869805,0.016409,0.016264,upper
L1,0.80,0.8000,0.888768,0.014267,0.038758,upper
L1,0.80,0.8000,0.906971,0.012147,0.063080,upper
L1,0.80,0.8000,0.924403,0.010062,0.089512,upper
L1,0.80,0.8000,0.941059,0.008025,0.118404,upper
L1,0.80,0.8000,0.956938,0.006050,0.150188,upper
L1,0.80,0.8000,0.972047,0.004158,0.185524,upper
L1,0.80,0.8000,0.986396,0.002368,0.225697,upper
L1,0.80,0.8000,1.000000,0.000705,0.296805,upper
L1,0.80,0.8000,0.000000,0.000000,0.885633,lower
L1,0.80,0.8000,0.000019,-0.000793,0.906211,lower
L1,0.80,0.8000,0.000080,-0.001650,0.925255,lower
L1,0.80,0.8000,0.000196,-0.002574,0.939607,lower
L1,0.80,0.8000,0.000377,-0.003566,0.945973,lower
L1,0.80,0.8000,0.000638,-0.004627,0.945202,lower
L1,0.80,0.8000,0.000993,-0.005755,0.937914,lower
L1,0.80,0.8000,0.001458,-0.006948,0.920901,lower
L1,0.80,0.8000,0.002052,-0.008200,0.892948,lower
L1,0.80,0.8000,0.002791,-0.009505,0.853292,lower
L1,0.80,0.8000,0.003694,-0.010854,0.801824,lower
L1,0.80,0.8000,0.004777,-0.012236,0.739222,lower
L1,0.80,0.8000,0.006058,-0.013638,0.667028,lower
L1,0.80,0.8000,0.007551,-0.015047,0.587605,lower
L1,0.80,0.8000,0.009271,-0.016451,0.503957,lower
L1,0.80,0.8000,0.011229,-0.017838,0.419444,lower
L1,0.80,0.8000,0.013436,-0.019195,0.337444,lower
L1,0.80,0.8000,0.015904,-0.020515,0.261005,lower
L1,0.80,0.8000,0.018643,-0.021791,0.192560,lower
L1,0.80,0.8000,0.021664,-0.023016,0.133744,lower
L1,0.80,0.8000,0.024979,-0.024190,0.085328,lower
L1,0.80,0.8000,0.028600,-0.025311,0.047242,lower
L1,0.80,0.8000,0.032543,-0.026382,0.018685,lower
L1,0.80,0.8000,0.036823,-0.027404,-0.001596,lower
L1,0.80,0.8000,0.041456,-0.028383,-0.015086,lower
L1,0.80,0.8000,0.046463,-0.029326,-0.023381,lower
L1,0.80,0.8000,0.051862,-0.030238,-0.028028,lower
L1,0.80,0.8000,0.057676,-0.031129,-0.030413,lower
L1,0.80,0.8000,0.063928,-0.032006,-0.031720,lower
L1,0.80,0.8000,0.070642,-0.032877,-0.032918,lower
L1,0.80,0.8000,0.077844,-0.033751,-0.034768,lower
L1,0.80,0.8000,0.085558,-0.034634,-0.037839,lower
L1,0.80,0.8000,0.093813,-0.035530,-0.042526,lower
L1,0.80,0.8000,0.102634,-0.036444,-0.049064,lower
L1,0.80,0.8000,0.112049,-0.037375,-0.057540,lower
L1,0.80,0.8000,0.122085,-0.038323,-0.067898,lower
L1,0.80,0.8000,0.132769,-0.039282,-0.079944,lower
L1,0.80,0.8000,0.144125,-0.040246,-0.093368,lower
L1,0.80,0.8000,0.156179,-0.041204,-0.107761,lower
L1,0.80,0.8000,0.168952,-0.042147,-0.122653,lower
L1,0.80,0.8000,0.182464,-0.043064,-0.137562,lower
L1,0.80,0.8000,0.196731,-0.043942,-0.152050,lower
L1,0.80,0.8000,0.211767,-0.044773,-0.165786,lower
L1,0.80,0.8000,0.227580,-0.045547,-0.178594,lower
L1,0.80,0.8000,0.244175,-0.046258,-0.190484,lower
L1,0.80,0.8000,0.261551,-0.046900,-0.201642,lower
L1,0.80,0.8000,0.279701,-0.047468,-0.212386,lower
L1,0.80,0.8000,0.298615,-0.047957,-0.223084,lower
L1,0.80,0.8000,0.318273,-0.048357,-0.234041,lower
L1,0.80,0.8000,0.338651,-0.048657,-0.245384,lower
L1,0.80,0.8000,0.359716,-0.048843,-0.256954,lower
L1,0.80,0.8000,0.381432,-0.048894,-0.268223,lower
L1,0.80,0.8000,0.403751,-0.048790,-0.278280,lower
L1,0.80,0.8000,0.426620,-0.048509,-0.285891,lower
L1,0.80,0.8000,0.449981,-0.048033,-0.289674,lower
L1,0.80,0.8000,0.473769,-0.047347,-0.288398,lower
L1,0.80,0.8000,0.497911,-0.046447,-0.281328,lower
L1,0.80,0.8000,0.522334,-0.045337,-0.268502,lower
L1,0.80,0.8000,0.546959,-0.044030,-0.250759,lower
L1,0.80,0.8000,0.571705,-0.042545,-0.229513,lower
L1,0.80,0.8000,0.596493,-0.040910,-0.206375,lower
L1,0.80,0.8000,0.621239,-0.039149,-0.182808,lower
L1,0.80,0.8000,0.645864,-0.037290,-0.159917,lower
L1,0.80,0.8000,0.670288,-0.035354,-0.138371,lower
L1,0.80,0.8000,0.694435,-0.033360,-0.118427,lower
L1,0.80,0.8000,0.718230,-0.031322,-0.100001,lower
L1,0.80,0.8000,0.741604,-0.029247,-0.082770,lower
L1,0.80,0.8000,0.764492,-0.027144,-0.066271,lower
L1,0.80,0.8000,0.786835,-0.025019,-0.050000,lower
L1,0.80,0.8000,0.808581,-0.022876,-0.033473,lower
L1,0.80,0.8000,0.829682,-0.020722,-0.016261,lower
L1,0.80,0.8000,0.850101,-0.018564,0.001997,lower
L1,0.80,0.8000,0.869805,-0.016409,0.021621,lower
L1,0.80,0.8000,0.888768,-0.014267,0.042907,lower
L1,0.80,0.8000,0.906971,-0.012147,0.066153,lower
L1,0.80,0.8000,0.924403,-0.010062,0.091681,lower
L1,0.80,0.8000,0.941059,-0.008025,0.119862,lower
L1,0.80,0.8000,0.956938,-0.006050,0.151155,lower
L1,0.80,0.8000,0.972047,-0.004158,0.186311,lower
L1,0.80,0.8000,0.986396,-0.002368,0.226812,lower
L1,0.80,0.8000,1.000000,-0.000705,0.297258,lower
L1,0.90,0.9000,0.000000,0.000000,0.870662,upper
L1,0.90,0.9000,0.000019,0.000793,0.849931,upper
L1,0.90,0.9000,0.000080,0.001650,0.824941,upper
L1,0.90,0.9000,0.000196,0.002574,0.791926,upper
L1,0.90,0.9000,0.000377,0.003566,0.749553,upper
L1,0.90,0.9000,0.000638,0.004627,0.696573,upper
L1,0.90,0.9000,0.000993,0.005755,0.631917,upper
L1,0.90,0.9000,0.001458,0.006948,0.554834,upper
L1,0.90,0.9000,0.002052,0.008200,0.465066,upper
L1,0.90,0.9000,0.002791,0.009505,0.363009,upper
L1,0.90,0.9000,0.003694,0.010854,0.249843,upper
L1,0.90,0.9000,0.004777,0.012236,0.127567,upper
L1,0.90,0.9000,0.006058,0.013638,-0.001058,upper
L1,0.90,0.9000,0.007551,0.015047,-0.132661,upper
L1,0.90,0.9000,0.009271,0.016451,-0.263395,upper
L1,0.90,0.9000,0.011228,0.017838,-0.389946,upper
L1,0.90,0.9000,0.013436,0.019195,-0.511721,upper
L1,0.90,0.9000,0.015904,0.020515,-0.625884,upper
L1,0.90,0.9000,0.018643,0.021791,-0.725699,upper
L1,0.90,0.9000,0.021664,0.023016,-0.808831,upper
L1,0.90,0.9000,0.024979,0.024190,-0.876027,upper
L1,0.90,0.9000,0.028600,0.025311,-0.928086,upper
L1,0.90,0.9000,0.032543,0.026382,-0.966574,upper
L1,0.90,0.9000,0.036823,0.027404,-0.992633,upper
L1,0.90,0.9000,0.041456,0.028383,-1.007377,upper
L1,0.90,0.9000,0.046462,0.029326,-1.012112,upper
L1,0.90,0.9000,0.051862,0.030238,-1.008278,upper
L1,0.90,0.9000,0.057676,0.031129,-0.997333,upper
L1,0.90,0.9000,0.063928,0.032006,-0.980673,upper
L1,0.90,0.9000,0.070642,0.032877,-0.959580,upper
L1,0.90,0.9000,0.077844,0.033751,-0.935217,upper
L1,0.90,0.9000,0.085558,0.034634,-0.908600,upper
L1,0.90,0.9000,0.093813,0.035530,-0.880592,upper
L1,0.90,0.9000,0.102634,0.036444,-0.851999,upper
L1,0.90,0.9000,0.112049,0.037375,-0.823675,upper
L1,0.90,0.9000,0.122085,0.038323,-0.796637,upper
L1,0.90,0.9000,0.132769,0.039282,-0.772168,upper
L1,0.90,0.9000,0.144125,0.040246,-0.751672,upper
L1,0.90,0.9000,0.156179,0.041204,-0.736067,upper
L1,0.90,0.9000,0.168952,0.042147,-0.725140,upper
L1,0.90,0.9000,0.182464,0.043064,-0.717596,upper
L1,0.90,0.9000,0.196731,0.043942,-0.711721,upper
L1,0.90,0.9000,0.211767,0.044773,-0.705944,upper
L1,0.90,0.9000,0.227580,0.045547,-0.699029,upper
L1,0.90,0.9000,0.244175,0.046258,-0.690083,upper
L1,0.90,0.9000,0.261551,0.046900,-0.678538,upper
L1,0.90,0.9000,0.279701,0.047468,-0.664145,upper
L1,0.90,0.9000,0.298615,0.047957,-0.646950,upper
L1,0.90,0.9000,0.318273,0.048357,-0.627171,upper
L1,0.90,0.9000,0.338651,0.048657,-0.604885,upper
L1,0.90,0.9000,0.359716,0.048843,-0.579292,upper
L1,0.90,0.9000,0.381432,0.048894,-0.547394,upper
L1,0.90,0.9000,0.403750,0.048790,-0.502916,upper
L1,0.90,0.9000,0.426620,0.048509,-0.442155,upper
L1,0.90,0.9000,0.449982,0.048033,-0.374952,upper
L1,0.90,0.9000,0.473769,0.047347,-0.319547,upper
L1,0.90,0.9000,0.497911,0.046447,-0.284014,upper
L1,0.90,0.9000,0.522334,0.045337,-0.262693,upper
L1,0.90,0.9000,0.546959,0.044030,-0.246578,upper
L1,0.90,0.9000,0.571705,0.042545,-0.230039,upper
L1,0.90,0.9000,0.596493,0.040910,-0.211424,upper
L1,0.90,0.9000,0.621239,0.039149,-0.191319,upper
L1,0.90,0.9000,0.645864,0.037290,-0.170926,upper
L1,0.90,0.9000,0.670288,0.035354,-0.151223,upper
L1,0.90,0.9000,0.694435,0.033360,-0.132698,upper
L1,0.90,0.9000,0.718230,0.031322,-0.115398,upper
L1,0.90,0.9000,0.741604,0.029247,-0.099055,upper
L1,0.90,0.9000,0.764492,0.027144,-0.083235,upper
L1,0.90,0.9000,0.786835,0.025019,-0.067451,upper
L1,0.90,0.9000,0.808581,0.022876,-0.051241,upper
L1,0.90,0.9000,0.829682,0.020722,-0.034208,upper
L1,0.90,0.9000,0.850101,0.018564,-0.016022,upper
L1,0.90,0.9000,0.869805,0.016409,0.003604,upper
L1,0.90,0.9000,0.888767,0.014267,0.024938,upper
L1,0.90,0.9000,0.906971,0.012147,0.048262,upper
L1,0.90,0.9000,0.924403,0.010062,0.073887,upper
L1,0.90,0.9000,0.941059,0.008025,0.102192,upper
L1,0.90,0.9000,0.956938,0.006050,0.133636,upper
L1,0.90,0.9000,0.972047,0.004158,0.168894,upper
L1,0.90,0.9000,0.986396,0.002368,0.209291,upper
L1,0.90,0.9000,1.000000,0.000705,0.281298,upper
L1,0.90,0.9000,0.000000,0.000000,0.870662,lower
L1,0.90,0.9000,0.000019,-0.000793,0.891104,lower
L1,0.90,0.9000,0.000080,-0.001650,0.909983,lower
L1,0.90,0.9000,0.000196,-0.002574,0.924130,lower
L1,0.90,0.9000,0.000377,-0.003566,0.930334,lower
L1,0.90,0.9000,0.000638,-0.004627,0.929363,lower
L1,0.90,0.9000,0.000993,-0.005755,0.921747,lower
L1,0.90,0.9000,0.001458,-0.006948,0.904347,lower
L1,0.90,0.9000,0.002052,-0.008200,0.875946,lower
L1,0.90,0.9000,0.002791,-0.009505,0.835775,lower
L1,0.90,0.9000,0.003694,-0.010854,0.783721,lower
L1,0.90,0.9000,0.004777,-0.012236,0.720461,lower
L1,0.90,0.9000,0.006058,-0.013638,0.647539,lower
L1,0.90,0.9000,0.007551,-0.015047,0.567318,lower
L1,0.90,0.9000,0.009271,-0.016451,0.482806,lower
L1,0.90,0.9000,0.011228,-0.017838,0.397372,lower
L1,0.90,0.9000,0.013436,-0.019195,0.314401,lower
L1,0.90,0.9000,0.015904,-0.020515,0.236953,lower
L1,0.90,0.9000,0.018643,-0.021791,0.167477,lower
L1,0.90,0.9000,0.021664,-0.023016,0.107628,lower
L1,0.90,0.9000,0.024979,-0.024190,0.058199,lower
L1,0.90,0.9000,0.028600,-0.025311,0.019135,lower
L1,0.90,0.9000,0.032543,-0.026382,-0.010353,lower
L1,0.90,0.9000,0.036823,-0.027404,-0.031510,lower
L1,0.90,0.9000,0.041456,-0.028383,-0.045823,lower
L1,0.90,0.9000,0.046462,-0.029326,-0.054906,lower
L1,0.90,0.9000,0.051862,-0.030238,-0.060319,lower
L1,0.90,0.9000,0.057676,-0.031129,-0.063469,lower
L1,0.90,0.9000,0.063928,-0.032006,-0.065558,lower
L1,0.90,0.9000,0.070642,-0.032877,-0.067566,lower
L1,0.90,0.9000,0.077844,-0.033751,-0.070264,lower
L1,0.90,0.9000,0.085558,-0.034634,-0.074225,lower
L1,0.90,0.9000,0.093813,-0.035530,-0.079841,lower
L1,0.90,0.9000,0.102634,-0.036444,-0.087338,lower
L1,0.90,0.9000,0.112049,-0.037375,-0.096785,lower
L1,0.90,0.9000,0.122085,-0.038323,-0.108101,lower
L1,0.90,0.9000,0.132769,-0.039282,-0.121056,lower
L1,0.90,0.9000,0.144125,-0.040246,-0.135293,lower
L1,0.90,0.9000,0.156179,-0.041204,-0.150349,lower
L1,0.90,0.9000,0.168952,-0.042147,-0.165688,lower
L1,0.90,0.9000,0.182464,-0.043064,-0.180754,lower
L1,0.90,0.9000,0.196731,-0.043942,-0.195030,lower
L1,0.90,0.9000,0.211767,-0.044773,-0.208107,lower
L1,0.90,0.9000,0.227580,-0.045547,-0.219735,lower
L1,0.90,0.9000,0.244175,-0.046258,-0.229857,lower
L1,0.90,0.9000,0.261551,-0.046900,-0.238609,lower
L1,0.90,0.9000,0.279701,-0.047468,-0.246268,lower
L1,0.90,0.9000,0.298615,-0.047957,-0.253177,lower
L1,0.90,0.9000,0.318273,-0.048357,-0.259630,lower
L1,0.90,0.9000,0.338651,-0.048657,-0.265757,lower
L1,0.90,0.9000,0.359716,-0.048843,-0.271426,lower
L1,0.90,0.9000,0.381432,-0.048894,-0.276181,lower
L1,0.90,0.9000,0.403750,-0.048790,-0.279247,lower
L1,0.90,0.9000,0.426620,-0.048509,-0.279630,lower
L1,0.90,0.9000,0.449982,-0.048033,-0.276322,lower
L1,0.90,0.9000,0.473769,-0.047347,-0.268572,lower
L1,0.90,0.9000,0.497911,-0.046447,-0.256144,lower
L1,0.90,0.9000,0.522334,-0.045337,-0.239443,lower
L1,0.90,0.9000,0.546959,-0.044030,-0.219428,lower
L1,0.90,0.9000,0.571705,-0.042545,-0.197376,lower
L1,0.90,0.9000,0.596493,-0.040910,-0.174599,lower
L1,0.90,0.9000,0.621239,-0.039149,-0.152227,lower
L1,0.90,0.9000,0.645864,-0.037290,-0.131078,lower
L1,0.90,0.9000,0.670288,-0.035354,-0.111616,lower
L1,0.90,0.9000,0.694435,-0.033360,-0.093961,lower
L1,0.90,0.9000,0.718230,-0.031322,-0.077953,lower
L1,0.90,0.9000,0.741604,-0.029247,-0.063223,lower
L1,0.90,0.9000,0.764492,-0.027144,-0.049285,lower
L1,0.90,0.9000,0.786835,-0.025019,-0.035615,lower
L1,0.90,0.9000,0.808581,-0.022876,-0.021715,lower
L1,0.90,0.9000,0.829682,-0.020722,-0.007143,lower
L1,0.90,0.9000,0.850101,-0.018564,0.008484,lower
L1,0.90,0.9000,0.869805,-0.016409,0.025502,lower
L1,0.90,0.9000,0.888767,-0.014267,0.044232,lower
L1,0.90,0.9000,0.906971,-0.012147,0.065000,lower
L1,0.90,0.9000,0.924403,-0.010062,0.088154,lower
L1,0.90,0.9000,0.941059,-0.008025,0.114093,lower
L1,0.90,0.9000,0.956938,-0.006050,0.143302,lower
L1,0.90,0.9000,0.972047,-0.004158,0.176550,lower
L1,0.90,0.9000,0.986396,-0.002368,0.215334,lower
L1,0.90,0.9000,1.000000,-0.000705,0.283851,lower
L1,0.96,0.9600,-0.000000,0.000000,0.842239,upper
L1,0.96,0.9600,0.000018,0.000793,0.822456,upper
L1,0.96,0.9600,0.000080,0.001650,0.798445,upper
L1,0.96,0.9600,0.000196,0.002574,0.766498,upper
L1,0.96,0.9600,0.000377,0.003566,0.725290,upper
L1,0.96,0.9600,0.000638,0.004627,0.673576,upper
L1,0.96,0.9600,0.000993,0.005755,0.610279,upper
L1,0.96,0.9600,0.001458,0.006948,0.534630,upper
L1,0.96,0.9600,0.002052,0.008200,0.446333,upper
L1,0.96,0.9600,0.002791,0.009505,0.345741,upper
L1,0.96,0.9600,0.003694,0.010854,0.233975,upper
L1,0.96,0.9600,0.004777,0.012236,0.112975,upper
L1,0.96,0.9600,0.006058,0.013638,-0.014550,upper
L1,0.96,0.9600,0.007551,0.015047,-0.145264,upper
L1,0.96,0.9600,0.009271,0.016451,-0.275302,upper
L1,0.96,0.9600,0.011228,0.017838,-0.401397,upper
L1,0.96,0.9600,0.013436,0.019195,-0.522956,upper
L1,0.96,0.9600,0.015904,0.020515,-0.636957,upper
L1,0.96,0.9600,0.018643,0.021791,-0.737003,upper
L1,0.96,0.9600,0.021664,0.023016,-0.820674,upper
L1,0.96,0.9600,0.024979,0.024190,-0.888297,upper
L1,0.96,0.9600,0.028600,0.025311,-0.940777,upper
L1,0.96,0.9600,0.032543,0.026382,-0.979657,upper
L1,0.96,0.9600,0.036823,0.027404,-1.006033,upper
L1,0.96,0.9600,0.041456,0.028383,-1.020972,upper
L1,0.96,0.9600,0.046463,0.029326,-1.025744,upper
L1,0.96,0.9600,0.051862,0.030238,-1.021723,upper
L1,0.96,0.9600,0.057676,0.031129,-1.010243,upper
L1,0.96,0.9600,0.063928,0.032006,-0.992513,upper
L1,0.96,0.9600,0.070642,0.032877,-0.969584,upper
L1,0.96,0.9600,0.077844,0.033751,-0.942369,upper
L1,0.96,0.9600,0.085558,0.034634,-0.911645,upper
L1,0.96,0.9600,0.093813,0.035530,-0.878123,upper
L1,0.96,0.9600,0.102634,0.036444,-0.842616,upper
L1,0.96,0.9600,0.112049,0.037375,-0.806169,upper
L1,0.96,0.9600,0.122085,0.038323,-0.770107,upper
L1,0.96,0.9600,0.132769,0.039282,-0.736004,upper
L1,0.96,0.9600,0.144125,0.040246,-0.705489,upper
L1,0.96,0.9600,0.156179,0.041204,-0.679796,upper
L1,0.96,0.9600,0.168952,0.042147,-0.659226,upper
L1,0.96,0.9600,0.182463,0.043064,-0.642967,upper
L1,0.96,0.9600,0.196731,0.043942,-0.629459,upper
L1,0.96,0.9600,0.211767,0.044773,-0.616987,upper
L1,0.96,0.9600,0.227580,0.045547,-0.604034,upper
L1,0.96,0.9600,0.244175,0.046258,-0.589402,upper
L1,0.96,0.9600,0.261551,0.046900,-0.572251,upper
L1,0.96,0.9600,0.279701,0.047468,-0.552111,upper
L1,0.96,0.9600,0.298615,0.047957,-0.528918,upper
L1,0.96,0.9600,0.318273,0.048357,-0.502907,upper
L1,0.96,0.9600,0.338651,0.048657,-0.474352,upper
L1,0.96,0.9600,0.359717,0.048843,-0.443460,upper
L1,0.96,0.9600,0.381432,0.048894,-0.410727,upper
L1,0.96,0.9600,0.403750,0.048790,-0.377807,upper
L1,0.96,0.9600,0.426620,0.048509,-0.347732,upper
L1,0.96,0.9600,0.449981,0.048033,-0.323178,upper
L1,0.96,0.9600,0.473769,0.047347,-0.304336,upper
L1,0.96,0.9600,0.497911,0.046447,-0.288914,upper
L1,0.96,0.9600,0.522334,0.045337,-0.273955,upper
L1,0.96,0.9600,0.546959,0.044030,-0.257537,upper
L1,0.96,0.9600,0.571705,0.042545,-0.239250,upper
L1,0.96,0.9600,0.596493,0.040910,-0.219739,upper
L1,0.96,0.9600,0.621239,0.039149,-0.200001,upper
L1,0.96,0.9600,0.645864,0.037290,-0.180878,upper
L1,0.96,0.9600,0.670288,0.035354,-0.162857,upper
L1,0.96,0.9600,0.694435,0.033360,-0.146069,upper
L1,0.96,0.9600,0.718230,0.031322,-0.130360,upper
L1,0.96,0.9600,0.741603,0.029247,-0.115397,upper
L1,0.96,0.9600,0.764492,0.027144,-0.100761,upper
L1,0.96,0.9600,0.786835,0.025019,-0.086021,upper
L1,0.96,0.9600,0.808581,0.022876,-0.070790,upper
L1,0.96,0.9600,0.829682,0.020722,-0.054742,upper
L1,0.96,0.9600,0.850101,0.018564,-0.037624,upper
L1,0.96,0.9600,0.869805,0.016409,-0.019232,upper
L1,0.96,0.9600,0.888767,0.014267,0.000601,upper
L1,0.96,0.9600,0.906971,0.012147,0.022024,upper
L1,0.96,0.9600,0.924403,0.010062,0.045185,upper
L1,0.96,0.9600,0.941059,0.008025,0.070245,upper
L1,0.96,0.9600,0.956938,0.006050,0.097363,upper
L1,0.96,0.9600,0.972047,0.004158,0.126768,upper
L1,0.96,0.9600,0.986396,0.002368,0.159316,upper
L1,0.96,0.9600,1.000000,0.000705,0.220545,upper
L1,0.96,0.9600,-0.000000,0.000000,0.842239,lower
L1,0.96,0.9600,0.000018,-0.000793,0.861671,lower
L1,0.96,0.9600,0.000080,-0.001650,0.879447,lower
L1,0.96,0.9600,0.000196,-0.002574,0.892362,lower
L1,0.96,0.9600,0.000377,-0.003566,0.897770,lower
L1,0.96,0.9600,0.000638,-0.004627,0.896112,lower
L1,0.96,0.9600,0.000993,-0.005755,0.887369,lower
L1,0.96,0.9600,0.001458,-0.006948,0.868789,lower
L1,0.96,0.9600,0.002052,-0.008200,0.839147,lower
L1,0.96,0.9600,0.002791,-0.009505,0.797673,lower
L1,0.96,0.9600,0.003694,-0.010854,0.744243,lower
L1,0.96,0.9600,0.004777,-0.012236,0.679519,lower
L1,0.96,0.9600,0.006058,-0.013638,0.605028,lower
L1,0.96,0.9600,0.007551,-0.015047,0.523122,lower
L1,0.96,0.9600,0.009271,-0.016451,0.436802,lower
L1,0.96,0.9600,0.011228,-0.017838,0.349445,lower
L1,0.96,0.9600,0.013436,-0.019195,0.264459,lower
L1,0.96,0.9600,0.015904,-0.020515,0.184942,lower
L1,0.96,0.9600,0.018643,-0.021791,0.113392,lower
L1,0.96,0.9600,0.021664,-0.023016,0.051523,lower
L1,0.96,0.9600,0.024979,-0.024190,0.000191,lower
L1,0.96,0.9600,0.028600,-0.025311,-0.040635,lower
L1,0.96,0.9600,0.032543,-0.026382,-0.071707,lower
L1,0.96,0.9600,0.036823,-0.027404,-0.094220,lower
L1,0.96,0.9600,0.041456,-0.028383,-0.109668,lower
L1,0.96,0.9600,0.046463,-0.029326,-0.119674,lower
L1,0.96,0.9600,0.051862,-0.030238,-0.125810,lower
L1,0.96,0.9600,0.057676,-0.031129,-0.129488,lower
L1,0.96,0.9600,0.063928,-0.032006,-0.131902,lower
L1,0.96,0.9600,0.070642,-0.032877,-0.134015,lower
L1,0.96,0.9600,0.077844,-0.033751,-0.136562,lower
L1,0.96,0.9600,0.085558,-0.034634,-0.140075,lower
L1,0.96,0.9600,0.093813,-0.035530,-0.144900,lower
L1,0.96,0.9600,0.102634,-0.036444,-0.151206,lower
L1,0.96,0.9600,0.112049,-0.037375,-0.159007,lower
L1,0.96,0.9600,0.122085,-0.038323,-0.168170,lower
L1,0.96,0.9600,0.132769,-0.039282,-0.178426,lower
L1,0.96,0.9600,0.144125,-0.040246,-0.189386,lower
L1,0.96,0.9600,0.156179,-0.041204,-0.200569,lower
L1,0.96,0.9600,0.168952,-0.042147,-0.211438,lower
L1,0.96,0.9600,0.182463,-0.043064,-0.221455,lower
L1,0.96,0.9600,0.196731,-0.043942,-0.230142,lower
L1,0.96,0.9600,0.211767,-0.044773,-0.237147,lower
L1,0.96,0.9600,0.227580,-0.045547,-0.242294,lower
L1,0.96,0.9600,0.244175,-0.046258,-0.245614,lower
L1,0.96,0.9600,0.261551,-0.046900,-0.247335,lower
L1,0.96,0.9600,0.279701,-0.047468,-0.247828,lower
L1,0.96,0.9600,0.298615,-0.047957,-0.247524,lower
L1,0.96,0.9600,0.318273,-0.048357,-0.246803,lower
L1,0.96,0.9600,0.338651,-0.048657,-0.245887,lower
L1,0.96,0.9600,0.359717,-0.048843,-0.244762,lower
L1,0.96,0.9600,0.381432,-0.048894,-0.243130,lower
L1,0.96,0.9600,0.403750,-0.048790,-0.240441,lower
L1,0.96,0.9600,0.426620,-0.048509,-0.235994,lower
L1,0.96,0.9600,0.449981,-0.048033,-0.229103,lower
L1,0.96,0.9600,0.473769,-0.047347,-0.219291,lower
L1,0.96,0.9600,0.497911,-0.046447,-0.206447,lower
L1,0.96,0.9600,0.522334,-0.045337,-0.190885,lower
L1,0.96,0.9600,0.546959,-0.044030,-0.173279,lower
L1,0.96,0.9600,0.571705,-0.042545,-0.154518,lower
L1,0.96,0.9600,0.596493,-0.040910,-0.135532,lower
L1,0.96,0.9600,0.621239,-0.039149,-0.117140,lower
L1,0.96,0.9600,0.645864,-0.037290,-0.099950,lower
L1,0.96,0.9600,0.670288,-0.035354,-0.084302,lower
L1,0.96,0.9600,0.694435,-0.033360,-0.070267,lower
L1,0.96,0.9600,0.718230,-0.031322,-0.057677,lower
L1,0.96,0.9600,0.741603,-0.029247,-0.046194,lower
L1,0.96,0.9600,0.764492,-0.027144,-0.035382,lower
L1,0.96,0.9600,0.786835,-0.025019,-0.024782,lower
L1,0.96,0.9600,0.808581,-0.022876,-0.013963,lower
L1,0.96,0.9600,0.829682,-0.020722,-0.002554,lower
L1,0.96,0.9600,0.850101,-0.018564,0.009760,lower
L1,0.96,0.9600,0.869805,-0.016409,0.023255,lower
L1,0.96,0.9600,0.888767,-0.014267,0.038196,lower
L1,0.96,0.9600,0.906971,-0.012147,0.054858,lower
L1,0.96,0.9600,0.924403,-0.010062,0.073533,lower
L1,0.96,0.9600,0.941059,-0.008025,0.094549,lower
L1,0.96,0.9600,0.956938,-0.006050,0.118274,lower
L1,0.96,0.9600,0.972047,-0.004158,0.145269,lower
L1,0.96,0.9600,0.986396,-0.002368,0.176664,lower
L1,0.96,0.9600,1.000000,-0.000705,0.228334,lower
L1,0.99,0.9900,0.000000,0.000000,0.756412,upper
L1,0.99,0.9900,0.000019,0.000793,0.737962,upper
L1,0.99,0.9900,0.000080,0.001650,0.715555,upper
L1,0.99,0.9900,0.000196,0.002574,0.685497,upper
L1,0.99,0.9900,0.000377,0.003566,0.646469,upper
L1,0.99,0.9900,0.000638,0.004627,0.597223,upper
L1,0.99,0.9900,0.000993,0.005755,0.536627,upper
L1,0.99,0.9900,0.001458,0.006948,0.463862,upper
L1,0.99,0.9900,0.002052,0.008200,0.378686,upper
L1,0.99,0.9900,0.002791,0.009505,0.281787,upper
L1,0.99,0.9900,0.003694,0.010854,0.174592,upper
L1,0.99,0.9900,0.004777,0.012236,0.058825,upper
L1,0.99,0.9900,0.006058,0.013638,-0.063016,upper
L1,0.99,0.9900,0.007551,0.015047,-0.187594,upper
L1,0.99,0.9900,0.009271,0.016451,-0.311163,upper
L1,0.99,0.9900,0.011228,0.017838,-0.430224,upper
L1,0.99,0.9900,0.013436,0.019195,-0.542767,upper
L1,0.99,0.9900,0.015904,0.020515,-0.647977,upper
L1,0.99,0.9900,0.018643,0.021791,-0.740223,upper
L1,0.99,0.9900,0.021664,0.023016,-0.814961,upper
L1,0.99,0.9900,0.024979,0.024190,-0.873204,upper
L1,0.99,0.9900,0.028600,0.025311,-0.915833,upper
L1,0.99,0.9900,0.032543,0.026382,-0.944255,upper
L1,0.99,0.9900,0.036823,0.027404,-0.959870,upper
L1,0.99,0.9900,0.041456,0.028383,-0.963981,upper
L1,0.99,0.9900,0.046463,0.029326,-0.958026,upper
L1,0.99,0.9900,0.051862,0.030238,-0.943547,upper
L1,0.99,0.9900,0.057676,0.031129,-0.922106,upper
L1,0.99,0.9900,0.063928,0.032006,-0.895215,upper
L1,0.99,0.9900,0.070643,0.032877,-0.864334,upper
L1,0.99,0.9900,0.077844,0.033751,-0.830729,upper
L1,0.99,0.9900,0.085558,0.034634,-0.795823,upper
L1,0.99,0.9900,0.093813,0.035530,-0.761203,upper
L1,0.99,0.9900,0.102634,0.036444,-0.728292,upper
L1,0.99,0.9900,0.112049,0.037375,-0.698408,upper
L1,0.99,0.9900,0.122085,0.038323,-0.672458,upper
L1,0.99,0.9900,0.132769,0.039282,-0.651205,upper
L1,0.99,0.9900,0.144125,0.040246,-0.634806,upper
L1,0.99,0.9900,0.156179,0.041204,-0.622592,upper
L1,0.99,0.9900,0.168952,0.042147,-0.613603,upper
L1,0.99,0.9900,0.182464,0.043064,-0.606600,upper
L1,0.99,0.9900,0.196731,0.043942,-0.600299,upper
L1,0.99,0.9900,0.211767,0.044773,-0.593538,upper
L1,0.99,0.9900,0.227580,0.045547,-0.585394,upper
L1,0.99,0.9900,0.244175,0.046258,-0.575195,upper
L1,0.99,0.9900,0.261551,0.046900,-0.562578,upper
L1,0.99,0.9900,0.279701,0.047468,-0.547553,upper
L1,0.99,0.9900,0.298615,0.047957,-0.530428,upper
L1,0.99,0.9900,0.318273,0.048357,-0.511706,upper
L1,0.99,0.9900,0.338651,0.048657,-0.492000,upper
L1,0.99,0.9900,0.359716,0.048843,-0.472001,upper
L1,0.99,0.9900,0.381432,0.048894,-0.452559,upper
L1,0.99,0.9900,0.403750,0.048790,-0.434663,upper
L1,0.99,0.9900,0.426620,0.048509,-0.419154,upper
L1,0.99,0.9900,0.449981,0.048033,-0.406226,upper
L1,0.99,0.9900,0.473769,0.047347,-0.395168,upper
L1,0.99,0.9900,0.497911,0.046447,-0.384663,upper
L1,0.99,0.9900,0.522334,0.045337,-0.373428,upper
L1,0.99,0.9900,0.546959,0.044030,-0.360718,upper
L1,0.99,0.9900,0.571705,0.042545,-0.346445,upper
L1,0.99,0.9900,0.596493,0.040910,-0.330997,upper
L1,0.99,0.9900,0.621239,0.039149,-0.314949,upper
L1,0.99,0.9900,0.645864,0.037290,-0.298836,upper
L1,0.99,0.9900,0.670288,0.035354,-0.283027,upper
L1,0.99,0.9900,0.694435,0.033360,-0.267673,upper
L1,0.99,0.9900,0.718230,0.031322,-0.252731,upper
L1,0.99,0.9900,0.741604,0.029247,-0.237999,upper
L1,0.99,0.9900,0.764492,0.027144,-0.223183,upper
L1,0.99,0.9900,0.786835,0.025019,-0.207950,upper
L1,0.99,0.9900,0.808581,0.022876,-0.191977,upper
L1,0.99,0.9900,0.829683,0.020722,-0.174976,upper
L1,0.99,0.9900,0.850101,0.018564,-0.156700,upper
L1,0.99,0.9900,0.869805,0.016409,-0.136941,upper
L1,0.99,0.9900,0.888767,0.014267,-0.115511,upper
L1,0.99,0.9900,0.906971,0.012147,-0.092232,upper
L1,0.99,0.9900,0.924403,0.010062,-0.066936,upper
L1,0.99,0.9900,0.941059,0.008025,-0.039436,upper
L1,0.99,0.9900,0.956939,0.006050,-0.009555,upper
L1,0.99,0.9900,0.972047,0.004158,0.022934,upper
L1,0.99,0.9900,0.986396,0.002368,0.058648,upper
L1,0.99,0.9900,1.000000,0.000705,0.126555,upper
L1,0.99,0.9900,0.000000,0.000000,0.756412,lower
L1,0.99,0.9900,0.000019,-0.000793,0.774496,lower
L1,0.99,0.9900,0.000080,-0.001650,0.790739,lower
L1,0.99,0.9900,0.000196,-0.002574,0.802022,lower
L1,0.99,0.9900,0.000377,-0.003566,0.806247,lower
L1,0.99,0.9900,0.000638,-0.004627,0.803429,lower
L1,0.99,0.9900,0.000993,-0.005755,0.793003,lower
L1,0.99,0.9900,0.001458,-0.006948,0.772629,lower
L1,0.99,0.9900,0.002052,-0.008200,0.741044,lower
L1,0.99,0.9900,0.002791,-0.009505,0.697532,lower
L1,0.99,0.9900,0.003694,-0.010854,0.642159,lower
L1,0.99,0.9900,0.004777,-0.012236,0.576100,lower
L1,0.99,0.9900,0.006058,-0.013638,0.501082,lower
L1,0.99,0.9900,0.007551,-0.015047,0.419265,lower
L1,0.99,0.9900,0.009271,-0.016451,0.333639,lower
L1,0.99,0.9900,0.011228,-0.017838,0.247567,lower
L1,0.99,0.9900,0.013436,-0.019195,0.164423,lower
L1,0.99,0.9900,0.015904,-0.020515,0.087245,lower
L1,0.99,0.9900,0.018643,-0.021791,0.018448,lower
L1,0.99,0.9900,0.021664,-0.023016,-0.040357,lower
L1,0.99,0.9900,0.024979,-0.024190,-0.088431,lower
L1,0.99,0.9900,0.028600,-0.025311,-0.125858,lower
L1,0.99,0.9900,0.032543,-0.026382,-0.153419,lower
L1,0.99,0.9900,0.036823,-0.027404,-0.172377,lower
L1,0.99,0.9900,0.041456,-0.028383,-0.184260,lower
L1,0.99,0.9900,0.046463,-0.029326,-0.190678,lower
L1,0.99,0.9900,0.051862,-0.030238,-0.193183,lower
L1,0.99,0.9900,0.057676,-0.031129,-0.193158,lower
L1,0.99,0.9900,0.063928,-0.032006,-0.191764,lower
L1,0.99,0.9900,0.070643,-0.032877,-0.189932,lower
L1,0.99,0.9900,0.077844,-0.033751,-0.188376,lower
L1,0.99,0.9900,0.085558,-0.034634,-0.187605,lower
L1,0.99,0.9900,0.093813,-0.035530,-0.187951,lower
L1,0.99,0.9900,0.102634,-0.036444,-0.189582,lower
L1,0.99,0.9900,0.112049,-0.037375,-0.192515,lower
L1,0.99,0.9900,0.122085,-0.038323,-0.196631,lower
L1,0.99,0.9900,0.132769,-0.039282,-0.201685,lower
L1,0.99,0.9900,0.144125,-0.040246,-0.207324,lower
L1,0.99,0.9900,0.156179,-0.041204,-0.213119,lower
L1,0.99,0.9900,0.168952,-0.042147,-0.218596,lower
L1,0.99,0.9900,0.182464,-0.043064,-0.223293,lower
L1,0.99,0.9900,0.196731,-0.043942,-0.226814,lower
L1,0.99,0.9900,0.211767,-0.044773,-0.228881,lower
L1,0.99,0.9900,0.227580,-0.045547,-0.229381,lower
L1,0.99,0.9900,0.244175,-0.046258,-0.228382,lower
L1,0.99,0.9900,0.261551,-0.046900,-0.226119,lower
L1,0.99,0.9900,0.279701,-0.047468,-0.222944,lower
L1,0.99,0.9900,0.298615,-0.047957,-0.219249,lower
L1,0.99,0.9900,0.318273,-0.048357,-0.215383,lower
L1,0.99,0.9900,0.338651,-0.048657,-0.211561,lower
L1,0.99,0.9900,0.359716,-0.048843,-0.207809,lower
L1,0.99,0.9900,0.381432,-0.048894,-0.203934,lower
L1,0.99,0.9900,0.403750,-0.048790,-0.199550,lower
L1,0.99,0.9900,0.426620,-0.048509,-0.194156,lower
L1,0.99,0.9900,0.449981,-0.048033,-0.187247,lower
L1,0.99,0.9900,0.473769,-0.047347,-0.178452,lower
L1,0.99,0.9900,0.497911,-0.046447,-0.167638,lower
L1,0.99,0.9900,0.522334,-0.045337,-0.154957,lower
L1,0.99,0.9900,0.546959,-0.044030,-0.140822,lower
L1,0.99,0.9900,0.571705,-0.042545,-0.125824,lower
L1,0.99,0.9900,0.596493,-0.040910,-0.110620,lower
L1,0.99,0.9900,0.621239,-0.039149,-0.095819,lower
L1,0.99,0.9900,0.645864,-0.037290,-0.081893,lower
L1,0.99,0.9900,0.670288,-0.035354,-0.069119,lower
L1,0.99,0.9900,0.694435,-0.033360,-0.057568,lower
L1,0.99,0.9900,0.718230,-0.031322,-0.047121,lower
L1,0.99,0.9900,0.741604,-0.029247,-0.037521,lower
L1,0.99,0.9900,0.764492,-0.027144,-0.028435,lower
L1,0.99,0.9900,0.786835,-0.025019,-0.019517,lower
L1,0.99,0.9900,0.808581,-0.022876,-0.010452,lower
L1,0.99,0.9900,0.829683,-0.020722,-0.000978,lower
L1,0.99,0.9900,0.850101,-0.018564,0.009113,lower
L1,0.99,0.9900,0.869805,-0.016409,0.020000,lower
L1,0.99,0.9900,0.888767,-0.014267,0.031847,lower
L1,0.99,0.9900,0.906971,-0.012147,0.044825,lower
L1,0.99,0.9900,0.924403,-0.010062,0.059107,lower
L1,0.99,0.9900,0.941059,-0.008025,0.074863,lower
L1,0.99,0.9900,0.956939,-0.006050,0.092228,lower
L1,0.99,0.9900,0.972047,-0.004158,0.111334,lower
L1,0.99,0.9900,0.986396,-0.002368,0.132467,lower
L1,0.99,0.9900,1.000000,-0.000705,0.158415,lower
L2,0.20,0.2000,0.000000,0.000000,0.918651,upper
L2,0.20,0.2000,0.000008,0.000522,0.907144,upper
L2,0.20,0.2000,0.000034,0.001072,0.894038,upper
L2,0.20,0.2000,0.000080,0.001650,0.877830,upper
L2,0.20,0.2000,0.000151,0.002259,0.858133,upper
L2,0.20,0.2000,0.000249,0.002897,0.834567,upper
L2,0.20,0.2000,0.000377,0.003566,0.806759,upper
L2,0.20,0.2000,0.000541,0.004266,0.774356,upper
L2,0.20,0.2000,0.000745,0.004995,0.737044,upper
L2,0.20,0.2000,0.000993,0.005755,0.694559,upper
L2,0.20,0.2000,0.001290,0.006543,0.646714,upper
L2,0.20,0.2000,0.001641,0.007359,0.593420,upper
L2,0.20,0.2000,0.002052,0.008200,0.534711,upper
L2,0.20,0.2000,0.002527,0.009065,0.470762,upper
L2,0.20,0.2000,0.003073,0.009951,0.401899,upper
L2,0.20,0.2000,0.003694,0.010854,0.328611,upper
L2,0.20,0.2000,0.004395,0.011772,0.251559,upper
L2,0.20,0.2000,0.005182,0.012701,0.171555,upper
L2,0.20,0.2000,0.006058,0.013638,0.089546,upper
L2,0.20,0.2000,0.007029,0.014577,0.006581,upper
L2,0.20,0.2000,0.008099,0.015516,-0.076223,upper
L2,0.20,0.2000,0.009271,0.016451,-0.157701,upper
L2,0.20,0.2000,0.010549,0.017378,-0.236753,upper
L2,0.20,0.2000,0.011936,0.018294,-0.312504,upper
L2,0.20,0.2000,0.013436,0.019195,-0.384145,upper
L2,0.20,0.2000,0.015052,0.020080,-0.450927,upper
L2,0.20,0.2000,0.016786,0.020946,-0.513202,upper
L2,0.20,0.2000,0.018643,0.021791,-0.569403,upper
L2,0.20,0.2000,0.020625,0.022613,-0.617807,upper
L2,0.20,0.2000,0.022735,0.023413,-0.659060,upper
L2,0.20,0.2000,0.024979,0.024190,-0.692994,upper
L2,0.20,0.2000,0.027358,0.024943,-0.719498,upper
L2,0.20,0.2000,0.029878,0.025674,-0.738868,upper
L2,0.20,0.2000,0.032543,0.026382,-0.751287,upper
L2,0.20,0.2000,0.035358,0.027068,-0.756901,upper
L2,0.20,0.2000,0.038327,0.027735,-0.755825,upper
L2,0.20,0.2000,0.041456,0.028383,-0.748147,upper
L2,0.20,0.2000,0.044751,0.029015,-0.733967,upper
L2,0.20,0.2000,0.048218,0.029633,-0.713521,upper
L2,0.20,0.2000,0.051862,0.030238,-0.687249,upper
L2,0.20,0.2000,0.055691,0.030834,-0.656085,upper
L2,0.20,0.2000,0.059710,0.031422,-0.622386,upper
L2,0.20,0.2000,0.063928,0.032006,-0.588669,upper
L2,0.20,0.2000,0.068352,0.032587,-0.557143,upper
L2,0.20,0.2000,0.072988,0.033168,-0.530427,upper
L2,0.20,0.2000,0.077844,0.033751,-0.508429,upper
L2,0.20,0.2000,0.082928,0.034338,-0.489790,upper
L2,0.20,0.2000,0.088248,0.034931,-0.473977,upper
L2,0.20,0.2000,0.093813,0.035530,-0.460561,upper
L2,0.20,0.2000,0.099629,0.036137,-0.449599,upper
L2,0.20,0.2000,0.105705,0.036752,-0.441042,upper
L2,0.20,0.2000,0.112049,0.037375,-0.434770,upper
L2,0.20,0.2000,0.118669,0.038006,-0.430620,upper
L2,0.20,0.2000,0.125573,0.038642,-0.428397,upper
L2,0.20,0.2000,0.132769,0.039282,-0.427885,upper
L2,0.20,0.2000,0.140263,0.039924,-0.428847,upper
L2,0.20,0.2000,0.148065,0.040566,-0.431033,upper
L2,0.20,0.2000,0.156179,0.041204,-0.434184,upper
L2,0.20,0.2000,0.164613,0.041835,-0.438040,upper
L2,0.20,0.2000,0.173373,0.042456,-0.442348,upper
L2,0.20,0.2000,0.182464,0.043064,-0.446872,upper
L2,0.20,0.2000,0.191890,0.043654,-0.451401,upper
L2,0.20,0.2000,0.201657,0.044225,-0.455767,upper
L2,0.20,0.2000,0.211767,0.044773,-0.459849,upper
L2,0.20,0.2000,0.222222,0.045296,-0.463588,upper
L2,0.20,0.2000,0.233025,0.045792,-0.466986,upper
L2,0.20,0.2000,0.244175,0.046258,-0.470116,upper
L2,0.20,0.2000,0.255672,0.046694,-0.473110,upper
L2,0.20,0.2000,0.267515,0.047098,-0.476151,upper
L2,0.20,0.2000,0.279701,0.047468,-0.479461,upper
L2,0.20,0.2000,0.292227,0.047803,-0.483279,upper
L2,0.20,0.2000,0.305086,0.048100,-0.487839,upper
L2,0.20,0.2000,0.318273,0.048357,-0.493352,upper
L2,0.20,0.2000,0.331780,0.048569,-0.499985,upper
L2,0.20,0.2000,0.345598,0.048733,-0.507857,upper
L2,0.20,0.2000,0.359716,0.048843,-0.517010,upper
L2,0.20,0.2000,0.374124,0.048893,-0.527417,upper
L2,0.20,0.2000,0.388807,0.048878,-0.538964,upper
L2,0.20,0.2000,0.403750,0.048790,-0.551403,upper
L2,0.20,0.2000,0.418939,0.048624,-0.564467,upper
L2,0.20,0.2000,0.434356,0.048373,-0.577803,upper
L2,0.20,0.2000,0.449981,0.048033,-0.591087,upper
L2,0.20,0.2000,0.465797,0.047599,-0.604027,upper
L2,0.20,0.2000,0.481780,0.047071,-0.616222,upper
L2,0.20,0.2000,0.497911,0.046447,-0.627240,upper
L2,0.20,0.2000,0.514167,0.045730,-0.636616,upper
L2,0.20,0.2000,0.530524,0.044922,-0.644018,upper
L2,0.20,0.2000,0.546959,0.044030,-0.649220,upper
L2,0.20,0.2000,0.563448,0.043058,-0.652029,upper
L2,0.20,0.2000,0.579967,0.042016,-0.652253,upper
L2,0.20,0.2000,0.596493,0.040910,-0.649327,upper
L2,0.20,0.2000,0.613000,0.039748,-0.638917,upper
L2,0.20,0.2000,0.629465,0.038539,-0.587162,upper
L2,0.20,0.2000,0.645864,0.037290,-0.470333,upper
L2,0.20,0.2000,0.662174,0.036007,-0.360095,upper
L2,0.20,0.2000,0.678372,0.034695,-0.304507,upper
L2,0.20,0.2000,0.694435,0.033360,-0.271781,upper
L2,0.20,0.2000,0.710341,0.032005,-0.245342,upper
L2,0.20,0.2000,0.726071,0.030634,-0.222244,upper
L2,0.20,0.2000,0.741604,0.029247,-0.201233,upper
L2,0.20,0.2000,0.756920,0.027848,-0.181572,upper
L2,0.20,0.2000,0.772003,0.026438,-0.162756,upper
L2,0.20,0.2000,0.786835,0.025019,-0.144416,upper
L2,0.20,0.2000,0.801401,0.023592,-0.126276,upper
L2,0.20,0.2000,0.815688,0.022159,-0.108129,upper
L2,0.20,0.2000,0.829682,0.020722,-0.089819,upper
L2,0.20,0.2000,0.843373,0.019283,-0.071229,upper
L2,0.20,0.2000,0.856750,0.017845,-0.052261,upper
L2,0.20,0.2000,0.869805,0.016409,-0.032836,upper
L2,0.20,0.2000,0.882530,0.014979,-0.012879,upper
L2,0.20,0.2000,0.894920,0.013557,0.007684,upper
L2,0.20,0.2000,0.906971,0.012147,0.028936,upper
L2,0.20,0.2000,0.918679,0.010753,0.050968,upper
L2,0.20,0.2000,0.930042,0.009377,0.073887,upper
L2,0.20,0.2000,0.941059,0.008025,0.097828,upper
L2,0.20,0.2000,0.951731,0.006700,0.122964,upper
L2,0.20,0.2000,0.962060,0.005410,0.149541,upper
L2,0.20,0.2000,0.972047,0.004158,0.177946,upper
L2,0.20,0.2000,0.981697,0.002952,0.208918,upper
L2,0.20,0.2000,0.991012,0.001799,0.244022,upper
L2,0.20,0.2000,1.000000,0.000705,0.301054,upper
L2,0.20,0.2000,0.000000,0.000000,0.918651,lower
L2,0.20,0.2000,0.000008,-0.000522,0.930219,lower
L2,0.20,0.2000,0.000034,-0.001072,0.941237,lower
L2,0.20,0.2000,0.000080,-0.001650,0.950475,lower
L2,0.20,0.2000,0.000151,-0.002259,0.957434,lower
L2,0.20,0.2000,0.000249,-0.002897,0.961029,lower
L2,0.20,0.2000,0.000377,-0.003566,0.961652,lower
L2,0.20,0.2000,0.000541,-0.004266,0.959860,lower
L2,0.20,0.2000,0.000745,-0.004995,0.954647,lower
L2,0.20,0.2000,0.000993,-0.005755,0.945470,lower
L2,0.20,0.2000,0.001290,-0.006543,0.931910,lower
L2,0.20,0.2000,0.001641,-0.007359,0.913624,lower
L2,0.20,0.2000,0.002052,-0.008200,0.890364,lower
L2,0.20,0.2000,0.002527,-0.009065,0.861992,lower
L2,0.20,0.2000,0.003073,-0.009951,0.828502,lower
L2,0.20,0.2000,0.003694,-0.010854,0.790046,lower
L2,0.20,0.2000,0.004395,-0.011772,0.746945,lower
L2,0.20,0.2000,0.005182,-0.012701,0.699696,lower
L2,0.20,0.2000,0.006058,-0.013638,0.648960,lower
L2,0.20,0.2000,0.007029,-0.014577,0.595548,lower
L2,0.20,0.2000,0.008099,-0.015516,0.540386,lower
L2,0.20,0.2000,0.009271,-0.016451,0.484479,lower
L2,0.20,0.2000,0.010549,-0.017378,0.428858,lower
L2,0.20,0.2000,0.011936,-0.018294,0.374532,lower
L2,0.20,0.2000,0.013436,-0.019195,0.322441,lower
L2,0.20,0.2000,0.015052,-0.020080,0.273414,lower
L2,0.20,0.2000,0.016786,-0.020946,0.228131,lower
L2,0.20,0.2000,0.018643,-0.021791,0.187108,lower
L2,0.20,0.2000,0.020625,-0.022613,0.150680,lower
L2,0.20,0.2000,0.022735,-0.023413,0.119011,lower
L2,0.20,0.2000,0.024979,-0.024190,0.092098,lower
L2,0.20,0.2000,0.027358,-0.024943,0.069766,lower
L2,0.20,0.2000,0.029878,-0.025674,0.051719,lower
L2,0.20,0.2000,0.032543,-0.026382,0.037598,lower
L2,0.20,0.2000,0.035358,-0.027068,0.026977,lower
L2,0.20,0.2000,0.038327,-0.027735,0.019387,lower
L2,0.20,0.2000,0.041456,-0.028383,0.014346,lower
L2,0.20,0.2000,0.044751,-0.029015,0.011379,lower
L2,0.20,0.2000,0.048218,-0.029633,0.010033,lower
L2,0.20,0.2000,0.051862,-0.030238,0.009889,lower
L2,0.20,0.2000,0.055691,-0.030834,0.010565,lower
L2,0.20,0.2000,0.059710,-0.031422,0.011720,lower
L2,0.20,0.2000,0.063928,-0.032006,0.013053,lower
L2,0.20,0.2000,0.068352,-0.032587,0.014305,lower
L2,0.20,0.2000,0.072988,-0.033168,0.015255,lower
L2,0.20,0.2000,0.077844,-0.033751,0.015717,lower
L2,0.20,0.2000,0.082928,-0.034338,0.015544,lower
L2,0.20,0.2000,0.088248,-0.034931,0.014618,lower
L2,0.20,0.2000,0.093813,-0.035530,0.012856,lower
L2,0.20,0.2000,0.099629,-0.036137,0.010205,lower
L2,0.20,0.2000,0.105705,-0.036752,0.006644,lower
L2,0.20,0.2000,0.112049,-0.037375,0.002177,lower
L2,0.20,0.2000,0.118669,-0.038006,-0.003162,lower
L2,0.20,0.2000,0.125573,-0.038642,-0.009311,lower
L2,0.20,0.2000,0.132769,-0.039282,-0.016188,lower
L2,0.20,0.2000,0.140263,-0.039924,-0.023688,lower
L2,0.20,0.2000,0.148065,-0.040566,-0.031690,lower
L2,0.20,0.2000,0.156179,-0.041204,-0.040062,lower
L2,0.20,0.2000,0.164613,-0.041835,-0.048665,lower
L2,0.20,0.2000,0.173373,-0.042456,-0.057366,lower
L2,0.20,0.2000,0.182464,-0.043064,-0.066037,lower
L2,0.20,0.2000,0.191890,-0.043654,-0.074573,lower
L2,0.20,0.2000,0.201657,-0.044225,-0.082891,lower
L2,0.20,0.2000,0.211767,-0.044773,-0.090944,lower
L2,0.20,0.2000,0.222222,-0.045296,-0.098717,lower
L2,0.20,0.2000,0.233025,-0.045792,-0.106238,lower
L2,0.20,0.2000,0.244175,-0.046258,-0.113570,lower
L2,0.20,0.2000,0.255672,-0.046694,-0.120807,lower
L2,0.20,0.2000,0.267515,-0.047098,-0.128071,lower
L2,0.20,0.2000,0.279701,-0.047468,-0.135495,lower
L2,0.20,0.2000,0.292227,-0.047803,-0.143215,lower
L2,0.20,0.2000,0.305086,-0.048100,-0.151352,lower
L2,0.20,0.2000,0.318273,-0.048357,-0.160002,lower
L2,0.20,0.2000,0.331780,-0.048569,-0.169218,lower
L2,0.20,0.2000,0.345598,-0.048733,-0.179000,lower
L2,0.20,0.2000,0.359716,-0.048843,-0.189283,lower
L2,0.20,0.2000,0.374124,-0.048893,-0.199936,lower
L2,0.20,0.2000,0.388807,-0.048878,-0.210750,lower
L2,0.20,0.2000,0.403750,-0.048790,-0.221450,lower
L2,0.20,0.2000,0.418939,-0.048624,-0.231700,lower
L2,0.20,0.2000,0.434356,-0.048373,-0.241113,lower
L2,0.20,0.2000,0.449981,-0.048033,-0.249280,lower
L2,0.20,0.2000,0.465797,-0.047599,-0.255797,lower
L2,0.20,0.2000,0.481780,-0.047071,-0.260297,lower
L2,0.20,0.2000,0.497911,-0.046447,-0.262494,lower
L2,0.20,0.2000,0.514167,-0.045730,-0.262215,lower
L2,0.20,0.2000,0.530524,-0.044922,-0.259432,lower
L2,0.20,0.2000,0.546959,-0.044030,-0.254263,lower
L2,0.20,0.2000,0.563448,-0.043058,-0.246971,lower
L2,0.20,0.2000,0.579967,-0.042016,-0.237920,lower
L2,0.20,0.2000,0.596493,-0.040910,-0.227533,lower
L2,0.20,0.2000,0.613000,-0.039748,-0.216239,lower
L2,0.20,0.2000,0.629465,-0.038539,-0.204430,lower
L2,0.20,0.2000,0.645864,-0.037290,-0.192425,lower
L2,0.20,0.2000,0.662174,-0.036007,-0.180460,lower
L2,0.20,0.2000,0.678372,-0.034695,-0.168678,lower
L2,0.20,0.2000,0.694435,-0.033360,-0.157135,lower
L2,0.20,0.2000,0.710341,-0.032005,-0.145819,lower
L2,0.20,0.2000,0.726071,-0.030634,-0.134656,lower
L2,0.20,0.2000,0.741604,-0.029247,-0.123540,lower
L2,0.20,0.2000,0.756920,-0.027848,-0.112338,lower
L2,0.20,0.2000,0.772003,-0.026438,-0.100918,lower
L2,0.20,0.2000,0.786835,-0.025019,-0.089148,lower
L2,0.20,0.2000,0.801401,-0.023592,-0.076915,lower
L2,0.20,0.2000,0.815688,-0.022159,-0.064121,lower
L2,0.20,0.2000,0.829682,-0.020722,-0.050687,lower
L2,0.20,0.2000,0.843373,-0.019283,-0.036549,lower
L2,0.20,0.2000,0.856750,-0.017845,-0.021653,lower
L2,0.20,0.2000,0.869805,-0.016409,-0.005949,lower
L2,0.20,0.2000,0.882530,-0.014979,0.010615,lower
L2,0.20,0.2000,0.894920,-0.013557,0.028096,lower
L2,0.20,0.2000,0.906971,-0.012147,0.046559,lower
L2,0.20,0.2000,0.918679,-0.010753,0.066081,lower
L2,0.20,0.2000,0.930042,-0.009377,0.086755,lower
L2,0.20,0.2000,0.941059,-0.008025,0.108697,lower
L2,0.20,0.2000,0.951731,-0.006700,0.132063,lower
L2,0.20,0.2000,0.962060,-0.005410,0.157078,lower
L2,0.20,0.2000,0.972047,-0.004158,0.184116,lower
L2,0.20,0.2000,0.981697,-0.002952,0.213934,lower
L2,0.20,0.2000,0.991012,-0.001799,0.248195,lower
L2,0.20,0.2000,1.000000,-0.000705,0.302533,lower
L2,0.44,0.4400,-0.000000,0.000000,0.874007,upper
L2,0.44,0.4400,0.000008,0.000522,0.860801,upper
L2,0.44,0.4400,0.000034,0.001072,0.845941,upper
L2,0.44,0.4400,0.000080,0.001650,0.827891,upper
L2,0.44,0.4400,0.000151,0.002259,0.806265,upper
L2,0.44,0.4400,0.000249,0.002897,0.780679,upper
L2,0.44,0.4400,0.000377,0.003566,0.750763,upper
L2,0.44,0.4400,0.000541,0.004266,0.716164,upper
L2,0.44,0.4400,0.000745,0.004995,0.676571,upper
L2,0.44,0.4400,0.000993,0.005755,0.631727,upper
L2,0.44,0.4400,0.001290,0.006543,0.581454,upper
L2,0.44,0.4400,0.001641,0.007359,0.525674,upper
L2,0.44,0.4400,0.002052,0.008200,0.464434,upper
L2,0.44,0.4400,0.002527,0.009065,0.397925,upper
L2,0.44,0.4400,0.003073,0.009951,0.326489,upper
L2,0.44,0.4400,0.003694,0.010854,0.250634,upper
L2,0.44,0.4400,0.004395,0.011772,0.171034,upper
L2,0.44,0.4400,0.005181,0.012701,0.088512,upper
L2,0.44,0.4400,0.006058,0.013638,0.004020,upper
L2,0.44,0.4400,0.007029,0.014577,-0.081391,upper
L2,0.44,0.4400,0.008099,0.015516,-0.166601,upper
L2,0.44,0.4400,0.009271,0.016451,-0.250430,upper
L2,0.44,0.4400,0.010549,0.017378,-0.331964,upper
L2,0.44,0.4400,0.011936,0.018294,-0.410428,upper
L2,0.44,0.4400,0.013436,0.019195,-0.485012,upper
L2,0.44,0.4400,0.015052,0.020080,-0.557904,upper
L2,0.44,0.4400,0.016786,0.020946,-0.624483,upper
L2,0.44,0.4400,0.018643,0.021791,-0.682308,upper
L2,0.44,0.4400,0.020625,0.022613,-0.734464,upper
L2,0.44,0.4400,0.022735,0.023413,-0.779435,upper
L2,0.44,0.4400,0.024979,0.024190,-0.817565,upper
L2,0.44,0.4400,0.027358,0.024943,-0.849272,upper
L2,0.44,0.4400,0.029878,0.025674,-0.874889,upper
L2,0.44,0.4400,0.032543,0.026382,-0.894711,upper
L2,0.44,0.4400,0.035358,0.027068,-0.909053,upper
L2,0.44,0.4400,0.038327,0.027735,-0.918302,upper
L2,0.44,0.4400,0.041456,0.028383,-0.922871,upper
L2,0.44,0.4400,0.044751,0.029015,-0.923139,upper
L2,0.44,0.4400,0.048218,0.029633,-0.919418,upper
L2,0.44,0.4400,0.051862,0.030238,-0.911927,upper
L2,0.44,0.4400,0.055691,0.030834,-0.900772,upper
L2,0.44,0.4400,0.059710,0.031422,-0.885915,upper
L2,0.44,0.4400,0.063928,0.032006,-0.867120,upper
L2,0.44,0.4400,0.068352,0.032587,-0.843902,upper
L2,0.44,0.4400,0.072988,0.033168,-0.815532,upper
L2,0.44,0.4400,0.077844,0.033751,-0.781273,upper
L2,0.44,0.4400,0.082928,0.034338,-0.741131,upper
L2,0.44,0.4400,0.088248,0.034931,-0.697217,upper
L2,0.44,0.4400,0.093813,0.035530,-0.654544,upper
L2,0.44,0.4400,0.099629,0.036137,-0.619245,upper
L2,0.44,0.4400,0.105705,0.036752,-0.594373,upper
L2,0.44,0.4400,0.112049,0.037375,-0.578411,upper
L2,0.44,0.4400,0.118669,0.038006,-0.568081,upper
L2,0.44,0.4400,0.125573,0.038642,-0.561274,upper
L2,0.44,0.4400,0.132769,0.039282,-0.557215,upper
L2,0.44,0.4400,0.140263,0.039924,-0.555440,upper
L2,0.44,0.4400,0.148065,0.040566,-0.555561,upper
L2,0.44,0.4400,0.156179,0.041204,-0.557179,upper
L2,0.44,0.4400,0.164613,0.041835,-0.559902,upper
L2,0.44,0.4400,0.173373,0.042456,-0.563351,upper
L2,0.44,0.4400,0.182464,0.043064,-0.567163,upper
L2,0.44,0.4400,0.191890,0.043654,-0.571037,upper
L2,0.44,0.4400,0.201657,0.044225,-0.574718,upper
L2,0.44,0.4400,0.211767,0.044773,-0.577994,upper
L2,0.44,0.4400,0.222222,0.045296,-0.580733,upper
L2,0.44,0.4400,0.233025,0.045792,-0.582883,upper
L2,0.44,0.4400,0.244175,0.046258,-0.584471,upper
L2,0.44,0.4400,0.255672,0.046694,-0.585608,upper
L2,0.44,0.4400,0.267515,0.047098,-0.586491,upper
L2,0.44,0.4400,0.279701,0.047468,-0.587385,upper
L2,0.44,0.4400,0.292227,0.047803,-0.588601,upper
L2,0.44,0.4400,0.305086,0.048100,-0.590466,upper
L2,0.44,0.4400,0.318273,0.048357,-0.593287,upper
L2,0.44,0.4400,0.331780,0.048569,-0.597323,upper
L2,0.44,0.4400,0.345598,0.048733,-0.602757,upper
L2,0.44,0.4400,0.359716,0.048843,-0.609682,upper
L2,0.44,0.4400,0.374124,0.048893,-0.618094,upper
L2,0.44,0.4400,0.388807,0.048878,-0.627923,upper
L2,0.44,0.4400,0.403751,0.048790,-0.639110,upper
L2,0.44,0.4400,0.418939,0.048624,-0.651468,upper
L2,0.44,0.4400,0.434356,0.048373,-0.664478,upper
L2,0.44,0.4400,0.449981,0.048033,-0.677538,upper
L2,0.44,0.4400,0.465797,0.047599,-0.690171,upper
L2,0.44,0.4400,0.481780,0.047071,-0.701926,upper
L2,0.44,0.4400,0.497911,0.046447,-0.712358,upper
L2,0.44,0.4400,0.514167,0.045730,-0.721027,upper
L2,0.44,0.4400,0.530524,0.044922,-0.727480,upper
L2,0.44,0.4400,0.546959,0.044030,-0.731037,upper
L2,0.44,0.4400,0.563448,0.043058,-0.728421,upper
L2,0.44,0.4400,0.579967,0.042016,-0.673958,upper
L2,0.44,0.4400,0.596493,0.040910,-0.481046,upper
L2,0.44,0.4400,0.613000,0.039748,-0.278997,upper
L2,0.44,0.4400,0.629465,0.038539,-0.204910,upper
L2,0.44,0.4400,0.645864,0.037290,-0.185180,upper
L2,0.44,0.4400,0.662174,0.036007,-0.174445,upper
L2,0.44,0.4400,0.678372,0.034695,-0.163902,upper
L2,0.44,0.4400,0.694435,0.033360,-0.152544,upper
L2,0.44,0.4400,0.710342,0.032005,-0.140599,upper
L2,0.44,0.4400,0.726071,0.030634,-0.128309,upper
L2,0.44,0.4400,0.741604,0.029247,-0.115804,upper
L2,0.44,0.4400,0.756920,0.027848,-0.103118,upper
L2,0.44,0.4400,0.772003,0.026438,-0.090231,upper
L2,0.44,0.4400,0.786835,0.025019,-0.077092,upper
L2,0.44,0.4400,0.801401,0.023592,-0.063638,upper
L2,0.44,0.4400,0.815688,0.022159,-0.049805,upper
L2,0.44,0.4400,0.829682,0.020722,-0.035531,upper
L2,0.44,0.4400,0.843373,0.019283,-0.020758,upper
L2,0.44,0.4400,0.856750,0.017845,-0.005428,upper
L2,0.44,0.4400,0.869805,0.016409,0.010516,upper
L2,0.44,0.4400,0.882530,0.014979,0.027135,upper
L2,0.44,0.4400,0.894920,0.013557,0.044496,upper
L2,0.44,0.4400,0.906971,0.012147,0.062676,upper
L2,0.44,0.4400,0.918679,0.010753,0.081760,upper
L2,0.44,0.4400,0.930042,0.009377,0.101848,upper
L2,0.44,0.4400,0.941059,0.008025,0.123068,upper
L2,0.44,0.4400,0.951731,0.006700,0.145584,upper
L2,0.44,0.4400,0.962060,0.005410,0.169628,upper
L2,0.44,0.4400,0.972047,0.004158,0.195567,upper
L2,0.44,0.4400,0.981697,0.002952,0.224096,upper
L2,0.44,0.4400,0.991012,0.001799,0.256693,upper
L2,0.44,0.4400,1.000000,0.000705,0.310821,upper
L2,0.44,0.4400,-0.000000,0.000000,0.874007,lower
L2,0.44,0.4400,0.000008,-0.000522,0.887291,lower
L2,0.44,0.4400,0.000034,-0.001072,0.900086,lower
L2,0.44,0.4400,0.000080,-0.001650,0.911174,lower
L2,0.44,0.4400,0.000151,-0.002259,0.920062,lower
L2,0.44,0.4400,0.000249,-0.002897,0.926162,lower
L2,0.44,0.4400,0.000377,-0.003566,0.928840,lower
L2,0.44,0.4400,0.000541,-0.004266,0.928475,lower
L2,0.44,0.4400,0.000745,-0.004995,0.925109,lower
L2,0.44,0.4400,0.000993,-0.005755,0.917884,lower
L2,0.44,0.4400,0.001290,-0.006543,0.906337,lower
L2,0.44,0.4400,0.001641,-0.007359,0.890091,lower
L2,0.44,0.4400,0.002052,-0.008200,0.868862,lower
L2,0.44,0.4400,0.002527,-0.009065,0.842483,lower
L2,0.44,0.4400,0.003073,-0.009951,0.810914,lower
L2,0.44,0.4400,0.003694,-0.010854,0.774275,lower
L2,0.44,0.4400,0.004395,-0.011772,0.732857,lower
L2,0.44,0.4400,0.005181,-0.012701,0.687125,lower
L2,0.44,0.4400,0.006058,-0.013638,0.637714,lower
L2,0.44,0.4400,0.007029,-0.014577,0.585410,lower
L2,0.44,0.4400,0.008099,-0.015516,0.531122,lower
L2,0.44,0.4400,0.009271,-0.016451,0.475836,lower
L2,0.44,0.4400,0.010549,-0.017378,0.420576,lower
L2,0.44,0.4400,0.011936,-0.018294,0.366348,lower
L2,0.44,0.4400,0.013436,-0.019195,0.314094,lower
L2,0.44,0.4400,0.015052,-0.020080,0.264650,lower
L2,0.44,0.4400,0.016786,-0.020946,0.218714,lower
L2,0.44,0.4400,0.018643,-0.021791,0.176819,lower
L2,0.44,0.4400,0.020625,-0.022613,0.139325,lower
L2,0.44,0.4400,0.022735,-0.023413,0.106424,lower
L2,0.44,0.4400,0.024979,-0.024190,0.078143,lower
L2,0.44,0.4400,0.027358,-0.024943,0.054351,lower
L2,0.44,0.4400,0.029878,-0.025674,0.034784,lower
L2,0.44,0.4400,0.032543,-0.026382,0.019107,lower
L2,0.44,0.4400,0.035358,-0.027068,0.006926,lower
L2,0.44,0.4400,0.038327,-0.027735,-0.002203,lower
L2,0.44,0.4400,0.041456,-0.028383,-0.008742,lower
L2,0.44,0.4400,0.044751,-0.029015,-0.013149,lower
L2,0.44,0.4400,0.048218,-0.029633,-0.015868,lower
L2,0.44,0.4400,0.051862,-0.030238,-0.017313,lower
L2,0.44,0.4400,0.055691,-0.030834,-0.017863,lower
L2,0.44,0.4400,0.059710,-0.031422,-0.017860,lower
L2,0.44,0.4400,0.063928,-0.032006,-0.017606,lower
L2,0.44,0.4400,0.068352,-0.032587,-0.017366,lower
L2,0.44,0.4400,0.072988,-0.033168,-0.017367,lower
L2,0.44,0.4400,0.077844,-0.033751,-0.017798,lower
L2,0.44,0.4400,0.082928,-0.034338,-0.018816,lower
L2,0.44,0.4400,0.088248,-0.034931,-0.020541,lower
L2,0.44,0.4400,0.093813,-0.035530,-0.023065,lower
L2,0.44,0.4400,0.099629,-0.036137,-0.026443,lower
L2,0.44,0.4400,0.105705,-0.036752,-0.030704,lower
L2,0.44,0.4400,0.112049,-0.037375,-0.035845,lower
L2,0.44,0.4400,0.118669,-0.038006,-0.041834,lower
L2,0.44,0.4400,0.125573,-0.038642,-0.048611,lower
L2,0.44,0.4400,0.132769,-0.039282,-0.056094,lower
L2,0.44,0.4400,0.140263,-0.039924,-0.064175,lower
L2,0.44,0.4400,0.148065,-0.040566,-0.072730,lower
L2,0.44,0.4400,0.156179,-0.041204,-0.081621,lower
L2,0.44,0.4400,0.164613,-0.041835,-0.090704,lower
L2,0.44,0.4400,0.173373,-0.042456,-0.099837,lower
L2,0.44,0.4400,0.182464,-0.043064,-0.108885,lower
L2,0.44,0.4400,0.191890,-0.043654,-0.117732,lower
L2,0.44,0.4400,0.201657,-0.044225,-0.126289,lower
L2,0.44,0.4400,0.211767,-0.044773,-0.134498,lower
L2,0.44,0.4400,0.222222,-0.045296,-0.142339,lower
L2,0.44,0.4400,0.233025,-0.045792,-0.149833,lower
L2,0.44,0.4400,0.244175,-0.046258,-0.157039,lower
L2,0.44,0.4400,0.255672,-0.046694,-0.164052,lower
L2,0.44,0.4400,0.267515,-0.047098,-0.170990,lower
L2,0.44,0.4400,0.279701,-0.047468,-0.177987,lower
L2,0.44,0.4400,0.292227,-0.047803,-0.185178,lower
L2,0.44,0.4400,0.305086,-0.048100,-0.192681,lower
L2,0.44,0.4400,0.318273,-0.048357,-0.200584,lower
L2,0.44,0.4400,0.331780,-0.048569,-0.208929,lower
L2,0.44,0.4400,0.345598,-0.048733,-0.217696,lower
L2,0.44,0.4400,0.359716,-0.048843,-0.226796,lower
L2,0.44,0.4400,0.374124,-0.048893,-0.236059,lower
L2,0.44,0.4400,0.388807,-0.048878,-0.245235,lower
L2,0.44,0.4400,0.403751,-0.048790,-0.253995,lower
L2,0.44,0.4400,0.418939,-0.048624,-0.261945,lower
L2,0.44,0.4400,0.434356,-0.048373,-0.268642,lower
L2,0.44,0.4400,0.449981,-0.048033,-0.273633,lower
L2,0.44,0.4400,0.465797,-0.047599,-0.276493,lower
L2,0.44,0.4400,0.481780,-0.047071,-0.276881,lower
L2,0.44,0.4400,0.497911,-0.046447,-0.274584,lower
L2,0.44,0.4400,0.514167,-0.045730,-0.269566,lower
L2,0.44,0.4400,0.530524,-0.044922,-0.261974,lower
L2,0.44,0.4400,0.546959,-0.044030,-0.252120,lower
L2,0.44,0.4400,0.563448,-0.043058,-0.240440,lower
L2,0.44,0.4400,0.579967,-0.042016,-0.227425,lower
L2,0.44,0.4400,0.596493,-0.040910,-0.213567,lower
L2,0.44,0.4400,0.613000,-0.039748,-0.199308,lower
L2,0.44,0.4400,0.629465,-0.038539,-0.185012,lower
L2,0.44,0.4400,0.645864,-0.037290,-0.170954,lower
L2,0.44,0.4400,0.662174,-0.036007,-0.157311,lower
L2,0.44,0.4400,0.678372,-0.034695,-0.144177,lower
L2,0.44,0.4400,0.694435,-0.033360,-0.131568,lower
L2,0.44,0.4400,0.710342,-0.032005,-0.119441,lower
L2,0.44,0.4400,0.726071,-0.030634,-0.107706,lower
L2,0.44,0.4400,0.741604,-0.029247,-0.096242,lower
L2,0.44,0.4400,0.756920,-0.027848,-0.084913,lower
L2,0.44,0.4400,0.772003,-0.026438,-0.073576,lower
L2,0.44,0.4400,0.786835,-0.025019,-0.062095,lower
L2,0.44,0.4400,0.801401,-0.023592,-0.050344,lower
L2,0.44,0.4400,0.815688,-0.022159,-0.038210,lower
L2,0.44,0.4400,0.829682,-0.020722,-0.025595,lower
L2,0.44,0.4400,0.843373,-0.019283,-0.012411,lower
L2,0.44,0.4400,0.856750,-0.017845,0.001424,lower
L2,0.44,0.4400,0.869805,-0.016409,0.015985,lower
L2,0.44,0.4400,0.882530,-0.014979,0.031352,lower
L2,0.44,0.4400,0.894920,-0.013557,0.047607,lower
L2,0.44,0.4400,0.906971,-0.012147,0.064836,lower
L2,0.44,0.4400,0.918679,-0.010753,0.083137,lower
L2,0.44,0.4400,0.930042,-0.009377,0.102617,lower
L2,0.44,0.4400,0.941059,-0.008025,0.123406,lower
L2,0.44,0.4400,0.951731,-0.006700,0.145667,lower
L2,0.44,0.4400,0.962060,-0.005410,0.169627,lower
L2,0.44,0.4400,0.972047,-0.004158,0.195653,lower
L2,0.44,0.4400,0.981697,-0.002952,0.224494,lower
L2,0.44,0.4400,0.991012,-0.001799,0.257784,lower
L2,0.44,0.4400,1.000000,-0.000705,0.311163,lower
L2,0.65,0.6500,0.000000,0.000000,0.855316,upper
L2,0.65,0.6500,0.000008,0.000522,0.841198,upper
L2,0.65,0.6500,0.000034,0.001072,0.825399,upper
L2,0.65,0.6500,0.000080,0.001650,0.806370,upper
L2,0.65,0.6500,0.000151,0.002259,0.783723,upper
L2,0.65,0.6500,0.000248,0.002897,0.757078,upper
L2,0.65,0.6500,0.000377,0.003566,0.726065,upper
L2,0.65,0.6500,0.000541,0.004266,0.690335,upper
L2,0.65,0.6500,0.000745,0.004995,0.649581,upper
L2,0.65,0.6500,0.000993,0.005755,0.603551,upper
L2,0.65,0.6500,0.001290,0.006543,0.552075,upper
L2,0.65,0.6500,0.001641,0.007359,0.495083,upper
L2,0.65,0.6500,0.002052,0.008200,0.432631,upper
L2,0.65,0.6500,0.002527,0.009065,0.364922,upper
L2,0.65,0.6500,0.003073,0.009951,0.292309,upper
L2,0.65,0.6500,0.003694,0.010854,0.215311,upper
L2,0.65,0.6500,0.004395,0.011772,0.134613,upper
L2,0.65,0.6500,0.005182,0.012701,0.051045,upper
L2,0.65,0.6500,0.006058,0.013638,-0.034433,upper
L2,0.65,0.6500,0.007029,0.014577,-0.120764,upper
L2,0.65,0.6500,0.008099,0.015516,-0.206805,upper
L2,0.65,0.6500,0.009271,0.016451,-0.291457,upper
L2,0.65,0.6500,0.010549,0.017378,-0.373858,upper
L2,0.65,0.6500,0.011936,0.018294,-0.453215,upper
L2,0.65,0.6500,0.013436,0.019195,-0.530517,upper
L2,0.65,0.6500,0.015052,0.020080,-0.603603,upper
L2,0.65,0.6500,0.016786,0.020946,-0.669999,upper
L2,0.65,0.6500,0.018643,0.021791,-0.729592,upper
L2,0.65,0.6500,0.020625,0.022613,-0.781723,upper
L2,0.65,0.6500,0.022735,0.023413,-0.827141,upper
L2,0.65,0.6500,0.024979,0.024190,-0.866123,upper
L2,0.65,0.6500,0.027358,0.024943,-0.898898,upper
L2,0.65,0.6500,0.029878,0.025674,-0.925738,upper
L2,0.65,0.6500,0.032543,0.026382,-0.946968,upper
L2,0.65,0.6500,0.035358,0.027068,-0.963013,upper
L2,0.65,0.6500,0.038327,0.027735,-0.974353,upper
L2,0.65,0.6500,0.041456,0.028383,-0.981465,upper
L2,0.65,0.6500,0.044751,0.029015,-0.984796,upper
L2,0.65,0.6500,0.048218,0.029633,-0.984740,upper
L2,0.65,0.6500,0.051862,0.030238,-0.981648,upper
L2,0.65,0.6500,0.055691,0.030834,-0.975828,upper
L2,0.65,0.6500,0.059710,0.031422,-0.967554,upper
L2,0.65,0.6500,0.063928,0.032006,-0.957066,upper
L2,0.65,0.6500,0.068352,0.032587,-0.944568,upper
L2,0.65,0.6500,0.072988,0.033168,-0.930219,upper
L2,0.65,0.6500,0.077844,0.033751,-0.914107,upper
L2,0.65,0.6500,0.082928,0.034338,-0.896234,upper
L2,0.65,0.6500,0.088248,0.034931,-0.876508,upper
L2,0.65,0.6500,0.093813,0.035530,-0.854723,upper
L2,0.65,0.6500,0.099629,0.036137,-0.830518,upper
L2,0.65,0.6500,0.105705,0.036752,-0.803424,upper
L2,0.65,0.6500,0.112049,0.037375,-0.773231,upper
L2,0.65,0.6500,0.118669,0.038006,-0.740807,upper
L2,0.65,0.6500,0.125573,0.038642,-0.708859,upper
L2,0.65,0.6500,0.132769,0.039282,-0.681300,upper
L2,0.65,0.6500,0.140263,0.039924,-0.661041,upper
L2,0.65,0.6500,0.148064,0.040566,-0.648398,upper
L2,0.65,0.6500,0.156179,0.041204,-0.641789,upper
L2,0.65,0.6500,0.164613,0.041835,-0.639334,upper
L2,0.65,0.6500,0.173373,0.042456,-0.639627,upper
L2,0.65,0.6500,0.182464,0.043064,-0.641706,upper
L2,0.65,0.6500,0.191890,0.043654,-0.644863,upper
L2,0.65,0.6500,0.201657,0.044225,-0.648539,upper
L2,0.65,0.6500,0.211767,0.044773,-0.652294,upper
L2,0.65,0.6500,0.222222,0.045296,-0.655789,upper
L2,0.65,0.6500,0.233025,0.045792,-0.658792,upper
L2,0.65,0.6500,0.244175,0.046258,-0.661168,upper
L2,0.65,0.6500,0.255672,0.046694,-0.662886,upper
L2,0.65,0.6500,0.267515,0.047098,-0.664012,upper
L2,0.65,0.6500,0.279701,0.047468,-0.664712,upper
L2,0.65,0.6500,0.292227,0.047803,-0.665233,upper
L2,0.65,0.6500,0.305086,0.048100,-0.665890,upper
L2,0.65,0.6500,0.318273,0.048357,-0.667032,upper
L2,0.65,0.6500,0.331780,0.048569,-0.669009,upper
L2,0.65,0.6500,0.345598,0.048733,-0.672156,upper
L2,0.65,0.6500,0.359716,0.048843,-0.676742,upper
L2,0.65,0.6500,0.374124,0.048893,-0.682890,upper
L2,0.65,0.6500,0.388807,0.048878,-0.690545,upper
L2,0.65,0.6500,0.403750,0.048790,-0.699499,upper
L2,0.65,0.6500,0.418939,0.048624,-0.709416,upper
L2,0.65,0.6500,0.434356,0.048373,-0.719842,upper
L2,0.65,0.6500,0.449981,0.048033,-0.730220,upper
L2,0.65,0.6500,0.465797,0.047599,-0.739847,upper
L2,0.65,0.6500,0.481780,0.047071,-0.747668,upper
L2,0.65,0.6500,0.497911,0.046447,-0.751068,upper
L2,0.65,0.6500,0.514167,0.045730,-0.735375,upper
L2,0.65,0.6500,0.530524,0.044922,-0.622711,upper
L2,0.65,0.6500,0.546959,0.044030,-0.393702,upper
L2,0.65,0.6500,0.563448,0.043058,-0.222226,upper
L2,0.65,0.6500,0.579967,0.042016,-0.176408,upper
L2,0.65,0.6500,0.596493,0.040910,-0.168830,upper
L2,0.65,0.6500,0.613000,0.039748,-0.165915,upper
L2,0.65,0.6500,0.629465,0.038539,-0.160833,upper
L2,0.65,0.6500,0.645864,0.037290,-0.153254,upper
L2,0.65,0.6500,0.662174,0.036007,-0.143971,upper
L2,0.65,0.6500,0.678372,0.034695,-0.133698,upper
L2,0.65,0.6500,0.694435,0.033360,-0.122907,upper
L2,0.65,0.6500,0.710341,0.032005,-0.111870,upper
L2,0.65,0.6500,0.726071,0.030634,-0.100713,upper
L2,0.65,0.6500,0.741604,0.029247,-0.089467,upper
L2,0.65,0.6500,0.756920,0.027848,-0.078102,upper
L2,0.65,0.6500,0.772003,0.026438,-0.066557,upper
L2,0.65,0.6500,0.786835,0.025019,-0.054756,upper
L2,0.65,0.6500,0.801401,0.023592,-0.042619,upper
L2,0.65,0.6500,0.815688,0.022159,-0.030073,upper
L2,0.65,0.6500,0.829682,0.020722,-0.017048,upper
L2,0.65,0.6500,0.843373,0.019283,-0.003484,upper
L2,0.65,0.6500,0.856750,0.017845,0.010678,upper
L2,0.65,0.6500,0.869805,0.016409,0.025496,upper
L2,0.65,0.6500,0.882530,0.014979,0.041029,upper
L2,0.65,0.6500,0.894920,0.013557,0.057343,upper
L2,0.65,0.6500,0.906971,0.012147,0.074511,upper
L2,0.65,0.6500,0.918679,0.010753,0.092617,upper
L2,0.65,0.6500,0.930042,0.009377,0.111758,upper
L2,0.65,0.6500,0.941059,0.008025,0.132059,upper
L2,0.65,0.6500,0.951731,0.006700,0.153682,upper
L2,0.65,0.6500,0.962060,0.005410,0.176857,upper
L2,0.65,0.6500,0.972047,0.004158,0.201943,upper
L2,0.65,0.6500,0.981697,0.002952,0.229621,upper
L2,0.65,0.6500,0.991013,0.001799,0.261337,upper
L2,0.65,0.6500,1.000000,0.000705,0.314352,upper
L2,0.65,0.6500,0.000000,0.000000,0.855316,lower
L2,0.65,0.6500,0.000008,-0.000522,0.869525,lower
L2,0.65,0.6500,0.000034,-0.001072,0.883287,lower
L2,0.65,0.6500,0.000080,-0.001650,0.895396,lower
L2,0.65,0.6500,0.000151,-0.002259,0.905381,lower
L2,0.65,0.6500,0.000248,-0.002897,0.912767,lower
L2,0.65,0.6500,0.000377,-0.003566,0.916360,lower
L2,0.65,0.6500,0.000541,-0.004266,0.916705,lower
L2,0.65,0.6500,0.000745,-0.004995,0.914404,lower
L2,0.65,0.6500,0.000993,-0.005755,0.908297,lower
L2,0.65,0.6500,0.001290,-0.006543,0.897891,lower
L2,0.65,0.6500,0.001641,-0.007359,0.882795,lower
L2,0.65,0.6500,0.002052,-0.008200,0.862715,lower
L2,0.65,0.6500,0.002527,-0.009065,0.837467,lower
L2,0.65,0.6500,0.003073,-0.009951,0.806997,lower
L2,0.65,0.6500,0.003694,-0.010854,0.771406,lower
L2,0.65,0.6500,0.004395,-0.011772,0.730970,lower
L2,0.65,0.6500,0.005182,-0.012701,0.686136,lower
L2,0.65,0.6500,0.006058,-0.013638,0.637527,lower
L2,0.65,0.6500,0.007029,-0.014577,0.585915,lower
L2,0.65,0.6500,0.008099,-0.015516,0.532196,lower
L2,0.65,0.6500,0.009271,-0.016451,0.477349,lower
L2,0.65,0.6500,0.010549,-0.017378,0.422392,lower
L2,0.65,0.6500,0.011936,-0.018294,0.368328,lower
L2,0.65,0.6500,0.013436,-0.019195,0.316101,lower
L2,0.65,0.6500,0.015052,-0.020080,0.266549,lower
L2,0.65,0.6500,0.016786,-0.020946,0.220376,lower
L2,0.65,0.6500,0.018643,-0.021791,0.178123,lower
L2,0.65,0.6500,0.020625,-0.022613,0.140163,lower
L2,0.65,0.6500,0.022735,-0.023413,0.106697,lower
L2,0.65,0.6500,0.024979,-0.024190,0.077768,lower
L2,0.65,0.6500,0.027358,-0.024943,0.053268,lower
L2,0.65,0.6500,0.029878,-0.025674,0.032949,lower
L2,0.65,0.6500,0.032543,-0.026382,0.016484,lower
L2,0.65,0.6500,0.035358,-0.027068,0.003495,lower
L2,0.65,0.6500,0.038327,-0.027735,-0.006446,lower
L2,0.65,0.6500,0.041456,-0.028383,-0.013789,lower
L2,0.65,0.6500,0.044751,-0.029015,-0.018984,lower
L2,0.65,0.6500,0.048218,-0.029633,-0.022468,lower
L2,0.65,0.6500,0.051862,-0.030238,-0.024648,lower
L2,0.65,0.6500,0.055691,-0.030834,-0.025903,lower
L2,0.65,0.6500,0.059710,-0.031422,-0.026572,lower
L2,0.65,0.6500,0.063928,-0.032006,-0.026958,lower
L2,0.65,0.6500,0.068352,-0.032587,-0.027327,lower
L2,0.65,0.6500,0.072988,-0.033168,-0.027908,lower
L2,0.65,0.6500,0.077844,-0.033751,-0.028892,lower
L2,0.65,0.6500,0.082928,-0.034338,-0.030438,lower
L2,0.65,0.6500,0.088248,-0.034931,-0.032671,lower
L2,0.65,0.6500,0.093813,-0.035530,-0.035683,lower
L2,0.65,0.6500,0.099629,-0.036137,-0.039535,lower
L2,0.65,0.6500,0.105705,-0.036752,-0.044255,lower
L2,0.65,0.6500,0.112049,-0.037375,-0.049844,lower
L2,0.65,0.6500,0.118669,-0.038006,-0.056272,lower
L2,0.65,0.6500,0.125573,-0.038642,-0.063480,lower
L2,0.65,0.6500,0.132769,-0.039282,-0.071385,lower
L2,0.65,0.6500,0.140263,-0.039924,-0.079879,lower
L2,0.65,0.6500,0.148064,-0.040566,-0.088837,lower
L2,0.65,0.6500,0.156179,-0.041204,-0.098119,lower
L2,0.65,0.6500,0.164613,-0.041835,-0.107578,lower
L2,0.65,0.6500,0.173373,-0.042456,-0.117068,lower
L2,0.65,0.6500,0.182464,-0.043064,-0.126449,lower
L2,0.65,0.6500,0.191890,-0.043654,-0.135600,lower
L2,0.65,0.6500,0.201657,-0.044225,-0.144426,lower
L2,0.65,0.6500,0.211767,-0.044773,-0.152864,lower
L2,0.65,0.6500,0.222222,-0.045296,-0.160887,lower
L2,0.65,0.6500,0.233025,-0.045792,-0.168512,lower
L2,0.65,0.6500,0.244175,-0.046258,-0.175794,lower
L2,0.65,0.6500,0.255672,-0.046694,-0.182821,lower
L2,0.65,0.6500,0.267515,-0.047098,-0.189709,lower
L2,0.65,0.6500,0.279701,-0.047468,-0.196589,lower
L2,0.65,0.6500,0.292227,-0.047803,-0.203591,lower
L2,0.65,0.6500,0.305086,-0.048100,-0.210827,lower
L2,0.65,0.6500,0.318273,-0.048357,-0.218379,lower
L2,0.65,0.6500,0.331780,-0.048569,-0.226281,lower
L2,0.65,0.6500,0.345598,-0.048733,-0.234500,lower
L2,0.65,0.6500,0.359716,-0.048843,-0.242933,lower
L2,0.65,0.6500,0.374124,-0.048893,-0.251393,lower
L2,0.65,0.6500,0.388807,-0.048878,-0.259612,lower
L2,0.65,0.6500,0.403750,-0.048790,-0.267242,lower
L2,0.65,0.6500,0.418939,-0.048624,-0.273873,lower
L2,0.65,0.6500,0.434356,-0.048373,-0.279061,lower
L2,0.65,0.6500,0.449981,-0.048033,-0.282361,lower
L2,0.65,0.6500,0.465797,-0.047599,-0.283381,lower
L2,0.65,0.6500,0.481780,-0.047071,-0.281836,lower
L2,0.65,0.6500,0.497911,-0.046447,-0.277591,lower
L2,0.65,0.6500,0.514167,-0.045730,-0.270694,lower
L2,0.65,0.6500,0.530524,-0.044922,-0.261368,lower
L2,0.65,0.6500,0.546959,-0.044030,-0.249980,lower
L2,0.65,0.6500,0.563448,-0.043058,-0.236988,lower
L2,0.65,0.6500,0.579967,-0.042016,-0.222880,lower
L2,0.65,0.6500,0.596493,-0.040910,-0.208128,lower
L2,0.65,0.6500,0.613000,-0.039748,-0.193144,lower
L2,0.65,0.6500,0.629465,-0.038539,-0.178263,lower
L2,0.65,0.6500,0.645864,-0.037290,-0.163732,lower
L2,0.65,0.6500,0.662174,-0.036007,-0.149713,lower
L2,0.65,0.6500,0.678372,-0.034695,-0.136282,lower
L2,0.65,0.6500,0.694435,-0.033360,-0.123449,lower
L2,0.65,0.6500,0.710341,-0.032005,-0.111161,lower
L2,0.65,0.6500,0.726071,-0.030634,-0.099324,lower
L2,0.65,0.6500,0.741604,-0.029247,-0.087814,lower
L2,0.65,0.6500,0.756920,-0.027848,-0.076489,lower
L2,0.65,0.6500,0.772003,-0.026438,-0.065205,lower
L2,0.65,0.6500,0.786835,-0.025019,-0.053821,lower
L2,0.65,0.6500,0.801401,-0.023592,-0.042206,lower
L2,0.65,0.6500,0.815688,-0.022159,-0.030245,lower
L2,0.65,0.6500,0.829682,-0.020722,-0.017834,lower
L2,0.65,0.6500,0.843373,-0.019283,-0.004882,lower
L2,0.65,0.6500,0.856750,-0.017845,0.008698,lower
L2,0.65,0.6500,0.869805,-0.016409,0.022984,lower
L2,0.65,0.6500,0.882530,-0.014979,0.038060,lower
L2,0.65,0.6500,0.894920,-0.013557,0.054010,lower
L2,0.65,0.6500,0.906971,-0.012147,0.070925,lower
L2,0.65,0.6500,0.918679,-0.010753,0.088903,lower
L2,0.65,0.6500,0.930042,-0.009377,0.108055,lower
L2,0.65,0.6500,0.941059,-0.008025,0.128512,lower
L2,0.65,0.6500,0.951731,-0.006700,0.150437,lower
L2,0.65,0.6500,0.962060,-0.005410,0.174058,lower
L2,0.65,0.6500,0.972047,-0.004158,0.199740,lower
L2,0.65,0.6500,0.981697,-0.002952,0.228222,lower
L2,0.65,0.6500,0.991013,-0.001799,0.261123,lower
L2,0.65,0.6500,1.000000,-0.000705,0.314253,lower
L2,0.80,0.8000,0.000000,0.000000,0.842665,upper
L2,0.80,0.8000,0.000008,0.000522,0.828171,upper
L2,0.80,0.8000,0.000034,0.001072,0.811985,upper
L2,0.80,0.8000,0.000080,0.001650,0.792551,upper
L2,0.80,0.8000,0.000151,0.002259,0.769482,upper
L2,0.80,0.8000,0.000249,0.002897,0.742399,upper
L2,0.80,0.8000,0.000377,0.003566,0.710933,upper
L2,0.80,0.8000,0.000541,0.004266,0.674738,upper
L2,0.80,0.8000,0.000745,0.004995,0.633508,upper
L2,0.80,0.8000,0.000993,0.005755,0.586995,upper
L2,0.80,0.8000,0.001290,0.006543,0.535032,upper
L2,0.80,0.8000,0.001641,0.007359,0.477552,upper
L2,0.80,0.8000,0.002052,0.008200,0.414618,upper
L2,0.80,0.8000,0.002527,0.009065,0.346438,upper
L2,0.80,0.8000,0.003073,0.009951,0.273369,upper
L2,0.80,0.8000,0.003694,0.010854,0.195936,upper
L2,0.80,0.8000,0.004395,0.011772,0.114828,upper
L2,0.80,0.8000,0.005182,0.012701,0.030879,upper
L2,0.80,0.8000,0.006058,0.013638,-0.054948,upper
L2,0.80,0.8000,0.007029,0.014577,-0.141595,upper
L2,0.80,0.8000,0.008099,0.015516,-0.227904,upper
L2,0.80,0.8000,0.009271,0.016451,-0.312818,upper
L2,0.80,0.8000,0.010549,0.017378,-0.395495,upper
L2,0.80,0.8000,0.011936,0.018294,-0.475077,upper
L2,0.80,0.8000,0.013436,0.019195,-0.553815,upper
L2,0.80,0.8000,0.015052,0.020080,-0.627408,upper
L2,0.80,0.8000,0.016786,0.020946,-0.692811,upper
L2,0.80,0.8000,0.018643,0.021791,-0.752549,upper
L2,0.80,0.8000,0.020625,0.022613,-0.805122,upper
L2,0.80,0.8000,0.022735,0.023413,-0.850744,upper
L2,0.80,0.8000,0.024979,0.024190,-0.889880,upper
L2,0.80,0.8000,0.027358,0.024943,-0.922870,upper
L2,0.80,0.8000,0.029878,0.025674,-0.950018,upper
L2,0.80,0.8000,0.032543,0.026382,-0.971688,upper
L2,0.80,0.8000,0.035358,0.027068,-0.988321,upper
L2,0.80,0.8000,0.038327,0.027735,-1.000395,upper
L2,0.80,0.8000,0.041456,0.028383,-1.008385,upper
L2,0.80,0.8000,0.044751,0.029015,-1.012733,upper
L2,0.80,0.8000,0.048218,0.029633,-1.013841,upper
L2,0.80,0.8000,0.051862,0.030238,-1.012071,upper
L2,0.80,0.8000,0.055691,0.030834,-1.007753,upper
L2,0.80,0.8000,0.059711,0.031422,-1.001188,upper
L2,0.80,0.8000,0.063928,0.032006,-0.992657,upper
L2,0.80,0.8000,0.068352,0.032587,-0.982425,upper
L2,0.80,0.8000,0.072988,0.033168,-0.970740,upper
L2,0.80,0.8000,0.077844,0.033751,-0.957830,upper
L2,0.80,0.8000,0.082928,0.034338,-0.943886,upper
L2,0.80,0.8000,0.088248,0.034931,-0.929071,upper
L2,0.80,0.8000,0.093813,0.035530,-0.913539,upper
L2,0.80,0.8000,0.099629,0.036137,-0.897463,upper
L2,0.80,0.8000,0.105705,0.036752,-0.881017,upper
L2,0.80,0.8000,0.112049,0.037375,-0.864345,upper
L2,0.80,0.8000,0.118669,0.038006,-0.847514,upper
L2,0.80,0.8000,0.125573,0.038642,-0.830487,upper
L2,0.80,0.8000,0.132769,0.039282,-0.813136,upper
L2,0.80,0.8000,0.140263,0.039924,-0.795341,upper
L2,0.80,0.8000,0.148065,0.040566,-0.777220,upper
L2,0.80,0.8000,0.156179,0.041204,-0.759381,upper
L2,0.80,0.8000,0.164613,0.041835,-0.742944,upper
L2,0.80,0.8000,0.173373,0.042456,-0.729162,upper
L2,0.80,0.8000,0.182464,0.043064,-0.718864,upper
L2,0.80,0.8000,0.191890,0.043654,-0.712165,upper
L2,0.80,0.8000,0.201657,0.044225,-0.708580,upper
L2,0.80,0.8000,0.211767,0.044773,-0.707346,upper
L2,0.80,0.8000,0.222222,0.045296,-0.707684,upper
L2,0.80,0.8000,0.233025,0.045792,-0.708926,upper
L2,0.80,0.8000,0.244175,0.046258,-0.710549,upper
L2,0.80,0.8000,0.255672,0.046694,-0.712178,upper
L2,0.80,0.8000,0.267515,0.047098,-0.713567,upper
L2,0.80,0.8000,0.279701,0.047468,-0.714575,upper
L2,0.80,0.8000,0.292227,0.047803,-0.715149,upper
L2,0.80,0.8000,0.305086,0.048100,-0.715303,upper
L2,0.80,0.8000,0.318273,0.048357,-0.715105,upper
L2,0.80,0.8000,0.331780,0.048569,-0.714644,upper
L2,0.80,0.8000,0.345598,0.048733,-0.713970,upper
L2,0.80,0.8000,0.359716,0.048843,-0.713026,upper
L2,0.80,0.8000,0.374124,0.048893,-0.711560,upper
L2,0.80,0.8000,0.388807,0.048878,-0.708973,upper
L2,0.80,0.8000,0.403751,0.048790,-0.704016,upper
L2,0.80,0.8000,0.418939,0.048624,-0.693958,upper
L2,0.80,0.8000,0.434356,0.048373,-0.671706,upper
L2,0.80,0.8000,0.449981,0.048033,-0.617656,upper
L2,0.80,0.8000,0.465797,0.047599,-0.504421,upper
L2,0.80,0.8000,0.481780,0.047071,-0.361778,upper
L2,0.80,0.8000,0.497911,0.046447,-0.259659,upper
L2,0.80,0.8000,0.514166,0.045730,-0.214690,upper
L2,0.80,0.8000,0.530524,0.044922,-0.202036,upper
L2,0.80,0.8000,0.546959,0.044030,-0.200144,upper
L2,0.80,0.8000,0.563448,0.043058,-0.198944,upper
L2,0.80,0.8000,0.579967,0.042016,-0.195013,upper
L2,0.80,0.8000,0.596493,0.040910,-0.187966,upper
L2,0.80,0.8000,0.613000,0.039748,-0.178470,upper
L2,0.80,0.8000,0.629465,0.038539,-0.167375,upper
L2,0.80,0.8000,0.645864,0.037290,-0.155412,upper
L2,0.80,0.8000,0.662174,0.036007,-0.143110,upper
L2,0.80,0.8000,0.678372,0.034695,-0.130817,upper
L2,0.80,0.8000,0.694435,0.033360,-0.118723,upper
L2,0.80,0.8000,0.710341,0.032005,-0.106906,upper
L2,0.80,0.8000,0.726071,0.030634,-0.095356,upper
L2,0.80,0.8000,0.741604,0.029247,-0.084006,upper
L2,0.80,0.8000,0.756920,0.027848,-0.072757,upper
L2,0.80,0.8000,0.772003,0.026438,-0.061492,upper
L2,0.80,0.8000,0.786835,0.025019,-0.050092,upper
L2,0.80,0.8000,0.801401,0.023592,-0.038443,upper
L2,0.80,0.8000,0.815688,0.022159,-0.026441,upper
L2,0.80,0.8000,0.829682,0.020722,-0.013994,upper
L2,0.80,0.8000,0.843373,0.019283,-0.001020,upper
L2,0.80,0.8000,0.856750,0.017845,0.012557,upper
L2,0.80,0.8000,0.869805,0.016409,0.026809,upper
L2,0.80,0.8000,0.882530,0.014979,0.041808,upper
L2,0.80,0.8000,0.894920,0.013557,0.057630,upper
L2,0.80,0.8000,0.906971,0.012147,0.074357,upper
L2,0.80,0.8000,0.918679,0.010753,0.092082,upper
L2,0.80,0.8000,0.930042,0.009377,0.110907,upper
L2,0.80,0.8000,0.941059,0.008025,0.130963,upper
L2,0.80,0.8000,0.951731,0.006700,0.152418,upper
L2,0.80,0.8000,0.962060,0.005410,0.175505,upper
L2,0.80,0.8000,0.972047,0.004158,0.200595,upper
L2,0.80,0.8000,0.981697,0.002952,0.228381,upper
L2,0.80,0.8000,0.991013,0.001799,0.260339,upper
L2,0.80,0.8000,1.000000,0.000705,0.313711,upper
L2,0.80,0.8000,0.000000,0.000000,0.842665,lower
L2,0.80,0.8000,0.000008,-0.000522,0.857251,lower
L2,0.80,0.8000,0.000034,-0.001072,0.871405,lower
L2,0.80,0.8000,0.000080,-0.001650,0.883925,lower
L2,0.80,0.8000,0.000151,-0.002259,0.894340,lower
L2,0.80,0.8000,0.000249,-0.002897,0.902169,lower
L2,0.80,0.8000,0.000377,-0.003566,0.906190,lower
L2,0.80,0.8000,0.000541,-0.004266,0.906972,lower
L2,0.80,0.8000,0.000745,-0.004995,0.905126,lower
L2,0.80,0.8000,0.000993,-0.005755,0.899462,lower
L2,0.80,0.8000,0.001290,-0.006543,0.889501,lower
L2,0.80,0.8000,0.001641,-0.007359,0.874850,lower
L2,0.80,0.8000,0.002052,-0.008200,0.855211,lower
L2,0.80,0.8000,0.002527,-0.009065,0.830392,lower
L2,0.80,0.8000,0.003073,-0.009951,0.800332,lower
L2,0.80,0.8000,0.003694,-0.010854,0.765123,lower
L2,0.80,0.8000,0.004395,-0.011772,0.725033,lower
L2,0.80,0.8000,0.005182,-0.012701,0.680503,lower
L2,0.80,0.8000,0.006058,-0.013638,0.632148,lower
L2,0.80,0.8000,0.007029,-0.014577,0.580734,lower
L2,0.80,0.8000,0.008099,-0.015516,0.527152,lower
L2,0.80,0.8000,0.009271,-0.016451,0.472378,lower
L2,0.80,0.8000,0.010549,-0.017378,0.417426,lower
L2,0.80,0.8000,0.011936,-0.018294,0.363299,lower
L2,0.80,0.8000,0.013436,-0.019195,0.310941,lower
L2,0.80,0.8000,0.015052,-0.020080,0.261193,lower
L2,0.80,0.8000,0.016786,-0.020946,0.214760,lower
L2,0.80,0.8000,0.018643,-0.021791,0.172191,lower
L2,0.80,0.8000,0.020625,-0.022613,0.133862,lower
L2,0.80,0.8000,0.022735,-0.023413,0.099982,lower
L2,0.80,0.8000,0.024979,-0.024190,0.070601,lower
L2,0.80,0.8000,0.027358,-0.024943,0.045622,lower
L2,0.80,0.8000,0.029878,-0.025674,0.024805,lower
L2,0.80,0.8000,0.032543,-0.026382,0.007828,lower
L2,0.80,0.8000,0.035358,-0.027068,-0.005680,lower
L2,0.80,0.8000,0.038327,-0.027735,-0.016141,lower
L2,0.80,0.8000,0.041456,-0.028383,-0.023999,lower
L2,0.80,0.8000,0.044751,-0.029015,-0.029702,lower
L2,0.80,0.8000,0.048218,-0.029633,-0.033683,lower
L2,0.80,0.8000,0.051862,-0.030238,-0.036351,lower
L2,0.80,0.8000,0.055691,-0.030834,-0.038082,lower
L2,0.80,0.8000,0.059711,-0.031422,-0.039217,lower
L2,0.80,0.8000,0.063928,-0.032006,-0.040062,lower
L2,0.80,0.8000,0.068352,-0.032587,-0.040882,lower
L2,0.80,0.8000,0.072988,-0.033168,-0.041909,lower
L2,0.80,0.8000,0.077844,-0.033751,-0.043338,lower
L2,0.80,0.8000,0.082928,-0.034338,-0.045329,lower
L2,0.80,0.8000,0.088248,-0.034931,-0.048009,lower
L2,0.80,0.8000,0.093813,-0.035530,-0.051474,lower
L2,0.80,0.8000,0.099629,-0.036137,-0.055786,lower
L2,0.80,0.8000,0.105705,-0.036752,-0.060976,lower
L2,0.80,0.8000,0.112049,-0.037375,-0.067046,lower
L2,0.80,0.8000,0.118669,-0.038006,-0.073967,lower
L2,0.80,0.8000,0.125573,-0.038642,-0.081682,lower
L2,0.80,0.8000,0.132769,-0.039282,-0.090108,lower
L2,0.80,0.8000,0.140263,-0.039924,-0.099138,lower
L2,0.80,0.8000,0.148065,-0.040566,-0.108644,lower
L2,0.80,0.8000,0.156179,-0.041204,-0.118484,lower
L2,0.80,0.8000,0.164613,-0.041835,-0.128510,lower
L2,0.80,0.8000,0.173373,-0.042456,-0.138569,lower
L2,0.80,0.8000,0.182464,-0.043064,-0.148519,lower
L2,0.80,0.8000,0.191890,-0.043654,-0.158229,lower
L2,0.80,0.8000,0.201657,-0.044225,-0.167598,lower
L2,0.80,0.8000,0.211767,-0.044773,-0.176553,lower
L2,0.80,0.8000,0.222222,-0.045296,-0.185058,lower
L2,0.80,0.8000,0.233025,-0.045792,-0.193119,lower
L2,0.80,0.8000,0.244175,-0.046258,-0.200778,lower
L2,0.80,0.8000,0.255672,-0.046694,-0.208113,lower
L2,0.80,0.8000,0.267515,-0.047098,-0.215225,lower
L2,0.80,0.8000,0.279701,-0.047468,-0.222229,lower
L2,0.80,0.8000,0.292227,-0.047803,-0.229238,lower
L2,0.80,0.8000,0.305086,-0.048100,-0.236348,lower
L2,0.80,0.8000,0.318273,-0.048357,-0.243618,lower
L2,0.80,0.8000,0.331780,-0.048569,-0.251057,lower
L2,0.80,0.8000,0.345598,-0.048733,-0.258608,lower
L2,0.80,0.8000,0.359716,-0.048843,-0.266137,lower
L2,0.80,0.8000,0.374124,-0.048893,-0.273428,lower
L2,0.80,0.8000,0.388807,-0.048878,-0.280183,lower
L2,0.80,0.8000,0.403751,-0.048790,-0.286029,lower
L2,0.80,0.8000,0.418939,-0.048624,-0.290545,lower
L2,0.80,0.8000,0.434356,-0.048373,-0.293289,lower
L2,0.80,0.8000,0.449981,-0.048033,-0.293850,lower
L2,0.80,0.8000,0.465797,-0.047599,-0.291901,lower
L2,0.80,0.8000,0.481780,-0.047071,-0.287256,lower
L2,0.80,0.8000,0.497911,-0.046447,-0.279902,lower
L2,0.80,0.8000,0.514166,-0.045730,-0.270014,lower
L2,0.80,0.8000,0.530524,-0.044922,-0.257930,lower
L2,0.80,0.8000,0.546959,-0.044030,-0.244098,lower
L2,0.80,0.8000,0.563448,-0.043058,-0.229022,lower
L2,0.80,0.8000,0.579967,-0.042016,-0.213200,lower
L2,0.80,0.8000,0.596493,-0.040910,-0.197088,lower
L2,0.80,0.8000,0.613000,-0.039748,-0.181067,lower
L2,0.80,0.8000,0.629465,-0.038539,-0.165435,lower
L2,0.80,0.8000,0.645864,-0.037290,-0.150401,lower
L2,0.80,0.8000,0.662174,-0.036007,-0.136088,lower
L2,0.80,0.8000,0.678372,-0.034695,-0.122546,lower
L2,0.80,0.8000,0.694435,-0.033360,-0.109755,lower
L2,0.80,0.8000,0.710341,-0.032005,-0.097645,lower
L2,0.80,0.8000,0.726071,-0.030634,-0.086102,lower
L2,0.80,0.8000,0.741604,-0.029247,-0.074987,lower
L2,0.80,0.8000,0.756920,-0.027848,-0.064147,lower
L2,0.80,0.8000,0.772003,-0.026438,-0.053425,lower
L2,0.80,0.8000,0.786835,-0.025019,-0.042669,lower
L2,0.80,0.8000,0.801401,-0.023592,-0.031738,lower
L2,0.80,0.8000,0.815688,-0.022159,-0.020502,lower
L2,0.80,0.8000,0.829682,-0.020722,-0.008849,lower
L2,0.80,0.8000,0.843373,-0.019283,0.003324,lower
L2,0.80,0.8000,0.856750,-0.017845,0.016113,lower
L2,0.80,0.8000,0.869805,-0.016409,0.029609,lower
L2,0.80,0.8000,0.882530,-0.014979,0.043901,lower
L2,0.80,0.8000,0.894920,-0.013557,0.059082,lower
L2,0.80,0.8000,0.906971,-0.012147,0.075251,lower
L2,0.80,0.8000,0.918679,-0.010753,0.092513,lower
L2,0.80,0.8000,0.930042,-0.009377,0.110983,lower
L2,0.80,0.8000,0.941059,-0.008025,0.130797,lower
L2,0.80,0.8000,0.951731,-0.006700,0.152125,lower
L2,0.80,0.8000,0.962060,-0.005410,0.175196,lower
L2,0.80,0.8000,0.972047,-0.004158,0.200381,lower
L2,0.80,0.8000,0.981697,-0.002952,0.228421,lower
L2,0.80,0.8000,0.991013,-0.001799,0.260931,lower
L2,0.80,0.8000,1.000000,-0.000705,0.314021,lower
L2,0.90,0.9000,0.000000,0.000000,0.827036,upper
L2,0.90,0.9000,0.000008,0.000522,0.812626,upper
L2,0.90,0.9000,0.000034,0.001072,0.796519,upper
L2,0.90,0.9000,0.000080,0.001650,0.777164,upper
L2,0.90,0.9000,0.000151,0.002259,0.754172,upper
L2,0.90,0.9000,0.000249,0.002897,0.727163,upper
L2,0.90,0.9000,0.000377,0.003566,0.695769,upper
L2,0.90,0.9000,0.000541,0.004266,0.659644,upper
L2,0.90,0.9000,0.000745,0.004995,0.618481,upper
L2,0.90,0.9000,0.000993,0.005755,0.572033,upper
L2,0.90,0.9000,0.001290,0.006543,0.520132,upper
L2,0.90,0.9000,0.001641,0.007359,0.462713,upper
L2,0.90,0.9000,0.002052,0.008200,0.399839,upper
L2,0.90,0.9000,0.002527,0.009065,0.331717,upper
L2,0.90,0.9000,0.003073,0.009951,0.258706,upper
L2,0.90,0.9000,0.003694,0.010854,0.181331,upper
L2,0.90,0.9000,0.004395,0.011772,0.100280,upper
L2,0.90,0.9000,0.005182,0.012701,0.016387,upper
L2,0.90,0.9000,0.006058,0.013638,-0.069386,upper
L2,0.90,0.9000,0.007029,0.014577,-0.155982,upper
L2,0.90,0.9000,0.008099,0.015516,-0.242245,upper
L2,0.90,0.9000,0.009271,0.016451,-0.327125,upper
L2,0.90,0.9000,0.010549,0.017378,-0.409786,upper
L2,0.90,0.9000,0.011936,0.018294,-0.489339,upper
L2,0.90,0.9000,0.013436,0.019195,-0.568592,upper
L2,0.90,0.9000,0.015052,0.020080,-0.642425,upper
L2,0.90,0.9000,0.016786,0.020946,-0.707579,upper
L2,0.90,0.9000,0.018643,0.021791,-0.767366,upper
L2,0.90,0.9000,0.020625,0.022613,-0.819946,upper
L2,0.90,0.9000,0.022735,0.023413,-0.865647,upper
L2,0.90,0.9000,0.024979,0.024190,-0.904969,upper
L2,0.90,0.9000,0.027358,0.024943,-0.938221,upper
L2,0.90,0.9000,0.029878,0.025674,-0.965690,upper
L2,0.90,0.9000,0.032543,0.026382,-0.987749,upper
L2,0.90,0.9000,0.035358,0.027068,-1.004848,upper
L2,0.90,0.9000,0.038327,0.027735,-1.017473,upper
L2,0.90,0.9000,0.041456,0.028383,-1.026099,upper
L2,0.90,0.9000,0.044751,0.029015,-1.031171,upper
L2,0.90,0.9000,0.048218,0.029633,-1.033093,upper
L2,0.90,0.9000,0.051862,0.030238,-1.032232,upper
L2,0.90,0.9000,0.055691,0.030834,-1.028923,upper
L2,0.90,0.9000,0.059710,0.031422,-1.023476,upper
L2,0.90,0.9000,0.063928,0.032006,-1.016184,upper
L2,0.90,0.9000,0.068352,0.032587,-1.007324,upper
L2,0.90,0.9000,0.072988,0.033168,-0.997163,upper
L2,0.90,0.9000,0.077844,0.033751,-0.985955,upper
L2,0.90,0.9000,0.082928,0.034338,-0.973929,upper
L2,0.90,0.9000,0.088248,0.034931,-0.961284,upper
L2,0.90,0.9000,0.093813,0.035530,-0.948210,upper
L2,0.90,0.9000,0.099629,0.036137,-0.934909,upper
L2,0.90,0.9000,0.105705,0.036752,-0.921608,upper
L2,0.90,0.9000,0.112049,0.037375,-0.908531,upper
L2,0.90,0.9000,0.118669,0.038006,-0.895877,upper
L2,0.90,0.9000,0.125573,0.038642,-0.883797,upper
L2,0.90,0.9000,0.132769,0.039282,-0.872375,upper
L2,0.90,0.9000,0.140263,0.039924,-0.861606,upper
L2,0.90,0.9000,0.148065,0.040566,-0.851385,upper
L2,0.90,0.9000,0.156179,0.041204,-0.841503,upper
L2,0.90,0.9000,0.164613,0.041835,-0.831665,upper
L2,0.90,0.9000,0.173373,0.042456,-0.821533,upper
L2,0.90,0.9000,0.182464,0.043064,-0.810795,upper
L2,0.90,0.9000,0.191890,0.043654,-0.799269,upper
L2,0.90,0.9000,0.201657,0.044225,-0.786961,upper
L2,0.90,0.9000,0.211767,0.044773,-0.774032,upper
L2,0.90,0.9000,0.222222,0.045296,-0.760672,upper
L2,0.90,0.9000,0.233025,0.045792,-0.746958,upper
L2,0.90,0.9000,0.244175,0.046258,-0.732793,upper
L2,0.90,0.9000,0.255672,0.046694,-0.717930,upper
L2,0.90,0.9000,0.267515,0.047098,-0.701981,upper
L2,0.90,0.9000,0.279701,0.047468,-0.684507,upper
L2,0.90,0.9000,0.292227,0.047803,-0.665088,upper
L2,0.90,0.9000,0.305086,0.048100,-0.643275,upper
L2,0.90,0.9000,0.318273,0.048357,-0.618509,upper
L2,0.90,0.9000,0.331780,0.048569,-0.590026,upper
L2,0.90,0.9000,0.345598,0.048733,-0.556746,upper
L2,0.90,0.9000,0.359717,0.048843,-0.517082,upper
L2,0.90,0.9000,0.374124,0.048893,-0.470257,upper
L2,0.90,0.9000,0.388807,0.048878,-0.418614,upper
L2,0.90,0.9000,0.403751,0.048790,-0.367734,upper
L2,0.90,0.9000,0.418939,0.048624,-0.324186,upper
L2,0.90,0.9000,0.434356,0.048373,-0.292528,upper
L2,0.90,0.9000,0.449981,0.048033,-0.273377,upper
L2,0.90,0.9000,0.465797,0.047599,-0.263957,upper
L2,0.90,0.9000,0.481780,0.047071,-0.260101,upper
L2,0.90,0.9000,0.497911,0.046447,-0.257927,upper
L2,0.90,0.9000,0.514167,0.045730,-0.254679,upper
L2,0.90,0.9000,0.530524,0.044922,-0.248896,upper
L2,0.90,0.9000,0.546959,0.044030,-0.240200,upper
L2,0.90,0.9000,0.563448,0.043058,-0.228947,upper
L2,0.90,0.9000,0.579967,0.042016,-0.215846,upper
L2,0.90,0.9000,0.596493,0.040910,-0.201674,upper
L2,0.90,0.9000,0.613000,0.039748,-0.187103,upper
L2,0.90,0.9000,0.629465,0.038539,-0.172640,upper
L2,0.90,0.9000,0.645864,0.037290,-0.158624,upper
L2,0.90,0.9000,0.662174,0.036007,-0.145249,upper
L2,0.90,0.9000,0.678372,0.034695,-0.132593,upper
L2,0.90,0.9000,0.694435,0.033360,-0.120649,upper
L2,0.90,0.9000,0.710342,0.032005,-0.109342,upper
L2,0.90,0.9000,0.726071,0.030634,-0.098553,upper
L2,0.90,0.9000,0.741604,0.029247,-0.088136,upper
L2,0.90,0.9000,0.756920,0.027848,-0.077930,upper
L2,0.90,0.9000,0.772003,0.026438,-0.067778,upper
L2,0.90,0.9000,0.786835,0.025019,-0.057526,upper
L2,0.90,0.9000,0.801401,0.023592,-0.047035,upper
L2,0.90,0.9000,0.815688,0.022159,-0.036183,upper
L2,0.90,0.9000,0.829682,0.020722,-0.024861,upper
L2,0.90,0.9000,0.843373,0.019283,-0.012974,upper
L2,0.90,0.9000,0.856750,0.017845,-0.000433,upper
L2,0.90,0.9000,0.869805,0.016409,0.012846,upper
L2,0.90,0.9000,0.882530,0.014979,0.026948,upper
L2,0.90,0.9000,0.894920,0.013557,0.041961,upper
L2,0.90,0.9000,0.906971,0.012147,0.057981,upper
L2,0.90,0.9000,0.918679,0.010753,0.075112,upper
L2,0.90,0.9000,0.930042,0.009377,0.093473,upper
L2,0.90,0.9000,0.941059,0.008025,0.113204,upper
L2,0.90,0.9000,0.951731,0.006700,0.134487,upper
L2,0.90,0.9000,0.962060,0.005410,0.157569,upper
L2,0.90,0.9000,0.972047,0.004158,0.182835,upper
L2,0.90,0.9000,0.981697,0.002952,0.211001,upper
L2,0.90,0.9000,0.991012,0.001799,0.243596,upper
L2,0.90,0.9000,1.000000,0.000705,0.298203,upper
L2,0.90,0.9000,0.000000,0.000000,0.827036,lower
L2,0.90,0.9000,0.000008,-0.000522,0.841527,lower
L2,0.90,0.9000,0.000034,-0.001072,0.855576,lower
L2,0.90,0.9000,0.000080,-0.001650,0.867978,lower
L2,0.90,0.9000,0.000151,-0.002259,0.878263,lower
L2,0.90,0.9000,0.000249,-0.002897,0.885953,lower
L2,0.90,0.9000,0.000377,-0.003566,0.889795,lower
L2,0.90,0.9000,0.000541,-0.004266,0.890400,lower
L2,0.90,0.9000,0.000745,-0.004995,0.888381,lower
L2,0.90,0.9000,0.000993,-0.005755,0.882495,lower
L2,0.90,0.9000,0.001290,-0.006543,0.872281,lower
L2,0.90,0.9000,0.001641,-0.007359,0.857350,lower
L2,0.90,0.9000,0.002052,-0.008200,0.837401,lower
L2,0.90,0.9000,0.002527,-0.009065,0.812240,lower
L2,0.90,0.9000,0.003073,-0.009951,0.781807,lower
L2,0.90,0.9000,0.003694,-0.010854,0.746193,lower
L2,0.90,0.9000,0.004395,-0.011772,0.705666,lower
L2,0.90,0.9000,0.005182,-0.012701,0.660667,lower
L2,0.90,0.9000,0.006058,-0.013638,0.611809,lower
L2,0.90,0.9000,0.007029,-0.014577,0.559861,lower
L2,0.90,0.9000,0.008099,-0.015516,0.505715,lower
L2,0.90,0.9000,0.009271,-0.016451,0.450348,lower
L2,0.90,0.9000,0.010549,-0.017378,0.394776,lower
L2,0.90,0.9000,0.011936,-0.018294,0.340004,lower
L2,0.90,0.9000,0.013436,-0.019195,0.286978,lower
L2,0.90,0.9000,0.015052,-0.020080,0.236544,lower
L2,0.90,0.9000,0.016786,-0.020946,0.189411,lower
L2,0.90,0.9000,0.018643,-0.021791,0.146131,lower
L2,0.90,0.9000,0.020625,-0.022613,0.107087,lower
L2,0.90,0.9000,0.022735,-0.023413,0.072493,lower
L2,0.90,0.9000,0.024979,-0.024190,0.042406,lower
L2,0.90,0.9000,0.027358,-0.024943,0.016730,lower
L2,0.90,0.9000,0.029878,-0.025674,-0.004770,lower
L2,0.90,0.9000,0.032543,-0.026382,-0.022412,lower
L2,0.90,0.9000,0.035358,-0.027068,-0.036566,lower
L2,0.90,0.9000,0.038327,-0.027735,-0.047654,lower
L2,0.90,0.9000,0.041456,-0.028383,-0.056126,lower
L2,0.90,0.9000,0.044751,-0.029015,-0.062430,lower
L2,0.90,0.9000,0.048218,-0.029633,-0.067006,lower
L2,0.90,0.9000,0.051862,-0.030238,-0.070266,lower
L2,0.90,0.9000,0.055691,-0.030834,-0.072593,lower
L2,0.90,0.9000,0.059710,-0.031422,-0.074334,lower
L2,0.90,0.9000,0.063928,-0.032006,-0.075798,lower
L2,0.90,0.9000,0.068352,-0.032587,-0.077257,lower
L2,0.90,0.9000,0.072988,-0.033168,-0.078945,lower
L2,0.90,0.9000,0.077844,-0.033751,-0.081061,lower
L2,0.90,0.9000,0.082928,-0.034338,-0.083768,lower
L2,0.90,0.9000,0.088248,-0.034931,-0.087196,lower
L2,0.90,0.9000,0.093813,-0.035530,-0.091438,lower
L2,0.90,0.9000,0.099629,-0.036137,-0.096557,lower
L2,0.90,0.9000,0.105705,-0.036752,-0.102581,lower
L2,0.90,0.9000,0.112049,-0.037375,-0.109509,lower
L2,0.90,0.9000,0.118669,-0.038006,-0.117304,lower
L2,0.90,0.9000,0.125573,-0.038642,-0.125900,lower
L2,0.90,0.9000,0.132769,-0.039282,-0.135201,lower
L2,0.90,0.9000,0.140263,-0.039924,-0.145084,lower
L2,0.90,0.9000,0.148065,-0.040566,-0.155405,lower
L2,0.90,0.9000,0.156179,-0.041204,-0.166000,lower
L2,0.90,0.9000,0.164613,-0.041835,-0.176692,lower
L2,0.90,0.9000,0.173373,-0.042456,-0.187301,lower
L2,0.90,0.9000,0.182464,-0.043064,-0.197652,lower
L2,0.90,0.9000,0.191890,-0.043654,-0.207580,lower
L2,0.90,0.9000,0.201657,-0.044225,-0.216945,lower
L2,0.90,0.9000,0.211767,-0.044773,-0.225638,lower
L2,0.90,0.9000,0.222222,-0.045296,-0.233588,lower
L2,0.90,0.9000,0.233025,-0.045792,-0.240763,lower
L2,0.90,0.9000,0.244175,-0.046258,-0.247174,lower
L2,0.90,0.9000,0.255672,-0.046694,-0.252871,lower
L2,0.90,0.9000,0.267515,-0.047098,-0.257931,lower
L2,0.90,0.9000,0.279701,-0.047468,-0.262452,lower
L2,0.90,0.9000,0.292227,-0.047803,-0.266534,lower
L2,0.90,0.9000,0.305086,-0.048100,-0.270265,lower
L2,0.90,0.9000,0.318273,-0.048357,-0.273704,lower
L2,0.90,0.9000,0.331780,-0.048569,-0.276867,lower
L2,0.90,0.9000,0.345598,-0.048733,-0.279713,lower
L2,0.90,0.9000,0.359717,-0.048843,-0.282139,lower
L2,0.90,0.9000,0.374124,-0.048893,-0.283974,lower
L2,0.90,0.9000,0.388807,-0.048878,-0.284992,lower
L2,0.90,0.9000,0.403751,-0.048790,-0.284925,lower
L2,0.90,0.9000,0.418939,-0.048624,-0.283488,lower
L2,0.90,0.9000,0.434356,-0.048373,-0.280420,lower
L2,0.90,0.9000,0.449981,-0.048033,-0.275515,lower
L2,0.90,0.9000,0.465797,-0.047599,-0.268665,lower
L2,0.90,0.9000,0.481780,-0.047071,-0.259876,lower
L2,0.90,0.9000,0.497911,-0.046447,-0.249276,lower
L2,0.90,0.9000,0.514167,-0.045730,-0.237097,lower
L2,0.90,0.9000,0.530524,-0.044922,-0.223651,lower
L2,0.90,0.9000,0.546959,-0.044030,-0.209287,lower
L2,0.90,0.9000,0.563448,-0.043058,-0.194370,lower
L2,0.90,0.9000,0.579967,-0.042016,-0.179244,lower
L2,0.90,0.9000,0.596493,-0.040910,-0.164221,lower
L2,0.90,0.9000,0.613000,-0.039748,-0.149561,lower
L2,0.90,0.9000,0.629465,-0.038539,-0.135467,lower
L2,0.90,0.9000,0.645864,-0.037290,-0.122082,lower
L2,0.90,0.9000,0.662174,-0.036007,-0.109482,lower
L2,0.90,0.9000,0.678372,-0.034695,-0.097685,lower
L2,0.90,0.9000,0.694435,-0.033360,-0.086655,lower
L2,0.90,0.9000,0.710342,-0.032005,-0.076310,lower
L2,0.90,0.9000,0.726071,-0.030634,-0.066534,lower
L2,0.90,0.9000,0.741604,-0.029247,-0.057185,lower
L2,0.90,0.9000,0.756920,-0.027848,-0.048109,lower
L2,0.90,0.9000,0.772003,-0.026438,-0.039149,lower
L2,0.90,0.9000,0.786835,-0.025019,-0.030154,lower
L2,0.90,0.9000,0.801401,-0.023592,-0.020981,lower
L2,0.90,0.9000,0.815688,-0.022159,-0.011500,lower
L2,0.90,0.9000,0.829682,-0.020722,-0.001594,lower
L2,0.90,0.9000,0.843373,-0.019283,0.008844,lower
L2,0.90,0.9000,0.856750,-0.017845,0.019913,lower
L2,0.90,0.9000,0.869805,-0.016409,0.031710,lower
L2,0.90,0.9000,0.882530,-0.014979,0.044331,lower
L2,0.90,0.9000,0.894920,-0.013557,0.057877,lower
L2,0.90,0.9000,0.906971,-0.012147,0.072455,lower
L2,0.90,0.9000,0.918679,-0.010753,0.088180,lower
L2,0.90,0.9000,0.930042,-0.009377,0.105174,lower
L2,0.90,0.9000,0.941059,-0.008025,0.123586,lower
L2,0.90,0.9000,0.951731,-0.006700,0.143592,lower
L2,0.90,0.9000,0.962060,-0.005410,0.165432,lower
L2,0.90,0.9000,0.972047,-0.004158,0.189485,lower
L2,0.90,0.9000,0.981697,-0.002952,0.216495,lower
L2,0.90,0.9000,0.991012,-0.001799,0.248087,lower
L2,0.90,0.9000,1.000000,-0.000705,0.300231,lower
L2,0.96,0.9600,0.000000,0.000000,0.798864,upper
L2,0.96,0.9600,0.000008,0.000522,0.785034,upper
L2,0.96,0.9600,0.000034,0.001072,0.769505,upper
L2,0.96,0.9600,0.000080,0.001650,0.750743,upper
L2,0.96,0.9600,0.000151,0.002259,0.728359,upper
L2,0.96,0.9600,0.000249,0.002897,0.701974,upper
L2,0.96,0.9600,0.000377,0.003566,0.671217,upper
L2,0.96,0.9600,0.000541,0.004266,0.635741,upper
L2,0.96,0.9600,0.000745,0.004995,0.595238,upper
L2,0.96,0.9600,0.000993,0.005755,0.549456,upper
L2,0.96,0.9600,0.001290,0.006543,0.498224,upper
L2,0.96,0.9600,0.001641,0.007359,0.441472,upper
L2,0.96,0.9600,0.002052,0.008200,0.379256,upper
L2,0.96,0.9600,0.002527,0.009065,0.311776,upper
L2,0.96,0.9600,0.003073,0.009951,0.239385,upper
L2,0.96,0.9600,0.003694,0.010854,0.162598,upper
L2,0.96,0.9600,0.004395,0.011772,0.082095,upper
L2,0.96,0.9600,0.005182,0.012701,-0.001296,upper
L2,0.96,0.9600,0.006058,0.013638,-0.086623,upper
L2,0.96,0.9600,0.007029,0.014577,-0.172833,upper
L2,0.96,0.9600,0.008099,0.015516,-0.258779,upper
L2,0.96,0.9600,0.009271,0.016451,-0.343404,upper
L2,0.96,0.9600,0.010549,0.017378,-0.425874,upper
L2,0.96,0.9600,0.011936,0.018294,-0.505309,upper
L2,0.96,0.9600,0.013436,0.019195,-0.584690,upper
L2,0.96,0.9600,0.015052,0.020080,-0.658671,upper
L2,0.96,0.9600,0.016786,0.020946,-0.724012,upper
L2,0.96,0.9600,0.018643,0.021791,-0.784085,upper
L2,0.96,0.9600,0.020625,0.022613,-0.836892,upper
L2,0.96,0.9600,0.022735,0.023413,-0.882962,upper
L2,0.96,0.9600,0.024979,0.024190,-0.922764,upper
L2,0.96,0.9600,0.027358,0.024943,-0.956579,upper
L2,0.96,0.9600,0.029878,0.025674,-0.984678,upper
L2,0.96,0.9600,0.032543,0.026382,-1.007449,upper
L2,0.96,0.9600,0.035358,0.027068,-1.025363,upper
L2,0.96,0.9600,0.038327,0.027735,-1.038912,upper
L2,0.96,0.9600,0.041456,0.028383,-1.048565,upper
L2,0.96,0.9600,0.044751,0.029015,-1.054754,upper
L2,0.96,0.9600,0.048218,0.029633,-1.057858,upper
L2,0.96,0.9600,0.051862,0.030238,-1.058213,upper
L2,0.96,0.9600,0.055691,0.030834,-1.056115,upper
L2,0.96,0.9600,0.059710,0.031422,-1.051825,upper
L2,0.96,0.9600,0.063928,0.032006,-1.045569,upper
L2,0.96,0.9600,0.068352,0.032587,-1.037545,upper
L2,0.96,0.9600,0.072988,0.033168,-1.027925,upper
L2,0.96,0.9600,0.077844,0.033751,-1.016845,upper
L2,0.96,0.9600,0.082928,0.034338,-1.004390,upper
L2,0.96,0.9600,0.088249,0.034931,-0.990604,upper
L2,0.96,0.9600,0.093813,0.035530,-0.975510,upper
L2,0.96,0.9600,0.099629,0.036137,-0.959146,upper
L2,0.96,0.9600,0.105705,0.036752,-0.941578,upper
L2,0.96,0.9600,0.112049,0.037375,-0.922895,upper
L2,0.96,0.9600,0.118669,0.038006,-0.903208,upper
L2,0.96,0.9600,0.125573,0.038642,-0.882657,upper
L2,0.96,0.9600,0.132769,0.039282,-0.861403,upper
L2,0.96,0.9600,0.140263,0.039924,-0.839631,upper
L2,0.96,0.9600,0.148065,0.040566,-0.817545,upper
L2,0.96,0.9600,0.156179,0.041204,-0.795330,upper
L2,0.96,0.9600,0.164613,0.041835,-0.773094,upper
L2,0.96,0.9600,0.173373,0.042456,-0.750796,upper
L2,0.96,0.9600,0.182464,0.043064,-0.728202,upper
L2,0.96,0.9600,0.191890,0.043654,-0.704885,upper
L2,0.96,0.9600,0.201657,0.044225,-0.680292,upper
L2,0.96,0.9600,0.211767,0.044773,-0.653941,upper
L2,0.96,0.9600,0.222222,0.045296,-0.625752,upper
L2,0.96,0.9600,0.233025,0.045792,-0.596321,upper
L2,0.96,0.9600,0.244175,0.046258,-0.566817,upper
L2,0.96,0.9600,0.255672,0.046694,-0.538371,upper
L2,0.96,0.9600,0.267515,0.047098,-0.511434,upper
L2,0.96,0.9600,0.279701,0.047468,-0.485743,upper
L2,0.96,0.9600,0.292227,0.047803,-0.460812,upper
L2,0.96,0.9600,0.305086,0.048100,-0.436194,upper
L2,0.96,0.9600,0.318273,0.048357,-0.411754,upper
L2,0.96,0.9600,0.331780,0.048569,-0.387945,upper
L2,0.96,0.9600,0.345598,0.048733,-0.365639,upper
L2,0.96,0.9600,0.359717,0.048843,-0.345814,upper
L2,0.96,0.9600,0.374124,0.048893,-0.329273,upper
L2,0.96,0.9600,0.388807,0.048878,-0.316413,upper
L2,0.96,0.9600,0.403751,0.048790,-0.307111,upper
L2,0.96,0.9600,0.418939,0.048624,-0.300750,upper
L2,0.96,0.9600,0.434356,0.048373,-0.296353,upper
L2,0.96,0.9600,0.449981,0.048033,-0.292774,upper
L2,0.96,0.9600,0.465797,0.047599,-0.288907,upper
L2,0.96,0.9600,0.481780,0.047071,-0.283858,upper
L2,0.96,0.9600,0.497911,0.046447,-0.277077,upper
L2,0.96,0.9600,0.514167,0.045730,-0.268386,upper
L2,0.96,0.9600,0.530523,0.044922,-0.257933,upper
L2,0.96,0.9600,0.546959,0.044030,-0.246085,upper
L2,0.96,0.9600,0.563448,0.043058,-0.233300,upper
L2,0.96,0.9600,0.579967,0.042016,-0.220032,upper
L2,0.96,0.9600,0.596493,0.040910,-0.206666,upper
L2,0.96,0.9600,0.613000,0.039748,-0.193502,upper
L2,0.96,0.9600,0.629465,0.038539,-0.180754,upper
L2,0.96,0.9600,0.645864,0.037290,-0.168554,upper
L2,0.96,0.9600,0.662174,0.036007,-0.156966,upper
L2,0.96,0.9600,0.678372,0.034695,-0.145994,upper
L2,0.96,0.9600,0.694435,0.033360,-0.135592,upper
L2,0.96,0.9600,0.710341,0.032005,-0.125676,upper
L2,0.96,0.9600,0.726071,0.030634,-0.116131,upper
L2,0.96,0.9600,0.741604,0.029247,-0.106834,upper
L2,0.96,0.9600,0.756920,0.027848,-0.097655,upper
L2,0.96,0.9600,0.772003,0.026438,-0.088460,upper
L2,0.96,0.9600,0.786835,0.025019,-0.079128,upper
L2,0.96,0.9600,0.801401,0.023592,-0.069549,upper
L2,0.96,0.9600,0.815688,0.022159,-0.059626,upper
L2,0.96,0.9600,0.829682,0.020722,-0.049276,upper
L2,0.96,0.9600,0.843373,0.019283,-0.038427,upper
L2,0.96,0.9600,0.856750,0.017845,-0.027011,upper
L2,0.96,0.9600,0.869805,0.016409,-0.014966,upper
L2,0.96,0.9600,0.882530,0.014979,-0.002230,upper
L2,0.96,0.9600,0.894920,0.013557,0.011260,upper
L2,0.96,0.9600,0.906971,0.012147,0.025573,upper
L2,0.96,0.9600,0.918679,0.010753,0.040786,upper
L2,0.96,0.9600,0.930042,0.009377,0.056986,upper
L2,0.96,0.9600,0.941059,0.008025,0.074285,upper
L2,0.96,0.9600,0.951731,0.006700,0.092829,upper
L2,0.96,0.9600,0.962060,0.005410,0.112818,upper
L2,0.96,0.9600,0.972047,0.004158,0.134560,upper
L2,0.96,0.9600,0.981697,0.002952,0.158625,upper
L2,0.96,0.9600,0.991012,0.001799,0.186294,upper
L2,0.96,0.9600,1.000000,0.000705,0.235626,upper
L2,0.96,0.9600,0.000000,0.000000,0.798864,lower
L2,0.96,0.9600,0.000008,-0.000522,0.812746,lower
L2,0.96,0.9600,0.000034,-0.001072,0.826139,lower
L2,0.96,0.9600,0.000080,-0.001650,0.837840,lower
L2,0.96,0.9600,0.000151,-0.002259,0.847377,lower
L2,0.96,0.9600,0.000249,-0.002897,0.854274,lower
L2,0.96,0.9600,0.000377,-0.003566,0.857352,lower
L2,0.96,0.9600,0.000541,-0.004266,0.857190,lower
L2,0.96,0.9600,0.000745,-0.004995,0.854302,lower
L2,0.96,0.9600,0.000993,-0.005755,0.847465,lower
L2,0.96,0.9600,0.001290,-0.006543,0.836234,lower
L2,0.96,0.9600,0.001641,-0.007359,0.820219,lower
L2,0.96,0.9600,0.002052,-0.008200,0.799122,lower
L2,0.96,0.9600,0.002527,-0.009065,0.772752,lower
L2,0.96,0.9600,0.003073,-0.009951,0.741050,lower
L2,0.96,0.9600,0.003694,-0.010854,0.704111,lower
L2,0.96,0.9600,0.004395,-0.011772,0.662204,lower
L2,0.96,0.9600,0.005182,-0.012701,0.615774,lower
L2,0.96,0.9600,0.006058,-0.013638,0.565438,lower
L2,0.96,0.9600,0.007029,-0.014577,0.511967,lower
L2,0.96,0.9600,0.008099,-0.015516,0.456259,lower
L2,0.96,0.9600,0.009271,-0.016451,0.399294,lower
L2,0.96,0.9600,0.010549,-0.017378,0.342094,lower
L2,0.96,0.9600,0.011936,-0.018294,0.285668,lower
L2,0.96,0.9600,0.013436,-0.019195,0.230969,lower
L2,0.96,0.9600,0.015052,-0.020080,0.178848,lower
L2,0.96,0.9600,0.016786,-0.020946,0.130024,lower
L2,0.96,0.9600,0.018643,-0.021791,0.085058,lower
L2,0.96,0.9600,0.020625,-0.022613,0.044343,lower
L2,0.96,0.9600,0.022735,-0.023413,0.008105,lower
L2,0.96,0.9600,0.024979,-0.024190,-0.023587,lower
L2,0.96,0.9600,0.027358,-0.024943,-0.050826,lower
L2,0.96,0.9600,0.029878,-0.025674,-0.073836,lower
L2,0.96,0.9600,0.032543,-0.026382,-0.092923,lower
L2,0.96,0.9600,0.035358,-0.027068,-0.108453,lower
L2,0.96,0.9600,0.038327,-0.027735,-0.120847,lower
L2,0.96,0.9600,0.041456,-0.028383,-0.130553,lower
L2,0.96,0.9600,0.044751,-0.029015,-0.138021,lower
L2,0.96,0.9600,0.048218,-0.029633,-0.143690,lower
L2,0.96,0.9600,0.051862,-0.030238,-0.147971,lower
L2,0.96,0.9600,0.055691,-0.030834,-0.151245,lower
L2,0.96,0.9600,0.059710,-0.031422,-0.153852,lower
L2,0.96,0.9600,0.063928,-0.032006,-0.156094,lower
L2,0.96,0.9600,0.068352,-0.032587,-0.158228,lower
L2,0.96,0.9600,0.072988,-0.033168,-0.160476,lower
L2,0.96,0.9600,0.077844,-0.033751,-0.163017,lower
L2,0.96,0.9600,0.082928,-0.034338,-0.165991,lower
L2,0.96,0.9600,0.088249,-0.034931,-0.169505,lower
L2,0.96,0.9600,0.093813,-0.035530,-0.173628,lower
L2,0.96,0.9600,0.099629,-0.036137,-0.178393,lower
L2,0.96,0.9600,0.105705,-0.036752,-0.183802,lower
L2,0.96,0.9600,0.112049,-0.037375,-0.189822,lower
L2,0.96,0.9600,0.118669,-0.038006,-0.196391,lower
L2,0.96,0.9600,0.125573,-0.038642,-0.203418,lower
L2,0.96,0.9600,0.132769,-0.039282,-0.210785,lower
L2,0.96,0.9600,0.140263,-0.039924,-0.218350,lower
L2,0.96,0.9600,0.148065,-0.040566,-0.225953,lower
L2,0.96,0.9600,0.156179,-0.041204,-0.233418,lower
L2,0.96,0.9600,0.164613,-0.041835,-0.240566,lower
L2,0.96,0.9600,0.173373,-0.042456,-0.247215,lower
L2,0.96,0.9600,0.182464,-0.043064,-0.253196,lower
L2,0.96,0.9600,0.191890,-0.043654,-0.258361,lower
L2,0.96,0.9600,0.201657,-0.044225,-0.262590,lower
L2,0.96,0.9600,0.211767,-0.044773,-0.265802,lower
L2,0.96,0.9600,0.222222,-0.045296,-0.267962,lower
L2,0.96,0.9600,0.233025,-0.045792,-0.269084,lower
L2,0.96,0.9600,0.244175,-0.046258,-0.269227,lower
L2,0.96,0.9600,0.255672,-0.046694,-0.268497,lower
L2,0.96,0.9600,0.267515,-0.047098,-0.267029,lower
L2,0.96,0.9600,0.279701,-0.047468,-0.264983,lower
L2,0.96,0.9600,0.292227,-0.047803,-0.262520,lower
L2,0.96,0.9600,0.305086,-0.048100,-0.259792,lower
L2,0.96,0.9600,0.318273,-0.048357,-0.256925,lower
L2,0.96,0.9600,0.331780,-0.048569,-0.254000,lower
L2,0.96,0.9600,0.345598,-0.048733,-0.251049,lower
L2,0.96,0.9600,0.359717,-0.048843,-0.248049,lower
L2,0.96,0.9600,0.374124,-0.048893,-0.244917,lower
L2,0.96,0.9600,0.388807,-0.048878,-0.241521,lower
L2,0.96,0.9600,0.403751,-0.048790,-0.237694,lower
L2,0.96,0.9600,0.418939,-0.048624,-0.233252,lower
L2,0.96,0.9600,0.434356,-0.048373,-0.228013,lower
L2,0.96,0.9600,0.449981,-0.048033,-0.221827,lower
L2,0.96,0.9600,0.465797,-0.047599,-0.214590,lower
L2,0.96,0.9600,0.481780,-0.047071,-0.206263,lower
L2,0.96,0.9600,0.497911,-0.046447,-0.196878,lower
L2,0.96,0.9600,0.514167,-0.045730,-0.186535,lower
L2,0.96,0.9600,0.530523,-0.044922,-0.175393,lower
L2,0.96,0.9600,0.546959,-0.044030,-0.163658,lower
L2,0.96,0.9600,0.563448,-0.043058,-0.151564,lower
L2,0.96,0.9600,0.579967,-0.042016,-0.139351,lower
L2,0.96,0.9600,0.596493,-0.040910,-0.127254,lower
L2,0.96,0.9600,0.613000,-0.039748,-0.115476,lower
L2,0.96,0.9600,0.629465,-0.038539,-0.104186,lower
L2,0.96,0.9600,0.645864,-0.037290,-0.093502,lower
L2,0.96,0.9600,0.662174,-0.036007,-0.083492,lower
L2,0.96,0.9600,0.678372,-0.034695,-0.074170,lower
L2,0.96,0.9600,0.694435,-0.033360,-0.065503,lower
L2,0.96,0.9600,0.710341,-0.032005,-0.057421,lower
L2,0.96,0.9600,0.726071,-0.030634,-0.049817,lower
L2,0.96,0.9600,0.741604,-0.029247,-0.042569,lower
L2,0.96,0.9600,0.756920,-0.027848,-0.035542,lower
L2,0.96,0.9600,0.772003,-0.026438,-0.028598,lower
L2,0.96,0.9600,0.786835,-0.025019,-0.021609,lower
L2,0.96,0.9600,0.801401,-0.023592,-0.014454,lower
L2,0.96,0.9600,0.815688,-0.022159,-0.007026,lower
L2,0.96,0.9600,0.829682,-0.020722,0.000771,lower
L2,0.96,0.9600,0.843373,-0.019283,0.009023,lower
L2,0.96,0.9600,0.856750,-0.017845,0.017810,lower
L2,0.96,0.9600,0.869805,-0.016409,0.027209,lower
L2,0.96,0.9600,0.882530,-0.014979,0.037302,lower
L2,0.96,0.9600,0.894920,-0.013557,0.048172,lower
L2,0.96,0.9600,0.906971,-0.012147,0.059908,lower
L2,0.96,0.9600,0.918679,-0.010753,0.072608,lower
L2,0.96,0.9600,0.930042,-0.009377,0.086373,lower
L2,0.96,0.9600,0.941059,-0.008025,0.101321,lower
L2,0.96,0.9600,0.951731,-0.006700,0.117588,lower
L2,0.96,0.9600,0.962060,-0.005410,0.135352,lower
L2,0.96,0.9600,0.972047,-0.004158,0.154898,lower
L2,0.96,0.9600,0.981697,-0.002952,0.176807,lower
L2,0.96,0.9600,0.991012,-0.001799,0.202410,lower
L2,0.96,0.9600,1.000000,-0.000705,0.242232,lower
L2,0.99,0.9900,0.000000,0.000000,0.699186,upper
L2,0.99,0.9900,0.000008,0.000522,0.686375,upper
L2,0.99,0.9900,0.000034,0.001072,0.671907,upper
L2,0.99,0.9900,0.000080,0.001650,0.654314,upper
L2,0.99,0.9900,0.000151,0.002259,0.633222,upper
L2,0.99,0.9900,0.000249,0.002897,0.608260,upper
L2,0.99,0.9900,0.000377,0.003566,0.579065,upper
L2,0.99,0.9900,0.000541,0.004266,0.545292,upper
L2,0.99,0.9900,0.000745,0.004995,0.506632,upper
L2,0.99,0.9900,0.000993,0.005755,0.462828,upper
L2,0.99,0.9900,0.001290,0.006543,0.413698,upper
L2,0.99,0.9900,0.001641,0.007359,0.359154,upper
L2,0.99,0.9900,0.002052,0.008200,0.299229,upper
L2,0.99,0.9900,0.002527,0.009065,0.234100,upper
L2,0.99,0.9900,0.003073,0.009951,0.164096,upper
L2,0.99,0.9900,0.003694,0.010854,0.089714,upper
L2,0.99,0.9900,0.004395,0.011772,0.011646,upper
L2,0.99,0.9900,0.005182,0.012701,-0.069265,upper
L2,0.99,0.9900,0.006058,0.013638,-0.152068,upper
L2,0.99,0.9900,0.007029,0.014577,-0.235711,upper
L2,0.99,0.9900,0.008099,0.015516,-0.319040,upper
L2,0.99,0.9900,0.009271,0.016451,-0.400961,upper
L2,0.99,0.9900,0.010549,0.017378,-0.480619,upper
L2,0.99,0.9900,0.011936,0.018294,-0.557168,upper
L2,0.99,0.9900,0.013436,0.019195,-0.632702,upper
L2,0.99,0.9900,0.015051,0.020080,-0.702721,upper
L2,0.99,0.9900,0.016786,0.020946,-0.764650,upper
L2,0.99,0.9900,0.018643,0.021791,-0.821035,upper
L2,0.99,0.9900,0.020625,0.022613,-0.869922,upper
L2,0.99,0.9900,0.022735,0.023413,-0.911575,upper
L2,0.99,0.9900,0.024979,0.024190,-0.946442,upper
L2,0.99,0.9900,0.027358,0.024943,-0.974792,upper
L2,0.99,0.9900,0.029878,0.025674,-0.996834,upper
L2,0.99,0.9900,0.032543,0.026382,-1.012885,upper
L2,0.99,0.9900,0.035358,0.027068,-1.023383,upper
L2,0.99,0.9900,0.038327,0.027735,-1.028809,upper
L2,0.99,0.9900,0.041456,0.028383,-1.029628,upper
L2,0.99,0.9900,0.044751,0.029015,-1.026277,upper
L2,0.99,0.9900,0.048218,0.029633,-1.019161,upper
L2,0.99,0.9900,0.051862,0.030238,-1.008662,upper
L2,0.99,0.9900,0.055691,0.030834,-0.995155,upper
L2,0.99,0.9900,0.059710,0.031422,-0.979015,upper
L2,0.99,0.9900,0.063928,0.032006,-0.960628,upper
L2,0.99,0.9900,0.068352,0.032587,-0.940390,upper
L2,0.99,0.9900,0.072988,0.033168,-0.918687,upper
L2,0.99,0.9900,0.077844,0.033751,-0.895924,upper
L2,0.99,0.9900,0.082928,0.034338,-0.872496,upper
L2,0.99,0.9900,0.088248,0.034931,-0.848802,upper
L2,0.99,0.9900,0.093813,0.035530,-0.825268,upper
L2,0.99,0.9900,0.099629,0.036137,-0.802300,upper
L2,0.99,0.9900,0.105705,0.036752,-0.780213,upper
L2,0.99,0.9900,0.112049,0.037375,-0.759339,upper
L2,0.99,0.9900,0.118669,0.038006,-0.739974,upper
L2,0.99,0.9900,0.125573,0.038642,-0.722195,upper
L2,0.99,0.9900,0.132769,0.039282,-0.705941,upper
L2,0.99,0.9900,0.140263,0.039924,-0.691063,upper
L2,0.99,0.9900,0.148064,0.040566,-0.677242,upper
L2,0.99,0.9900,0.156179,0.041204,-0.664177,upper
L2,0.99,0.9900,0.164613,0.041835,-0.651441,upper
L2,0.99,0.9900,0.173373,0.042456,-0.638406,upper
L2,0.99,0.9900,0.182464,0.043064,-0.624481,upper
L2,0.99,0.9900,0.191890,0.043654,-0.609053,upper
L2,0.99,0.9900,0.201657,0.044225,-0.591698,upper
L2,0.99,0.9900,0.211767,0.044773,-0.572409,upper
L2,0.99,0.9900,0.222222,0.045296,-0.551669,upper
L2,0.99,0.9900,0.233025,0.045792,-0.530322,upper
L2,0.99,0.9900,0.244175,0.046258,-0.509232,upper
L2,0.99,0.9900,0.255672,0.046694,-0.488926,upper
L2,0.99,0.9900,0.267515,0.047098,-0.469556,upper
L2,0.99,0.9900,0.279701,0.047468,-0.451118,upper
L2,0.99,0.9900,0.292227,0.047803,-0.433650,upper
L2,0.99,0.9900,0.305086,0.048100,-0.417297,upper
L2,0.99,0.9900,0.318273,0.048357,-0.402301,upper
L2,0.99,0.9900,0.331780,0.048569,-0.388943,upper
L2,0.99,0.9900,0.345598,0.048733,-0.377465,upper
L2,0.99,0.9900,0.359716,0.048843,-0.368000,upper
L2,0.99,0.9900,0.374124,0.048893,-0.360531,upper
L2,0.99,0.9900,0.388807,0.048878,-0.354877,upper
L2,0.99,0.9900,0.403751,0.048790,-0.350704,upper
L2,0.99,0.9900,0.418939,0.048624,-0.347558,upper
L2,0.99,0.9900,0.434356,0.048373,-0.344914,upper
L2,0.99,0.9900,0.449981,0.048033,-0.342241,upper
L2,0.99,0.9900,0.465796,0.047599,-0.339057,upper
L2,0.99,0.9900,0.481780,0.047071,-0.334994,upper
L2,0.99,0.9900,0.497911,0.046447,-0.329825,upper
L2,0.99,0.9900,0.514167,0.045730,-0.323475,upper
L2,0.99,0.9900,0.530523,0.044922,-0.315999,upper
L2,0.99,0.9900,0.546959,0.044030,-0.307551,upper
L2,0.99,0.9900,0.563448,0.043058,-0.298338,upper
L2,0.99,0.9900,0.579967,0.042016,-0.288585,upper
L2,0.99,0.9900,0.596493,0.040910,-0.278511,upper
L2,0.99,0.9900,0.613000,0.039748,-0.268309,upper
L2,0.99,0.9900,0.629465,0.038539,-0.258134,upper
L2,0.99,0.9900,0.645864,0.037290,-0.248096,upper
L2,0.99,0.9900,0.662174,0.036007,-0.238258,upper
L2,0.99,0.9900,0.678372,0.034695,-0.228645,upper
L2,0.99,0.9900,0.694435,0.033360,-0.219243,upper
L2,0.99,0.9900,0.710341,0.032005,-0.210005,upper
L2,0.99,0.9900,0.726071,0.030634,-0.200858,upper
L2,0.99,0.9900,0.741604,0.029247,-0.191718,upper
L2,0.99,0.9900,0.756920,0.027848,-0.182491,upper
L2,0.99,0.9900,0.772003,0.026438,-0.173083,upper
L2,0.99,0.9900,0.786835,0.025019,-0.163401,upper
L2,0.99,0.9900,0.801401,0.023592,-0.153365,upper
L2,0.99,0.9900,0.815688,0.022159,-0.142898,upper
L2,0.99,0.9900,0.829682,0.020722,-0.131938,upper
L2,0.99,0.9900,0.843373,0.019283,-0.120429,upper
L2,0.99,0.9900,0.856750,0.017845,-0.108324,upper
L2,0.99,0.9900,0.869805,0.016409,-0.095580,upper
L2,0.99,0.9900,0.882530,0.014979,-0.082166,upper
L2,0.99,0.9900,0.894920,0.013557,-0.068060,upper
L2,0.99,0.9900,0.906971,0.012147,-0.053251,upper
L2,0.99,0.9900,0.918679,0.010753,-0.037731,upper
L2,0.99,0.9900,0.930042,0.009377,-0.021494,upper
L2,0.99,0.9900,0.941059,0.008025,-0.004548,upper
L2,0.99,0.9900,0.951731,0.006700,0.013064,upper
L2,0.99,0.9900,0.962060,0.005410,0.031269,upper
L2,0.99,0.9900,0.972047,0.004158,0.049968,upper
L2,0.99,0.9900,0.981697,0.002952,0.069166,upper
L2,0.99,0.9900,0.991012,0.001799,0.089417,upper
L2,0.99,0.9900,1.000000,0.000705,0.127800,upper
L2,0.99,0.9900,0.000000,0.000000,0.699186,lower
L2,0.99,0.9900,0.000008,-0.000522,0.711997,lower
L2,0.99,0.9900,0.000034,-0.001072,0.724272,lower
L2,0.99,0.9900,0.000080,-0.001650,0.734854,lower
L2,0.99,0.9900,0.000151,-0.002259,0.743286,lower
L2,0.99,0.9900,0.000249,-0.002897,0.749108,lower
L2,0.99,0.9900,0.000377,-0.003566,0.751328,lower
L2,0.99,0.9900,0.000541,-0.004266,0.750406,lower
L2,0.99,0.9900,0.000745,-0.004995,0.746596,lower
L2,0.99,0.9900,0.000993,-0.005755,0.738772,lower
L2,0.99,0.9900,0.001290,-0.006543,0.726545,lower
L2,0.99,0.9900,0.001641,-0.007359,0.709536,lower
L2,0.99,0.9900,0.002052,-0.008200,0.687447,lower
L2,0.99,0.9900,0.002527,-0.009065,0.660079,lower
L2,0.99,0.9900,0.003073,-0.009951,0.627363,lower
L2,0.99,0.9900,0.003694,-0.010854,0.589385,lower
L2,0.99,0.9900,0.004395,-0.011772,0.546411,lower
L2,0.99,0.9900,0.005182,-0.012701,0.498894,lower
L2,0.99,0.9900,0.006058,-0.013638,0.447465,lower
L2,0.99,0.9900,0.007029,-0.014577,0.392930,lower
L2,0.99,0.9900,0.008099,-0.015516,0.336224,lower
L2,0.99,0.9900,0.009271,-0.016451,0.278351,lower
L2,0.99,0.9900,0.010549,-0.017378,0.220349,lower
L2,0.99,0.9900,0.011936,-0.018294,0.163248,lower
L2,0.99,0.9900,0.013436,-0.019195,0.108022,lower
L2,0.99,0.9900,0.015051,-0.020080,0.055545,lower
L2,0.99,0.9900,0.016786,-0.020946,0.006556,lower
L2,0.99,0.9900,0.018643,-0.021791,-0.038362,lower
L2,0.99,0.9900,0.020625,-0.022613,-0.078796,lower
L2,0.99,0.9900,0.022735,-0.023413,-0.114508,lower
L2,0.99,0.9900,0.024979,-0.024190,-0.145422,lower
L2,0.99,0.9900,0.027358,-0.024943,-0.171611,lower
L2,0.99,0.9900,0.029878,-0.025674,-0.193278,lower
L2,0.99,0.9900,0.032543,-0.026382,-0.210729,lower
L2,0.99,0.9900,0.035358,-0.027068,-0.224343,lower
L2,0.99,0.9900,0.038327,-0.027735,-0.234549,lower
L2,0.99,0.9900,0.041456,-0.028383,-0.241803,lower
L2,0.99,0.9900,0.044751,-0.029015,-0.246567,lower
L2,0.99,0.9900,0.048218,-0.029633,-0.249289,lower
L2,0.99,0.9900,0.051862,-0.030238,-0.250392,lower
L2,0.99,0.9900,0.055691,-0.030834,-0.250269,lower
L2,0.99,0.9900,0.059710,-0.031422,-0.249275,lower
L2,0.99,0.9900,0.063928,-0.032006,-0.247724,lower
L2,0.99,0.9900,0.068352,-0.032587,-0.245893,lower
L2,0.99,0.9900,0.072988,-0.033168,-0.244014,lower
L2,0.99,0.9900,0.077844,-0.033751,-0.242285,lower
L2,0.99,0.9900,0.082928,-0.034338,-0.240861,lower
L2,0.99,0.9900,0.088248,-0.034931,-0.239863,lower
L2,0.99,0.9900,0.093813,-0.035530,-0.239374,lower
L2,0.99,0.9900,0.099629,-0.036137,-0.239440,lower
L2,0.99,0.9900,0.105705,-0.036752,-0.240074,lower
L2,0.99,0.9900,0.112049,-0.037375,-0.241253,lower
L2,0.99,0.9900,0.118669,-0.038006,-0.242922,lower
L2,0.99,0.9900,0.125573,-0.038642,-0.244995,lower
L2,0.99,0.9900,0.132769,-0.039282,-0.247361,lower
L2,0.99,0.9900,0.140263,-0.039924,-0.249883,lower
L2,0.99,0.9900,0.148064,-0.040566,-0.252407,lower
L2,0.99,0.9900,0.156179,-0.041204,-0.254768,lower
L2,0.99,0.9900,0.164613,-0.041835,-0.256799,lower
L2,0.99,0.9900,0.173373,-0.042456,-0.258337,lower
L2,0.99,0.9900,0.182464,-0.043064,-0.259238,lower
L2,0.99,0.9900,0.191890,-0.043654,-0.259380,lower
L2,0.99,0.9900,0.201657,-0.044225,-0.258679,lower
L2,0.99,0.9900,0.211767,-0.044773,-0.257090,lower
L2,0.99,0.9900,0.222222,-0.045296,-0.254615,lower
L2,0.99,0.9900,0.233025,-0.045792,-0.251304,lower
L2,0.99,0.9900,0.244175,-0.046258,-0.247253,lower
L2,0.99,0.9900,0.255672,-0.046694,-0.242592,lower
L2,0.99,0.9900,0.267515,-0.047098,-0.237479,lower
L2,0.99,0.9900,0.279701,-0.047468,-0.232087,lower
L2,0.99,0.9900,0.292227,-0.047803,-0.226589,lower
L2,0.99,0.9900,0.305086,-0.048100,-0.221142,lower
L2,0.99,0.9900,0.318273,-0.048357,-0.215874,lower
L2,0.99,0.9900,0.331780,-0.048569,-0.210873,lower
L2,0.99,0.9900,0.345598,-0.048733,-0.206181,lower
L2,0.99,0.9900,0.359716,-0.048843,-0.201787,lower
L2,0.99,0.9900,0.374124,-0.048893,-0.197628,lower
L2,0.99,0.9900,0.388807,-0.048878,-0.193596,lower
L2,0.99,0.9900,0.403751,-0.048790,-0.189547,lower
L2,0.99,0.9900,0.418939,-0.048624,-0.185314,lower
L2,0.99,0.9900,0.434356,-0.048373,-0.180727,lower
L2,0.99,0.9900,0.449981,-0.048033,-0.175630,lower
L2,0.99,0.9900,0.465796,-0.047599,-0.169896,lower
L2,0.99,0.9900,0.481780,-0.047071,-0.163448,lower
L2,0.99,0.9900,0.497911,-0.046447,-0.156259,lower
L2,0.99,0.9900,0.514167,-0.045730,-0.148365,lower
L2,0.99,0.9900,0.530523,-0.044922,-0.139851,lower
L2,0.99,0.9900,0.546959,-0.044030,-0.130852,lower
L2,0.99,0.9900,0.563448,-0.043058,-0.121530,lower
L2,0.99,0.9900,0.579967,-0.042016,-0.112066,lower
L2,0.99,0.9900,0.596493,-0.040910,-0.102637,lower
L2,0.99,0.9900,0.613000,-0.039748,-0.093406,lower
L2,0.99,0.9900,0.629465,-0.038539,-0.084507,lower
L2,0.99,0.9900,0.645864,-0.037290,-0.076036,lower
L2,0.99,0.9900,0.662174,-0.036007,-0.068050,lower
L2,0.99,0.9900,0.678372,-0.034695,-0.060563,lower
L2,0.99,0.9900,0.694435,-0.033360,-0.053554,lower
L2,0.99,0.9900,0.710341,-0.032005,-0.046966,lower
L2,0.99,0.9900,0.726071,-0.030634,-0.040723,lower
L2,0.99,0.9900,0.741604,-0.029247,-0.034731,lower
L2,0.99,0.9900,0.756920,-0.027848,-0.028891,lower
L2,0.99,0.9900,0.772003,-0.026438,-0.023103,lower
L2,0.99,0.9900,0.786835,-0.025019,-0.017275,lower
L2,0.99,0.9900,0.801401,-0.023592,-0.011323,lower
L2,0.99,0.9900,0.815688,-0.022159,-0.005177,lower
L2,0.99,0.9900,0.829682,-0.020722,0.001228,lower
L2,0.99,0.9900,0.843373,-0.019283,0.007944,lower
L2,0.99,0.9900,0.856750,-0.017845,0.015021,lower
L2,0.99,0.9900,0.869805,-0.016409,0.022506,lower
L2,0.99,0.9900,0.882530,-0.014979,0.030445,lower
L2,0.99,0.9900,0.894920,-0.013557,0.038886,lower
L2,0.99,0.9900,0.906971,-0.012147,0.047876,lower
L2,0.99,0.9900,0.918679,-0.010753,0.057457,lower
L2,0.99,0.9900,0.930042,-0.009377,0.067665,lower
L2,0.99,0.9900,0.941059,-0.008025,0.078519,lower
L2,0.99,0.9900,0.951731,-0.006700,0.090011,lower
L2,0.99,0.9900,0.962060,-0.005410,0.102097,lower
L2,0.99,0.9900,0.972047,-0.004158,0.114680,lower
L2,0.99,0.9900,0.981697,-0.002952,0.127644,lower
L2,0.99,0.9900,0.991012,-0.001799,0.140878,lower
L2,0.99,0.9900,1.000000,-0.000705,0.148099,lower
L3,0.20,0.2000,-0.000000,0.000000,0.897836,upper
L3,0.20,0.2000,0.000004,0.000389,0.888677,upper
L3,0.20,0.2000,0.000019,0.000793,0.878668,upper
L3,0.20,0.2000,0.000043,0.001214,0.866991,upper
L3,0.20,0.2000,0.000080,0.001650,0.853489,upper
L3,0.20,0.2000,0.000131,0.002104,0.838008,upper
L3,0.20,0.2000,0.000196,0.002574,0.820387,upper
L3,0.20,0.2000,0.000278,0.003062,0.800470,upper
L3,0.20,0.2000,0.000377,0.003566,0.778102,upper
L3,0.20,0.2000,0.000497,0.004088,0.753134,upper
L3,0.20,0.2000,0.000638,0.004627,0.725430,upper
L3,0.20,0.2000,0.000803,0.005183,0.694866,upper
L3,0.20,0.2000,0.000993,0.005755,0.661341,upper
L3,0.20,0.2000,0.001211,0.006343,0.624777,upper
L3,0.20,0.2000,0.001458,0.006948,0.585132,upper
L3,0.20,0.2000,0.001738,0.007567,0.542400,upper
L3,0.20,0.2000,0.002052,0.008200,0.496617,upper
L3,0.20,0.2000,0.002402,0.008847,0.447863,upper
L3,0.20,0.2000,0.002791,0.009505,0.396273,upper
L3,0.20,0.2000,0.003221,0.010175,0.342034,upper
L3,0.20,0.2000,0.003694,0.010854,0.285389,upper
L3,0.20,0.2000,0.004212,0.011542,0.226633,upper
L3,0.20,0.2000,0.004777,0.012236,0.166111,upper
L3,0.20,0.2000,0.005392,0.012935,0.104215,upper
L3,0.20,0.2000,0.006058,0.013638,0.041372,upper
L3,0.20,0.2000,0.006777,0.014342,-0.021965,upper
L3,0.20,0.2000,0.007551,0.015047,-0.085322,upper
L3,0.20,0.2000,0.008382,0.015751,-0.148212,upper
L3,0.20,0.2000,0.009271,0.016451,-0.210137,upper
L3,0.20,0.2000,0.010219,0.017147,-0.270700,upper
L3,0.20,0.2000,0.011228,0.017838,-0.329548,upper
L3,0.20,0.2000,0.012300,0.018521,-0.386292,upper
L3,0.20,0.2000,0.013436,0.019195,-0.440619,upper
L3,0.20,0.2000,0.014637,0.019860,-0.492704,upper
L3,0.20,0.2000,0.015904,0.020515,-0.542642,upper
L3,0.20,0.2000,0.017239,0.021159,-0.588969,upper
L3,0.20,0.2000,0.018643,0.021791,-0.631192,upper
L3,0.20,0.2000,0.020117,0.022410,-0.669535,upper
L3,0.20,0.2000,0.021664,0.023016,-0.703657,upper
L3,0.20,0.2000,0.023284,0.023610,-0.733817,upper
L3,0.20,0.2000,0.024979,0.024190,-0.760135,upper
L3,0.20,0.2000,0.026750,0.024757,-0.782696,upper
L3,0.20,0.2000,0.028600,0.025311,-0.801559,upper
L3,0.20,0.2000,0.030531,0.025853,-0.816764,upper
L3,0.20,0.2000,0.032543,0.026382,-0.828334,upper
L3,0.20,0.2000,0.034640,0.026899,-0.836260,upper
L3,0.20,0.2000,0.036823,0.027404,-0.840491,upper
L3,0.20,0.2000,0.039094,0.027899,-0.840929,upper
L3,0.20,0.2000,0.041456,0.028383,-0.837400,upper
L3,0.20,0.2000,0.043912,0.028859,-0.829636,upper
L3,0.20,0.2000,0.046463,0.029326,-0.817227,upper
L3,0.20,0.2000,0.049112,0.029785,-0.799563,upper
L3,0.20,0.2000,0.051862,0.030238,-0.775822,upper
L3,0.20,0.2000,0.054716,0.030686,-0.745120,upper
L3,0.20,0.2000,0.057676,0.031129,-0.706317,upper
L3,0.20,0.2000,0.060746,0.031569,-0.660577,upper
L3,0.20,0.2000,0.063928,0.032006,-0.610740,upper
L3,0.20,0.2000,0.067226,0.032442,-0.564385,upper
L3,0.20,0.2000,0.070643,0.032877,-0.529023,upper
L3,0.20,0.2000,0.074181,0.033313,-0.507384,upper
L3,0.20,0.2000,0.077844,0.033751,-0.495349,upper
L3,0.20,0.2000,0.081635,0.034191,-0.485436,upper
L3,0.20,0.2000,0.085558,0.034634,-0.475938,upper
L3,0.20,0.2000,0.089616,0.035080,-0.466903,upper
L3,0.20,0.2000,0.093813,0.035530,-0.458726,upper
L3,0.20,0.2000,0.098151,0.035985,-0.451645,upper
L3,0.20,0.2000,0.102634,0.036444,-0.445761,upper
L3,0.20,0.2000,0.107265,0.036907,-0.441092,upper
L3,0.20,0.2000,0.112049,0.037375,-0.437606,upper
L3,0.20,0.2000,0.116988,0.037847,-0.435246,upper
L3,0.20,0.2000,0.122085,0.038323,-0.433937,upper
L3,0.20,0.2000,0.127344,0.038801,-0.433591,upper
L3,0.20,0.2000,0.132769,0.039282,-0.434114,upper
L3,0.20,0.2000,0.138361,0.039764,-0.435405,upper
L3,0.20,0.2000,0.144125,0.040246,-0.437355,upper
L3,0.20,0.2000,0.150063,0.040726,-0.439857,upper
L3,0.20,0.2000,0.156179,0.041204,-0.442798,upper
L3,0.20,0.2000,0.162474,0.041678,-0.446067,upper
L3,0.20,0.2000,0.168952,0.042147,-0.449554,upper
L3,0.20,0.2000,0.175614,0.042610,-0.453155,upper
L3,0.20,0.2000,0.182464,0.043064,-0.456773,upper
L3,0.20,0.2000,0.189502,0.043509,-0.460321,upper
L3,0.20,0.2000,0.196731,0.043942,-0.463727,upper
L3,0.20,0.2000,0.204152,0.044364,-0.466935,upper
L3,0.20,0.2000,0.211767,0.044773,-0.469908,upper
L3,0.20,0.2000,0.219576,0.045168,-0.472630,upper
L3,0.20,0.2000,0.227580,0.045547,-0.475109,upper
L3,0.20,0.2000,0.235780,0.045911,-0.477374,upper
L3,0.20,0.2000,0.244175,0.046258,-0.479477,upper
L3,0.20,0.2000,0.252765,0.046588,-0.481491,upper
L3,0.20,0.2000,0.261551,0.046900,-0.483505,upper
L3,0.20,0.2000,0.270530,0.047194,-0.485620,upper
L3,0.20,0.2000,0.279701,0.047468,-0.487944,upper
L3,0.20,0.2000,0.289064,0.047723,-0.490589,upper
L3,0.20,0.2000,0.298615,0.047957,-0.493662,upper
L3,0.20,0.2000,0.308352,0.048168,-0.497263,upper
L3,0.20,0.2000,0.318273,0.048357,-0.501479,upper
L3,0.20,0.2000,0.328374,0.048520,-0.506389,upper
L3,0.20,0.2000,0.338651,0.048657,-0.512037,upper
L3,0.20,0.2000,0.349100,0.048765,-0.518451,upper
L3,0.20,0.2000,0.359716,0.048843,-0.525663,upper
L3,0.20,0.2000,0.370496,0.048887,-0.533599,upper
L3,0.20,0.2000,0.381432,0.048894,-0.542218,upper
L3,0.20,0.2000,0.392519,0.048863,-0.551417,upper
L3,0.20,0.2000,0.403751,0.048790,-0.561037,upper
L3,0.20,0.2000,0.415120,0.048673,-0.571017,upper
L3,0.20,0.2000,0.426620,0.048509,-0.581187,upper
L3,0.20,0.2000,0.438243,0.048296,-0.591408,upper
L3,0.20,0.2000,0.449981,0.048033,-0.601558,upper
L3,0.20,0.2000,0.461826,0.047717,-0.611474,upper
L3,0.20,0.2000,0.473769,0.047347,-0.621015,upper
L3,0.20,0.2000,0.485800,0.046924,-0.630026,upper
L3,0.20,0.2000,0.497911,0.046447,-0.638316,upper
L3,0.20,0.2000,0.510092,0.045918,-0.645716,upper
L3,0.20,0.2000,0.522334,0.045337,-0.652095,upper
L3,0.20,0.2000,0.534626,0.044707,-0.657350,upper
L3,0.20,0.2000,0.546959,0.044030,-0.661412,upper
L3,0.20,0.2000,0.559322,0.043308,-0.664227,upper
L3,0.20,0.2000,0.571705,0.042545,-0.665759,upper
L3,0.20,0.2000,0.584099,0.041745,-0.665986,upper
L3,0.20,0.2000,0.596493,0.040910,-0.664861,upper
L3,0.20,0.2000,0.608876,0.040043,-0.662098,upper
L3,0.20,0.2000,0.621239,0.039149,-0.655935,upper
L3,0.20,0.2000,0.633572,0.038230,-0.632367,upper
L3,0.20,0.2000,0.645864,0.037290,-0.551206,upper
L3,0.20,0.2000,0.658106,0.036330,-0.417879,upper
L3,0.20,0.2000,0.670288,0.035354,-0.307893,upper
L3,0.20,0.2000,0.682401,0.034364,-0.253351,upper
L3,0.20,0.2000,0.694435,0.033360,-0.228230,upper
L3,0.20,0.2000,0.706381,0.032346,-0.211681,upper
L3,0.20,0.2000,0.718230,0.031322,-0.197526,upper
L3,0.20,0.2000,0.729973,0.030288,-0.184417,upper
L3,0.20,0.2000,0.741604,0.029247,-0.171905,upper
L3,0.20,0.2000,0.753112,0.028199,-0.159722,upper
L3,0.20,0.2000,0.764492,0.027144,-0.147693,upper
L3,0.20,0.2000,0.775735,0.026084,-0.135692,upper
L3,0.20,0.2000,0.786835,0.025019,-0.123628,upper
L3,0.20,0.2000,0.797785,0.023949,-0.111430,upper
L3,0.20,0.2000,0.808581,0.022876,-0.099044,upper
L3,0.20,0.2000,0.819215,0.021800,-0.086430,upper
L3,0.20,0.2000,0.829682,0.020722,-0.073555,upper
L3,0.20,0.2000,0.839979,0.019643,-0.060394,upper
L3,0.20,0.2000,0.850101,0.018564,-0.046924,upper
L3,0.20,0.2000,0.860044,0.017485,-0.033125,upper
L3,0.20,0.2000,0.869805,0.016409,-0.018975,upper
L3,0.20,0.2000,0.879380,0.015336,-0.004450,upper
L3,0.20,0.2000,0.888767,0.014267,0.010476,upper
L3,0.20,0.2000,0.897965,0.013204,0.025834,upper
L3,0.20,0.2000,0.906971,0.012147,0.041658,upper
L3,0.20,0.2000,0.915784,0.011100,0.057988,upper
L3,0.20,0.2000,0.924403,0.010062,0.074872,upper
L3,0.20,0.2000,0.932829,0.009037,0.092365,upper
L3,0.20,0.2000,0.941059,0.008025,0.110539,upper
L3,0.20,0.2000,0.949096,0.007029,0.129482,upper
L3,0.20,0.2000,0.956938,0.006050,0.149308,upper
L3,0.20,0.2000,0.964589,0.005093,0.170183,upper
L3,0.20,0.2000,0.972047,0.004158,0.192351,upper
L3,0.20,0.2000,0.979316,0.003249,0.216207,upper
L3,0.20,0.2000,0.986396,0.002368,0.242459,upper
L3,0.20,0.2000,0.993290,0.001519,0.272565,upper
L3,0.20,0.2000,1.000000,0.000705,0.314657,upper
L3,0.20,0.2000,-0.000000,0.000000,0.897836,lower
L3,0.20,0.2000,0.000004,-0.000389,0.907100,lower
L3,0.20,0.2000,0.000019,-0.000793,0.916120,lower
L3,0.20,0.2000,0.000043,-0.001214,0.924227,lower
L3,0.20,0.2000,0.000080,-0.001650,0.931218,lower
L3,0.20,0.2000,0.000131,-0.002104,0.936889,lower
L3,0.20,0.2000,0.000196,-0.002574,0.940972,lower
L3,0.20,0.2000,0.000278,-0.003062,0.943195,lower
L3,0.20,0.2000,0.000377,-0.003566,0.943933,lower
L3,0.20,0.2000,0.000497,-0.004088,0.943252,lower
L3,0.20,0.2000,0.000638,-0.004627,0.940592,lower
L3,0.20,0.2000,0.000803,-0.005183,0.935730,lower
L3,0.20,0.2000,0.000993,-0.005755,0.928477,lower
L3,0.20,0.2000,0.001211,-0.006343,0.918665,lower
L3,0.20,0.2000,0.001458,-0.006948,0.906147,lower
L3,0.20,0.2000,0.001738,-0.007567,0.890800,lower
L3,0.20,0.2000,0.002052,-0.008200,0.872532,lower
L3,0.20,0.2000,0.002402,-0.008847,0.851290,lower
L3,0.20,0.2000,0.002791,-0.009505,0.827067,lower
L3,0.20,0.2000,0.003221,-0.010175,0.799907,lower
L3,0.20,0.2000,0.003694,-0.010854,0.769907,lower
L3,0.20,0.2000,0.004212,-0.011542,0.737222,lower
L3,0.20,0.2000,0.004777,-0.012236,0.702065,lower
L3,0.20,0.2000,0.005392,-0.012935,0.664707,lower
L3,0.20,0.2000,0.006058,-0.013638,0.625470,lower
L3,0.20,0.2000,0.006777,-0.014342,0.584724,lower
L3,0.20,0.2000,0.007551,-0.015047,0.542877,lower
L3,0.20,0.2000,0.008382,-0.015751,0.500364,lower
L3,0.20,0.2000,0.009271,-0.016451,0.457639,lower
L3,0.20,0.2000,0.010219,-0.017147,0.415156,lower
L3,0.20,0.2000,0.011228,-0.017838,0.373364,lower
L3,0.20,0.2000,0.012300,-0.018521,0.332689,lower
L3,0.20,0.2000,0.013436,-0.019195,0.293526,lower
L3,0.20,0.2000,0.014637,-0.019860,0.256228,lower
L3,0.20,0.2000,0.015904,-0.020515,0.221099,lower
L3,0.20,0.2000,0.017239,-0.021159,0.188389,lower
L3,0.20,0.2000,0.018643,-0.021791,0.158289,lower
L3,0.20,0.2000,0.020117,-0.022410,0.130932,lower
L3,0.20,0.2000,0.021664,-0.023016,0.106392,lower
L3,0.20,0.2000,0.023284,-0.023610,0.084687,lower
L3,0.20,0.2000,0.024979,-0.024190,0.065775,lower
L3,0.20,0.2000,0.026750,-0.024757,0.049560,lower
L3,0.20,0.2000,0.028600,-0.025311,0.035918,lower
L3,0.20,0.2000,0.030531,-0.025853,0.024690,lower
L3,0.20,0.2000,0.032543,-0.026382,0.015689,lower
L3,0.20,0.2000,0.034640,-0.026899,0.008708,lower
L3,0.20,0.2000,0.036823,-0.027404,0.003525,lower
L3,0.20,0.2000,0.039094,-0.027899,-0.000086,lower
L3,0.20,0.2000,0.041456,-0.028383,-0.002350,lower
L3,0.20,0.2000,0.043912,-0.028859,-0.003487,lower
L3,0.20,0.2000,0.046463,-0.029326,-0.003708,lower
L3,0.20,0.2000,0.049112,-0.029785,-0.003210,lower
L3,0.20,0.2000,0.051862,-0.030238,-0.002177,lower
L3,0.20,0.2000,0.054716,-0.030686,-0.000778,lower
L3,0.20,0.2000,0.057676,-0.031129,0.000836,lower
L3,0.20,0.2000,0.060746,-0.031569,0.002528,lower
L3,0.20,0.2000,0.063928,-0.032006,0.004176,lower
L3,0.20,0.2000,0.067226,-0.032442,0.005675,lower
L3,0.20,0.2000,0.070643,-0.032877,0.006934,lower
L3,0.20,0.2000,0.074181,-0.033313,0.007875,lower
L3,0.20,0.2000,0.077844,-0.033751,0.008431,lower
L3,0.20,0.2000,0.081635,-0.034191,0.008549,lower
L3,0.20,0.2000,0.085558,-0.034634,0.008188,lower
L3,0.20,0.2000,0.089616,-0.035080,0.007316,lower
L3,0.20,0.2000,0.093813,-0.035530,0.005911,lower
L3,0.20,0.2000,0.098151,-0.035985,0.003962,lower
L3,0.20,0.2000,0.102634,-0.036444,0.001468,lower
L3,0.20,0.2000,0.107265,-0.036907,-0.001566,lower
L3,0.20,0.2000,0.112049,-0.037375,-0.005125,lower
L3,0.20,0.2000,0.116988,-0.037847,-0.009184,lower
L3,0.20,0.2000,0.122085,-0.038323,-0.013713,lower
L3,0.20,0.2000,0.127344,-0.038801,-0.018674,lower
L3,0.20,0.2000,0.132769,-0.039282,-0.024022,lower
L3,0.20,0.2000,0.138361,-0.039764,-0.029707,lower
L3,0.20,0.2000,0.144125,-0.040246,-0.035675,lower
L3,0.20,0.2000,0.150063,-0.040726,-0.041869,lower
L3,0.20,0.2000,0.156179,-0.041204,-0.048227,lower
L3,0.20,0.2000,0.162474,-0.041678,-0.054690,lower
L3,0.20,0.2000,0.168952,-0.042147,-0.061201,lower
L3,0.20,0.2000,0.175614,-0.042610,-0.067704,lower
L3,0.20,0.2000,0.182464,-0.043064,-0.074151,lower
L3,0.20,0.2000,0.189502,-0.043509,-0.080498,lower
L3,0.20,0.2000,0.196731,-0.043942,-0.086714,lower
L3,0.20,0.2000,0.204152,-0.044364,-0.092774,lower
L3,0.20,0.2000,0.211767,-0.044773,-0.098670,lower
L3,0.20,0.2000,0.219576,-0.045168,-0.104402,lower
L3,0.20,0.2000,0.227580,-0.045547,-0.109984,lower
L3,0.20,0.2000,0.235780,-0.045911,-0.115442,lower
L3,0.20,0.2000,0.244175,-0.046258,-0.120814,lower
L3,0.20,0.2000,0.252765,-0.046588,-0.126146,lower
L3,0.20,0.2000,0.261551,-0.046900,-0.131491,lower
L3,0.20,0.2000,0.270530,-0.047194,-0.136907,lower
L3,0.20,0.2000,0.279701,-0.047468,-0.142454,lower
L3,0.20,0.2000,0.289064,-0.047723,-0.148189,lower
L3,0.20,0.2000,0.298615,-0.047957,-0.154165,lower
L3,0.20,0.2000,0.308352,-0.048168,-0.160424,lower
L3,0.20,0.2000,0.318273,-0.048357,-0.166998,lower
L3,0.20,0.2000,0.328374,-0.048520,-0.173901,lower
L3,0.20,0.2000,0.338651,-0.048657,-0.181131,lower
L3,0.20,0.2000,0.349100,-0.048765,-0.188666,lower
L3,0.20,0.2000,0.359716,-0.048843,-0.196459,lower
L3,0.20,0.2000,0.370496,-0.048887,-0.204441,lower
L3,0.20,0.2000,0.381432,-0.048894,-0.212519,lower
L3,0.20,0.2000,0.392519,-0.048863,-0.220577,lower
L3,0.20,0.2000,0.403751,-0.048790,-0.228478,lower
L3,0.20,0.2000,0.415120,-0.048673,-0.236065,lower
L3,0.20,0.2000,0.426620,-0.048509,-0.243165,lower
L3,0.20,0.2000,0.438243,-0.048296,-0.249599,lower
L3,0.20,0.2000,0.449981,-0.048033,-0.255183,lower
L3,0.20,0.2000,0.461826,-0.047717,-0.259739,lower
L3,0.20,0.2000,0.473769,-0.047347,-0.263108,lower
L3,0.20,0.2000,0.485800,-0.046924,-0.265154,lower
L3,0.20,0.2000,0.497911,-0.046447,-0.265781,lower
L3,0.20,0.2000,0.510092,-0.045918,-0.264937,lower
L3,0.20,0.2000,0.522334,-0.045337,-0.262621,lower
L3,0.20,0.2000,0.534626,-0.044707,-0.258888,lower
L3,0.20,0.2000,0.546959,-0.044030,-0.253839,lower
L3,0.20,0.2000,0.559322,-0.043308,-0.247623,lower
L3,0.20,0.2000,0.571705,-0.042545,-0.240413,lower
L3,0.20,0.2000,0.584099,-0.041745,-0.232403,lower
L3,0.20,0.2000,0.596493,-0.040910,-0.223790,lower
L3,0.20,0.2000,0.608876,-0.040043,-0.214760,lower
L3,0.20,0.2000,0.621239,-0.039149,-0.205480,lower
L3,0.20,0.2000,0.633572,-0.038230,-0.196092,lower
L3,0.20,0.2000,0.645864,-0.037290,-0.186711,lower
L3,0.20,0.2000,0.658106,-0.036330,-0.177416,lower
L3,0.20,0.2000,0.670288,-0.035354,-0.168262,lower
L3,0.20,0.2000,0.682401,-0.034364,-0.159271,lower
L3,0.20,0.2000,0.694435,-0.033360,-0.150446,lower
L3,0.20,0.2000,0.706381,-0.032346,-0.141764,lower
L3,0.20,0.2000,0.718230,-0.031322,-0.133191,lower
L3,0.20,0.2000,0.729973,-0.030288,-0.124679,lower
L3,0.20,0.2000,0.741604,-0.029247,-0.116173,lower
L3,0.20,0.2000,0.753112,-0.028199,-0.107614,lower
L3,0.20,0.2000,0.764492,-0.027144,-0.098943,lower
L3,0.20,0.2000,0.775735,-0.026084,-0.090105,lower
L3,0.20,0.2000,0.786835,-0.025019,-0.081047,lower
L3,0.20,0.2000,0.797785,-0.023949,-0.071724,lower
L3,0.20,0.2000,0.808581,-0.022876,-0.062094,lower
L3,0.20,0.2000,0.819215,-0.021800,-0.052125,lower
L3,0.20,0.2000,0.829682,-0.020722,-0.041786,lower
L3,0.20,0.2000,0.839979,-0.019643,-0.031054,lower
L3,0.20,0.2000,0.850101,-0.018564,-0.019905,lower
L3,0.20,0.2000,0.860044,-0.017485,-0.008318,lower
L3,0.20,0.2000,0.869805,-0.016409,0.003727,lower
L3,0.20,0.2000,0.879380,-0.015336,0.016255,lower
L3,0.20,0.2000,0.888767,-0.014267,0.029292,lower
L3,0.20,0.2000,0.897965,-0.013204,0.042865,lower
L3,0.20,0.2000,0.906971,-0.012147,0.057009,lower
L3,0.20,0.2000,0.915784,-0.011100,0.071761,lower
L3,0.20,0.2000,0.924403,-0.010062,0.087164,lower
L3,0.20,0.2000,0.932829,-0.009037,0.103269,lower
L3,0.20,0.2000,0.941059,-0.008025,0.120142,lower
L3,0.20,0.2000,0.949096,-0.007029,0.137862,lower
L3,0.20,0.2000,0.956938,-0.006050,0.156538,lower
L3,0.20,0.2000,0.964589,-0.005093,0.176326,lower
L3,0.20,0.2000,0.972047,-0.004158,0.197468,lower
L3,0.20,0.2000,0.979316,-0.003249,0.220365,lower
L3,0.20,0.2000,0.986396,-0.002368,0.245764,lower
L3,0.20,0.2000,0.993290,-0.001519,0.275193,lower
L3,0.20,0.2000,1.000000,-0.000705,0.315315,lower
L3,0.44,0.4400,-0.000000,0.000000,0.855840,upper
L3,0.44,0.4400,0.000004,0.000389,0.845388,upper
L3,0.44,0.4400,0.000019,0.000793,0.834051,upper
L3,0.44,0.4400,0.000043,0.001214,0.820991,upper
L3,0.44,0.4400,0.000080,0.001650,0.806055,upper
L3,0.44,0.4400,0.000131,0.002104,0.789085,upper
L3,0.44,0.4400,0.000196,0.002574,0.769924,upper
L3,0.44,0.4400,0.000278,0.003062,0.748416,upper
L3,0.44,0.4400,0.000377,0.003566,0.724408,upper
L3,0.44,0.4400,0.000497,0.004088,0.697755,upper
L3,0.44,0.4400,0.000638,0.004627,0.668321,upper
L3,0.44,0.4400,0.000803,0.005183,0.635989,upper
L3,0.44,0.4400,0.000993,0.005755,0.600661,upper
L3,0.44,0.4400,0.001211,0.006343,0.562266,upper
L3,0.44,0.4400,0.001458,0.006948,0.520767,upper
L3,0.44,0.4400,0.001738,0.007567,0.476168,upper
L3,0.44,0.4400,0.002052,0.008200,0.428509,upper
L3,0.44,0.4400,0.002402,0.008847,0.377881,upper
L3,0.44,0.4400,0.002791,0.009505,0.324428,upper
L3,0.44,0.4400,0.003221,0.010175,0.268345,upper
L3,0.44,0.4400,0.003694,0.010854,0.209883,upper
L3,0.44,0.4400,0.004212,0.011542,0.149345,upper
L3,0.44,0.4400,0.004777,0.012236,0.087082,upper
L3,0.44,0.4400,0.005392,0.012935,0.023490,upper
L3,0.44,0.4400,0.006058,0.013638,-0.041002,upper
L3,0.44,0.4400,0.006777,0.014342,-0.105940,upper
L3,0.44,0.4400,0.007551,0.015047,-0.170847,upper
L3,0.44,0.4400,0.008382,0.015751,-0.235212,upper
L3,0.44,0.4400,0.009271,0.016451,-0.298633,upper
L3,0.44,0.4400,0.010219,0.017147,-0.360768,upper
L3,0.44,0.4400,0.011228,0.017838,-0.421220,upper
L3,0.44,0.4400,0.012300,0.018521,-0.479674,upper
L3,0.44,0.4400,0.013436,0.019195,-0.537688,upper
L3,0.44,0.4400,0.014637,0.019860,-0.592992,upper
L3,0.44,0.4400,0.015904,0.020515,-0.643915,upper
L3,0.44,0.4400,0.017239,0.021159,-0.691717,upper
L3,0.44,0.4400,0.018643,0.021791,-0.735357,upper
L3,0.44,0.4400,0.020117,0.022410,-0.775012,upper
L3,0.44,0.4400,0.021664,0.023016,-0.810983,upper
L3,0.44,0.4400,0.023284,0.023610,-0.843444,upper
L3,0.44,0.4400,0.024979,0.024190,-0.872507,upper
L3,0.44,0.4400,0.026750,0.024757,-0.898267,upper
L3,0.44,0.4400,0.028600,0.025311,-0.920827,upper
L3,0.44,0.4400,0.030531,0.025853,-0.940295,upper
L3,0.44,0.4400,0.032543,0.026382,-0.956783,upper
L3,0.44,0.4400,0.034640,0.026899,-0.970402,upper
L3,0.44,0.4400,0.036823,0.027404,-0.981262,upper
L3,0.44,0.4400,0.039094,0.027899,-0.989463,upper
L3,0.44,0.4400,0.041456,0.028383,-0.995099,upper
L3,0.44,0.4400,0.043912,0.028859,-0.998258,upper
L3,0.44,0.4400,0.046463,0.029326,-0.999024,upper
L3,0.44,0.4400,0.049112,0.029785,-0.997483,upper
L3,0.44,0.4400,0.051862,0.030238,-0.993726,upper
L3,0.44,0.4400,0.054716,0.030686,-0.987844,upper
L3,0.44,0.4400,0.057676,0.031129,-0.979925,upper
L3,0.44,0.4400,0.060746,0.031569,-0.970040,upper
L3,0.44,0.4400,0.063928,0.032006,-0.958241,upper
L3,0.44,0.4400,0.067226,0.032442,-0.944536,upper
L3,0.44,0.4400,0.070642,0.032877,-0.928855,upper
L3,0.44,0.4400,0.074181,0.033313,-0.910986,upper
L3,0.44,0.4400,0.077844,0.033751,-0.890448,upper
L3,0.44,0.4400,0.081635,0.034191,-0.866191,upper
L3,0.44,0.4400,0.085558,0.034634,-0.835974,upper
L3,0.44,0.4400,0.089616,0.035080,-0.795619,upper
L3,0.44,0.4400,0.093813,0.035530,-0.739250,upper
L3,0.44,0.4400,0.098151,0.035985,-0.665514,upper
L3,0.44,0.4400,0.102634,0.036444,-0.592850,upper
L3,0.44,0.4400,0.107265,0.036907,-0.547576,upper
L3,0.44,0.4400,0.112049,0.037375,-0.532827,upper
L3,0.44,0.4400,0.116988,0.037847,-0.533762,upper
L3,0.44,0.4400,0.122085,0.038323,-0.537868,upper
L3,0.44,0.4400,0.127344,0.038801,-0.540869,upper
L3,0.44,0.4400,0.132769,0.039282,-0.543198,upper
L3,0.44,0.4400,0.138361,0.039764,-0.545563,upper
L3,0.44,0.4400,0.144125,0.040246,-0.548339,upper
L3,0.44,0.4400,0.150063,0.040726,-0.551617,upper
L3,0.44,0.4400,0.156179,0.041204,-0.555341,upper
L3,0.44,0.4400,0.162474,0.041678,-0.559388,upper
L3,0.44,0.4400,0.168952,0.042147,-0.563612,upper
L3,0.44,0.4400,0.175614,0.042610,-0.567892,upper
L3,0.44,0.4400,0.182464,0.043064,-0.572105,upper
L3,0.44,0.4400,0.189502,0.043509,-0.576139,upper
L3,0.44,0.4400,0.196731,0.043942,-0.579908,upper
L3,0.44,0.4400,0.204152,0.044364,-0.583327,upper
L3,0.44,0.4400,0.211767,0.044773,-0.586332,upper
L3,0.44,0.4400,0.219576,0.045168,-0.588884,upper
L3,0.44,0.4400,0.227580,0.045547,-0.590967,upper
L3,0.44,0.4400,0.235780,0.045911,-0.592590,upper
L3,0.44,0.4400,0.244175,0.046258,-0.593792,upper
L3,0.44,0.4400,0.252765,0.046588,-0.594642,upper
L3,0.44,0.4400,0.261551,0.046900,-0.595240,upper
L3,0.44,0.4400,0.270530,0.047194,-0.595711,upper
L3,0.44,0.4400,0.279701,0.047468,-0.596200,upper
L3,0.44,0.4400,0.289064,0.047723,-0.596864,upper
L3,0.44,0.4400,0.298615,0.047957,-0.597864,upper
L3,0.44,0.4400,0.308352,0.048168,-0.599355,upper
L3,0.44,0.4400,0.318273,0.048357,-0.601475,upper
L3,0.44,0.4400,0.328374,0.048520,-0.604340,upper
L3,0.44,0.4400,0.338651,0.048657,-0.608037,upper
L3,0.44,0.4400,0.349100,0.048765,-0.612615,upper
L3,0.44,0.4400,0.359716,0.048843,-0.618096,upper
L3,0.44,0.4400,0.370496,0.048887,-0.624462,upper
L3,0.44,0.4400,0.381432,0.048894,-0.631669,upper
L3,0.44,0.4400,0.392519,0.048863,-0.639663,upper
L3,0.44,0.4400,0.403750,0.048790,-0.648386,upper
L3,0.44,0.4400,0.415120,0.048673,-0.657734,upper
L3,0.44,0.4400,0.426620,0.048509,-0.667529,upper
L3,0.44,0.4400,0.438243,0.048297,-0.677555,upper
L3,0.44,0.4400,0.449981,0.048033,-0.687599,upper
L3,0.44,0.4400,0.461826,0.047717,-0.697461,upper
L3,0.44,0.4400,0.473769,0.047347,-0.706946,upper
L3,0.44,0.4400,0.485800,0.046924,-0.715869,upper
L3,0.44,0.4400,0.497911,0.046447,-0.724051,upper
L3,0.44,0.4400,0.510092,0.045918,-0.731322,upper
L3,0.44,0.4400,0.522334,0.045337,-0.737517,upper
L3,0.44,0.4400,0.534626,0.044707,-0.742485,upper
L3,0.44,0.4400,0.546959,0.044030,-0.746048,upper
L3,0.44,0.4400,0.559322,0.043308,-0.747646,upper
L3,0.44,0.4400,0.571705,0.042545,-0.742935,upper
L3,0.44,0.4400,0.584099,0.041745,-0.683735,upper
L3,0.44,0.4400,0.596493,0.040910,-0.478773,upper
L3,0.44,0.4400,0.608876,0.040043,-0.256664,upper
L3,0.44,0.4400,0.621239,0.039149,-0.170702,upper
L3,0.44,0.4400,0.633572,0.038230,-0.153417,upper
L3,0.44,0.4400,0.645864,0.037290,-0.149560,upper
L3,0.44,0.4400,0.658106,0.036330,-0.146951,upper
L3,0.44,0.4400,0.670288,0.035354,-0.143196,upper
L3,0.44,0.4400,0.682401,0.034364,-0.138104,upper
L3,0.44,0.4400,0.694435,0.033360,-0.131938,upper
L3,0.44,0.4400,0.706381,0.032346,-0.124989,upper
L3,0.44,0.4400,0.718230,0.031322,-0.117476,upper
L3,0.44,0.4400,0.729973,0.030288,-0.109550,upper
L3,0.44,0.4400,0.741604,0.029247,-0.101300,upper
L3,0.44,0.4400,0.753112,0.028199,-0.092780,upper
L3,0.44,0.4400,0.764492,0.027144,-0.084012,upper
L3,0.44,0.4400,0.775735,0.026084,-0.075001,upper
L3,0.44,0.4400,0.786835,0.025019,-0.065740,upper
L3,0.44,0.4400,0.797785,0.023949,-0.056218,upper
L3,0.44,0.4400,0.808581,0.022876,-0.046417,upper
L3,0.44,0.4400,0.819215,0.021800,-0.036319,upper
L3,0.44,0.4400,0.829682,0.020722,-0.025906,upper
L3,0.44,0.4400,0.839979,0.019643,-0.015157,upper
L3,0.44,0.4400,0.850101,0.018564,-0.004054,upper
L3,0.44,0.4400,0.860044,0.017485,0.007426,upper
L3,0.44,0.4400,0.869805,0.016409,0.019306,upper
L3,0.44,0.4400,0.879380,0.015336,0.031612,upper
L3,0.44,0.4400,0.888767,0.014267,0.044372,upper
L3,0.44,0.4400,0.897965,0.013204,0.057619,upper
L3,0.44,0.4400,0.906971,0.012147,0.071390,upper
L3,0.44,0.4400,0.915784,0.011100,0.085725,upper
L3,0.44,0.4400,0.924403,0.010062,0.100672,upper
L3,0.44,0.4400,0.932828,0.009037,0.116287,upper
L3,0.44,0.4400,0.941059,0.008025,0.132638,upper
L3,0.44,0.4400,0.949096,0.007029,0.149810,upper
L3,0.44,0.4400,0.956938,0.006050,0.167912,upper
L3,0.44,0.4400,0.964589,0.005093,0.187103,upper
L3,0.44,0.4400,0.972047,0.004158,0.207612,upper
L3,0.44,0.4400,0.979316,0.003249,0.229811,upper
L3,0.44,0.4400,0.986396,0.002368,0.254363,upper
L3,0.44,0.4400,0.993290,0.001519,0.282656,upper
L3,0.44,0.4400,1.000000,0.000705,0.322598,upper
L3,0.44,0.4400,-0.000000,0.000000,0.855840,lower
L3,0.44,0.4400,0.000004,-0.000389,0.866404,lower
L3,0.44,0.4400,0.000019,-0.000793,0.876761,lower
L3,0.44,0.4400,0.000043,-0.001214,0.886253,lower
L3,0.44,0.4400,0.000080,-0.001650,0.894683,lower
L3,0.44,0.4400,0.000131,-0.002104,0.901858,lower
L3,0.44,0.4400,0.000196,-0.002574,0.907557,lower
L3,0.44,0.4400,0.000278,-0.003062,0.911504,lower
L3,0.44,0.4400,0.000377,-0.003566,0.913486,lower
L3,0.44,0.4400,0.000497,-0.004088,0.913908,lower
L3,0.44,0.4400,0.000638,-0.004627,0.912749,lower
L3,0.44,0.4400,0.000803,-0.005183,0.909423,lower
L3,0.44,0.4400,0.000993,-0.005755,0.903730,lower
L3,0.44,0.4400,0.001211,-0.006343,0.895492,lower
L3,0.44,0.4400,0.001458,-0.006948,0.884551,lower
L3,0.44,0.4400,0.001738,-0.007567,0.870774,lower
L3,0.44,0.4400,0.002052,-0.008200,0.854057,lower
L3,0.44,0.4400,0.002402,-0.008847,0.834333,lower
L3,0.44,0.4400,0.002791,-0.009505,0.811584,lower
L3,0.44,0.4400,0.003221,-0.010175,0.785840,lower
L3,0.44,0.4400,0.003694,-0.010854,0.757184,lower
L3,0.44,0.4400,0.004212,-0.011542,0.725760,lower
L3,0.44,0.4400,0.004777,-0.012236,0.691767,lower
L3,0.44,0.4400,0.005392,-0.012935,0.655464,lower
L3,0.44,0.4400,0.006058,-0.013638,0.617162,lower
L3,0.44,0.4400,0.006777,-0.014342,0.577222,lower
L3,0.44,0.4400,0.007551,-0.015047,0.536044,lower
L3,0.44,0.4400,0.008382,-0.015751,0.494056,lower
L3,0.44,0.4400,0.009271,-0.016451,0.451707,lower
L3,0.44,0.4400,0.010219,-0.017147,0.409448,lower
L3,0.44,0.4400,0.011228,-0.017838,0.367726,lower
L3,0.44,0.4400,0.012300,-0.018521,0.326969,lower
L3,0.44,0.4400,0.013436,-0.019195,0.287574,lower
L3,0.44,0.4400,0.014637,-0.019860,0.249899,lower
L3,0.44,0.4400,0.015904,-0.020515,0.214254,lower
L3,0.44,0.4400,0.017239,-0.021159,0.180897,lower
L3,0.44,0.4400,0.018643,-0.021791,0.150029,lower
L3,0.44,0.4400,0.020117,-0.022410,0.121793,lower
L3,0.44,0.4400,0.021664,-0.023016,0.096277,lower
L3,0.44,0.4400,0.023284,-0.023610,0.073511,lower
L3,0.44,0.4400,0.024979,-0.024190,0.053474,lower
L3,0.44,0.4400,0.026750,-0.024757,0.036087,lower
L3,0.44,0.4400,0.028600,-0.025311,0.021234,lower
L3,0.44,0.4400,0.030531,-0.025853,0.008773,lower
L3,0.44,0.4400,0.032543,-0.026382,-0.001466,lower
L3,0.44,0.4400,0.034640,-0.026899,-0.009679,lower
L3,0.44,0.4400,0.036823,-0.027404,-0.016075,lower
L3,0.44,0.4400,0.039094,-0.027899,-0.020869,lower
L3,0.44,0.4400,0.041456,-0.028383,-0.024281,lower
L3,0.44,0.4400,0.043912,-0.028859,-0.026524,lower
L3,0.44,0.4400,0.046463,-0.029326,-0.027804,lower
L3,0.44,0.4400,0.049112,-0.029785,-0.028318,lower
L3,0.44,0.4400,0.051862,-0.030238,-0.028248,lower
L3,0.44,0.4400,0.054716,-0.030686,-0.027764,lower
L3,0.44,0.4400,0.057676,-0.031129,-0.027018,lower
L3,0.44,0.4400,0.060746,-0.031569,-0.026150,lower
L3,0.44,0.4400,0.063928,-0.032006,-0.025282,lower
L3,0.44,0.4400,0.067226,-0.032442,-0.024525,lower
L3,0.44,0.4400,0.070642,-0.032877,-0.023971,lower
L3,0.44,0.4400,0.074181,-0.033313,-0.023703,lower
L3,0.44,0.4400,0.077844,-0.033751,-0.023789,lower
L3,0.44,0.4400,0.081635,-0.034191,-0.024287,lower
L3,0.44,0.4400,0.085558,-0.034634,-0.025240,lower
L3,0.44,0.4400,0.089616,-0.035080,-0.026682,lower
L3,0.44,0.4400,0.093813,-0.035530,-0.028639,lower
L3,0.44,0.4400,0.098151,-0.035985,-0.031123,lower
L3,0.44,0.4400,0.102634,-0.036444,-0.034138,lower
L3,0.44,0.4400,0.107265,-0.036907,-0.037680,lower
L3,0.44,0.4400,0.112049,-0.037375,-0.041733,lower
L3,0.44,0.4400,0.116988,-0.037847,-0.046276,lower
L3,0.44,0.4400,0.122085,-0.038323,-0.051278,lower
L3,0.44,0.4400,0.127344,-0.038801,-0.056700,lower
L3,0.44,0.4400,0.132769,-0.039282,-0.062497,lower
L3,0.44,0.4400,0.138361,-0.039764,-0.068617,lower
L3,0.44,0.4400,0.144125,-0.040246,-0.075005,lower
L3,0.44,0.4400,0.150063,-0.040726,-0.081600,lower
L3,0.44,0.4400,0.156179,-0.041204,-0.088339,lower
L3,0.44,0.4400,0.162474,-0.041678,-0.095161,lower
L3,0.44,0.4400,0.168952,-0.042147,-0.102002,lower
L3,0.44,0.4400,0.175614,-0.042610,-0.108805,lower
L3,0.44,0.4400,0.182464,-0.043064,-0.115516,lower
L3,0.44,0.4400,0.189502,-0.043509,-0.122089,lower
L3,0.44,0.4400,0.196731,-0.043942,-0.128486,lower
L3,0.44,0.4400,0.204152,-0.044364,-0.134681,lower
L3,0.44,0.4400,0.211767,-0.044773,-0.140661,lower
L3,0.44,0.4400,0.219576,-0.045168,-0.146422,lower
L3,0.44,0.4400,0.227580,-0.045547,-0.151978,lower
L3,0.44,0.4400,0.235780,-0.045911,-0.157351,lower
L3,0.44,0.4400,0.244175,-0.046258,-0.162578,lower
L3,0.44,0.4400,0.252765,-0.046588,-0.167704,lower
L3,0.44,0.4400,0.261551,-0.046900,-0.172781,lower
L3,0.44,0.4400,0.270530,-0.047194,-0.177868,lower
L3,0.44,0.4400,0.279701,-0.047468,-0.183022,lower
L3,0.44,0.4400,0.289064,-0.047723,-0.188300,lower
L3,0.44,0.4400,0.298615,-0.047957,-0.193752,lower
L3,0.44,0.4400,0.308352,-0.048168,-0.199417,lower
L3,0.44,0.4400,0.318273,-0.048357,-0.205322,lower
L3,0.44,0.4400,0.328374,-0.048520,-0.211474,lower
L3,0.44,0.4400,0.338651,-0.048657,-0.217863,lower
L3,0.44,0.4400,0.349100,-0.048765,-0.224453,lower
L3,0.44,0.4400,0.359716,-0.048843,-0.231184,lower
L3,0.44,0.4400,0.370496,-0.048887,-0.237970,lower
L3,0.44,0.4400,0.381432,-0.048894,-0.244698,lower
L3,0.44,0.4400,0.392519,-0.048863,-0.251230,lower
L3,0.44,0.4400,0.403750,-0.048790,-0.257404,lower
L3,0.44,0.4400,0.415120,-0.048673,-0.263040,lower
L3,0.44,0.4400,0.426620,-0.048509,-0.267945,lower
L3,0.44,0.4400,0.438243,-0.048297,-0.271924,lower
L3,0.44,0.4400,0.449981,-0.048033,-0.274786,lower
L3,0.44,0.4400,0.461826,-0.047717,-0.276364,lower
L3,0.44,0.4400,0.473769,-0.047347,-0.276521,lower
L3,0.44,0.4400,0.485800,-0.046924,-0.275168,lower
L3,0.44,0.4400,0.497911,-0.046447,-0.272273,lower
L3,0.44,0.4400,0.510092,-0.045918,-0.267864,lower
L3,0.44,0.4400,0.522334,-0.045337,-0.262025,lower
L3,0.44,0.4400,0.534626,-0.044707,-0.254896,lower
L3,0.44,0.4400,0.546959,-0.044030,-0.246653,lower
L3,0.44,0.4400,0.559322,-0.043308,-0.237495,lower
L3,0.44,0.4400,0.571705,-0.042545,-0.227632,lower
L3,0.44,0.4400,0.584099,-0.041745,-0.217268,lower
L3,0.44,0.4400,0.596493,-0.040910,-0.206594,lower
L3,0.44,0.4400,0.608876,-0.040043,-0.195779,lower
L3,0.44,0.4400,0.621239,-0.039149,-0.184965,lower
L3,0.44,0.4400,0.633572,-0.038230,-0.174269,lower
L3,0.44,0.4400,0.645864,-0.037290,-0.163775,lower
L3,0.44,0.4400,0.658106,-0.036330,-0.153542,lower
L3,0.44,0.4400,0.670288,-0.035354,-0.143603,lower
L3,0.44,0.4400,0.682401,-0.034364,-0.133969,lower
L3,0.44,0.4400,0.694435,-0.033360,-0.124628,lower
L3,0.44,0.4400,0.706381,-0.032346,-0.115553,lower
L3,0.44,0.4400,0.718230,-0.031322,-0.106703,lower
L3,0.44,0.4400,0.729973,-0.030288,-0.098030,lower
L3,0.44,0.4400,0.741604,-0.029247,-0.089475,lower
L3,0.44,0.4400,0.753112,-0.028199,-0.080979,lower
L3,0.44,0.4400,0.764492,-0.027144,-0.072482,lower
L3,0.44,0.4400,0.775735,-0.026084,-0.063924,lower
L3,0.44,0.4400,0.786835,-0.025019,-0.055250,lower
L3,0.44,0.4400,0.797785,-0.023949,-0.046408,lower
L3,0.44,0.4400,0.808581,-0.022876,-0.037351,lower
L3,0.44,0.4400,0.819215,-0.021800,-0.028035,lower
L3,0.44,0.4400,0.829682,-0.020722,-0.018421,lower
L3,0.44,0.4400,0.839979,-0.019643,-0.008474,lower
L3,0.44,0.4400,0.850101,-0.018564,0.001841,lower
L3,0.44,0.4400,0.860044,-0.017485,0.012556,lower
L3,0.44,0.4400,0.869805,-0.016409,0.023704,lower
L3,0.44,0.4400,0.879380,-0.015336,0.035320,lower
L3,0.44,0.4400,0.888767,-0.014267,0.047437,lower
L3,0.44,0.4400,0.897965,-0.013204,0.060094,lower
L3,0.44,0.4400,0.906971,-0.012147,0.073332,lower
L3,0.44,0.4400,0.915784,-0.011100,0.087193,lower
L3,0.44,0.4400,0.924403,-0.010062,0.101727,lower
L3,0.44,0.4400,0.932828,-0.009037,0.116989,lower
L3,0.44,0.4400,0.941059,-0.008025,0.133044,lower
L3,0.44,0.4400,0.949096,-0.007029,0.149975,lower
L3,0.44,0.4400,0.956938,-0.006050,0.167887,lower
L3,0.44,0.4400,0.964589,-0.005093,0.186935,lower
L3,0.44,0.4400,0.972047,-0.004158,0.207355,lower
L3,0.44,0.4400,0.979316,-0.003249,0.229539,lower
L3,0.44,0.4400,0.986396,-0.002368,0.254221,lower
L3,0.44,0.4400,0.993290,-0.001519,0.282901,lower
L3,0.44,0.4400,1.000000,-0.000705,0.322333,lower
L3,0.65,0.6500,0.000000,0.000000,0.837842,upper
L3,0.65,0.6500,0.000004,0.000389,0.826711,upper
L3,0.65,0.6500,0.000019,0.000793,0.814677,upper
L3,0.65,0.6500,0.000043,0.001214,0.800898,upper
L3,0.65,0.6500,0.000080,0.001650,0.785217,upper
L3,0.65,0.6500,0.000131,0.002104,0.767480,upper
L3,0.65,0.6500,0.000196,0.002574,0.747529,upper
L3,0.65,0.6500,0.000278,0.003062,0.725210,upper
L3,0.65,0.6500,0.000377,0.003566,0.700373,upper
L3,0.65,0.6500,0.000497,0.004088,0.672873,upper
L3,0.65,0.6500,0.000638,0.004627,0.642580,upper
L3,0.65,0.6500,0.000803,0.005183,0.609376,upper
L3,0.65,0.6500,0.000993,0.005755,0.573168,upper
L3,0.65,0.6500,0.001211,0.006343,0.533890,upper
L3,0.65,0.6500,0.001458,0.006948,0.491508,upper
L3,0.65,0.6500,0.001738,0.007567,0.446030,upper
L3,0.65,0.6500,0.002052,0.008200,0.397504,upper
L3,0.65,0.6500,0.002402,0.008847,0.346024,upper
L3,0.65,0.6500,0.002791,0.009505,0.291738,upper
L3,0.65,0.6500,0.003221,0.010175,0.234850,upper
L3,0.65,0.6500,0.003694,0.010854,0.175613,upper
L3,0.65,0.6500,0.004212,0.011542,0.114335,upper
L3,0.65,0.6500,0.004777,0.012236,0.051373,upper
L3,0.65,0.6500,0.005392,0.012935,-0.012877,upper
L3,0.65,0.6500,0.006058,0.013638,-0.077983,upper
L3,0.65,0.6500,0.006777,0.014342,-0.143487,upper
L3,0.65,0.6500,0.007551,0.015047,-0.208899,upper
L3,0.65,0.6500,0.008382,0.015751,-0.273748,upper
L3,0.65,0.6500,0.009271,0.016451,-0.337657,upper
L3,0.65,0.6500,0.010219,0.017147,-0.400268,upper
L3,0.65,0.6500,0.011228,0.017838,-0.461227,upper
L3,0.65,0.6500,0.012300,0.018521,-0.521161,upper
L3,0.65,0.6500,0.013436,0.019195,-0.579738,upper
L3,0.65,0.6500,0.014637,0.019860,-0.635325,upper
L3,0.65,0.6500,0.015904,0.020515,-0.686784,upper
L3,0.65,0.6500,0.017239,0.021159,-0.734066,upper
L3,0.65,0.6500,0.018643,0.021791,-0.777643,upper
L3,0.65,0.6500,0.020117,0.022410,-0.817484,upper
L3,0.65,0.6500,0.021664,0.023016,-0.853739,upper
L3,0.65,0.6500,0.023284,0.023610,-0.886559,upper
L3,0.65,0.6500,0.024979,0.024190,-0.916068,upper
L3,0.65,0.6500,0.026750,0.024757,-0.942368,upper
L3,0.65,0.6500,0.028600,0.025311,-0.965563,upper
L3,0.65,0.6500,0.030531,0.025853,-0.985762,upper
L3,0.65,0.6500,0.032543,0.026382,-1.003084,upper
L3,0.65,0.6500,0.034640,0.026899,-1.017647,upper
L3,0.65,0.6500,0.036823,0.027404,-1.029570,upper
L3,0.65,0.6500,0.039094,0.027899,-1.038964,upper
L3,0.65,0.6500,0.041456,0.028383,-1.045938,upper
L3,0.65,0.6500,0.043912,0.028859,-1.050601,upper
L3,0.65,0.6500,0.046463,0.029326,-1.053064,upper
L3,0.65,0.6500,0.049112,0.029785,-1.053448,upper
L3,0.65,0.6500,0.051862,0.030238,-1.051882,upper
L3,0.65,0.6500,0.054716,0.030686,-1.048504,upper
L3,0.65,0.6500,0.057676,0.031129,-1.043455,upper
L3,0.65,0.6500,0.060746,0.031569,-1.036880,upper
L3,0.65,0.6500,0.063928,0.032006,-1.028920,upper
L3,0.65,0.6500,0.067226,0.032442,-1.019717,upper
L3,0.65,0.6500,0.070643,0.032877,-1.009412,upper
L3,0.65,0.6500,0.074181,0.033313,-0.998136,upper
L3,0.65,0.6500,0.077844,0.033751,-0.986017,upper
L3,0.65,0.6500,0.081635,0.034191,-0.973173,upper
L3,0.65,0.6500,0.085558,0.034634,-0.959704,upper
L3,0.65,0.6500,0.089616,0.035080,-0.945692,upper
L3,0.65,0.6500,0.093813,0.035530,-0.931195,upper
L3,0.65,0.6500,0.098151,0.035985,-0.916241,upper
L3,0.65,0.6500,0.102634,0.036444,-0.900821,upper
L3,0.65,0.6500,0.107265,0.036907,-0.884863,upper
L3,0.65,0.6500,0.112049,0.037375,-0.868167,upper
L3,0.65,0.6500,0.116988,0.037847,-0.850262,upper
L3,0.65,0.6500,0.122085,0.038323,-0.830127,upper
L3,0.65,0.6500,0.127344,0.038801,-0.805823,upper
L3,0.65,0.6500,0.132769,0.039282,-0.774558,upper
L3,0.65,0.6500,0.138361,0.039764,-0.734547,upper
L3,0.65,0.6500,0.144125,0.040246,-0.689206,upper
L3,0.65,0.6500,0.150064,0.040726,-0.648749,upper
L3,0.65,0.6500,0.156179,0.041204,-0.623026,upper
L3,0.65,0.6500,0.162474,0.041678,-0.613099,upper
L3,0.65,0.6500,0.168952,0.042147,-0.613120,upper
L3,0.65,0.6500,0.175614,0.042610,-0.617347,upper
L3,0.65,0.6500,0.182464,0.043064,-0.622869,upper
L3,0.65,0.6500,0.189502,0.043509,-0.628680,upper
L3,0.65,0.6500,0.196731,0.043942,-0.634484,upper
L3,0.65,0.6500,0.204152,0.044364,-0.640154,upper
L3,0.65,0.6500,0.211767,0.044773,-0.645576,upper
L3,0.65,0.6500,0.219576,0.045168,-0.650632,upper
L3,0.65,0.6500,0.227580,0.045547,-0.655216,upper
L3,0.65,0.6500,0.235779,0.045911,-0.659249,upper
L3,0.65,0.6500,0.244175,0.046258,-0.662687,upper
L3,0.65,0.6500,0.252765,0.046588,-0.665521,upper
L3,0.65,0.6500,0.261551,0.046900,-0.667780,upper
L3,0.65,0.6500,0.270530,0.047194,-0.669525,upper
L3,0.65,0.6500,0.279701,0.047468,-0.670852,upper
L3,0.65,0.6500,0.289064,0.047723,-0.671887,upper
L3,0.65,0.6500,0.298615,0.047957,-0.672781,upper
L3,0.65,0.6500,0.308352,0.048168,-0.673703,upper
L3,0.65,0.6500,0.318273,0.048357,-0.674834,upper
L3,0.65,0.6500,0.328374,0.048520,-0.676353,upper
L3,0.65,0.6500,0.338651,0.048657,-0.678429,upper
L3,0.65,0.6500,0.349100,0.048765,-0.681212,upper
L3,0.65,0.6500,0.359716,0.048843,-0.684816,upper
L3,0.65,0.6500,0.370496,0.048887,-0.689308,upper
L3,0.65,0.6500,0.381432,0.048894,-0.694703,upper
L3,0.65,0.6500,0.392519,0.048863,-0.700961,upper
L3,0.65,0.6500,0.403750,0.048790,-0.707989,upper
L3,0.65,0.6500,0.415120,0.048673,-0.715655,upper
L3,0.65,0.6500,0.426620,0.048509,-0.723785,upper
L3,0.65,0.6500,0.438243,0.048297,-0.732174,upper
L3,0.65,0.6500,0.449981,0.048033,-0.740586,upper
L3,0.65,0.6500,0.461826,0.047717,-0.748743,upper
L3,0.65,0.6500,0.473769,0.047347,-0.756292,upper
L3,0.65,0.6500,0.485800,0.046924,-0.762656,upper
L3,0.65,0.6500,0.497911,0.046447,-0.766357,upper
L3,0.65,0.6500,0.510092,0.045918,-0.760519,upper
L3,0.65,0.6500,0.522334,0.045337,-0.700911,upper
L3,0.65,0.6500,0.534626,0.044707,-0.498720,upper
L3,0.65,0.6500,0.546959,0.044030,-0.261024,upper
L3,0.65,0.6500,0.559322,0.043308,-0.157173,upper
L3,0.65,0.6500,0.571705,0.042545,-0.142021,upper
L3,0.65,0.6500,0.584099,0.041745,-0.144687,upper
L3,0.65,0.6500,0.596493,0.040910,-0.148318,upper
L3,0.65,0.6500,0.608876,0.040043,-0.149525,upper
L3,0.65,0.6500,0.621239,0.039149,-0.148171,upper
L3,0.65,0.6500,0.633572,0.038230,-0.144757,upper
L3,0.65,0.6500,0.645864,0.037290,-0.139836,upper
L3,0.65,0.6500,0.658106,0.036330,-0.133865,upper
L3,0.65,0.6500,0.670288,0.035354,-0.127181,upper
L3,0.65,0.6500,0.682401,0.034364,-0.120028,upper
L3,0.65,0.6500,0.694435,0.033360,-0.112569,upper
L3,0.65,0.6500,0.706381,0.032346,-0.104910,upper
L3,0.65,0.6500,0.718230,0.031322,-0.097111,upper
L3,0.65,0.6500,0.729973,0.030288,-0.089202,upper
L3,0.65,0.6500,0.741604,0.029247,-0.081186,upper
L3,0.65,0.6500,0.753112,0.028199,-0.073051,upper
L3,0.65,0.6500,0.764492,0.027144,-0.064778,upper
L3,0.65,0.6500,0.775735,0.026084,-0.056337,upper
L3,0.65,0.6500,0.786835,0.025019,-0.047700,upper
L3,0.65,0.6500,0.797785,0.023949,-0.038835,upper
L3,0.65,0.6500,0.808581,0.022876,-0.029714,upper
L3,0.65,0.6500,0.819215,0.021800,-0.020309,upper
L3,0.65,0.6500,0.829682,0.020722,-0.010594,upper
L3,0.65,0.6500,0.839979,0.019643,-0.000544,upper
L3,0.65,0.6500,0.850101,0.018564,0.009865,upper
L3,0.65,0.6500,0.860044,0.017485,0.020659,upper
L3,0.65,0.6500,0.869805,0.016409,0.031863,upper
L3,0.65,0.6500,0.879380,0.015336,0.043504,upper
L3,0.65,0.6500,0.888767,0.014267,0.055613,upper
L3,0.65,0.6500,0.897965,0.013204,0.068224,upper
L3,0.65,0.6500,0.906971,0.012147,0.081374,upper
L3,0.65,0.6500,0.915784,0.011100,0.095104,upper
L3,0.65,0.6500,0.924403,0.010062,0.109463,upper
L3,0.65,0.6500,0.932829,0.009037,0.124506,upper
L3,0.65,0.6500,0.941059,0.008025,0.140302,upper
L3,0.65,0.6500,0.949096,0.007029,0.156935,upper
L3,0.65,0.6500,0.956938,0.006050,0.174515,upper
L3,0.65,0.6500,0.964589,0.005093,0.193196,upper
L3,0.65,0.6500,0.972047,0.004158,0.213208,upper
L3,0.65,0.6500,0.979316,0.003249,0.234913,upper
L3,0.65,0.6500,0.986396,0.002368,0.258965,upper
L3,0.65,0.6500,0.993290,0.001519,0.286732,upper
L3,0.65,0.6500,1.000000,0.000705,0.325970,upper
L3,0.65,0.6500,0.000000,0.000000,0.837842,lower
L3,0.65,0.6500,0.000004,-0.000389,0.849091,lower
L3,0.65,0.6500,0.000019,-0.000793,0.860156,lower
L3,0.65,0.6500,0.000043,-0.001214,0.870385,lower
L3,0.65,0.6500,0.000080,-0.001650,0.879584,lower
L3,0.65,0.6500,0.000131,-0.002104,0.887561,lower
L3,0.65,0.6500,0.000196,-0.002574,0.894101,lower
L3,0.65,0.6500,0.000278,-0.003062,0.898937,lower
L3,0.65,0.6500,0.000377,-0.003566,0.901750,lower
L3,0.65,0.6500,0.000497,-0.004088,0.902837,lower
L3,0.65,0.6500,0.000638,-0.004627,0.902382,lower
L3,0.65,0.6500,0.000803,-0.005183,0.899893,lower
L3,0.65,0.6500,0.000993,-0.005755,0.895058,lower
L3,0.65,0.6500,0.001211,-0.006343,0.887692,lower
L3,0.65,0.6500,0.001458,-0.006948,0.877631,lower
L3,0.65,0.6500,0.001738,-0.007567,0.864736,lower
L3,0.65,0.6500,0.002052,-0.008200,0.848896,lower
L3,0.65,0.6500,0.002402,-0.008847,0.830039,lower
L3,0.65,0.6500,0.002791,-0.009505,0.808139,lower
L3,0.65,0.6500,0.003221,-0.010175,0.783219,lower
L3,0.65,0.6500,0.003694,-0.010854,0.755356,lower
L3,0.65,0.6500,0.004212,-0.011542,0.724685,lower
L3,0.65,0.6500,0.004777,-0.012236,0.691399,lower
L3,0.65,0.6500,0.005392,-0.012935,0.655750,lower
L3,0.65,0.6500,0.006058,-0.013638,0.618044,lower
L3,0.65,0.6500,0.006777,-0.014342,0.578635,lower
L3,0.65,0.6500,0.007551,-0.015047,0.537919,lower
L3,0.65,0.6500,0.008382,-0.015751,0.496319,lower
L3,0.65,0.6500,0.009271,-0.016451,0.454281,lower
L3,0.65,0.6500,0.010219,-0.017147,0.412256,lower
L3,0.65,0.6500,0.011228,-0.017838,0.370688,lower
L3,0.65,0.6500,0.012300,-0.018521,0.330004,lower
L3,0.65,0.6500,0.013436,-0.019195,0.290602,lower
L3,0.65,0.6500,0.014637,-0.019860,0.252842,lower
L3,0.65,0.6500,0.015904,-0.020515,0.217037,lower
L3,0.65,0.6500,0.017239,-0.021159,0.183447,lower
L3,0.65,0.6500,0.018643,-0.021791,0.152278,lower
L3,0.65,0.6500,0.020117,-0.022410,0.123678,lower
L3,0.65,0.6500,0.021664,-0.023016,0.097738,lower
L3,0.65,0.6500,0.023284,-0.023610,0.074496,lower
L3,0.65,0.6500,0.024979,-0.024190,0.053940,lower
L3,0.65,0.6500,0.026750,-0.024757,0.035999,lower
L3,0.65,0.6500,0.028600,-0.025311,0.020561,lower
L3,0.65,0.6500,0.030531,-0.025853,0.007493,lower
L3,0.65,0.6500,0.032543,-0.026382,-0.003369,lower
L3,0.65,0.6500,0.034640,-0.026899,-0.012213,lower
L3,0.65,0.6500,0.036823,-0.027404,-0.019241,lower
L3,0.65,0.6500,0.039094,-0.027899,-0.024663,lower
L3,0.65,0.6500,0.041456,-0.028383,-0.028693,lower
L3,0.65,0.6500,0.043912,-0.028859,-0.031540,lower
L3,0.65,0.6500,0.046463,-0.029326,-0.033409,lower
L3,0.65,0.6500,0.049112,-0.029785,-0.034492,lower
L3,0.65,0.6500,0.051862,-0.030238,-0.034971,lower
L3,0.65,0.6500,0.054716,-0.030686,-0.035014,lower
L3,0.65,0.6500,0.057676,-0.031129,-0.034775,lower
L3,0.65,0.6500,0.060746,-0.031569,-0.034392,lower
L3,0.65,0.6500,0.063928,-0.032006,-0.033990,lower
L3,0.65,0.6500,0.067226,-0.032442,-0.033678,lower
L3,0.65,0.6500,0.070643,-0.032877,-0.033552,lower
L3,0.65,0.6500,0.074181,-0.033313,-0.033695,lower
L3,0.65,0.6500,0.077844,-0.033751,-0.034177,lower
L3,0.65,0.6500,0.081635,-0.034191,-0.035055,lower
L3,0.65,0.6500,0.085558,-0.034634,-0.036377,lower
L3,0.65,0.6500,0.089616,-0.035080,-0.038177,lower
L3,0.65,0.6500,0.093813,-0.035530,-0.040481,lower
L3,0.65,0.6500,0.098151,-0.035985,-0.043303,lower
L3,0.65,0.6500,0.102634,-0.036444,-0.046649,lower
L3,0.65,0.6500,0.107265,-0.036907,-0.050515,lower
L3,0.65,0.6500,0.112049,-0.037375,-0.054886,lower
L3,0.65,0.6500,0.116988,-0.037847,-0.059742,lower
L3,0.65,0.6500,0.122085,-0.038323,-0.065051,lower
L3,0.65,0.6500,0.127344,-0.038801,-0.070775,lower
L3,0.65,0.6500,0.132769,-0.039282,-0.076869,lower
L3,0.65,0.6500,0.138361,-0.039764,-0.083281,lower
L3,0.65,0.6500,0.144125,-0.040246,-0.089954,lower
L3,0.65,0.6500,0.150064,-0.040726,-0.096828,lower
L3,0.65,0.6500,0.156179,-0.041204,-0.103839,lower
L3,0.65,0.6500,0.162474,-0.041678,-0.110921,lower
L3,0.65,0.6500,0.168952,-0.042147,-0.118013,lower
L3,0.65,0.6500,0.175614,-0.042610,-0.125052,lower
L3,0.65,0.6500,0.182464,-0.043064,-0.131984,lower
L3,0.65,0.6500,0.189502,-0.043509,-0.138760,lower
L3,0.65,0.6500,0.196731,-0.043942,-0.145341,lower
L3,0.65,0.6500,0.204152,-0.044364,-0.151697,lower
L3,0.65,0.6500,0.211767,-0.044773,-0.157813,lower
L3,0.65,0.6500,0.219576,-0.045168,-0.163684,lower
L3,0.65,0.6500,0.227580,-0.045547,-0.169319,lower
L3,0.65,0.6500,0.235779,-0.045911,-0.174742,lower
L3,0.65,0.6500,0.244175,-0.046258,-0.179986,lower
L3,0.65,0.6500,0.252765,-0.046588,-0.185095,lower
L3,0.65,0.6500,0.261551,-0.046900,-0.190120,lower
L3,0.65,0.6500,0.270530,-0.047194,-0.195118,lower
L3,0.65,0.6500,0.279701,-0.047468,-0.200145,lower
L3,0.65,0.6500,0.289064,-0.047723,-0.205257,lower
L3,0.65,0.6500,0.298615,-0.047957,-0.210502,lower
L3,0.65,0.6500,0.308352,-0.048168,-0.215915,lower
L3,0.65,0.6500,0.318273,-0.048357,-0.221522,lower
L3,0.65,0.6500,0.328374,-0.048520,-0.227326,lower
L3,0.65,0.6500,0.338651,-0.048657,-0.233311,lower
L3,0.65,0.6500,0.349100,-0.048765,-0.239438,lower
L3,0.65,0.6500,0.359716,-0.048843,-0.245640,lower
L3,0.65,0.6500,0.370496,-0.048887,-0.251825,lower
L3,0.65,0.6500,0.381432,-0.048894,-0.257873,lower
L3,0.65,0.6500,0.392519,-0.048863,-0.263641,lower
L3,0.65,0.6500,0.403750,-0.048790,-0.268962,lower
L3,0.65,0.6500,0.415120,-0.048673,-0.273653,lower
L3,0.65,0.6500,0.426620,-0.048509,-0.277523,lower
L3,0.65,0.6500,0.438243,-0.048297,-0.280382,lower
L3,0.65,0.6500,0.449981,-0.048033,-0.282054,lower
L3,0.65,0.6500,0.461826,-0.047717,-0.282387,lower
L3,0.65,0.6500,0.473769,-0.047347,-0.281271,lower
L3,0.65,0.6500,0.485800,-0.046924,-0.278644,lower
L3,0.65,0.6500,0.497911,-0.046447,-0.274503,lower
L3,0.65,0.6500,0.510092,-0.045918,-0.268901,lower
L3,0.65,0.6500,0.522334,-0.045337,-0.261946,lower
L3,0.65,0.6500,0.534626,-0.044707,-0.253790,lower
L3,0.65,0.6500,0.546959,-0.044030,-0.244616,lower
L3,0.65,0.6500,0.559322,-0.043308,-0.234622,lower
L3,0.65,0.6500,0.571705,-0.042545,-0.224014,lower
L3,0.65,0.6500,0.584099,-0.041745,-0.212989,lower
L3,0.65,0.6500,0.596493,-0.040910,-0.201730,lower
L3,0.65,0.6500,0.608876,-0.040043,-0.190397,lower
L3,0.65,0.6500,0.621239,-0.039149,-0.179127,lower
L3,0.65,0.6500,0.633572,-0.038230,-0.168027,lower
L3,0.65,0.6500,0.645864,-0.037290,-0.157179,lower
L3,0.65,0.6500,0.658106,-0.036330,-0.146638,lower
L3,0.65,0.6500,0.670288,-0.035354,-0.136434,lower
L3,0.65,0.6500,0.682401,-0.034364,-0.126572,lower
L3,0.65,0.6500,0.694435,-0.033360,-0.117042,lower
L3,0.65,0.6500,0.706381,-0.032346,-0.107814,lower
L3,0.65,0.6500,0.718230,-0.031322,-0.098846,lower
L3,0.65,0.6500,0.729973,-0.030288,-0.090088,lower
L3,0.65,0.6500,0.741604,-0.029247,-0.081480,lower
L3,0.65,0.6500,0.753112,-0.028199,-0.072962,lower
L3,0.65,0.6500,0.764492,-0.027144,-0.064472,lower
L3,0.65,0.6500,0.775735,-0.026084,-0.055950,lower
L3,0.65,0.6500,0.786835,-0.025019,-0.047337,lower
L3,0.65,0.6500,0.797785,-0.023949,-0.038581,lower
L3,0.65,0.6500,0.808581,-0.022876,-0.029632,lower
L3,0.65,0.6500,0.819215,-0.021800,-0.020445,lower
L3,0.65,0.6500,0.829682,-0.020722,-0.010979,lower
L3,0.65,0.6500,0.839979,-0.019643,-0.001197,lower
L3,0.65,0.6500,0.850101,-0.018564,0.008938,lower
L3,0.65,0.6500,0.860044,-0.017485,0.019461,lower
L3,0.65,0.6500,0.869805,-0.016409,0.030405,lower
L3,0.65,0.6500,0.879380,-0.015336,0.041807,lower
L3,0.65,0.6500,0.888767,-0.014267,0.053704,lower
L3,0.65,0.6500,0.897965,-0.013204,0.066135,lower
L3,0.65,0.6500,0.906971,-0.012147,0.079141,lower
L3,0.65,0.6500,0.915784,-0.011100,0.092768,lower
L3,0.65,0.6500,0.924403,-0.010062,0.107065,lower
L3,0.65,0.6500,0.932829,-0.009037,0.122089,lower
L3,0.65,0.6500,0.941059,-0.008025,0.137906,lower
L3,0.65,0.6500,0.949096,-0.007029,0.154599,lower
L3,0.65,0.6500,0.956938,-0.006050,0.172275,lower
L3,0.65,0.6500,0.964589,-0.005093,0.191088,lower
L3,0.65,0.6500,0.972047,-0.004158,0.211275,lower
L3,0.65,0.6500,0.979316,-0.003249,0.233226,lower
L3,0.65,0.6500,0.986396,-0.002368,0.257668,lower
L3,0.65,0.6500,0.993290,-0.001519,0.286094,lower
L3,0.65,0.6500,1.000000,-0.000705,0.325463,lower
L3,0.80,0.8000,-0.000000,0.000000,0.825416,upper
L3,0.80,0.8000,0.000004,0.000389,0.814005,upper
L3,0.80,0.8000,0.000019,0.000793,0.801685,upper
L3,0.80,0.8000,0.000043,0.001214,0.787610,upper
L3,0.80,0.8000,0.000080,0.001650,0.771623,upper
L3,0.80,0.8000,0.000131,0.002104,0.753570,upper
L3,0.80,0.8000,0.000196,0.002574,0.733295,upper
L3,0.80,0.8000,0.000278,0.003062,0.710645,upper
L3,0.80,0.8000,0.000377,0.003566,0.685469,upper
L3,0.80,0.8000,0.000497,0.004088,0.657625,upper
L3,0.80,0.8000,0.000638,0.004627,0.626983,upper
L3,0.80,0.8000,0.000803,0.005183,0.593428,upper
L3,0.80,0.8000,0.000993,0.005755,0.556868,upper
L3,0.80,0.8000,0.001211,0.006343,0.517237,upper
L3,0.80,0.8000,0.001458,0.006948,0.474507,upper
L3,0.80,0.8000,0.001738,0.007567,0.428685,upper
L3,0.80,0.8000,0.002052,0.008200,0.379822,upper
L3,0.80,0.8000,0.002402,0.008847,0.328016,upper
L3,0.80,0.8000,0.002791,0.009505,0.273416,upper
L3,0.80,0.8000,0.003221,0.010175,0.216229,upper
L3,0.80,0.8000,0.003694,0.010854,0.156709,upper
L3,0.80,0.8000,0.004212,0.011542,0.095169,upper
L3,0.80,0.8000,0.004777,0.012236,0.031963,upper
L3,0.80,0.8000,0.005392,0.012935,-0.032509,upper
L3,0.80,0.8000,0.006058,0.013638,-0.097814,upper
L3,0.80,0.8000,0.006777,0.014342,-0.163494,upper
L3,0.80,0.8000,0.007551,0.015047,-0.229052,upper
L3,0.80,0.8000,0.008382,0.015751,-0.294039,upper
L3,0.80,0.8000,0.009271,0.016451,-0.358090,upper
L3,0.80,0.8000,0.010219,0.017147,-0.420835,upper
L3,0.80,0.8000,0.011228,0.017838,-0.481924,upper
L3,0.80,0.8000,0.012300,0.018521,-0.542874,upper
L3,0.80,0.8000,0.013436,0.019195,-0.601677,upper
L3,0.80,0.8000,0.014637,0.019860,-0.656393,upper
L3,0.80,0.8000,0.015904,0.020515,-0.707992,upper
L3,0.80,0.8000,0.017239,0.021159,-0.755468,upper
L3,0.80,0.8000,0.018643,0.021791,-0.798880,upper
L3,0.80,0.8000,0.020117,0.022410,-0.838666,upper
L3,0.80,0.8000,0.021664,0.023016,-0.875000,upper
L3,0.80,0.8000,0.023284,0.023610,-0.907947,upper
L3,0.80,0.8000,0.024979,0.024190,-0.937587,upper
L3,0.80,0.8000,0.026750,0.024757,-0.964026,upper
L3,0.80,0.8000,0.028600,0.025311,-0.987388,upper
L3,0.80,0.8000,0.030531,0.025853,-1.007802,upper
L3,0.80,0.8000,0.032543,0.026382,-1.025392,upper
L3,0.80,0.8000,0.034640,0.026899,-1.040280,upper
L3,0.80,0.8000,0.036823,0.027404,-1.052580,upper
L3,0.80,0.8000,0.039094,0.027899,-1.062400,upper
L3,0.80,0.8000,0.041456,0.028383,-1.069849,upper
L3,0.80,0.8000,0.043912,0.028859,-1.075038,upper
L3,0.80,0.8000,0.046463,0.029326,-1.078085,upper
L3,0.80,0.8000,0.049112,0.029785,-1.079119,upper
L3,0.80,0.8000,0.051862,0.030238,-1.078276,upper
L3,0.80,0.8000,0.054716,0.030686,-1.075702,upper
L3,0.80,0.8000,0.057676,0.031129,-1.071544,upper
L3,0.80,0.8000,0.060746,0.031569,-1.065953,upper
L3,0.80,0.8000,0.063928,0.032006,-1.059080,upper
L3,0.80,0.8000,0.067226,0.032442,-1.051072,upper
L3,0.80,0.8000,0.070642,0.032877,-1.042078,upper
L3,0.80,0.8000,0.074181,0.033313,-1.032244,upper
L3,0.80,0.8000,0.077844,0.033751,-1.021712,upper
L3,0.80,0.8000,0.081635,0.034191,-1.010623,upper
L3,0.80,0.8000,0.085558,0.034634,-0.999112,upper
L3,0.80,0.8000,0.089616,0.035080,-0.987304,upper
L3,0.80,0.8000,0.093813,0.035530,-0.975314,upper
L3,0.80,0.8000,0.098151,0.035985,-0.963244,upper
L3,0.80,0.8000,0.102634,0.036444,-0.951181,upper
L3,0.80,0.8000,0.107265,0.036907,-0.939207,upper
L3,0.80,0.8000,0.112049,0.037375,-0.927398,upper
L3,0.80,0.8000,0.116988,0.037847,-0.915826,upper
L3,0.80,0.8000,0.122085,0.038323,-0.904551,upper
L3,0.80,0.8000,0.127344,0.038801,-0.893617,upper
L3,0.80,0.8000,0.132769,0.039282,-0.883039,upper
L3,0.80,0.8000,0.138361,0.039764,-0.872797,upper
L3,0.80,0.8000,0.144125,0.040246,-0.862815,upper
L3,0.80,0.8000,0.150064,0.040726,-0.852930,upper
L3,0.80,0.8000,0.156179,0.041204,-0.842843,upper
L3,0.80,0.8000,0.162474,0.041678,-0.832040,upper
L3,0.80,0.8000,0.168952,0.042147,-0.819732,upper
L3,0.80,0.8000,0.175614,0.042610,-0.804933,upper
L3,0.80,0.8000,0.182464,0.043064,-0.786863,upper
L3,0.80,0.8000,0.189502,0.043509,-0.765704,upper
L3,0.80,0.8000,0.196731,0.043942,-0.743255,upper
L3,0.80,0.8000,0.204152,0.044364,-0.722626,upper
L3,0.80,0.8000,0.211767,0.044773,-0.706759,upper
L3,0.80,0.8000,0.219576,0.045168,-0.696926,upper
L3,0.80,0.8000,0.227580,0.045547,-0.692529,upper
L3,0.80,0.8000,0.235780,0.045911,-0.692019,upper
L3,0.80,0.8000,0.244175,0.046258,-0.693857,upper
L3,0.80,0.8000,0.252765,0.046588,-0.696929,upper
L3,0.80,0.8000,0.261551,0.046900,-0.700544,upper
L3,0.80,0.8000,0.270530,0.047194,-0.704306,upper
L3,0.80,0.8000,0.279701,0.047468,-0.707994,upper
L3,0.80,0.8000,0.289064,0.047723,-0.711505,upper
L3,0.80,0.8000,0.298615,0.047957,-0.714801,upper
L3,0.80,0.8000,0.308352,0.048168,-0.717858,upper
L3,0.80,0.8000,0.318273,0.048357,-0.720655,upper
L3,0.80,0.8000,0.328374,0.048520,-0.723175,upper
L3,0.80,0.8000,0.338651,0.048657,-0.725392,upper
L3,0.80,0.8000,0.349100,0.048765,-0.727244,upper
L3,0.80,0.8000,0.359716,0.048843,-0.728592,upper
L3,0.80,0.8000,0.370496,0.048887,-0.729170,upper
L3,0.80,0.8000,0.381432,0.048894,-0.728514,upper
L3,0.80,0.8000,0.392519,0.048863,-0.725815,upper
L3,0.80,0.8000,0.403751,0.048790,-0.719627,upper
L3,0.80,0.8000,0.415120,0.048673,-0.707133,upper
L3,0.80,0.8000,0.426620,0.048509,-0.682164,upper
L3,0.80,0.8000,0.438243,0.048296,-0.629298,upper
L3,0.80,0.8000,0.449982,0.048033,-0.523432,upper
L3,0.80,0.8000,0.461826,0.047717,-0.379317,upper
L3,0.80,0.8000,0.473769,0.047347,-0.261318,upper
L3,0.80,0.8000,0.485800,0.046924,-0.201755,upper
L3,0.80,0.8000,0.497911,0.046447,-0.183537,upper
L3,0.80,0.8000,0.510092,0.045918,-0.183798,upper
L3,0.80,0.8000,0.522334,0.045337,-0.189557,upper
L3,0.80,0.8000,0.534626,0.044707,-0.195197,upper
L3,0.80,0.8000,0.546959,0.044030,-0.198465,upper
L3,0.80,0.8000,0.559322,0.043308,-0.198819,upper
L3,0.80,0.8000,0.571705,0.042545,-0.196423,upper
L3,0.80,0.8000,0.584099,0.041745,-0.191725,upper
L3,0.80,0.8000,0.596493,0.040910,-0.185246,upper
L3,0.80,0.8000,0.608876,0.040043,-0.177475,upper
L3,0.80,0.8000,0.621239,0.039149,-0.168834,upper
L3,0.80,0.8000,0.633572,0.038230,-0.159665,upper
L3,0.80,0.8000,0.645864,0.037290,-0.150234,upper
L3,0.80,0.8000,0.658106,0.036330,-0.140734,upper
L3,0.80,0.8000,0.670288,0.035354,-0.131299,upper
L3,0.80,0.8000,0.682401,0.034364,-0.122014,upper
L3,0.80,0.8000,0.694435,0.033360,-0.112920,upper
L3,0.80,0.8000,0.706381,0.032346,-0.104029,upper
L3,0.80,0.8000,0.718230,0.031322,-0.095327,upper
L3,0.80,0.8000,0.729973,0.030288,-0.086784,upper
L3,0.80,0.8000,0.741604,0.029247,-0.078355,upper
L3,0.80,0.8000,0.753112,0.028199,-0.069990,upper
L3,0.80,0.8000,0.764492,0.027144,-0.061634,upper
L3,0.80,0.8000,0.775735,0.026084,-0.053231,upper
L3,0.80,0.8000,0.786835,0.025019,-0.044729,upper
L3,0.80,0.8000,0.797785,0.023949,-0.036076,upper
L3,0.80,0.8000,0.808581,0.022876,-0.027226,upper
L3,0.80,0.8000,0.819215,0.021800,-0.018135,upper
L3,0.80,0.8000,0.829682,0.020722,-0.008766,upper
L3,0.80,0.8000,0.839979,0.019643,0.000920,upper
L3,0.80,0.8000,0.850101,0.018564,0.010957,upper
L3,0.80,0.8000,0.860044,0.017485,0.021376,upper
L3,0.80,0.8000,0.869805,0.016409,0.032213,upper
L3,0.80,0.8000,0.879380,0.015336,0.043502,upper
L3,0.80,0.8000,0.888768,0.014267,0.055279,upper
L3,0.80,0.8000,0.897965,0.013204,0.067582,upper
L3,0.80,0.8000,0.906971,0.012147,0.080454,upper
L3,0.80,0.8000,0.915784,0.011100,0.093941,upper
L3,0.80,0.8000,0.924403,0.010062,0.108094,upper
L3,0.80,0.8000,0.932829,0.009037,0.122972,upper
L3,0.80,0.8000,0.941059,0.008025,0.138645,upper
L3,0.80,0.8000,0.949096,0.007029,0.155200,upper
L3,0.80,0.8000,0.956938,0.006050,0.172751,upper
L3,0.80,0.8000,0.964588,0.005093,0.191453,upper
L3,0.80,0.8000,0.972047,0.004158,0.211541,upper
L3,0.80,0.8000,0.979316,0.003249,0.233385,upper
L3,0.80,0.8000,0.986396,0.002368,0.257655,upper
L3,0.80,0.8000,0.993290,0.001519,0.285744,upper
L3,0.80,0.8000,1.000000,0.000705,0.325327,upper
L3,0.80,0.8000,-0.000000,0.000000,0.825416,lower
L3,0.80,0.8000,0.000004,-0.000389,0.836944,lower
L3,0.80,0.8000,0.000019,-0.000793,0.848298,lower
L3,0.80,0.8000,0.000043,-0.001214,0.858827,lower
L3,0.80,0.8000,0.000080,-0.001650,0.868338,lower
L3,0.80,0.8000,0.000131,-0.002104,0.876641,lower
L3,0.80,0.8000,0.000196,-0.002574,0.883519,lower
L3,0.80,0.8000,0.000278,-0.003062,0.888716,lower
L3,0.80,0.8000,0.000377,-0.003566,0.891924,lower
L3,0.80,0.8000,0.000497,-0.004088,0.893298,lower
L3,0.80,0.8000,0.000638,-0.004627,0.893095,lower
L3,0.80,0.8000,0.000803,-0.005183,0.890951,lower
L3,0.80,0.8000,0.000993,-0.005755,0.886463,lower
L3,0.80,0.8000,0.001211,-0.006343,0.879446,lower
L3,0.80,0.8000,0.001458,-0.006948,0.869734,lower
L3,0.80,0.8000,0.001738,-0.007567,0.857185,lower
L3,0.80,0.8000,0.002052,-0.008200,0.841688,lower
L3,0.80,0.8000,0.002402,-0.008847,0.823166,lower
L3,0.80,0.8000,0.002791,-0.009505,0.801590,lower
L3,0.80,0.8000,0.003221,-0.010175,0.776980,lower
L3,0.80,0.8000,0.003694,-0.010854,0.749409,lower
L3,0.80,0.8000,0.004212,-0.011542,0.719009,lower
L3,0.80,0.8000,0.004777,-0.012236,0.685971,lower
L3,0.80,0.8000,0.005392,-0.012935,0.650543,lower
L3,0.80,0.8000,0.006058,-0.013638,0.613028,lower
L3,0.80,0.8000,0.006777,-0.014342,0.573777,lower
L3,0.80,0.8000,0.007551,-0.015047,0.533183,lower
L3,0.80,0.8000,0.008382,-0.015751,0.491670,lower
L3,0.80,0.8000,0.009271,-0.016451,0.449680,lower
L3,0.80,0.8000,0.010219,-0.017147,0.407663,lower
L3,0.80,0.8000,0.011228,-0.017838,0.366063,lower
L3,0.80,0.8000,0.012300,-0.018521,0.325307,lower
L3,0.80,0.8000,0.013436,-0.019195,0.285794,lower
L3,0.80,0.8000,0.014637,-0.019860,0.247884,lower
L3,0.80,0.8000,0.015904,-0.020515,0.211890,lower
L3,0.80,0.8000,0.017239,-0.021159,0.178077,lower
L3,0.80,0.8000,0.018643,-0.021791,0.146651,lower
L3,0.80,0.8000,0.020117,-0.022410,0.117763,lower
L3,0.80,0.8000,0.021664,-0.023016,0.091507,lower
L3,0.80,0.8000,0.023284,-0.023610,0.067925,lower
L3,0.80,0.8000,0.024979,-0.024190,0.047008,lower
L3,0.80,0.8000,0.026750,-0.024757,0.028690,lower
L3,0.80,0.8000,0.028600,-0.025311,0.012864,lower
L3,0.80,0.8000,0.030531,-0.025853,-0.000603,lower
L3,0.80,0.8000,0.032543,-0.026382,-0.011869,lower
L3,0.80,0.8000,0.034640,-0.026899,-0.021120,lower
L3,0.80,0.8000,0.036823,-0.027404,-0.028553,lower
L3,0.80,0.8000,0.039094,-0.027899,-0.034378,lower
L3,0.80,0.8000,0.041456,-0.028383,-0.038806,lower
L3,0.80,0.8000,0.043912,-0.028859,-0.042044,lower
L3,0.80,0.8000,0.046463,-0.029326,-0.044297,lower
L3,0.80,0.8000,0.049112,-0.029785,-0.045756,lower
L3,0.80,0.8000,0.051862,-0.030238,-0.046604,lower
L3,0.80,0.8000,0.054716,-0.030686,-0.047009,lower
L3,0.80,0.8000,0.057676,-0.031129,-0.047124,lower
L3,0.80,0.8000,0.060746,-0.031569,-0.047091,lower
L3,0.80,0.8000,0.063928,-0.032006,-0.047033,lower
L3,0.80,0.8000,0.067226,-0.032442,-0.047061,lower
L3,0.80,0.8000,0.070642,-0.032877,-0.047273,lower
L3,0.80,0.8000,0.074181,-0.033313,-0.047753,lower
L3,0.80,0.8000,0.077844,-0.033751,-0.048571,lower
L3,0.80,0.8000,0.081635,-0.034191,-0.049787,lower
L3,0.80,0.8000,0.085558,-0.034634,-0.051448,lower
L3,0.80,0.8000,0.089616,-0.035080,-0.053592,lower
L3,0.80,0.8000,0.093813,-0.035530,-0.056243,lower
L3,0.80,0.8000,0.098151,-0.035985,-0.059419,lower
L3,0.80,0.8000,0.102634,-0.036444,-0.063125,lower
L3,0.80,0.8000,0.107265,-0.036907,-0.067359,lower
L3,0.80,0.8000,0.112049,-0.037375,-0.072106,lower
L3,0.80,0.8000,0.116988,-0.037847,-0.077347,lower
L3,0.80,0.8000,0.122085,-0.038323,-0.083050,lower
L3,0.80,0.8000,0.127344,-0.038801,-0.089179,lower
L3,0.80,0.8000,0.132769,-0.039282,-0.095687,lower
L3,0.80,0.8000,0.138361,-0.039764,-0.102524,lower
L3,0.80,0.8000,0.144125,-0.040246,-0.109632,lower
L3,0.80,0.8000,0.150064,-0.040726,-0.116949,lower
L3,0.80,0.8000,0.156179,-0.041204,-0.124411,lower
L3,0.80,0.8000,0.162474,-0.041678,-0.131952,lower
L3,0.80,0.8000,0.168952,-0.042147,-0.139507,lower
L3,0.80,0.8000,0.175614,-0.042610,-0.147013,lower
L3,0.80,0.8000,0.182464,-0.043064,-0.154412,lower
L3,0.80,0.8000,0.189502,-0.043509,-0.161654,lower
L3,0.80,0.8000,0.196731,-0.043942,-0.168694,lower
L3,0.80,0.8000,0.204152,-0.044364,-0.175502,lower
L3,0.80,0.8000,0.211767,-0.044773,-0.182056,lower
L3,0.80,0.8000,0.219576,-0.045168,-0.188348,lower
L3,0.80,0.8000,0.227580,-0.045547,-0.194384,lower
L3,0.80,0.8000,0.235780,-0.045911,-0.200179,lower
L3,0.80,0.8000,0.244175,-0.046258,-0.205764,lower
L3,0.80,0.8000,0.252765,-0.046588,-0.211176,lower
L3,0.80,0.8000,0.261551,-0.046900,-0.216461,lower
L3,0.80,0.8000,0.270530,-0.047194,-0.221668,lower
L3,0.80,0.8000,0.279701,-0.047468,-0.226846,lower
L3,0.80,0.8000,0.289064,-0.047723,-0.232042,lower
L3,0.80,0.8000,0.298615,-0.047957,-0.237294,lower
L3,0.80,0.8000,0.308352,-0.048168,-0.242630,lower
L3,0.80,0.8000,0.318273,-0.048357,-0.248061,lower
L3,0.80,0.8000,0.328374,-0.048520,-0.253579,lower
L3,0.80,0.8000,0.338651,-0.048657,-0.259155,lower
L3,0.80,0.8000,0.349100,-0.048765,-0.264733,lower
L3,0.80,0.8000,0.359716,-0.048843,-0.270231,lower
L3,0.80,0.8000,0.370496,-0.048887,-0.275540,lower
L3,0.80,0.8000,0.381432,-0.048894,-0.280526,lower
L3,0.80,0.8000,0.392519,-0.048863,-0.285027,lower
L3,0.80,0.8000,0.403751,-0.048790,-0.288868,lower
L3,0.80,0.8000,0.415120,-0.048673,-0.291858,lower
L3,0.80,0.8000,0.426620,-0.048509,-0.293808,lower
L3,0.80,0.8000,0.438243,-0.048296,-0.294541,lower
L3,0.80,0.8000,0.449982,-0.048033,-0.293903,lower
L3,0.80,0.8000,0.461826,-0.047717,-0.291783,lower
L3,0.80,0.8000,0.473769,-0.047347,-0.288123,lower
L3,0.80,0.8000,0.485800,-0.046924,-0.282924,lower
L3,0.80,0.8000,0.497911,-0.046447,-0.276246,lower
L3,0.80,0.8000,0.510092,-0.045918,-0.268209,lower
L3,0.80,0.8000,0.522334,-0.045337,-0.258976,lower
L3,0.80,0.8000,0.534626,-0.044707,-0.248740,lower
L3,0.80,0.8000,0.546959,-0.044030,-0.237713,lower
L3,0.80,0.8000,0.559322,-0.043308,-0.226107,lower
L3,0.80,0.8000,0.571705,-0.042545,-0.214129,lower
L3,0.80,0.8000,0.584099,-0.041745,-0.201968,lower
L3,0.80,0.8000,0.596493,-0.040910,-0.189791,lower
L3,0.80,0.8000,0.608876,-0.040043,-0.177740,lower
L3,0.80,0.8000,0.621239,-0.039149,-0.165927,lower
L3,0.80,0.8000,0.633572,-0.038230,-0.154443,lower
L3,0.80,0.8000,0.645864,-0.037290,-0.143347,lower
L3,0.80,0.8000,0.658106,-0.036330,-0.132677,lower
L3,0.80,0.8000,0.670288,-0.035354,-0.122448,lower
L3,0.80,0.8000,0.682401,-0.034364,-0.112652,lower
L3,0.80,0.8000,0.694435,-0.033360,-0.103268,lower
L3,0.80,0.8000,0.706381,-0.032346,-0.094255,lower
L3,0.80,0.8000,0.718230,-0.031322,-0.085565,lower
L3,0.80,0.8000,0.729973,-0.030288,-0.077139,lower
L3,0.80,0.8000,0.741604,-0.029247,-0.068912,lower
L3,0.80,0.8000,0.753112,-0.028199,-0.060819,lower
L3,0.80,0.8000,0.764492,-0.027144,-0.052791,lower
L3,0.80,0.8000,0.775735,-0.026084,-0.044765,lower
L3,0.80,0.8000,0.786835,-0.025019,-0.036677,lower
L3,0.80,0.8000,0.797785,-0.023949,-0.028470,lower
L3,0.80,0.8000,0.808581,-0.022876,-0.020089,lower
L3,0.80,0.8000,0.819215,-0.021800,-0.011485,lower
L3,0.80,0.8000,0.829682,-0.020722,-0.002613,lower
L3,0.80,0.8000,0.839979,-0.019643,0.006569,lower
L3,0.80,0.8000,0.850101,-0.018564,0.016103,lower
L3,0.80,0.8000,0.860044,-0.017485,0.026025,lower
L3,0.80,0.8000,0.869805,-0.016409,0.036375,lower
L3,0.80,0.8000,0.879380,-0.015336,0.047191,lower
L3,0.80,0.8000,0.888768,-0.014267,0.058515,lower
L3,0.80,0.8000,0.897965,-0.013204,0.070387,lower
L3,0.80,0.8000,0.906971,-0.012147,0.082852,lower
L3,0.80,0.8000,0.915784,-0.011100,0.095959,lower
L3,0.80,0.8000,0.924403,-0.010062,0.109759,lower
L3,0.80,0.8000,0.932829,-0.009037,0.124310,lower
L3,0.80,0.8000,0.941059,-0.008025,0.139682,lower
L3,0.80,0.8000,0.949096,-0.007029,0.155960,lower
L3,0.80,0.8000,0.956938,-0.006050,0.173253,lower
L3,0.80,0.8000,0.964588,-0.005093,0.191718,lower
L3,0.80,0.8000,0.972047,-0.004158,0.211594,lower
L3,0.80,0.8000,0.979316,-0.003249,0.233276,lower
L3,0.80,0.8000,0.986396,-0.002368,0.257495,lower
L3,0.80,0.8000,0.993290,-0.001519,0.285750,lower
L3,0.80,0.8000,1.000000,-0.000705,0.325253,lower
L3,0.90,0.9000,-0.000000,0.000000,0.809645,upper
L3,0.90,0.9000,0.000004,0.000389,0.798314,upper
L3,0.90,0.9000,0.000018,0.000793,0.786072,upper
L3,0.90,0.9000,0.000043,0.001214,0.772075,upper
L3,0.90,0.9000,0.000080,0.001650,0.756166,upper
L3,0.90,0.9000,0.000131,0.002104,0.738190,upper
L3,0.90,0.9000,0.000196,0.002574,0.717993,upper
L3,0.90,0.9000,0.000278,0.003062,0.695420,upper
L3,0.90,0.9000,0.000377,0.003566,0.670321,upper
L3,0.90,0.9000,0.000497,0.004088,0.642553,upper
L3,0.90,0.9000,0.000638,0.004627,0.611987,upper
L3,0.90,0.9000,0.000803,0.005183,0.578507,upper
L3,0.90,0.9000,0.000993,0.005755,0.542022,upper
L3,0.90,0.9000,0.001211,0.006343,0.502466,upper
L3,0.90,0.9000,0.001458,0.006948,0.459810,upper
L3,0.90,0.9000,0.001738,0.007567,0.414063,upper
L3,0.90,0.9000,0.002052,0.008200,0.365275,upper
L3,0.90,0.9000,0.002402,0.008847,0.313543,upper
L3,0.90,0.9000,0.002791,0.009505,0.259019,upper
L3,0.90,0.9000,0.003221,0.010175,0.201908,upper
L3,0.90,0.9000,0.003694,0.010854,0.142465,upper
L3,0.90,0.9000,0.004212,0.011542,0.081001,upper
L3,0.90,0.9000,0.004777,0.012236,0.017873,upper
L3,0.90,0.9000,0.005392,0.012935,-0.046522,upper
L3,0.90,0.9000,0.006058,0.013638,-0.111751,upper
L3,0.90,0.9000,0.006777,0.014342,-0.177356,upper
L3,0.90,0.9000,0.007551,0.015047,-0.242841,upper
L3,0.90,0.9000,0.008382,0.015751,-0.307761,upper
L3,0.90,0.9000,0.009271,0.016451,-0.371752,upper
L3,0.90,0.9000,0.010219,0.017147,-0.434447,upper
L3,0.90,0.9000,0.011228,0.017838,-0.495488,upper
L3,0.90,0.9000,0.012300,0.018521,-0.556748,upper
L3,0.90,0.9000,0.013436,0.019195,-0.615638,upper
L3,0.90,0.9000,0.014637,0.019860,-0.670172,upper
L3,0.90,0.9000,0.015904,0.020515,-0.721686,upper
L3,0.90,0.9000,0.017239,0.021159,-0.768974,upper
L3,0.90,0.9000,0.018643,0.021791,-0.812398,upper
L3,0.90,0.9000,0.020117,0.022410,-0.852272,upper
L3,0.90,0.9000,0.021664,0.023016,-0.888683,upper
L3,0.90,0.9000,0.023284,0.023610,-0.921706,upper
L3,0.90,0.9000,0.024979,0.024190,-0.951448,upper
L3,0.90,0.9000,0.026750,0.024757,-0.978030,upper
L3,0.90,0.9000,0.028600,0.025311,-1.001578,upper
L3,0.90,0.9000,0.030531,0.025853,-1.022215,upper
L3,0.90,0.9000,0.032543,0.026382,-1.040059,upper
L3,0.90,0.9000,0.034640,0.026899,-1.055226,upper
L3,0.90,0.9000,0.036823,0.027404,-1.067832,upper
L3,0.90,0.9000,0.039094,0.027899,-1.077988,upper
L3,0.90,0.9000,0.041456,0.028383,-1.085809,upper
L3,0.90,0.9000,0.043911,0.028859,-1.091412,upper
L3,0.90,0.9000,0.046463,0.029326,-1.094922,upper
L3,0.90,0.9000,0.049112,0.029785,-1.096471,upper
L3,0.90,0.9000,0.051862,0.030238,-1.096200,upper
L3,0.90,0.9000,0.054716,0.030686,-1.094255,upper
L3,0.90,0.9000,0.057676,0.031129,-1.090785,upper
L3,0.90,0.9000,0.060746,0.031569,-1.085944,upper
L3,0.90,0.9000,0.063928,0.032006,-1.079882,upper
L3,0.90,0.9000,0.067226,0.032442,-1.072749,upper
L3,0.90,0.9000,0.070642,0.032877,-1.064698,upper
L3,0.90,0.9000,0.074181,0.033313,-1.055877,upper
L3,0.90,0.9000,0.077844,0.033751,-1.046433,upper
L3,0.90,0.9000,0.081635,0.034191,-1.036511,upper
L3,0.90,0.9000,0.085558,0.034634,-1.026251,upper
L3,0.90,0.9000,0.089616,0.035080,-1.015789,upper
L3,0.90,0.9000,0.093813,0.035530,-1.005252,upper
L3,0.90,0.9000,0.098151,0.035985,-0.994753,upper
L3,0.90,0.9000,0.102634,0.036444,-0.984392,upper
L3,0.90,0.9000,0.107265,0.036907,-0.974260,upper
L3,0.90,0.9000,0.112049,0.037375,-0.964439,upper
L3,0.90,0.9000,0.116988,0.037847,-0.955004,upper
L3,0.90,0.9000,0.122085,0.038323,-0.946022,upper
L3,0.90,0.9000,0.127344,0.038801,-0.937552,upper
L3,0.90,0.9000,0.132769,0.039282,-0.929640,upper
L3,0.90,0.9000,0.138361,0.039764,-0.922316,upper
L3,0.90,0.9000,0.144125,0.040246,-0.915590,upper
L3,0.90,0.9000,0.150063,0.040726,-0.909444,upper
L3,0.90,0.9000,0.156179,0.041204,-0.903834,upper
L3,0.90,0.9000,0.162474,0.041678,-0.898684,upper
L3,0.90,0.9000,0.168952,0.042147,-0.893884,upper
L3,0.90,0.9000,0.175614,0.042610,-0.889285,upper
L3,0.90,0.9000,0.182464,0.043064,-0.884693,upper
L3,0.90,0.9000,0.189502,0.043509,-0.879851,upper
L3,0.90,0.9000,0.196731,0.043942,-0.874415,upper
L3,0.90,0.9000,0.204152,0.044364,-0.867933,upper
L3,0.90,0.9000,0.211767,0.044773,-0.859820,upper
L3,0.90,0.9000,0.219576,0.045168,-0.849380,upper
L3,0.90,0.9000,0.227580,0.045547,-0.835907,upper
L3,0.90,0.9000,0.235779,0.045911,-0.818901,upper
L3,0.90,0.9000,0.244175,0.046258,-0.798345,upper
L3,0.90,0.9000,0.252765,0.046588,-0.774868,upper
L3,0.90,0.9000,0.261551,0.046900,-0.749430,upper
L3,0.90,0.9000,0.270530,0.047194,-0.722502,upper
L3,0.90,0.9000,0.279701,0.047469,-0.693526,upper
L3,0.90,0.9000,0.289064,0.047723,-0.661558,upper
L3,0.90,0.9000,0.298615,0.047957,-0.626416,upper
L3,0.90,0.9000,0.308352,0.048168,-0.588775,upper
L3,0.90,0.9000,0.318273,0.048357,-0.549364,upper
L3,0.90,0.9000,0.328374,0.048520,-0.508306,upper
L3,0.90,0.9000,0.338651,0.048657,-0.465643,upper
L3,0.90,0.9000,0.349100,0.048765,-0.422636,upper
L3,0.90,0.9000,0.359716,0.048843,-0.380906,upper
L3,0.90,0.9000,0.370495,0.048887,-0.342435,upper
L3,0.90,0.9000,0.381432,0.048894,-0.309904,upper
L3,0.90,0.9000,0.392519,0.048863,-0.285185,upper
L3,0.90,0.9000,0.403750,0.048790,-0.268706,upper
L3,0.90,0.9000,0.415120,0.048673,-0.259624,upper
L3,0.90,0.9000,0.426620,0.048509,-0.256333,upper
L3,0.90,0.9000,0.438243,0.048297,-0.256915,upper
L3,0.90,0.9000,0.449981,0.048033,-0.259512,upper
L3,0.90,0.9000,0.461826,0.047717,-0.262570,upper
L3,0.90,0.9000,0.473769,0.047347,-0.264900,upper
L3,0.90,0.9000,0.485800,0.046924,-0.265674,upper
L3,0.90,0.9000,0.497911,0.046447,-0.264407,upper
L3,0.90,0.9000,0.510092,0.045918,-0.260924,upper
L3,0.90,0.9000,0.522334,0.045337,-0.255306,upper
L3,0.90,0.9000,0.534626,0.044707,-0.247813,upper
L3,0.90,0.9000,0.546959,0.044030,-0.238808,upper
L3,0.90,0.9000,0.559322,0.043308,-0.228682,upper
L3,0.90,0.9000,0.571705,0.042545,-0.217810,upper
L3,0.90,0.9000,0.584099,0.041745,-0.206518,upper
L3,0.90,0.9000,0.596493,0.040910,-0.195075,upper
L3,0.90,0.9000,0.608876,0.040043,-0.183690,upper
L3,0.90,0.9000,0.621239,0.039149,-0.172522,upper
L3,0.90,0.9000,0.633572,0.038230,-0.161681,upper
L3,0.90,0.9000,0.645864,0.037290,-0.151242,upper
L3,0.90,0.9000,0.658106,0.036330,-0.141245,upper
L3,0.90,0.9000,0.670288,0.035354,-0.131701,upper
L3,0.90,0.9000,0.682401,0.034364,-0.122602,upper
L3,0.90,0.9000,0.694435,0.033360,-0.113918,upper
L3,0.90,0.9000,0.706381,0.032346,-0.105603,upper
L3,0.90,0.9000,0.718230,0.031322,-0.097602,upper
L3,0.90,0.9000,0.729973,0.030288,-0.089850,upper
L3,0.90,0.9000,0.741604,0.029247,-0.082278,upper
L3,0.90,0.9000,0.753112,0.028199,-0.074816,upper
L3,0.90,0.9000,0.764492,0.027144,-0.067392,upper
L3,0.90,0.9000,0.775735,0.026084,-0.059940,upper
L3,0.90,0.9000,0.786835,0.025019,-0.052396,upper
L3,0.90,0.9000,0.797785,0.023949,-0.044702,upper
L3,0.90,0.9000,0.808580,0.022876,-0.036803,upper
L3,0.90,0.9000,0.819215,0.021800,-0.028651,upper
L3,0.90,0.9000,0.829682,0.020722,-0.020201,upper
L3,0.90,0.9000,0.839979,0.019643,-0.011412,upper
L3,0.90,0.9000,0.850101,0.018564,-0.002245,upper
L3,0.90,0.9000,0.860044,0.017485,0.007338,upper
L3,0.90,0.9000,0.869805,0.016409,0.017378,upper
L3,0.90,0.9000,0.879380,0.015336,0.027914,upper
L3,0.90,0.9000,0.888767,0.014267,0.038987,upper
L3,0.90,0.9000,0.897965,0.013204,0.050643,upper
L3,0.90,0.9000,0.906971,0.012147,0.062931,upper
L3,0.90,0.9000,0.915784,0.011100,0.075904,upper
L3,0.90,0.9000,0.924403,0.010062,0.089618,upper
L3,0.90,0.9000,0.932828,0.009037,0.104141,upper
L3,0.90,0.9000,0.941059,0.008025,0.119550,upper
L3,0.90,0.9000,0.949096,0.007029,0.135940,upper
L3,0.90,0.9000,0.956938,0.006050,0.153431,upper
L3,0.90,0.9000,0.964588,0.005093,0.172189,upper
L3,0.90,0.9000,0.972047,0.004158,0.192461,upper
L3,0.90,0.9000,0.979316,0.003249,0.214632,upper
L3,0.90,0.9000,0.986396,0.002368,0.239392,upper
L3,0.90,0.9000,0.993290,0.001519,0.268184,upper
L3,0.90,0.9000,1.000000,0.000705,0.308973,upper
L3,0.90,0.9000,-0.000000,0.000000,0.809645,lower
L3,0.90,0.9000,0.000004,-0.000389,0.821088,lower
L3,0.90,0.9000,0.000018,-0.000793,0.832349,lower
L3,0.90,0.9000,0.000043,-0.001214,0.842780,lower
L3,0.90,0.9000,0.000080,-0.001650,0.852184,lower
L3,0.90,0.9000,0.000131,-0.002104,0.860372,lower
L3,0.90,0.9000,0.000196,-0.002574,0.867125,lower
L3,0.90,0.9000,0.000278,-0.003062,0.872182,lower
L3,0.90,0.9000,0.000377,-0.003566,0.875216,lower
L3,0.90,0.9000,0.000497,-0.004088,0.876455,lower
L3,0.90,0.9000,0.000638,-0.004627,0.876131,lower
L3,0.90,0.9000,0.000803,-0.005183,0.873810,lower
L3,0.90,0.9000,0.000993,-0.005755,0.869129,lower
L3,0.90,0.9000,0.001211,-0.006343,0.861902,lower
L3,0.90,0.9000,0.001458,-0.006948,0.851964,lower
L3,0.90,0.9000,0.001738,-0.007567,0.839172,lower
L3,0.90,0.9000,0.002052,-0.008200,0.823414,lower
L3,0.90,0.9000,0.002402,-0.008847,0.804612,lower
L3,0.90,0.9000,0.002791,-0.009505,0.782738,lower
L3,0.90,0.9000,0.003221,-0.010175,0.757810,lower
L3,0.90,0.9000,0.003694,-0.010854,0.729903,lower
L3,0.90,0.9000,0.004212,-0.011542,0.699148,lower
L3,0.90,0.9000,0.004777,-0.012236,0.665735,lower
L3,0.90,0.9000,0.005392,-0.012935,0.629913,lower
L3,0.90,0.9000,0.006058,-0.013638,0.591984,lower
L3,0.90,0.9000,0.006777,-0.014342,0.552301,lower
L3,0.90,0.9000,0.007551,-0.015047,0.511256,lower
L3,0.90,0.9000,0.008382,-0.015751,0.469273,lower
L3,0.90,0.9000,0.009271,-0.016451,0.426796,lower
L3,0.90,0.9000,0.010219,-0.017147,0.384275,lower
L3,0.90,0.9000,0.011228,-0.017838,0.342155,lower
L3,0.90,0.9000,0.012300,-0.018521,0.300864,lower
L3,0.90,0.9000,0.013436,-0.019195,0.260802,lower
L3,0.90,0.9000,0.014637,-0.019860,0.222330,lower
L3,0.90,0.9000,0.015904,-0.020515,0.185765,lower
L3,0.90,0.9000,0.017239,-0.021159,0.151372,lower
L3,0.90,0.9000,0.018643,-0.021791,0.119360,lower
L3,0.90,0.9000,0.020117,-0.022410,0.089884,lower
L3,0.90,0.9000,0.021664,-0.023016,0.063040,lower
L3,0.90,0.9000,0.023284,-0.023610,0.038874,lower
L3,0.90,0.9000,0.024979,-0.024190,0.017379,lower
L3,0.90,0.9000,0.026750,-0.024757,-0.001508,lower
L3,0.90,0.9000,0.028600,-0.025311,-0.017894,lower
L3,0.90,0.9000,0.030531,-0.025853,-0.031905,lower
L3,0.90,0.9000,0.032543,-0.026382,-0.043701,lower
L3,0.90,0.9000,0.034640,-0.026899,-0.053466,lower
L3,0.90,0.9000,0.036823,-0.027404,-0.061400,lower
L3,0.90,0.9000,0.039094,-0.027899,-0.067711,lower
L3,0.90,0.9000,0.041456,-0.028383,-0.072614,lower
L3,0.90,0.9000,0.043911,-0.028859,-0.076319,lower
L3,0.90,0.9000,0.046463,-0.029326,-0.079032,lower
L3,0.90,0.9000,0.049112,-0.029785,-0.080949,lower
L3,0.90,0.9000,0.051862,-0.030238,-0.082254,lower
L3,0.90,0.9000,0.054716,-0.030686,-0.083121,lower
L3,0.90,0.9000,0.057676,-0.031129,-0.083705,lower
L3,0.90,0.9000,0.060746,-0.031569,-0.084149,lower
L3,0.90,0.9000,0.063928,-0.032006,-0.084582,lower
L3,0.90,0.9000,0.067226,-0.032442,-0.085118,lower
L3,0.90,0.9000,0.070642,-0.032877,-0.085854,lower
L3,0.90,0.9000,0.074181,-0.033313,-0.086878,lower
L3,0.90,0.9000,0.077844,-0.033751,-0.088263,lower
L3,0.90,0.9000,0.081635,-0.034191,-0.090068,lower
L3,0.90,0.9000,0.085558,-0.034634,-0.092343,lower
L3,0.90,0.9000,0.089616,-0.035080,-0.095125,lower
L3,0.90,0.9000,0.093813,-0.035530,-0.098440,lower
L3,0.90,0.9000,0.098151,-0.035985,-0.102304,lower
L3,0.90,0.9000,0.102634,-0.036444,-0.106722,lower
L3,0.90,0.9000,0.107265,-0.036907,-0.111690,lower
L3,0.90,0.9000,0.112049,-0.037375,-0.117193,lower
L3,0.90,0.9000,0.116988,-0.037847,-0.123206,lower
L3,0.90,0.9000,0.122085,-0.038323,-0.129696,lower
L3,0.90,0.9000,0.127344,-0.038801,-0.136620,lower
L3,0.90,0.9000,0.132769,-0.039282,-0.143926,lower
L3,0.90,0.9000,0.138361,-0.039764,-0.151556,lower
L3,0.90,0.9000,0.144125,-0.040246,-0.159444,lower
L3,0.90,0.9000,0.150063,-0.040726,-0.167518,lower
L3,0.90,0.9000,0.156179,-0.041204,-0.175701,lower
L3,0.90,0.9000,0.162474,-0.041678,-0.183916,lower
L3,0.90,0.9000,0.168952,-0.042147,-0.192081,lower
L3,0.90,0.9000,0.175614,-0.042610,-0.200118,lower
L3,0.90,0.9000,0.182464,-0.043064,-0.207951,lower
L3,0.90,0.9000,0.189502,-0.043509,-0.215510,lower
L3,0.90,0.9000,0.196731,-0.043942,-0.222732,lower
L3,0.90,0.9000,0.204152,-0.044364,-0.229563,lower
L3,0.90,0.9000,0.211767,-0.044773,-0.235963,lower
L3,0.90,0.9000,0.219576,-0.045168,-0.241903,lower
L3,0.90,0.9000,0.227580,-0.045547,-0.247367,lower
L3,0.90,0.9000,0.235779,-0.045911,-0.252353,lower
L3,0.90,0.9000,0.244175,-0.046258,-0.256872,lower
L3,0.90,0.9000,0.252765,-0.046588,-0.260947,lower
L3,0.90,0.9000,0.261551,-0.046900,-0.264608,lower
L3,0.90,0.9000,0.270530,-0.047194,-0.267895,lower
L3,0.90,0.9000,0.279701,-0.047469,-0.270847,lower
L3,0.90,0.9000,0.289064,-0.047723,-0.273505,lower
L3,0.90,0.9000,0.298615,-0.047957,-0.275905,lower
L3,0.90,0.9000,0.308352,-0.048168,-0.278073,lower
L3,0.90,0.9000,0.318273,-0.048357,-0.280025,lower
L3,0.90,0.9000,0.328374,-0.048520,-0.281763,lower
L3,0.90,0.9000,0.338651,-0.048657,-0.283267,lower
L3,0.90,0.9000,0.349100,-0.048765,-0.284503,lower
L3,0.90,0.9000,0.359716,-0.048843,-0.285416,lower
L3,0.90,0.9000,0.370495,-0.048887,-0.285934,lower
L3,0.90,0.9000,0.381432,-0.048894,-0.285969,lower
L3,0.90,0.9000,0.392519,-0.048863,-0.285423,lower
L3,0.90,0.9000,0.403750,-0.048790,-0.284194,lower
L3,0.90,0.9000,0.415120,-0.048673,-0.282184,lower
L3,0.90,0.9000,0.426620,-0.048509,-0.279304,lower
L3,0.90,0.9000,0.438243,-0.048297,-0.275487,lower
L3,0.90,0.9000,0.449981,-0.048033,-0.270690,lower
L3,0.90,0.9000,0.461826,-0.047717,-0.264901,lower
L3,0.90,0.9000,0.473769,-0.047347,-0.258138,lower
L3,0.90,0.9000,0.485800,-0.046924,-0.250454,lower
L3,0.90,0.9000,0.497911,-0.046447,-0.241924,lower
L3,0.90,0.9000,0.510092,-0.045918,-0.232648,lower
L3,0.90,0.9000,0.522334,-0.045337,-0.222741,lower
L3,0.90,0.9000,0.534626,-0.044707,-0.212330,lower
L3,0.90,0.9000,0.546959,-0.044030,-0.201547,lower
L3,0.90,0.9000,0.559322,-0.043308,-0.190525,lower
L3,0.90,0.9000,0.571705,-0.042545,-0.179393,lower
L3,0.90,0.9000,0.584099,-0.041745,-0.168273,lower
L3,0.90,0.9000,0.596493,-0.040910,-0.157275,lower
L3,0.90,0.9000,0.608876,-0.040043,-0.146497,lower
L3,0.90,0.9000,0.621239,-0.039149,-0.136018,lower
L3,0.90,0.9000,0.633572,-0.038230,-0.125902,lower
L3,0.90,0.9000,0.645864,-0.037290,-0.116191,lower
L3,0.90,0.9000,0.658106,-0.036330,-0.106911,lower
L3,0.90,0.9000,0.670288,-0.035354,-0.098068,lower
L3,0.90,0.9000,0.682401,-0.034364,-0.089652,lower
L3,0.90,0.9000,0.694435,-0.033360,-0.081636,lower
L3,0.90,0.9000,0.706381,-0.032346,-0.073983,lower
L3,0.90,0.9000,0.718230,-0.031322,-0.066643,lower
L3,0.90,0.9000,0.729973,-0.030288,-0.059558,lower
L3,0.90,0.9000,0.741604,-0.029247,-0.052666,lower
L3,0.90,0.9000,0.753112,-0.028199,-0.045902,lower
L3,0.90,0.9000,0.764492,-0.027144,-0.039199,lower
L3,0.90,0.9000,0.775735,-0.026084,-0.032494,lower
L3,0.90,0.9000,0.786835,-0.025019,-0.025724,lower
L3,0.90,0.9000,0.797785,-0.023949,-0.018831,lower
L3,0.90,0.9000,0.808580,-0.022876,-0.011760,lower
L3,0.90,0.9000,0.819215,-0.021800,-0.004463,lower
L3,0.90,0.9000,0.829682,-0.020722,0.003108,lower
L3,0.90,0.9000,0.839979,-0.019643,0.010997,lower
L3,0.90,0.9000,0.850101,-0.018564,0.019244,lower
L3,0.90,0.9000,0.860044,-0.017485,0.027893,lower
L3,0.90,0.9000,0.869805,-0.016409,0.036982,lower
L3,0.90,0.9000,0.879380,-0.015336,0.046554,lower
L3,0.90,0.9000,0.888767,-0.014267,0.056653,lower
L3,0.90,0.9000,0.897965,-0.013204,0.067324,lower
L3,0.90,0.9000,0.906971,-0.012147,0.078614,lower
L3,0.90,0.9000,0.915784,-0.011100,0.090577,lower
L3,0.90,0.9000,0.924403,-0.010062,0.103268,lower
L3,0.90,0.9000,0.932828,-0.009037,0.116750,lower
L3,0.90,0.9000,0.941059,-0.008025,0.131097,lower
L3,0.90,0.9000,0.949096,-0.007029,0.146396,lower
L3,0.90,0.9000,0.956938,-0.006050,0.162764,lower
L3,0.90,0.9000,0.964588,-0.005093,0.180359,lower
L3,0.90,0.9000,0.972047,-0.004158,0.199426,lower
L3,0.90,0.9000,0.979316,-0.003249,0.220363,lower
L3,0.90,0.9000,0.986396,-0.002368,0.243906,lower
L3,0.90,0.9000,0.993290,-0.001519,0.271562,lower
L3,0.90,0.9000,1.000000,-0.000705,0.310413,lower
L3,0.96,0.9600,0.000000,0.000000,0.778093,upper
L3,0.96,0.9600,0.000004,0.000389,0.767222,upper
L3,0.96,0.9600,0.000019,0.000793,0.755441,upper
L3,0.96,0.9600,0.000043,0.001214,0.741915,upper
L3,0.96,0.9600,0.000080,0.001650,0.726489,upper
L3,0.96,0.9600,0.000131,0.002104,0.709005,upper
L3,0.96,0.9600,0.000196,0.002574,0.689310,upper
L3,0.96,0.9600,0.000278,0.003062,0.667249,upper
L3,0.96,0.9600,0.000377,0.003566,0.642670,upper
L3,0.96,0.9600,0.000497,0.004088,0.615430,upper
L3,0.96,0.9600,0.000638,0.004627,0.585398,upper
L3,0.96,0.9600,0.000803,0.005183,0.552458,upper
L3,0.96,0.9600,0.000993,0.005755,0.516516,upper
L3,0.96,0.9600,0.001211,0.006343,0.477506,upper
L3,0.96,0.9600,0.001458,0.006948,0.435396,upper
L3,0.96,0.9600,0.001738,0.007567,0.390191,upper
L3,0.96,0.9600,0.002052,0.008200,0.341941,upper
L3,0.96,0.9600,0.002402,0.008847,0.290738,upper
L3,0.96,0.9600,0.002791,0.009505,0.236731,upper
L3,0.96,0.9600,0.003221,0.010175,0.180122,upper
L3,0.96,0.9600,0.003694,0.010854,0.121162,upper
L3,0.96,0.9600,0.004212,0.011542,0.060160,upper
L3,0.96,0.9600,0.004777,0.012236,-0.002533,upper
L3,0.96,0.9600,0.005392,0.012935,-0.066521,upper
L3,0.96,0.9600,0.006058,0.013638,-0.131376,upper
L3,0.96,0.9600,0.006777,0.014342,-0.196641,upper
L3,0.96,0.9600,0.007551,0.015047,-0.261823,upper
L3,0.96,0.9600,0.008382,0.015751,-0.326475,upper
L3,0.96,0.9600,0.009271,0.016451,-0.390241,upper
L3,0.96,0.9600,0.010219,0.017147,-0.452755,upper
L3,0.96,0.9600,0.011228,0.017838,-0.513655,upper
L3,0.96,0.9600,0.012300,0.018521,-0.574967,upper
L3,0.96,0.9600,0.013436,0.019195,-0.633873,upper
L3,0.96,0.9600,0.014637,0.019860,-0.688410,upper
L3,0.96,0.9600,0.015904,0.020515,-0.740017,upper
L3,0.96,0.9600,0.017239,0.021159,-0.787348,upper
L3,0.96,0.9600,0.018643,0.021791,-0.830937,upper
L3,0.96,0.9600,0.020117,0.022410,-0.871053,upper
L3,0.96,0.9600,0.021664,0.023016,-0.907726,upper
L3,0.96,0.9600,0.023284,0.023610,-0.941052,upper
L3,0.96,0.9600,0.024979,0.024190,-0.971161,upper
L3,0.96,0.9600,0.026750,0.024757,-0.998175,upper
L3,0.96,0.9600,0.028600,0.025311,-1.022214,upper
L3,0.96,0.9600,0.030531,0.025853,-1.043396,upper
L3,0.96,0.9600,0.032543,0.026382,-1.061839,upper
L3,0.96,0.9600,0.034640,0.026899,-1.077663,upper
L3,0.96,0.9600,0.036823,0.027404,-1.090987,upper
L3,0.96,0.9600,0.039094,0.027899,-1.101926,upper
L3,0.96,0.9600,0.041456,0.028383,-1.110600,upper
L3,0.96,0.9600,0.043912,0.028859,-1.117132,upper
L3,0.96,0.9600,0.046463,0.029326,-1.121650,upper
L3,0.96,0.9600,0.049112,0.029785,-1.124291,upper
L3,0.96,0.9600,0.051862,0.030238,-1.125195,upper
L3,0.96,0.9600,0.054716,0.030686,-1.124505,upper
L3,0.96,0.9600,0.057676,0.031129,-1.122365,upper
L3,0.96,0.9600,0.060746,0.031569,-1.118910,upper
L3,0.96,0.9600,0.063928,0.032006,-1.114274,upper
L3,0.96,0.9600,0.067226,0.032442,-1.108579,upper
L3,0.96,0.9600,0.070643,0.032877,-1.101945,upper
L3,0.96,0.9600,0.074181,0.033313,-1.094476,upper
L3,0.96,0.9600,0.077844,0.033751,-1.086266,upper
L3,0.96,0.9600,0.081635,0.034191,-1.077393,upper
L3,0.96,0.9600,0.085558,0.034634,-1.067920,upper
L3,0.96,0.9600,0.089616,0.035080,-1.057890,upper
L3,0.96,0.9600,0.093813,0.035530,-1.047323,upper
L3,0.96,0.9600,0.098151,0.035985,-1.036213,upper
L3,0.96,0.9600,0.102634,0.036444,-1.024531,upper
L3,0.96,0.9600,0.107265,0.036907,-1.012232,upper
L3,0.96,0.9600,0.112049,0.037375,-0.999262,upper
L3,0.96,0.9600,0.116988,0.037847,-0.985570,upper
L3,0.96,0.9600,0.122085,0.038323,-0.971115,upper
L3,0.96,0.9600,0.127344,0.038801,-0.955879,upper
L3,0.96,0.9600,0.132769,0.039282,-0.939872,upper
L3,0.96,0.9600,0.138361,0.039764,-0.923141,upper
L3,0.96,0.9600,0.144125,0.040246,-0.905771,upper
L3,0.96,0.9600,0.150064,0.040726,-0.887882,upper
L3,0.96,0.9600,0.156179,0.041204,-0.869622,upper
L3,0.96,0.9600,0.162474,0.041678,-0.851152,upper
L3,0.96,0.9600,0.168952,0.042147,-0.832627,upper
L3,0.96,0.9600,0.175614,0.042610,-0.814171,upper
L3,0.96,0.9600,0.182464,0.043064,-0.795847,upper
L3,0.96,0.9600,0.189502,0.043509,-0.777636,upper
L3,0.96,0.9600,0.196731,0.043942,-0.759413,upper
L3,0.96,0.9600,0.204152,0.044364,-0.740901,upper
L3,0.96,0.9600,0.211767,0.044773,-0.721601,upper
L3,0.96,0.9600,0.219576,0.045168,-0.700620,upper
L3,0.96,0.9600,0.227580,0.045547,-0.676264,upper
L3,0.96,0.9600,0.235780,0.045911,-0.645035,upper
L3,0.96,0.9600,0.244175,0.046258,-0.599407,upper
L3,0.96,0.9600,0.252765,0.046588,-0.522936,upper
L3,0.96,0.9600,0.261551,0.046900,-0.424290,upper
L3,0.96,0.9600,0.270530,0.047194,-0.352829,upper
L3,0.96,0.9600,0.279701,0.047468,-0.324197,upper
L3,0.96,0.9600,0.289064,0.047723,-0.314559,upper
L3,0.96,0.9600,0.298615,0.047957,-0.310512,upper
L3,0.96,0.9600,0.308352,0.048168,-0.307818,upper
L3,0.96,0.9600,0.318273,0.048357,-0.305292,upper
L3,0.96,0.9600,0.328374,0.048520,-0.302632,upper
L3,0.96,0.9600,0.338651,0.048657,-0.299898,upper
L3,0.96,0.9600,0.349100,0.048765,-0.297312,upper
L3,0.96,0.9600,0.359716,0.048843,-0.295133,upper
L3,0.96,0.9600,0.370496,0.048887,-0.293563,upper
L3,0.96,0.9600,0.381432,0.048894,-0.292667,upper
L3,0.96,0.9600,0.392519,0.048863,-0.292367,upper
L3,0.96,0.9600,0.403751,0.048790,-0.292457,upper
L3,0.96,0.9600,0.415120,0.048673,-0.292650,upper
L3,0.96,0.9600,0.426620,0.048509,-0.292618,upper
L3,0.96,0.9600,0.438243,0.048296,-0.292028,upper
L3,0.96,0.9600,0.449982,0.048033,-0.290589,upper
L3,0.96,0.9600,0.461826,0.047717,-0.288076,upper
L3,0.96,0.9600,0.473769,0.047347,-0.284351,upper
L3,0.96,0.9600,0.485800,0.046924,-0.279374,upper
L3,0.96,0.9600,0.497911,0.046447,-0.273193,upper
L3,0.96,0.9600,0.510092,0.045918,-0.265929,upper
L3,0.96,0.9600,0.522334,0.045337,-0.257751,upper
L3,0.96,0.9600,0.534626,0.044707,-0.248849,upper
L3,0.96,0.9600,0.546959,0.044030,-0.239415,upper
L3,0.96,0.9600,0.559322,0.043308,-0.229632,upper
L3,0.96,0.9600,0.571705,0.042545,-0.219664,upper
L3,0.96,0.9600,0.584099,0.041745,-0.209655,upper
L3,0.96,0.9600,0.596493,0.040910,-0.199724,upper
L3,0.96,0.9600,0.608876,0.040043,-0.189972,upper
L3,0.96,0.9600,0.621239,0.039149,-0.180476,upper
L3,0.96,0.9600,0.633572,0.038230,-0.171292,upper
L3,0.96,0.9600,0.645864,0.037290,-0.162456,upper
L3,0.96,0.9600,0.658106,0.036330,-0.153985,upper
L3,0.96,0.9600,0.670288,0.035354,-0.145878,upper
L3,0.96,0.9600,0.682401,0.034364,-0.138117,upper
L3,0.96,0.9600,0.694435,0.033360,-0.130672,upper
L3,0.96,0.9600,0.706381,0.032346,-0.123504,upper
L3,0.96,0.9600,0.718230,0.031322,-0.116566,upper
L3,0.96,0.9600,0.729973,0.030288,-0.109802,upper
L3,0.96,0.9600,0.741604,0.029247,-0.103157,upper
L3,0.96,0.9600,0.753112,0.028199,-0.096571,upper
L3,0.96,0.9600,0.764492,0.027144,-0.089989,upper
L3,0.96,0.9600,0.775735,0.026084,-0.083357,upper
L3,0.96,0.9600,0.786835,0.025019,-0.076623,upper
L3,0.96,0.9600,0.797785,0.023949,-0.069744,upper
L3,0.96,0.9600,0.808581,0.022876,-0.062674,upper
L3,0.96,0.9600,0.819215,0.021800,-0.055377,upper
L3,0.96,0.9600,0.829683,0.020722,-0.047817,upper
L3,0.96,0.9600,0.839979,0.019643,-0.039963,upper
L3,0.96,0.9600,0.850101,0.018564,-0.031785,upper
L3,0.96,0.9600,0.860044,0.017485,-0.023252,upper
L3,0.96,0.9600,0.869805,0.016409,-0.014336,upper
L3,0.96,0.9600,0.879380,0.015336,-0.005006,upper
L3,0.96,0.9600,0.888767,0.014267,0.004770,upper
L3,0.96,0.9600,0.897965,0.013204,0.015026,upper
L3,0.96,0.9600,0.906971,0.012147,0.025800,upper
L3,0.96,0.9600,0.915784,0.011100,0.037133,upper
L3,0.96,0.9600,0.924403,0.010062,0.049073,upper
L3,0.96,0.9600,0.932828,0.009037,0.061676,upper
L3,0.96,0.9600,0.941059,0.008025,0.075010,upper
L3,0.96,0.9600,0.949096,0.007029,0.089164,upper
L3,0.96,0.9600,0.956938,0.006050,0.104252,upper
L3,0.96,0.9600,0.964589,0.005093,0.120439,upper
L3,0.96,0.9600,0.972047,0.004158,0.137966,upper
L3,0.96,0.9600,0.979316,0.003249,0.157211,upper
L3,0.96,0.9600,0.986396,0.002368,0.178832,upper
L3,0.96,0.9600,0.993290,0.001519,0.204157,upper
L3,0.96,0.9600,1.000000,0.000705,0.242600,upper
L3,0.96,0.9600,0.000000,0.000000,0.778093,lower
L3,0.96,0.9600,0.000004,-0.000389,0.789057,lower
L3,0.96,0.9600,0.000019,-0.000793,0.799813,lower
L3,0.96,0.9600,0.000043,-0.001214,0.809711,lower
L3,0.96,0.9600,0.000080,-0.001650,0.818557,lower
L3,0.96,0.9600,0.000131,-0.002104,0.826158,lower
L3,0.96,0.9600,0.000196,-0.002574,0.832295,lower
L3,0.96,0.9600,0.000278,-0.003062,0.836693,lower
L3,0.96,0.9600,0.000377,-0.003566,0.839019,lower
L3,0.96,0.9600,0.000497,-0.004088,0.839679,lower
L3,0.96,0.9600,0.000638,-0.004627,0.838792,lower
L3,0.96,0.9600,0.000803,-0.005183,0.835749,lower
L3,0.96,0.9600,0.000993,-0.005755,0.830309,lower
L3,0.96,0.9600,0.001211,-0.006343,0.822285,lower
L3,0.96,0.9600,0.001458,-0.006948,0.811513,lower
L3,0.96,0.9600,0.001738,-0.007567,0.797849,lower
L3,0.96,0.9600,0.002052,-0.008200,0.781184,lower
L3,0.96,0.9600,0.002402,-0.008847,0.761439,lower
L3,0.96,0.9600,0.002791,-0.009505,0.738588,lower
L3,0.96,0.9600,0.003221,-0.010175,0.712649,lower
L3,0.96,0.9600,0.003694,-0.010854,0.683697,lower
L3,0.96,0.9600,0.004212,-0.011542,0.651865,lower
L3,0.96,0.9600,0.004777,-0.012236,0.617343,lower
L3,0.96,0.9600,0.005392,-0.012935,0.580381,lower
L3,0.96,0.9600,0.006058,-0.013638,0.541283,lower
L3,0.96,0.9600,0.006777,-0.014342,0.500403,lower
L3,0.96,0.9600,0.007551,-0.015047,0.458133,lower
L3,0.96,0.9600,0.008382,-0.015751,0.414899,lower
L3,0.96,0.9600,0.009271,-0.016451,0.371145,lower
L3,0.96,0.9600,0.010219,-0.017147,0.327322,lower
L3,0.96,0.9600,0.011228,-0.017838,0.283878,lower
L3,0.96,0.9600,0.012300,-0.018521,0.241242,lower
L3,0.96,0.9600,0.013436,-0.019195,0.199815,lower
L3,0.96,0.9600,0.014637,-0.019860,0.159962,lower
L3,0.96,0.9600,0.015904,-0.020515,0.122003,lower
L3,0.96,0.9600,0.017239,-0.021159,0.086206,lower
L3,0.96,0.9600,0.018643,-0.021791,0.052786,lower
L3,0.96,0.9600,0.020117,-0.022410,0.021902,lower
L3,0.96,0.9600,0.021664,-0.023016,-0.006341,lower
L3,0.96,0.9600,0.023284,-0.023610,-0.031892,lower
L3,0.96,0.9600,0.024979,-0.024190,-0.054753,lower
L3,0.96,0.9600,0.026750,-0.024757,-0.074986,lower
L3,0.96,0.9600,0.028600,-0.025311,-0.092683,lower
L3,0.96,0.9600,0.030531,-0.025853,-0.107968,lower
L3,0.96,0.9600,0.032543,-0.026382,-0.120998,lower
L3,0.96,0.9600,0.034640,-0.026899,-0.131955,lower
L3,0.96,0.9600,0.036823,-0.027404,-0.141039,lower
L3,0.96,0.9600,0.039094,-0.027899,-0.148458,lower
L3,0.96,0.9600,0.041456,-0.028383,-0.154427,lower
L3,0.96,0.9600,0.043912,-0.028859,-0.159161,lower
L3,0.96,0.9600,0.046463,-0.029326,-0.162866,lower
L3,0.96,0.9600,0.049112,-0.029785,-0.165741,lower
L3,0.96,0.9600,0.051862,-0.030238,-0.167971,lower
L3,0.96,0.9600,0.054716,-0.030686,-0.169728,lower
L3,0.96,0.9600,0.057676,-0.031129,-0.171169,lower
L3,0.96,0.9600,0.060746,-0.031569,-0.172432,lower
L3,0.96,0.9600,0.063928,-0.032006,-0.173642,lower
L3,0.96,0.9600,0.067226,-0.032442,-0.174906,lower
L3,0.96,0.9600,0.070643,-0.032877,-0.176316,lower
L3,0.96,0.9600,0.074181,-0.033313,-0.177947,lower
L3,0.96,0.9600,0.077844,-0.033751,-0.179861,lower
L3,0.96,0.9600,0.081635,-0.034191,-0.182106,lower
L3,0.96,0.9600,0.085558,-0.034634,-0.184717,lower
L3,0.96,0.9600,0.089616,-0.035080,-0.187716,lower
L3,0.96,0.9600,0.093813,-0.035530,-0.191113,lower
L3,0.96,0.9600,0.098151,-0.035985,-0.194908,lower
L3,0.96,0.9600,0.102634,-0.036444,-0.199089,lower
L3,0.96,0.9600,0.107265,-0.036907,-0.203633,lower
L3,0.96,0.9600,0.112049,-0.037375,-0.208510,lower
L3,0.96,0.9600,0.116988,-0.037847,-0.213678,lower
L3,0.96,0.9600,0.122085,-0.038323,-0.219089,lower
L3,0.96,0.9600,0.127344,-0.038801,-0.224687,lower
L3,0.96,0.9600,0.132769,-0.039282,-0.230405,lower
L3,0.96,0.9600,0.138361,-0.039764,-0.236175,lower
L3,0.96,0.9600,0.144125,-0.040246,-0.241921,lower
L3,0.96,0.9600,0.150064,-0.040726,-0.247563,lower
L3,0.96,0.9600,0.156179,-0.041204,-0.253019,lower
L3,0.96,0.9600,0.162474,-0.041678,-0.258207,lower
L3,0.96,0.9600,0.168952,-0.042147,-0.263046,lower
L3,0.96,0.9600,0.175614,-0.042610,-0.267459,lower
L3,0.96,0.9600,0.182464,-0.043064,-0.271374,lower
L3,0.96,0.9600,0.189502,-0.043509,-0.274728,lower
L3,0.96,0.9600,0.196731,-0.043942,-0.277470,lower
L3,0.96,0.9600,0.204152,-0.044364,-0.279561,lower
L3,0.96,0.9600,0.211767,-0.044773,-0.280978,lower
L3,0.96,0.9600,0.219576,-0.045168,-0.281715,lower
L3,0.96,0.9600,0.227580,-0.045547,-0.281781,lower
L3,0.96,0.9600,0.235780,-0.045911,-0.281204,lower
L3,0.96,0.9600,0.244175,-0.046258,-0.280028,lower
L3,0.96,0.9600,0.252765,-0.046588,-0.278311,lower
L3,0.96,0.9600,0.261551,-0.046900,-0.276123,lower
L3,0.96,0.9600,0.270530,-0.047194,-0.273542,lower
L3,0.96,0.9600,0.279701,-0.047468,-0.270649,lower
L3,0.96,0.9600,0.289064,-0.047723,-0.267529,lower
L3,0.96,0.9600,0.298615,-0.047957,-0.264260,lower
L3,0.96,0.9600,0.308352,-0.048168,-0.260913,lower
L3,0.96,0.9600,0.318273,-0.048357,-0.257548,lower
L3,0.96,0.9600,0.328374,-0.048520,-0.254211,lower
L3,0.96,0.9600,0.338651,-0.048657,-0.250929,lower
L3,0.96,0.9600,0.349100,-0.048765,-0.247711,lower
L3,0.96,0.9600,0.359716,-0.048843,-0.244549,lower
L3,0.96,0.9600,0.370496,-0.048887,-0.241412,lower
L3,0.96,0.9600,0.381432,-0.048894,-0.238255,lower
L3,0.96,0.9600,0.392519,-0.048863,-0.235016,lower
L3,0.96,0.9600,0.403751,-0.048790,-0.231623,lower
L3,0.96,0.9600,0.415120,-0.048673,-0.227997,lower
L3,0.96,0.9600,0.426620,-0.048509,-0.224056,lower
L3,0.96,0.9600,0.438243,-0.048296,-0.219726,lower
L3,0.96,0.9600,0.449982,-0.048033,-0.214937,lower
L3,0.96,0.9600,0.461826,-0.047717,-0.209637,lower
L3,0.96,0.9600,0.473769,-0.047347,-0.203792,lower
L3,0.96,0.9600,0.485800,-0.046924,-0.197388,lower
L3,0.96,0.9600,0.497911,-0.046447,-0.190436,lower
L3,0.96,0.9600,0.510092,-0.045918,-0.182969,lower
L3,0.96,0.9600,0.522334,-0.045337,-0.175041,lower
L3,0.96,0.9600,0.534626,-0.044707,-0.166725,lower
L3,0.96,0.9600,0.546959,-0.044030,-0.158108,lower
L3,0.96,0.9600,0.559322,-0.043308,-0.149289,lower
L3,0.96,0.9600,0.571705,-0.042545,-0.140367,lower
L3,0.96,0.9600,0.584099,-0.041745,-0.131444,lower
L3,0.96,0.9600,0.596493,-0.040910,-0.122614,lower
L3,0.96,0.9600,0.608876,-0.040043,-0.113963,lower
L3,0.96,0.9600,0.621239,-0.039149,-0.105561,lower
L3,0.96,0.9600,0.633572,-0.038230,-0.097466,lower
L3,0.96,0.9600,0.645864,-0.037290,-0.089718,lower
L3,0.96,0.9600,0.658106,-0.036330,-0.082339,lower
L3,0.96,0.9600,0.670288,-0.035354,-0.075337,lower
L3,0.96,0.9600,0.682401,-0.034364,-0.068701,lower
L3,0.96,0.9600,0.694435,-0.033360,-0.062409,lower
L3,0.96,0.9600,0.706381,-0.032346,-0.056426,lower
L3,0.96,0.9600,0.718230,-0.031322,-0.050708,lower
L3,0.96,0.9600,0.729973,-0.030288,-0.045203,lower
L3,0.96,0.9600,0.741604,-0.029247,-0.039856,lower
L3,0.96,0.9600,0.753112,-0.028199,-0.034610,lower
L3,0.96,0.9600,0.764492,-0.027144,-0.029408,lower
L3,0.96,0.9600,0.775735,-0.026084,-0.024193,lower
L3,0.96,0.9600,0.786835,-0.025019,-0.018915,lower
L3,0.96,0.9600,0.797785,-0.023949,-0.013524,lower
L3,0.96,0.9600,0.808581,-0.022876,-0.007975,lower
L3,0.96,0.9600,0.819215,-0.021800,-0.002228,lower
L3,0.96,0.9600,0.829683,-0.020722,0.003755,lower
L3,0.96,0.9600,0.839979,-0.019643,0.010009,lower
L3,0.96,0.9600,0.850101,-0.018564,0.016566,lower
L3,0.96,0.9600,0.860044,-0.017485,0.023460,lower
L3,0.96,0.9600,0.869805,-0.016409,0.030724,lower
L3,0.96,0.9600,0.879380,-0.015336,0.038391,lower
L3,0.96,0.9600,0.888767,-0.014267,0.046499,lower
L3,0.96,0.9600,0.897965,-0.013204,0.055084,lower
L3,0.96,0.9600,0.906971,-0.012147,0.064188,lower
L3,0.96,0.9600,0.915784,-0.011100,0.073852,lower
L3,0.96,0.9600,0.924403,-0.010062,0.084122,lower
L3,0.96,0.9600,0.932828,-0.009037,0.095049,lower
L3,0.96,0.9600,0.941059,-0.008025,0.106688,lower
L3,0.96,0.9600,0.949096,-0.007029,0.119107,lower
L3,0.96,0.9600,0.956938,-0.006050,0.132390,lower
L3,0.96,0.9600,0.964589,-0.005093,0.146655,lower
L3,0.96,0.9600,0.972047,-0.004158,0.162084,lower
L3,0.96,0.9600,0.979316,-0.003249,0.178983,lower
L3,0.96,0.9600,0.986396,-0.002368,0.197939,lower
L3,0.96,0.9600,0.993290,-0.001519,0.220179,lower
L3,0.96,0.9600,1.000000,-0.000705,0.248618,lower
L3,0.99,0.9900,0.000000,0.000000,0.671855,upper
L3,0.99,0.9900,0.000004,0.000389,0.661715,upper
L3,0.99,0.9900,0.000019,0.000793,0.650671,upper
L3,0.99,0.9900,0.000043,0.001214,0.637923,upper
L3,0.99,0.9900,0.000080,0.001650,0.623321,upper
L3,0.99,0.9900,0.000131,0.002104,0.606713,upper
L3,0.99,0.9900,0.000196,0.002574,0.587948,upper
L3,0.99,0.9900,0.000278,0.003062,0.566873,upper
L3,0.99,0.9900,0.000377,0.003566,0.543341,upper
L3,0.99,0.9900,0.000497,0.004088,0.517211,upper
L3,0.99,0.9900,0.000638,0.004627,0.488352,upper
L3,0.99,0.9900,0.000803,0.005183,0.456648,upper
L3,0.99,0.9900,0.000993,0.005755,0.422006,upper
L3,0.99,0.9900,0.001211,0.006343,0.384356,upper
L3,0.99,0.9900,0.001458,0.006948,0.343662,upper
L3,0.99,0.9900,0.001738,0.007567,0.299926,upper
L3,0.99,0.9900,0.002052,0.008200,0.253190,upper
L3,0.99,0.9900,0.002402,0.008847,0.203538,upper
L3,0.99,0.9900,0.002791,0.009505,0.151111,upper
L3,0.99,0.9900,0.003221,0.010175,0.096099,upper
L3,0.99,0.9900,0.003694,0.010854,0.038744,upper
L3,0.99,0.9900,0.004212,0.011542,-0.020658,upper
L3,0.99,0.9900,0.004777,0.012236,-0.081764,upper
L3,0.99,0.9900,0.005392,0.012935,-0.144186,upper
L3,0.99,0.9900,0.006058,0.013638,-0.207502,upper
L3,0.99,0.9900,0.006777,0.014342,-0.271256,upper
L3,0.99,0.9900,0.007551,0.015047,-0.334952,upper
L3,0.99,0.9900,0.008382,0.015751,-0.398151,upper
L3,0.99,0.9900,0.009271,0.016451,-0.460499,upper
L3,0.99,0.9900,0.010219,0.017147,-0.521622,upper
L3,0.99,0.9900,0.011228,0.017838,-0.581130,upper
L3,0.99,0.9900,0.012300,0.018521,-0.641325,upper
L3,0.99,0.9900,0.013436,0.019195,-0.698652,upper
L3,0.99,0.9900,0.014637,0.019860,-0.751199,upper
L3,0.99,0.9900,0.015904,0.020515,-0.801328,upper
L3,0.99,0.9900,0.017239,0.021159,-0.847224,upper
L3,0.99,0.9900,0.018643,0.021791,-0.889133,upper
L3,0.99,0.9900,0.020117,0.022410,-0.927393,upper
L3,0.99,0.9900,0.021664,0.023016,-0.962068,upper
L3,0.99,0.9900,0.023284,0.023610,-0.993187,upper
L3,0.99,0.9900,0.024979,0.024190,-1.020815,upper
L3,0.99,0.9900,0.026750,0.024757,-1.045021,upper
L3,0.99,0.9900,0.028600,0.025311,-1.065866,upper
L3,0.99,0.9900,0.030531,0.025853,-1.083400,upper
L3,0.99,0.9900,0.032543,0.026382,-1.097670,upper
L3,0.99,0.9900,0.034640,0.026899,-1.108724,upper
L3,0.99,0.9900,0.036823,0.027404,-1.116611,upper
L3,0.99,0.9900,0.039094,0.027899,-1.121388,upper
L3,0.99,0.9900,0.041456,0.028383,-1.123122,upper
L3,0.99,0.9900,0.043911,0.028859,-1.121905,upper
L3,0.99,0.9900,0.046463,0.029326,-1.117849,upper
L3,0.99,0.9900,0.049112,0.029785,-1.111092,upper
L3,0.99,0.9900,0.051862,0.030238,-1.101799,upper
L3,0.99,0.9900,0.054716,0.030686,-1.090158,upper
L3,0.99,0.9900,0.057676,0.031129,-1.076380,upper
L3,0.99,0.9900,0.060746,0.031569,-1.060697,upper
L3,0.99,0.9900,0.063928,0.032006,-1.043365,upper
L3,0.99,0.9900,0.067226,0.032442,-1.024657,upper
L3,0.99,0.9900,0.070642,0.032877,-1.004858,upper
L3,0.99,0.9900,0.074181,0.033313,-0.984259,upper
L3,0.99,0.9900,0.077844,0.033751,-0.963154,upper
L3,0.99,0.9900,0.081635,0.034191,-0.941824,upper
L3,0.99,0.9900,0.085558,0.034634,-0.920527,upper
L3,0.99,0.9900,0.089616,0.035080,-0.899500,upper
L3,0.99,0.9900,0.093813,0.035530,-0.878966,upper
L3,0.99,0.9900,0.098151,0.035985,-0.859106,upper
L3,0.99,0.9900,0.102634,0.036444,-0.840077,upper
L3,0.99,0.9900,0.107265,0.036907,-0.822012,upper
L3,0.99,0.9900,0.112049,0.037375,-0.804988,upper
L3,0.99,0.9900,0.116988,0.037847,-0.789000,upper
L3,0.99,0.9900,0.122085,0.038323,-0.774131,upper
L3,0.99,0.9900,0.127344,0.038801,-0.760386,upper
L3,0.99,0.9900,0.132769,0.039282,-0.747649,upper
L3,0.99,0.9900,0.138361,0.039764,-0.735830,upper
L3,0.99,0.9900,0.144125,0.040246,-0.724751,upper
L3,0.99,0.9900,0.150063,0.040726,-0.714205,upper
L3,0.99,0.9900,0.156179,0.041204,-0.704067,upper
L3,0.99,0.9900,0.162474,0.041678,-0.694110,upper
L3,0.99,0.9900,0.168952,0.042147,-0.684057,upper
L3,0.99,0.9900,0.175614,0.042610,-0.673598,upper
L3,0.99,0.9900,0.182464,0.043064,-0.662284,upper
L3,0.99,0.9900,0.189502,0.043509,-0.649603,upper
L3,0.99,0.9900,0.196731,0.043942,-0.634743,upper
L3,0.99,0.9900,0.204152,0.044364,-0.616524,upper
L3,0.99,0.9900,0.211767,0.044773,-0.593419,upper
L3,0.99,0.9900,0.219576,0.045168,-0.563898,upper
L3,0.99,0.9900,0.227580,0.045547,-0.527477,upper
L3,0.99,0.9900,0.235779,0.045911,-0.486304,upper
L3,0.99,0.9900,0.244175,0.046258,-0.445964,upper
L3,0.99,0.9900,0.252765,0.046588,-0.413322,upper
L3,0.99,0.9900,0.261551,0.046900,-0.391300,upper
L3,0.99,0.9900,0.270530,0.047194,-0.377152,upper
L3,0.99,0.9900,0.279701,0.047468,-0.367064,upper
L3,0.99,0.9900,0.289064,0.047723,-0.359160,upper
L3,0.99,0.9900,0.298615,0.047957,-0.352723,upper
L3,0.99,0.9900,0.308352,0.048168,-0.347398,upper
L3,0.99,0.9900,0.318273,0.048357,-0.342997,upper
L3,0.99,0.9900,0.328374,0.048520,-0.339430,upper
L3,0.99,0.9900,0.338651,0.048657,-0.336655,upper
L3,0.99,0.9900,0.349100,0.048765,-0.334636,upper
L3,0.99,0.9900,0.359716,0.048843,-0.333318,upper
L3,0.99,0.9900,0.370496,0.048887,-0.332609,upper
L3,0.99,0.9900,0.381432,0.048894,-0.332382,upper
L3,0.99,0.9900,0.392519,0.048863,-0.332477,upper
L3,0.99,0.9900,0.403750,0.048790,-0.332709,upper
L3,0.99,0.9900,0.415120,0.048673,-0.332887,upper
L3,0.99,0.9900,0.426620,0.048509,-0.332822,upper
L3,0.99,0.9900,0.438243,0.048297,-0.332342,upper
L3,0.99,0.9900,0.449981,0.048033,-0.331303,upper
L3,0.99,0.9900,0.461826,0.047717,-0.329599,upper
L3,0.99,0.9900,0.473769,0.047347,-0.327162,upper
L3,0.99,0.9900,0.485800,0.046924,-0.323960,upper
L3,0.99,0.9900,0.497911,0.046447,-0.320006,upper
L3,0.99,0.9900,0.510092,0.045918,-0.315353,upper
L3,0.99,0.9900,0.522334,0.045337,-0.310072,upper
L3,0.99,0.9900,0.534626,0.044707,-0.304233,upper
L3,0.99,0.9900,0.546959,0.044030,-0.297918,upper
L3,0.99,0.9900,0.559322,0.043308,-0.291229,upper
L3,0.99,0.9900,0.571705,0.042545,-0.284259,upper
L3,0.99,0.9900,0.584099,0.041745,-0.277100,upper
L3,0.99,0.9900,0.596493,0.040910,-0.269832,upper
L3,0.99,0.9900,0.608876,0.040043,-0.262518,upper
L3,0.99,0.9900,0.621239,0.039149,-0.255209,upper
L3,0.99,0.9900,0.633572,0.038230,-0.247953,upper
L3,0.99,0.9900,0.645864,0.037290,-0.240784,upper
L3,0.99,0.9900,0.658106,0.036330,-0.233724,upper
L3,0.99,0.9900,0.670288,0.035354,-0.226774,upper
L3,0.99,0.9900,0.682401,0.034364,-0.219926,upper
L3,0.99,0.9900,0.694435,0.033360,-0.213167,upper
L3,0.99,0.9900,0.706381,0.032346,-0.206476,upper
L3,0.99,0.9900,0.718230,0.031322,-0.199827,upper
L3,0.99,0.9900,0.729973,0.030288,-0.193189,upper
L3,0.99,0.9900,0.741604,0.029247,-0.186523,upper
L3,0.99,0.9900,0.753112,0.028199,-0.179789,upper
L3,0.99,0.9900,0.764492,0.027144,-0.172950,upper
L3,0.99,0.9900,0.775735,0.026084,-0.165972,upper
L3,0.99,0.9900,0.786835,0.025019,-0.158821,upper
L3,0.99,0.9900,0.797786,0.023949,-0.151467,upper
L3,0.99,0.9900,0.808581,0.022876,-0.143884,upper
L3,0.99,0.9900,0.819215,0.021800,-0.136046,upper
L3,0.99,0.9900,0.829682,0.020722,-0.127929,upper
L3,0.99,0.9900,0.839979,0.019643,-0.119512,upper
L3,0.99,0.9900,0.850101,0.018564,-0.110779,upper
L3,0.99,0.9900,0.860044,0.017485,-0.101714,upper
L3,0.99,0.9900,0.869805,0.016409,-0.092306,upper
L3,0.99,0.9900,0.879380,0.015336,-0.082539,upper
L3,0.99,0.9900,0.888767,0.014267,-0.072400,upper
L3,0.99,0.9900,0.897965,0.013204,-0.061878,upper
L3,0.99,0.9900,0.906971,0.012147,-0.050966,upper
L3,0.99,0.9900,0.915784,0.011100,-0.039656,upper
L3,0.99,0.9900,0.924403,0.010062,-0.027939,upper
L3,0.99,0.9900,0.932829,0.009037,-0.015807,upper
L3,0.99,0.9900,0.941059,0.008025,-0.003249,upper
L3,0.99,0.9900,0.949096,0.007029,0.009751,upper
L3,0.99,0.9900,0.956939,0.006050,0.023220,upper
L3,0.99,0.9900,0.964589,0.005093,0.037201,upper
L3,0.99,0.9900,0.972047,0.004158,0.051784,upper
L3,0.99,0.9900,0.979316,0.003249,0.067137,upper
L3,0.99,0.9900,0.986396,0.002368,0.083622,upper
L3,0.99,0.9900,0.993290,0.001519,0.101912,upper
L3,0.99,0.9900,1.000000,0.000705,0.131288,upper
L3,0.99,0.9900,0.000000,0.000000,0.671855,lower
L3,0.99,0.9900,0.000004,-0.000389,0.682049,lower
L3,0.99,0.9900,0.000019,-0.000793,0.691995,lower
L3,0.99,0.9900,0.000043,-0.001214,0.701067,lower
L3,0.99,0.9900,0.000080,-0.001650,0.709077,lower
L3,0.99,0.9900,0.000131,-0.002104,0.715839,lower
L3,0.99,0.9900,0.000196,-0.002574,0.721142,lower
L3,0.99,0.9900,0.000278,-0.003062,0.724716,lower
L3,0.99,0.9900,0.000377,-0.003566,0.726262,lower
L3,0.99,0.9900,0.000497,-0.004088,0.726212,lower
L3,0.99,0.9900,0.000638,-0.004627,0.724584,lower
L3,0.99,0.9900,0.000803,-0.005183,0.720727,lower
L3,0.99,0.9900,0.000993,-0.005755,0.714452,lower
L3,0.99,0.9900,0.001211,-0.006343,0.705578,lower
L3,0.99,0.9900,0.001458,-0.006948,0.693943,lower
L3,0.99,0.9900,0.001738,-0.007567,0.679406,lower
L3,0.99,0.9900,0.002052,-0.008200,0.661853,lower
L3,0.99,0.9900,0.002402,-0.008847,0.641208,lower
L3,0.99,0.9900,0.002791,-0.009505,0.617440,lower
L3,0.99,0.9900,0.003221,-0.010175,0.590564,lower
L3,0.99,0.9900,0.003694,-0.010854,0.560650,lower
L3,0.99,0.9900,0.004212,-0.011542,0.527827,lower
L3,0.99,0.9900,0.004777,-0.012236,0.492277,lower
L3,0.99,0.9900,0.005392,-0.012935,0.454246,lower
L3,0.99,0.9900,0.006058,-0.013638,0.414039,lower
L3,0.99,0.9900,0.006777,-0.014342,0.372007,lower
L3,0.99,0.9900,0.007551,-0.015047,0.328546,lower
L3,0.99,0.9900,0.008382,-0.015751,0.284083,lower
L3,0.99,0.9900,0.009271,-0.016451,0.239070,lower
L3,0.99,0.9900,0.010219,-0.017147,0.193965,lower
L3,0.99,0.9900,0.011228,-0.017838,0.149225,lower
L3,0.99,0.9900,0.012300,-0.018521,0.105292,lower
L3,0.99,0.9900,0.013436,-0.019195,0.062583,lower
L3,0.99,0.9900,0.014637,-0.019860,0.021478,lower
L3,0.99,0.9900,0.015904,-0.020515,-0.017681,lower
L3,0.99,0.9900,0.017239,-0.021159,-0.054604,lower
L3,0.99,0.9900,0.018643,-0.021791,-0.089050,lower
L3,0.99,0.9900,0.020117,-0.022410,-0.120834,lower
L3,0.99,0.9900,0.021664,-0.023016,-0.149822,lower
L3,0.99,0.9900,0.023284,-0.023610,-0.175938,lower
L3,0.99,0.9900,0.024979,-0.024190,-0.199155,lower
L3,0.99,0.9900,0.026750,-0.024757,-0.219495,lower
L3,0.99,0.9900,0.028600,-0.025311,-0.237029,lower
L3,0.99,0.9900,0.030531,-0.025853,-0.251868,lower
L3,0.99,0.9900,0.032543,-0.026382,-0.264155,lower
L3,0.99,0.9900,0.034640,-0.026899,-0.274062,lower
L3,0.99,0.9900,0.036823,-0.027404,-0.281788,lower
L3,0.99,0.9900,0.039094,-0.027899,-0.287543,lower
L3,0.99,0.9900,0.041456,-0.028383,-0.291551,lower
L3,0.99,0.9900,0.043911,-0.028859,-0.294040,lower
L3,0.99,0.9900,0.046463,-0.029326,-0.295233,lower
L3,0.99,0.9900,0.049112,-0.029785,-0.295348,lower
L3,0.99,0.9900,0.051862,-0.030238,-0.294590,lower
L3,0.99,0.9900,0.054716,-0.030686,-0.293153,lower
L3,0.99,0.9900,0.057676,-0.031129,-0.291216,lower
L3,0.99,0.9900,0.060746,-0.031569,-0.288939,lower
L3,0.99,0.9900,0.063928,-0.032006,-0.286468,lower
L3,0.99,0.9900,0.067226,-0.032442,-0.283930,lower
L3,0.99,0.9900,0.070642,-0.032877,-0.281433,lower
L3,0.99,0.9900,0.074181,-0.033313,-0.279071,lower
L3,0.99,0.9900,0.077844,-0.033751,-0.276922,lower
L3,0.99,0.9900,0.081635,-0.034191,-0.275044,lower
L3,0.99,0.9900,0.085558,-0.034634,-0.273485,lower
L3,0.99,0.9900,0.089616,-0.035080,-0.272276,lower
L3,0.99,0.9900,0.093813,-0.035530,-0.271435,lower
L3,0.99,0.9900,0.098151,-0.035985,-0.270966,lower
L3,0.99,0.9900,0.102634,-0.036444,-0.270861,lower
L3,0.99,0.9900,0.107265,-0.036907,-0.271102,lower
L3,0.99,0.9900,0.112049,-0.037375,-0.271657,lower
L3,0.99,0.9900,0.116988,-0.037847,-0.272485,lower
L3,0.99,0.9900,0.122085,-0.038323,-0.273535,lower
L3,0.99,0.9900,0.127344,-0.038801,-0.274748,lower
L3,0.99,0.9900,0.132769,-0.039282,-0.276057,lower
L3,0.99,0.9900,0.138361,-0.039764,-0.277387,lower
L3,0.99,0.9900,0.144125,-0.040246,-0.278663,lower
L3,0.99,0.9900,0.150063,-0.040726,-0.279802,lower
L3,0.99,0.9900,0.156179,-0.041204,-0.280723,lower
L3,0.99,0.9900,0.162474,-0.041678,-0.281347,lower
L3,0.99,0.9900,0.168952,-0.042147,-0.281599,lower
L3,0.99,0.9900,0.175614,-0.042610,-0.281410,lower
L3,0.99,0.9900,0.182464,-0.043064,-0.280721,lower
L3,0.99,0.9900,0.189502,-0.043509,-0.279484,lower
L3,0.99,0.9900,0.196731,-0.043942,-0.277669,lower
L3,0.99,0.9900,0.204152,-0.044364,-0.275258,lower
L3,0.99,0.9900,0.211767,-0.044773,-0.272253,lower
L3,0.99,0.9900,0.219576,-0.045168,-0.268674,lower
L3,0.99,0.9900,0.227580,-0.045547,-0.264560,lower
L3,0.99,0.9900,0.235779,-0.045911,-0.259965,lower
L3,0.99,0.9900,0.244175,-0.046258,-0.254961,lower
L3,0.99,0.9900,0.252765,-0.046588,-0.249630,lower
L3,0.99,0.9900,0.261551,-0.046900,-0.244067,lower
L3,0.99,0.9900,0.270530,-0.047194,-0.238369,lower
L3,0.99,0.9900,0.279701,-0.047468,-0.232637,lower
L3,0.99,0.9900,0.289064,-0.047723,-0.226969,lower
L3,0.99,0.9900,0.298615,-0.047957,-0.221454,lower
L3,0.99,0.9900,0.308352,-0.048168,-0.216169,lower
L3,0.99,0.9900,0.318273,-0.048357,-0.211177,lower
L3,0.99,0.9900,0.328374,-0.048520,-0.206521,lower
L3,0.99,0.9900,0.338651,-0.048657,-0.202223,lower
L3,0.99,0.9900,0.349100,-0.048765,-0.198283,lower
L3,0.99,0.9900,0.359716,-0.048843,-0.194679,lower
L3,0.99,0.9900,0.370496,-0.048887,-0.191366,lower
L3,0.99,0.9900,0.381432,-0.048894,-0.188282,lower
L3,0.99,0.9900,0.392519,-0.048863,-0.185349,lower
L3,0.99,0.9900,0.403750,-0.048790,-0.182476,lower
L3,0.99,0.9900,0.415120,-0.048673,-0.179568,lower
L3,0.99,0.9900,0.426620,-0.048509,-0.176529,lower
L3,0.99,0.9900,0.438243,-0.048297,-0.173268,lower
L3,0.99,0.9900,0.449981,-0.048033,-0.169703,lower
L3,0.99,0.9900,0.461826,-0.047717,-0.165769,lower
L3,0.99,0.9900,0.473769,-0.047347,-0.161420,lower
L3,0.99,0.9900,0.485800,-0.046924,-0.156632,lower
L3,0.99,0.9900,0.497911,-0.046447,-0.151402,lower
L3,0.99,0.9900,0.510092,-0.045918,-0.145749,lower
L3,0.99,0.9900,0.522334,-0.045337,-0.139712,lower
L3,0.99,0.9900,0.534626,-0.044707,-0.133350,lower
L3,0.99,0.9900,0.546959,-0.044030,-0.126730,lower
L3,0.99,0.9900,0.559322,-0.043308,-0.119929,lower
L3,0.99,0.9900,0.571705,-0.042545,-0.113029,lower
L3,0.99,0.9900,0.584099,-0.041745,-0.106110,lower
L3,0.99,0.9900,0.596493,-0.040910,-0.099245,lower
L3,0.99,0.9900,0.608876,-0.040043,-0.092503,lower
L3,0.99,0.9900,0.621239,-0.039149,-0.085938,lower
L3,0.99,0.9900,0.633572,-0.038230,-0.079594,lower
L3,0.99,0.9900,0.645864,-0.037290,-0.073501,lower
L3,0.99,0.9900,0.658106,-0.036330,-0.067676,lower
L3,0.99,0.9900,0.670288,-0.035354,-0.062122,lower
L3,0.99,0.9900,0.682401,-0.034364,-0.056832,lower
L3,0.99,0.9900,0.694435,-0.033360,-0.051786,lower
L3,0.99,0.9900,0.706381,-0.032346,-0.046957,lower
L3,0.99,0.9900,0.718230,-0.031322,-0.042311,lower
L3,0.99,0.9900,0.729973,-0.030288,-0.037811,lower
L3,0.99,0.9900,0.741604,-0.029247,-0.033413,lower
L3,0.99,0.9900,0.753112,-0.028199,-0.029078,lower
L3,0.99,0.9900,0.764492,-0.027144,-0.024764,lower
L3,0.99,0.9900,0.775735,-0.026084,-0.020431,lower
L3,0.99,0.9900,0.786835,-0.025019,-0.016044,lower
L3,0.99,0.9900,0.797786,-0.023949,-0.011569,lower
L3,0.99,0.9900,0.808581,-0.022876,-0.006978,lower
L3,0.99,0.9900,0.819215,-0.021800,-0.002244,lower
L3,0.99,0.9900,0.829682,-0.020722,0.002657,lower
L3,0.99,0.9900,0.839979,-0.019643,0.007745,lower
L3,0.99,0.9900,0.850101,-0.018564,0.013040,lower
L3,0.99,0.9900,0.860044,-0.017485,0.018563,lower
L3,0.99,0.9900,0.869805,-0.016409,0.024332,lower
L3,0.99,0.9900,0.879380,-0.015336,0.030366,lower
L3,0.99,0.9900,0.888767,-0.014267,0.036687,lower
L3,0.99,0.9900,0.897965,-0.013204,0.043314,lower
L3,0.99,0.9900,0.906971,-0.012147,0.050267,lower
L3,0.99,0.9900,0.915784,-0.011100,0.057563,lower
L3,0.99,0.9900,0.924403,-0.010062,0.065219,lower
L3,0.99,0.9900,0.932829,-0.009037,0.073246,lower
L3,0.99,0.9900,0.941059,-0.008025,0.081650,lower
L3,0.99,0.9900,0.949096,-0.007029,0.090427,lower
L3,0.99,0.9900,0.956939,-0.006050,0.099560,lower
L3,0.99,0.9900,0.964589,-0.005093,0.109017,lower
L3,0.99,0.9900,0.972047,-0.004158,0.118748,lower
L3,0.99,0.9900,0.979316,-0.003249,0.128674,lower
L3,0.99,0.9900,0.986396,-0.002368,0.138697,lower
L3,0.99,0.9900,0.993290,-0.001519,0.148664,lower
L3,0.99,0.9900,1.000000,-0.000705,0.147434,lower
REF,0.20,0.2000,0.000000,0.000000,0.901910,upper
REF,0.20,0.2000,0.000004,0.000389,0.892914,upper
REF,0.20,0.2000,0.000019,0.000793,0.883073,upper
REF,0.20,0.2000,0.000043,0.001214,0.871569,upper
REF,0.20,0.2000,0.000080,0.001650,0.858246,upper
REF,0.20,0.2000,0.000131,0.002104,0.842945,upper
REF,0.20,0.2000,0.000196,0.002574,0.825507,upper
REF,0.20,0.2000,0.000278,0.003062,0.805774,upper
REF,0.20,0.2000,0.000377,0.003566,0.783592,upper
REF,0.20,0.2000,0.000497,0.004088,0.758814,upper
REF,0.20,0.2000,0.000638,0.004627,0.731303,upper
REF,0.20,0.2000,0.000803,0.005183,0.700939,upper
REF,0.20,0.2000,0.000993,0.005755,0.667623,upper
REF,0.20,0.2000,0.001211,0.006343,0.631281,upper
REF,0.20,0.2000,0.001458,0.006948,0.591873,upper
REF,0.20,0.2000,0.001738,0.007567,0.549398,upper
REF,0.20,0.2000,0.002052,0.008200,0.503893,upper
REF,0.20,0.2000,0.002402,0.008847,0.455445,upper
REF,0.20,0.2000,0.002791,0.009505,0.404189,upper
REF,0.20,0.2000,0.003221,0.010175,0.350317,upper
REF,0.20,0.2000,0.003694,0.010854,0.294073,upper
REF,0.20,0.2000,0.004212,0.011542,0.235754,upper
REF,0.20,0.2000,0.004777,0.012236,0.175708,upper
REF,0.20,0.2000,0.005392,0.012935,0.114327,upper
REF,0.20,0.2000,0.006058,0.013638,0.052036,upper
REF,0.20,0.2000,0.006777,0.014342,-0.010708,upper
REF,0.20,0.2000,0.007551,0.015047,-0.073433,upper
REF,0.20,0.2000,0.008382,0.015751,-0.135656,upper
REF,0.20,0.2000,0.009271,0.016451,-0.196872,upper
REF,0.20,0.2000,0.010219,0.017147,-0.256679,upper
REF,0.20,0.2000,0.011228,0.017838,-0.314729,upper
REF,0.20,0.2000,0.012300,0.018521,-0.370627,upper
REF,0.20,0.2000,0.013436,0.019195,-0.424036,upper
REF,0.20,0.2000,0.014637,0.019860,-0.474770,upper
REF,0.20,0.2000,0.015904,0.020515,-0.523554,upper
REF,0.20,0.2000,0.017239,0.021159,-0.568918,upper
REF,0.20,0.2000,0.018643,0.021791,-0.609901,upper
REF,0.20,0.2000,0.020117,0.022410,-0.647231,upper
REF,0.20,0.2000,0.021664,0.023016,-0.680413,upper
REF,0.20,0.2000,0.023284,0.023610,-0.709544,upper
REF,0.20,0.2000,0.024979,0.024190,-0.734731,upper
REF,0.20,0.2000,0.026750,0.024757,-0.756051,upper
REF,0.20,0.2000,0.028600,0.025311,-0.773561,upper
REF,0.20,0.2000,0.030531,0.025853,-0.787317,upper
REF,0.20,0.2000,0.032543,0.026382,-0.797348,upper
REF,0.20,0.2000,0.034640,0.026899,-0.803635,upper
REF,0.20,0.2000,0.036823,0.027404,-0.806122,upper
REF,0.20,0.2000,0.039094,0.027899,-0.804720,upper
REF,0.20,0.2000,0.041456,0.028383,-0.799268,upper
REF,0.20,0.2000,0.043912,0.028859,-0.789533,upper
REF,0.20,0.2000,0.046463,0.029326,-0.775192,upper
REF,0.20,0.2000,0.049112,0.029785,-0.755846,upper
REF,0.20,0.2000,0.051862,0.030238,-0.731092,upper
REF,0.20,0.2000,0.054716,0.030686,-0.700737,upper
REF,0.20,0.2000,0.057676,0.031129,-0.665361,upper
REF,0.20,0.2000,0.060746,0.031569,-0.626998,upper
REF,0.20,0.2000,0.063928,0.032006,-0.589811,upper
REF,0.20,0.2000,0.067226,0.032442,-0.558313,upper
REF,0.20,0.2000,0.070643,0.032877,-0.534991,upper
REF,0.20,0.2000,0.074181,0.033313,-0.518242,upper
REF,0.20,0.2000,0.077844,0.033751,-0.504382,upper
REF,0.20,0.2000,0.081635,0.034191,-0.491660,upper
REF,0.20,0.2000,0.085558,0.034634,-0.479861,upper
REF,0.20,0.2000,0.089616,0.035080,-0.469247,upper
REF,0.20,0.2000,0.093813,0.035530,-0.459979,upper
REF,0.20,0.2000,0.098151,0.035985,-0.452103,upper
REF,0.20,0.2000,0.102634,0.036444,-0.445601,upper
REF,0.20,0.2000,0.107265,0.036907,-0.440422,upper
REF,0.20,0.2000,0.112049,0.037375,-0.436499,upper
REF,0.20,0.2000,0.116988,0.037847,-0.433754,upper
REF,0.20,0.2000,0.122085,0.038323,-0.432102,upper
REF,0.20,0.2000,0.127344,0.038801,-0.431448,upper
REF,0.20,0.2000,0.132769,0.039282,-0.431694,upper
REF,0.20,0.2000,0.138361,0.039764,-0.432735,upper
REF,0.20,0.2000,0.144125,0.040246,-0.434463,upper
REF,0.20,0.2000,0.150063,0.040726,-0.436767,upper
REF,0.20,0.2000,0.156179,0.041204,-0.439533,upper
REF,0.20,0.2000,0.162474,0.041678,-0.442651,upper
REF,0.20,0.2000,0.168952,0.042147,-0.446009,upper
REF,0.20,0.2000,0.175614,0.042610,-0.449503,upper
REF,0.20,0.2000,0.182464,0.043064,-0.453036,upper
REF,0.20,0.2000,0.189502,0.043509,-0.456520,upper
REF,0.20,0.2000,0.196731,0.043942,-0.459884,upper
REF,0.20,0.2000,0.204152,0.044364,-0.463069,upper
REF,0.20,0.2000,0.211767,0.044773,-0.466038,upper
REF,0.20,0.2000,0.219576,0.045168,-0.468774,upper
REF,0.20,0.2000,0.227580,0.045547,-0.471281,upper
REF,0.20,0.2000,0.235780,0.045911,-0.473588,upper
REF,0.20,0.2000,0.244175,0.046258,-0.475742,upper
REF,0.20,0.2000,0.252765,0.046588,-0.477814,upper
REF,0.20,0.2000,0.261551,0.046900,-0.479888,upper
REF,0.20,0.2000,0.270530,0.047194,-0.482064,upper
REF,0.20,0.2000,0.279701,0.047468,-0.484446,upper
REF,0.20,0.2000,0.289064,0.047723,-0.487144,upper
REF,0.20,0.2000,0.298615,0.047957,-0.490262,upper
REF,0.20,0.2000,0.308352,0.048168,-0.493901,upper
REF,0.20,0.2000,0.318273,0.048357,-0.498144,upper
REF,0.20,0.2000,0.328374,0.048520,-0.503061,upper
REF,0.20,0.2000,0.338651,0.048657,-0.508707,upper
REF,0.20,0.2000,0.349100,0.048765,-0.515107,upper
REF,0.20,0.2000,0.359716,0.048843,-0.522289,upper
REF,0.20,0.2000,0.370496,0.048887,-0.530199,upper
REF,0.20,0.2000,0.381432,0.048894,-0.538787,upper
REF,0.20,0.2000,0.392519,0.048863,-0.547940,upper
REF,0.20,0.2000,0.403750,0.048790,-0.557533,upper
REF,0.20,0.2000,0.415120,0.048673,-0.567468,upper
REF,0.20,0.2000,0.426620,0.048509,-0.577602,upper
REF,0.20,0.2000,0.438243,0.048296,-0.587804,upper
REF,0.20,0.2000,0.449981,0.048033,-0.597912,upper
REF,0.20,0.2000,0.461826,0.047717,-0.607807,upper
REF,0.20,0.2000,0.473769,0.047347,-0.617343,upper
REF,0.20,0.2000,0.485800,0.046924,-0.626353,upper
REF,0.20,0.2000,0.497911,0.046447,-0.634642,upper
REF,0.20,0.2000,0.510092,0.045918,-0.642028,upper
REF,0.20,0.2000,0.522334,0.045337,-0.648379,upper
REF,0.20,0.2000,0.534626,0.044707,-0.653602,upper
REF,0.20,0.2000,0.546959,0.044030,-0.657629,upper
REF,0.20,0.2000,0.559322,0.043308,-0.660412,upper
REF,0.20,0.2000,0.571705,0.042545,-0.661923,upper
REF,0.20,0.2000,0.584099,0.041745,-0.662147,upper
REF,0.20,0.2000,0.596493,0.040910,-0.661061,upper
REF,0.20,0.2000,0.608876,0.040043,-0.658562,upper
REF,0.20,0.2000,0.621239,0.039149,-0.653872,upper
REF,0.20,0.2000,0.633572,0.038230,-0.641395,upper
REF,0.20,0.2000,0.645864,0.037290,-0.586522,upper
REF,0.20,0.2000,0.658106,0.036330,-0.462853,upper
REF,0.20,0.2000,0.670288,0.035354,-0.333498,upper
REF,0.20,0.2000,0.682401,0.034364,-0.260721,upper
REF,0.20,0.2000,0.694435,0.033360,-0.228470,upper
REF,0.20,0.2000,0.706381,0.032346,-0.210483,upper
REF,0.20,0.2000,0.718230,0.031322,-0.196669,upper
REF,0.20,0.2000,0.729973,0.030288,-0.184160,upper
REF,0.20,0.2000,0.741604,0.029247,-0.172220,upper
REF,0.20,0.2000,0.753112,0.028199,-0.160522,upper
REF,0.20,0.2000,0.764492,0.027144,-0.148883,upper
REF,0.20,0.2000,0.775735,0.026084,-0.137187,upper
REF,0.20,0.2000,0.786835,0.025019,-0.125354,upper
REF,0.20,0.2000,0.797786,0.023949,-0.113328,upper
REF,0.20,0.2000,0.808581,0.022876,-0.101067,upper
REF,0.20,0.2000,0.819215,0.021800,-0.088541,upper
REF,0.20,0.2000,0.829682,0.020722,-0.075726,upper
REF,0.20,0.2000,0.839979,0.019643,-0.062606,upper
REF,0.20,0.2000,0.850101,0.018564,-0.049161,upper
REF,0.20,0.2000,0.860044,0.017485,-0.035378,upper
REF,0.20,0.2000,0.869805,0.016409,-0.021237,upper
REF,0.20,0.2000,0.879380,0.015336,-0.006717,upper
REF,0.20,0.2000,0.888767,0.014267,0.008205,upper
REF,0.20,0.2000,0.897965,0.013204,0.023560,upper
REF,0.20,0.2000,0.906971,0.012147,0.039380,upper
REF,0.20,0.2000,0.915784,0.011100,0.055705,upper
REF,0.20,0.2000,0.924403,0.010062,0.072582,upper
REF,0.20,0.2000,0.932829,0.009037,0.090066,upper
REF,0.20,0.2000,0.941059,0.008025,0.108226,upper
REF,0.20,0.2000,0.949096,0.007029,0.127151,upper
REF,0.20,0.2000,0.956938,0.006050,0.146959,upper
REF,0.20,0.2000,0.964589,0.005093,0.167816,upper
REF,0.20,0.2000,0.972047,0.004158,0.189973,upper
REF,0.20,0.2000,0.979316,0.003249,0.213838,upper
REF,0.20,0.2000,0.986396,0.002368,0.240148,upper
REF,0.20,0.2000,0.993290,0.001519,0.270429,upper
REF,0.20,0.2000,1.000000,0.000705,0.312006,upper
REF,0.20,0.2000,0.000000,0.000000,0.901910,lower
REF,0.20,0.2000,0.000004,-0.000389,0.911009,lower
REF,0.20,0.2000,0.000019,-0.000793,0.919864,lower
REF,0.20,0.2000,0.000043,-0.001214,0.927811,lower
REF,0.20,0.2000,0.000080,-0.001650,0.934650,lower
REF,0.20,0.2000,0.000131,-0.002104,0.940181,lower
REF,0.20,0.2000,0.000196,-0.002574,0.944131,lower
REF,0.20,0.2000,0.000278,-0.003062,0.946193,lower
REF,0.20,0.2000,0.000377,-0.003566,0.946730,lower
REF,0.20,0.2000,0.000497,-0.004088,0.945842,lower
REF,0.20,0.2000,0.000638,-0.004627,0.943000,lower
REF,0.20,0.2000,0.000803,-0.005183,0.937984,lower
REF,0.20,0.2000,0.000993,-0.005755,0.930607,lower
REF,0.20,0.2000,0.001211,-0.006343,0.920702,lower
REF,0.20,0.2000,0.001458,-0.006948,0.908123,lower
REF,0.20,0.2000,0.001738,-0.007567,0.892752,lower
REF,0.20,0.2000,0.002052,-0.008200,0.874498,lower
REF,0.20,0.2000,0.002402,-0.008847,0.853310,lower
REF,0.20,0.2000,0.002791,-0.009505,0.829185,lower
REF,0.20,0.2000,0.003221,-0.010175,0.802168,lower
REF,0.20,0.2000,0.003694,-0.010854,0.772356,lower
REF,0.20,0.2000,0.004212,-0.011542,0.739905,lower
REF,0.20,0.2000,0.004777,-0.012236,0.705029,lower
REF,0.20,0.2000,0.005392,-0.012935,0.667995,lower
REF,0.20,0.2000,0.006058,-0.013638,0.629124,lower
REF,0.20,0.2000,0.006777,-0.014342,0.588780,lower
REF,0.20,0.2000,0.007551,-0.015047,0.547368,lower
REF,0.20,0.2000,0.008382,-0.015751,0.505316,lower
REF,0.20,0.2000,0.009271,-0.016451,0.463071,lower
REF,0.20,0.2000,0.010219,-0.017147,0.421078,lower
REF,0.20,0.2000,0.011228,-0.017838,0.379778,lower
REF,0.20,0.2000,0.012300,-0.018521,0.339587,lower
REF,0.20,0.2000,0.013436,-0.019195,0.300890,lower
REF,0.20,0.2000,0.014637,-0.019860,0.264029,lower
REF,0.20,0.2000,0.015904,-0.020515,0.229300,lower
REF,0.20,0.2000,0.017239,-0.021159,0.196941,lower
REF,0.20,0.2000,0.018643,-0.021791,0.167135,lower
REF,0.20,0.2000,0.020117,-0.022410,0.140006,lower
REF,0.20,0.2000,0.021664,-0.023016,0.115622,lower
REF,0.20,0.2000,0.023284,-0.023610,0.093997,lower
REF,0.20,0.2000,0.024979,-0.024190,0.075087,lower
REF,0.20,0.2000,0.026750,-0.024757,0.058795,lower
REF,0.20,0.2000,0.028600,-0.025311,0.045000,lower
REF,0.20,0.2000,0.030531,-0.025853,0.033547,lower
REF,0.20,0.2000,0.032543,-0.026382,0.024257,lower
REF,0.20,0.2000,0.034640,-0.026899,0.016930,lower
REF,0.20,0.2000,0.036823,-0.027404,0.011357,lower
REF,0.20,0.2000,0.039094,-0.027899,0.007321,lower
REF,0.20,0.2000,0.041456,-0.028383,0.004609,lower
REF,0.20,0.2000,0.043912,-0.028859,0.003011,lower
REF,0.20,0.2000,0.046463,-0.029326,0.002327,lower
REF,0.20,0.2000,0.049112,-0.029785,0.002369,lower
REF,0.20,0.2000,0.051862,-0.030238,0.002961,lower
REF,0.20,0.2000,0.054716,-0.030686,0.003941,lower
REF,0.20,0.2000,0.057676,-0.031129,0.005163,lower
REF,0.20,0.2000,0.060746,-0.031569,0.006493,lower
REF,0.20,0.2000,0.063928,-0.032006,0.007814,lower
REF,0.20,0.2000,0.067226,-0.032442,0.009022,lower
REF,0.20,0.2000,0.070643,-0.032877,0.010024,lower
REF,0.20,0.2000,0.074181,-0.033313,0.010742,lower
REF,0.20,0.2000,0.077844,-0.033751,0.011110,lower
REF,0.20,0.2000,0.081635,-0.034191,0.011071,lower
REF,0.20,0.2000,0.085558,-0.034634,0.010581,lower
REF,0.20,0.2000,0.089616,-0.035080,0.009606,lower
REF,0.20,0.2000,0.093813,-0.035530,0.008121,lower
REF,0.20,0.2000,0.098151,-0.035985,0.006112,lower
REF,0.20,0.2000,0.102634,-0.036444,0.003573,lower
REF,0.20,0.2000,0.107265,-0.036907,0.000508,lower
REF,0.20,0.2000,0.112049,-0.037375,-0.003070,lower
REF,0.20,0.2000,0.116988,-0.037847,-0.007142,lower
REF,0.20,0.2000,0.122085,-0.038323,-0.011677,lower
REF,0.20,0.2000,0.127344,-0.038801,-0.016641,lower
REF,0.20,0.2000,0.132769,-0.039282,-0.021992,lower
REF,0.20,0.2000,0.138361,-0.039764,-0.027679,lower
REF,0.20,0.2000,0.144125,-0.040246,-0.033652,lower
REF,0.20,0.2000,0.150063,-0.040726,-0.039852,lower
REF,0.20,0.2000,0.156179,-0.041204,-0.046221,lower
REF,0.20,0.2000,0.162474,-0.041678,-0.052700,lower
REF,0.20,0.2000,0.168952,-0.042147,-0.059230,lower
REF,0.20,0.2000,0.175614,-0.042610,-0.065757,lower
REF,0.20,0.2000,0.182464,-0.043064,-0.072232,lower
REF,0.20,0.2000,0.189502,-0.043509,-0.078612,lower
REF,0.20,0.2000,0.196731,-0.043942,-0.084863,lower
REF,0.20,0.2000,0.204152,-0.044364,-0.090963,lower
REF,0.20,0.2000,0.211767,-0.044773,-0.096900,lower
REF,0.20,0.2000,0.219576,-0.045168,-0.102673,lower
REF,0.20,0.2000,0.227580,-0.045547,-0.108298,lower
REF,0.20,0.2000,0.235780,-0.045911,-0.113798,lower
REF,0.20,0.2000,0.244175,-0.046258,-0.119210,lower
REF,0.20,0.2000,0.252765,-0.046588,-0.124580,lower
REF,0.20,0.2000,0.261551,-0.046900,-0.129962,lower
REF,0.20,0.2000,0.270530,-0.047194,-0.135412,lower
REF,0.20,0.2000,0.279701,-0.047468,-0.140990,lower
REF,0.20,0.2000,0.289064,-0.047723,-0.146755,lower
REF,0.20,0.2000,0.298615,-0.047957,-0.152758,lower
REF,0.20,0.2000,0.308352,-0.048168,-0.159043,lower
REF,0.20,0.2000,0.318273,-0.048357,-0.165642,lower
REF,0.20,0.2000,0.328374,-0.048520,-0.172572,lower
REF,0.20,0.2000,0.338651,-0.048657,-0.179831,lower
REF,0.20,0.2000,0.349100,-0.048765,-0.187398,lower
REF,0.20,0.2000,0.359716,-0.048843,-0.195227,lower
REF,0.20,0.2000,0.370496,-0.048887,-0.203252,lower
REF,0.20,0.2000,0.381432,-0.048894,-0.211380,lower
REF,0.20,0.2000,0.392519,-0.048863,-0.219499,lower
REF,0.20,0.2000,0.403750,-0.048790,-0.227471,lower
REF,0.20,0.2000,0.415120,-0.048673,-0.235140,lower
REF,0.20,0.2000,0.426620,-0.048509,-0.242338,lower
REF,0.20,0.2000,0.438243,-0.048296,-0.248883,lower
REF,0.20,0.2000,0.449981,-0.048033,-0.254592,lower
REF,0.20,0.2000,0.461826,-0.047717,-0.259288,lower
REF,0.20,0.2000,0.473769,-0.047347,-0.262809,lower
REF,0.20,0.2000,0.485800,-0.046924,-0.265017,lower
REF,0.20,0.2000,0.497911,-0.046447,-0.265811,lower
REF,0.20,0.2000,0.510092,-0.045918,-0.265134,lower
REF,0.20,0.2000,0.522334,-0.045337,-0.262981,lower
REF,0.20,0.2000,0.534626,-0.044707,-0.259400,lower
REF,0.20,0.2000,0.546959,-0.044030,-0.254489,lower
REF,0.20,0.2000,0.559322,-0.043308,-0.248392,lower
REF,0.20,0.2000,0.571705,-0.042545,-0.241284,lower
REF,0.20,0.2000,0.584099,-0.041745,-0.233358,lower
REF,0.20,0.2000,0.596493,-0.040910,-0.224811,lower
REF,0.20,0.2000,0.608876,-0.040043,-0.215834,lower
REF,0.20,0.2000,0.621239,-0.039149,-0.206596,lower
REF,0.20,0.2000,0.633572,-0.038230,-0.197243,lower
REF,0.20,0.2000,0.645864,-0.037290,-0.187890,lower
REF,0.20,0.2000,0.658106,-0.036330,-0.178621,lower
REF,0.20,0.2000,0.670288,-0.035354,-0.169489,lower
REF,0.20,0.2000,0.682401,-0.034364,-0.160520,lower
REF,0.20,0.2000,0.694435,-0.033360,-0.151714,lower
REF,0.20,0.2000,0.706381,-0.032346,-0.143052,lower
REF,0.20,0.2000,0.718230,-0.031322,-0.134499,lower
REF,0.20,0.2000,0.729973,-0.030288,-0.126006,lower
REF,0.20,0.2000,0.741604,-0.029247,-0.117518,lower
REF,0.20,0.2000,0.753112,-0.028199,-0.108977,lower
REF,0.20,0.2000,0.764492,-0.027144,-0.100324,lower
REF,0.20,0.2000,0.775735,-0.026084,-0.091503,lower
REF,0.20,0.2000,0.786835,-0.025019,-0.082462,lower
REF,0.20,0.2000,0.797786,-0.023949,-0.073155,lower
REF,0.20,0.2000,0.808581,-0.022876,-0.063542,lower
REF,0.20,0.2000,0.819215,-0.021800,-0.053590,lower
REF,0.20,0.2000,0.829682,-0.020722,-0.043269,lower
REF,0.20,0.2000,0.839979,-0.019643,-0.032554,lower
REF,0.20,0.2000,0.850101,-0.018564,-0.021424,lower
REF,0.20,0.2000,0.860044,-0.017485,-0.009856,lower
REF,0.20,0.2000,0.869805,-0.016409,0.002169,lower
REF,0.20,0.2000,0.879380,-0.015336,0.014677,lower
REF,0.20,0.2000,0.888767,-0.014267,0.027694,lower
REF,0.20,0.2000,0.897965,-0.013204,0.041248,lower
REF,0.20,0.2000,0.906971,-0.012147,0.055374,lower
REF,0.20,0.2000,0.915784,-0.011100,0.070110,lower
REF,0.20,0.2000,0.924403,-0.010062,0.085499,lower
REF,0.20,0.2000,0.932829,-0.009037,0.101594,lower
REF,0.20,0.2000,0.941059,-0.008025,0.118458,lower
REF,0.20,0.2000,0.949096,-0.007029,0.136173,lower
REF,0.20,0.2000,0.956938,-0.006050,0.154844,lower
REF,0.20,0.2000,0.964589,-0.005093,0.174629,lower
REF,0.20,0.2000,0.972047,-0.004158,0.195768,lower
REF,0.20,0.2000,0.979316,-0.003249,0.218663,lower
REF,0.20,0.2000,0.986396,-0.002368,0.244074,lower
REF,0.20,0.2000,0.993290,-0.001519,0.273579,lower
REF,0.20,0.2000,1.000000,-0.000705,0.312869,lower
REF,0.44,0.4400,-0.000000,0.000000,0.861051,upper
REF,0.44,0.4400,0.000004,0.000389,0.850749,upper
REF,0.44,0.4400,0.000019,0.000793,0.839566,upper
REF,0.44,0.4400,0.000043,0.001214,0.826668,upper
REF,0.44,0.4400,0.000080,0.001650,0.811897,upper
REF,0.44,0.4400,0.000131,0.002104,0.795096,upper
REF,0.44,0.4400,0.000196,0.002574,0.776105,upper
REF,0.44,0.4400,0.000278,0.003062,0.754769,upper
REF,0.44,0.4400,0.000377,0.003566,0.730933,upper
REF,0.44,0.4400,0.000497,0.004088,0.704453,upper
REF,0.44,0.4400,0.000638,0.004627,0.675195,upper
REF,0.44,0.4400,0.000803,0.005183,0.643043,upper
REF,0.44,0.4400,0.000993,0.005755,0.607900,upper
REF,0.44,0.4400,0.001211,0.006343,0.569698,upper
REF,0.44,0.4400,0.001458,0.006948,0.528404,upper
REF,0.44,0.4400,0.001738,0.007567,0.484023,upper
REF,0.44,0.4400,0.002052,0.008200,0.436601,upper
REF,0.44,0.4400,0.002402,0.008847,0.386230,upper
REF,0.44,0.4400,0.002791,0.009505,0.333055,upper
REF,0.44,0.4400,0.003221,0.010175,0.277278,upper
REF,0.44,0.4400,0.003694,0.010854,0.219148,upper
REF,0.44,0.4400,0.004212,0.011542,0.158972,upper
REF,0.44,0.4400,0.004777,0.012236,0.097102,upper
REF,0.44,0.4400,0.005392,0.012935,0.033934,upper
REF,0.44,0.4400,0.006058,0.013638,-0.030103,upper
REF,0.44,0.4400,0.006777,0.014342,-0.094553,upper
REF,0.44,0.4400,0.007551,0.015047,-0.158942,upper
REF,0.44,0.4400,0.008382,0.015751,-0.222760,upper
REF,0.44,0.4400,0.009271,0.016451,-0.285597,upper
REF,0.44,0.4400,0.010219,0.017147,-0.347104,upper
REF,0.44,0.4400,0.011228,0.017838,-0.406892,upper
REF,0.44,0.4400,0.012300,0.018521,-0.464641,upper
REF,0.44,0.4400,0.013436,0.019195,-0.521097,upper
REF,0.44,0.4400,0.014637,0.019860,-0.575363,upper
REF,0.44,0.4400,0.015904,0.020515,-0.626149,upper
REF,0.44,0.4400,0.017239,0.021159,-0.673136,upper
REF,0.44,0.4400,0.018643,0.021791,-0.715845,upper
REF,0.44,0.4400,0.020117,0.022410,-0.754724,upper
REF,0.44,0.4400,0.021664,0.023016,-0.789937,upper
REF,0.44,0.4400,0.023284,0.023610,-0.821581,upper
REF,0.44,0.4400,0.024979,0.024190,-0.849746,upper
REF,0.44,0.4400,0.026750,0.024757,-0.874531,upper
REF,0.44,0.4400,0.028600,0.025311,-0.896042,upper
REF,0.44,0.4400,0.030531,0.025853,-0.914389,upper
REF,0.44,0.4400,0.032543,0.026382,-0.929680,upper
REF,0.44,0.4400,0.034640,0.026899,-0.942023,upper
REF,0.44,0.4400,0.036823,0.027404,-0.951523,upper
REF,0.44,0.4400,0.039094,0.027899,-0.958290,upper
REF,0.44,0.4400,0.041456,0.028383,-0.962442,upper
REF,0.44,0.4400,0.043912,0.028859,-0.964109,upper
REF,0.44,0.4400,0.046463,0.029326,-0.963425,upper
REF,0.44,0.4400,0.049112,0.029785,-0.960519,upper
REF,0.44,0.4400,0.051862,0.030238,-0.955508,upper
REF,0.44,0.4400,0.054716,0.030686,-0.948489,upper
REF,0.44,0.4400,0.057676,0.031129,-0.939528,upper
REF,0.44,0.4400,0.060746,0.031569,-0.928653,upper
REF,0.44,0.4400,0.063928,0.032006,-0.915844,upper
REF,0.44,0.4400,0.067226,0.032442,-0.900997,upper
REF,0.44,0.4400,0.070642,0.032877,-0.883873,upper
REF,0.44,0.4400,0.074181,0.033313,-0.864008,upper
REF,0.44,0.4400,0.077844,0.033751,-0.840556,upper
REF,0.44,0.4400,0.081635,0.034191,-0.812065,upper
REF,0.44,0.4400,0.085558,0.034634,-0.776281,upper
REF,0.44,0.4400,0.089616,0.035080,-0.730815,upper
REF,0.44,0.4400,0.093813,0.035530,-0.676465,upper
REF,0.44,0.4400,0.098151,0.035985,-0.622353,upper
REF,0.44,0.4400,0.102634,0.036444,-0.582944,upper
REF,0.44,0.4400,0.107265,0.036907,-0.563886,upper
REF,0.44,0.4400,0.112049,0.037375,-0.557594,upper
REF,0.44,0.4400,0.116988,0.037847,-0.555044,upper
REF,0.44,0.4400,0.122085,0.038323,-0.552986,upper
REF,0.44,0.4400,0.127344,0.038801,-0.551431,upper
REF,0.44,0.4400,0.132769,0.039282,-0.550775,upper
REF,0.44,0.4400,0.138361,0.039764,-0.551132,upper
REF,0.44,0.4400,0.144125,0.040246,-0.552425,upper
REF,0.44,0.4400,0.150063,0.040726,-0.554510,upper
REF,0.44,0.4400,0.156179,0.041204,-0.557219,upper
REF,0.44,0.4400,0.162474,0.041678,-0.560378,upper
REF,0.44,0.4400,0.168952,0.042147,-0.563839,upper
REF,0.44,0.4400,0.175614,0.042610,-0.567457,upper
REF,0.44,0.4400,0.182464,0.043064,-0.571098,upper
REF,0.44,0.4400,0.189502,0.043509,-0.574652,upper
REF,0.44,0.4400,0.196731,0.043942,-0.578014,upper
REF,0.44,0.4400,0.204152,0.044364,-0.581095,upper
REF,0.44,0.4400,0.211767,0.044773,-0.583830,upper
REF,0.44,0.4400,0.219576,0.045168,-0.586172,upper
REF,0.44,0.4400,0.227580,0.045547,-0.588096,upper
REF,0.44,0.4400,0.235780,0.045911,-0.589609,upper
REF,0.44,0.4400,0.244175,0.046258,-0.590744,upper
REF,0.44,0.4400,0.252765,0.046588,-0.591566,upper
REF,0.44,0.4400,0.261551,0.046900,-0.592167,upper
REF,0.44,0.4400,0.270530,0.047194,-0.592663,upper
REF,0.44,0.4400,0.279701,0.047468,-0.593194,upper
REF,0.44,0.4400,0.289064,0.047723,-0.593909,upper
REF,0.44,0.4400,0.298615,0.047957,-0.594961,upper
REF,0.44,0.4400,0.308352,0.048168,-0.596501,upper
REF,0.44,0.4400,0.318273,0.048357,-0.598660,upper
REF,0.44,0.4400,0.328374,0.048520,-0.601552,upper
REF,0.44,0.4400,0.338651,0.048657,-0.605260,upper
REF,0.44,0.4400,0.349100,0.048765,-0.609838,upper
REF,0.44,0.4400,0.359716,0.048843,-0.615305,upper
REF,0.44,0.4400,0.370496,0.048887,-0.621647,upper
REF,0.44,0.4400,0.381432,0.048894,-0.628823,upper
REF,0.44,0.4400,0.392519,0.048863,-0.636783,upper
REF,0.44,0.4400,0.403750,0.048790,-0.645493,upper
REF,0.44,0.4400,0.415120,0.048673,-0.654858,upper
REF,0.44,0.4400,0.426620,0.048509,-0.664667,upper
REF,0.44,0.4400,0.438243,0.048296,-0.674684,upper
REF,0.44,0.4400,0.449981,0.048033,-0.684699,upper
REF,0.44,0.4400,0.461826,0.047717,-0.694518,upper
REF,0.44,0.4400,0.473769,0.047347,-0.703955,upper
REF,0.44,0.4400,0.485800,0.046924,-0.712824,upper
REF,0.44,0.4400,0.497911,0.046447,-0.720946,upper
REF,0.44,0.4400,0.510092,0.045918,-0.728153,upper
REF,0.44,0.4400,0.522334,0.045337,-0.734287,upper
REF,0.44,0.4400,0.534626,0.044707,-0.739196,upper
REF,0.44,0.4400,0.546959,0.044030,-0.742720,upper
REF,0.44,0.4400,0.559322,0.043308,-0.744578,upper
REF,0.44,0.4400,0.571705,0.042545,-0.742945,upper
REF,0.44,0.4400,0.584099,0.041745,-0.709640,upper
REF,0.44,0.4400,0.596493,0.040910,-0.531127,upper
REF,0.44,0.4400,0.608876,0.040043,-0.290016,upper
REF,0.44,0.4400,0.621239,0.039149,-0.177531,upper
REF,0.44,0.4400,0.633572,0.038230,-0.155867,upper
REF,0.44,0.4400,0.645864,0.037290,-0.152113,upper
REF,0.44,0.4400,0.658106,0.036330,-0.150109,upper
REF,0.44,0.4400,0.670288,0.035354,-0.146813,upper
REF,0.44,0.4400,0.682401,0.034364,-0.141991,upper
REF,0.44,0.4400,0.694435,0.033360,-0.135964,upper
REF,0.44,0.4400,0.706381,0.032346,-0.129065,upper
REF,0.44,0.4400,0.718230,0.031322,-0.121548,upper
REF,0.44,0.4400,0.729973,0.030288,-0.113581,upper
REF,0.44,0.4400,0.741604,0.029247,-0.105271,upper
REF,0.44,0.4400,0.753112,0.028199,-0.096679,upper
REF,0.44,0.4400,0.764492,0.027144,-0.087833,upper
REF,0.44,0.4400,0.775735,0.026084,-0.078741,upper
REF,0.44,0.4400,0.786835,0.025019,-0.069399,upper
REF,0.44,0.4400,0.797785,0.023949,-0.059796,upper
REF,0.44,0.4400,0.808581,0.022876,-0.049916,upper
REF,0.44,0.4400,0.819215,0.021800,-0.039742,upper
REF,0.44,0.4400,0.829682,0.020722,-0.029255,upper
REF,0.44,0.4400,0.839979,0.019643,-0.018437,upper
REF,0.44,0.4400,0.850101,0.018564,-0.007267,upper
REF,0.44,0.4400,0.860044,0.017485,0.004275,upper
REF,0.44,0.4400,0.869805,0.016409,0.016213,upper
REF,0.44,0.4400,0.879380,0.015336,0.028571,upper
REF,0.44,0.4400,0.888767,0.014267,0.041377,upper
REF,0.44,0.4400,0.897965,0.013204,0.054664,upper
REF,0.44,0.4400,0.906971,0.012147,0.068466,upper
REF,0.44,0.4400,0.915784,0.011100,0.082824,upper
REF,0.44,0.4400,0.924403,0.010062,0.097785,upper
REF,0.44,0.4400,0.932828,0.009037,0.113403,upper
REF,0.44,0.4400,0.941059,0.008025,0.129745,upper
REF,0.44,0.4400,0.949096,0.007029,0.146897,upper
REF,0.44,0.4400,0.956938,0.006050,0.164972,upper
REF,0.44,0.4400,0.964588,0.005093,0.184130,upper
REF,0.44,0.4400,0.972047,0.004158,0.204615,upper
REF,0.44,0.4400,0.979316,0.003249,0.226814,upper
REF,0.44,0.4400,0.986396,0.002368,0.251426,upper
REF,0.44,0.4400,0.993290,0.001519,0.279911,upper
REF,0.44,0.4400,1.000000,0.000705,0.319418,upper
REF,0.44,0.4400,-0.000000,0.000000,0.861051,lower
REF,0.44,0.4400,0.000004,-0.000389,0.871465,lower
REF,0.44,0.4400,0.000019,-0.000793,0.881673,lower
REF,0.44,0.4400,0.000043,-0.001214,0.891020,lower
REF,0.44,0.4400,0.000080,-0.001650,0.899314,lower
REF,0.44,0.4400,0.000131,-0.002104,0.906367,lower
REF,0.44,0.4400,0.000196,-0.002574,0.911959,lower
REF,0.44,0.4400,0.000278,-0.003062,0.915751,lower
REF,0.44,0.4400,0.000377,-0.003566,0.917580,lower
REF,0.44,0.4400,0.000497,-0.004088,0.917849,lower
REF,0.44,0.4400,0.000638,-0.004627,0.916495,lower
REF,0.44,0.4400,0.000803,-0.005183,0.913006,lower
REF,0.44,0.4400,0.000993,-0.005755,0.907182,lower
REF,0.44,0.4400,0.001211,-0.006343,0.898848,lower
REF,0.44,0.4400,0.001458,-0.006948,0.887845,lower
REF,0.44,0.4400,0.001738,-0.007567,0.874043,lower
REF,0.44,0.4400,0.002052,-0.008200,0.857340,lower
REF,0.44,0.4400,0.002402,-0.008847,0.837671,lower
REF,0.44,0.4400,0.002791,-0.009505,0.815019,lower
REF,0.44,0.4400,0.003221,-0.010175,0.789416,lower
REF,0.44,0.4400,0.003694,-0.010854,0.760947,lower
REF,0.44,0.4400,0.004212,-0.011542,0.729754,lower
REF,0.44,0.4400,0.004777,-0.012236,0.696037,lower
REF,0.44,0.4400,0.005392,-0.012935,0.660052,lower
REF,0.44,0.4400,0.006058,-0.013638,0.622110,lower
REF,0.44,0.4400,0.006777,-0.014342,0.582566,lower
REF,0.44,0.4400,0.007551,-0.015047,0.541815,lower
REF,0.44,0.4400,0.008382,-0.015751,0.500281,lower
REF,0.44,0.4400,0.009271,-0.016451,0.458403,lower
REF,0.44,0.4400,0.010219,-0.017147,0.416628,lower
REF,0.44,0.4400,0.011228,-0.017838,0.375392,lower
REF,0.44,0.4400,0.012300,-0.018521,0.335115,lower
REF,0.44,0.4400,0.013436,-0.019195,0.296183,lower
REF,0.44,0.4400,0.014637,-0.019860,0.258944,lower
REF,0.44,0.4400,0.015904,-0.020515,0.223699,lower
REF,0.44,0.4400,0.017239,-0.021159,0.190696,lower
REF,0.44,0.4400,0.018643,-0.021791,0.160128,lower
REF,0.44,0.4400,0.020117,-0.022410,0.132129,lower
REF,0.44,0.4400,0.021664,-0.023016,0.106779,lower
REF,0.44,0.4400,0.023284,-0.023610,0.084105,lower
REF,0.44,0.4400,0.024979,-0.024190,0.064085,lower
REF,0.44,0.4400,0.026750,-0.024757,0.046636,lower
REF,0.44,0.4400,0.028600,-0.025311,0.031645,lower
REF,0.44,0.4400,0.030531,-0.025853,0.018974,lower
REF,0.44,0.4400,0.032543,-0.026382,0.008457,lower
REF,0.44,0.4400,0.034640,-0.026899,-0.000091,lower
REF,0.44,0.4400,0.036823,-0.027404,-0.006870,lower
REF,0.44,0.4400,0.039094,-0.027899,-0.012086,lower
REF,0.44,0.4400,0.041456,-0.028383,-0.015946,lower
REF,0.44,0.4400,0.043912,-0.028859,-0.018654,lower
REF,0.44,0.4400,0.046463,-0.029326,-0.020405,lower
REF,0.44,0.4400,0.049112,-0.029785,-0.021385,lower
REF,0.44,0.4400,0.051862,-0.030238,-0.021769,lower
REF,0.44,0.4400,0.054716,-0.030686,-0.021719,lower
REF,0.44,0.4400,0.057676,-0.031129,-0.021383,lower
REF,0.44,0.4400,0.060746,-0.031569,-0.020894,lower
REF,0.44,0.4400,0.063928,-0.032006,-0.020373,lower
REF,0.44,0.4400,0.067226,-0.032442,-0.019928,lower
REF,0.44,0.4400,0.070642,-0.032877,-0.019651,lower
REF,0.44,0.4400,0.074181,-0.033313,-0.019626,lower
REF,0.44,0.4400,0.077844,-0.033751,-0.019921,lower
REF,0.44,0.4400,0.081635,-0.034191,-0.020596,lower
REF,0.44,0.4400,0.085558,-0.034634,-0.021697,lower
REF,0.44,0.4400,0.089616,-0.035080,-0.023262,lower
REF,0.44,0.4400,0.093813,-0.035530,-0.025317,lower
REF,0.44,0.4400,0.098151,-0.035985,-0.027880,lower
REF,0.44,0.4400,0.102634,-0.036444,-0.030957,lower
REF,0.44,0.4400,0.107265,-0.036907,-0.034547,lower
REF,0.44,0.4400,0.112049,-0.037375,-0.038638,lower
REF,0.44,0.4400,0.116988,-0.037847,-0.043211,lower
REF,0.44,0.4400,0.122085,-0.038323,-0.048237,lower
REF,0.44,0.4400,0.127344,-0.038801,-0.053681,lower
REF,0.44,0.4400,0.132769,-0.039282,-0.059498,lower
REF,0.44,0.4400,0.138361,-0.039764,-0.065640,lower
REF,0.44,0.4400,0.144125,-0.040246,-0.072051,lower
REF,0.44,0.4400,0.150063,-0.040726,-0.078673,lower
REF,0.44,0.4400,0.156179,-0.041204,-0.085445,lower
REF,0.44,0.4400,0.162474,-0.041678,-0.092303,lower
REF,0.44,0.4400,0.168952,-0.042147,-0.099186,lower
REF,0.44,0.4400,0.175614,-0.042610,-0.106037,lower
REF,0.44,0.4400,0.182464,-0.043064,-0.112800,lower
REF,0.44,0.4400,0.189502,-0.043509,-0.119430,lower
REF,0.44,0.4400,0.196731,-0.043942,-0.125888,lower
REF,0.44,0.4400,0.204152,-0.044364,-0.132148,lower
REF,0.44,0.4400,0.211767,-0.044773,-0.138194,lower
REF,0.44,0.4400,0.219576,-0.045168,-0.144024,lower
REF,0.44,0.4400,0.227580,-0.045547,-0.149648,lower
REF,0.44,0.4400,0.235780,-0.045911,-0.155088,lower
REF,0.44,0.4400,0.244175,-0.046258,-0.160380,lower
REF,0.44,0.4400,0.252765,-0.046588,-0.165569,lower
REF,0.44,0.4400,0.261551,-0.046900,-0.170706,lower
REF,0.44,0.4400,0.270530,-0.047194,-0.175849,lower
REF,0.44,0.4400,0.279701,-0.047468,-0.181056,lower
REF,0.44,0.4400,0.289064,-0.047723,-0.186384,lower
REF,0.44,0.4400,0.298615,-0.047957,-0.191884,lower
REF,0.44,0.4400,0.308352,-0.048168,-0.197595,lower
REF,0.44,0.4400,0.318273,-0.048357,-0.203545,lower
REF,0.44,0.4400,0.328374,-0.048520,-0.209744,lower
REF,0.44,0.4400,0.338651,-0.048657,-0.216182,lower
REF,0.44,0.4400,0.349100,-0.048765,-0.222826,lower
REF,0.44,0.4400,0.359716,-0.048843,-0.229619,lower
REF,0.44,0.4400,0.370496,-0.048887,-0.236476,lower
REF,0.44,0.4400,0.381432,-0.048894,-0.243286,lower
REF,0.44,0.4400,0.392519,-0.048863,-0.249915,lower
REF,0.44,0.4400,0.403750,-0.048790,-0.256202,lower
REF,0.44,0.4400,0.415120,-0.048673,-0.261969,lower
REF,0.44,0.4400,0.426620,-0.048509,-0.267025,lower
REF,0.44,0.4400,0.438243,-0.048296,-0.271174,lower
REF,0.44,0.4400,0.449981,-0.048033,-0.274226,lower
REF,0.44,0.4400,0.461826,-0.047717,-0.276010,lower
REF,0.44,0.4400,0.473769,-0.047347,-0.276385,lower
REF,0.44,0.4400,0.485800,-0.046924,-0.275257,lower
REF,0.44,0.4400,0.497911,-0.046447,-0.272585,lower
REF,0.44,0.4400,0.510092,-0.045918,-0.268389,lower
REF,0.44,0.4400,0.522334,-0.045337,-0.262749,lower
REF,0.44,0.4400,0.534626,-0.044707,-0.255798,lower
REF,0.44,0.4400,0.546959,-0.044030,-0.247709,lower
REF,0.44,0.4400,0.559322,-0.043308,-0.238682,lower
REF,0.44,0.4400,0.571705,-0.042545,-0.228926,lower
REF,0.44,0.4400,0.584099,-0.041745,-0.218650,lower
REF,0.44,0.4400,0.596493,-0.040910,-0.208046,lower
REF,0.44,0.4400,0.608876,-0.040043,-0.197286,lower
REF,0.44,0.4400,0.621239,-0.039149,-0.186517,lower
REF,0.44,0.4400,0.633572,-0.038230,-0.175857,lower
REF,0.44,0.4400,0.645864,-0.037290,-0.165393,lower
REF,0.44,0.4400,0.658106,-0.036330,-0.155187,lower
REF,0.44,0.4400,0.670288,-0.035354,-0.145273,lower
REF,0.44,0.4400,0.682401,-0.034364,-0.135663,lower
REF,0.44,0.4400,0.694435,-0.033360,-0.126345,lower
REF,0.44,0.4400,0.706381,-0.032346,-0.117295,lower
REF,0.44,0.4400,0.718230,-0.031322,-0.108471,lower
REF,0.44,0.4400,0.729973,-0.030288,-0.099824,lower
REF,0.44,0.4400,0.741604,-0.029247,-0.091296,lower
REF,0.44,0.4400,0.753112,-0.028199,-0.082829,lower
REF,0.44,0.4400,0.764492,-0.027144,-0.074362,lower
REF,0.44,0.4400,0.775735,-0.026084,-0.065834,lower
REF,0.44,0.4400,0.786835,-0.025019,-0.057190,lower
REF,0.44,0.4400,0.797785,-0.023949,-0.048377,lower
REF,0.44,0.4400,0.808581,-0.022876,-0.039349,lower
REF,0.44,0.4400,0.819215,-0.021800,-0.030061,lower
REF,0.44,0.4400,0.829682,-0.020722,-0.020474,lower
REF,0.44,0.4400,0.839979,-0.019643,-0.010553,lower
REF,0.44,0.4400,0.850101,-0.018564,-0.000262,lower
REF,0.44,0.4400,0.860044,-0.017485,0.010431,lower
REF,0.44,0.4400,0.869805,-0.016409,0.021559,lower
REF,0.44,0.4400,0.879380,-0.015336,0.033157,lower
REF,0.44,0.4400,0.888767,-0.014267,0.045259,lower
REF,0.44,0.4400,0.897965,-0.013204,0.057904,lower
REF,0.44,0.4400,0.906971,-0.012147,0.071132,lower
REF,0.44,0.4400,0.915784,-0.011100,0.084988,lower
REF,0.44,0.4400,0.924403,-0.010062,0.099519,lower
REF,0.44,0.4400,0.932828,-0.009037,0.114781,lower
REF,0.44,0.4400,0.941059,-0.008025,0.130838,lower
REF,0.44,0.4400,0.949096,-0.007029,0.147773,lower
REF,0.44,0.4400,0.956938,-0.006050,0.165691,lower
REF,0.44,0.4400,0.964588,-0.005093,0.184744,lower
REF,0.44,0.4400,0.972047,-0.004158,0.205169,lower
REF,0.44,0.4400,0.979316,-0.003249,0.227358,lower
REF,0.44,0.4400,0.986396,-0.002368,0.252058,lower
REF,0.44,0.4400,0.993290,-0.001519,0.280819,lower
REF,0.44,0.4400,1.000000,-0.000705,0.319419,lower
REF,0.65,0.6500,0.000000,0.000000,0.843098,upper
REF,0.65,0.6500,0.000004,0.000389,0.832110,upper
REF,0.65,0.6500,0.000019,0.000793,0.820224,upper
REF,0.65,0.6500,0.000043,0.001214,0.806599,upper
REF,0.65,0.6500,0.000080,0.001650,0.791076,upper
REF,0.65,0.6500,0.000131,0.002104,0.773499,upper
REF,0.65,0.6500,0.000196,0.002574,0.753710,upper
REF,0.65,0.6500,0.000278,0.003062,0.731553,upper
REF,0.65,0.6500,0.000377,0.003566,0.706878,upper
REF,0.65,0.6500,0.000497,0.004088,0.679541,upper
REF,0.65,0.6500,0.000638,0.004627,0.649410,upper
REF,0.65,0.6500,0.000803,0.005183,0.616371,upper
REF,0.65,0.6500,0.000993,0.005755,0.580332,upper
REF,0.65,0.6500,0.001211,0.006343,0.541229,upper
REF,0.65,0.6500,0.001458,0.006948,0.499031,upper
REF,0.65,0.6500,0.001738,0.007567,0.453748,upper
REF,0.65,0.6500,0.002052,0.008200,0.405432,upper
REF,0.65,0.6500,0.002402,0.008847,0.354179,upper
REF,0.65,0.6500,0.002791,0.009505,0.300140,upper
REF,0.65,0.6500,0.003221,0.010175,0.243521,upper
REF,0.65,0.6500,0.003694,0.010854,0.184578,upper
REF,0.65,0.6500,0.004212,0.011542,0.123621,upper
REF,0.65,0.6500,0.004777,0.012236,0.061006,upper
REF,0.65,0.6500,0.005392,0.012935,-0.002868,upper
REF,0.65,0.6500,0.006058,0.013638,-0.067570,upper
REF,0.65,0.6500,0.006777,0.014342,-0.132641,upper
REF,0.65,0.6500,0.007551,0.015047,-0.197596,upper
REF,0.65,0.6500,0.008382,0.015751,-0.261951,upper
REF,0.65,0.6500,0.009271,0.016451,-0.325326,upper
REF,0.65,0.6500,0.010219,0.017147,-0.387364,upper
REF,0.65,0.6500,0.011228,0.017838,-0.447692,upper
REF,0.65,0.6500,0.012300,0.018521,-0.506360,upper
REF,0.65,0.6500,0.013436,0.019195,-0.564363,upper
REF,0.65,0.6500,0.014637,0.019860,-0.619457,upper
REF,0.65,0.6500,0.015904,0.020515,-0.670047,upper
REF,0.65,0.6500,0.017239,0.021159,-0.716908,upper
REF,0.65,0.6500,0.018643,0.021791,-0.759695,upper
REF,0.65,0.6500,0.020117,0.022410,-0.798796,upper
REF,0.65,0.6500,0.021664,0.023016,-0.834341,upper
REF,0.65,0.6500,0.023284,0.023610,-0.866421,upper
REF,0.65,0.6500,0.024979,0.024190,-0.895126,upper
REF,0.65,0.6500,0.026750,0.024757,-0.920552,upper
REF,0.65,0.6500,0.028600,0.025311,-0.942805,upper
REF,0.65,0.6500,0.030531,0.025853,-0.961994,upper
REF,0.65,0.6500,0.032543,0.026382,-0.978230,upper
REF,0.65,0.6500,0.034640,0.026899,-0.991628,upper
REF,0.65,0.6500,0.036823,0.027404,-1.002312,upper
REF,0.65,0.6500,0.039094,0.027899,-1.010420,upper
REF,0.65,0.6500,0.041456,0.028383,-1.016104,upper
REF,0.65,0.6500,0.043911,0.028859,-1.019524,upper
REF,0.65,0.6500,0.046462,0.029326,-1.020844,upper
REF,0.65,0.6500,0.049112,0.029785,-1.020228,upper
REF,0.65,0.6500,0.051862,0.030238,-1.017831,upper
REF,0.65,0.6500,0.054716,0.030686,-1.013800,upper
REF,0.65,0.6500,0.057676,0.031129,-1.008276,upper
REF,0.65,0.6500,0.060746,0.031569,-1.001389,upper
REF,0.65,0.6500,0.063928,0.032006,-0.993262,upper
REF,0.65,0.6500,0.067226,0.032442,-0.984012,upper
REF,0.65,0.6500,0.070642,0.032877,-0.973753,upper
REF,0.65,0.6500,0.074181,0.033313,-0.962590,upper
REF,0.65,0.6500,0.077844,0.033751,-0.950611,upper
REF,0.65,0.6500,0.081635,0.034191,-0.937881,upper
REF,0.65,0.6500,0.085558,0.034634,-0.924439,upper
REF,0.65,0.6500,0.089616,0.035080,-0.910300,upper
REF,0.65,0.6500,0.093813,0.035530,-0.895450,upper
REF,0.65,0.6500,0.098151,0.035985,-0.879842,upper
REF,0.65,0.6500,0.102634,0.036444,-0.863357,upper
REF,0.65,0.6500,0.107265,0.036907,-0.845735,upper
REF,0.65,0.6500,0.112049,0.037375,-0.826454,upper
REF,0.65,0.6500,0.116988,0.037847,-0.804587,upper
REF,0.65,0.6500,0.122085,0.038323,-0.778802,upper
REF,0.65,0.6500,0.127344,0.038801,-0.747980,upper
REF,0.65,0.6500,0.132769,0.039282,-0.712949,upper
REF,0.65,0.6500,0.138361,0.039764,-0.678228,upper
REF,0.65,0.6500,0.144125,0.040246,-0.650486,upper
REF,0.65,0.6500,0.150063,0.040726,-0.633617,upper
REF,0.65,0.6500,0.156179,0.041204,-0.626341,upper
REF,0.65,0.6500,0.162474,0.041678,-0.624931,upper
REF,0.65,0.6500,0.168952,0.042147,-0.626440,upper
REF,0.65,0.6500,0.175614,0.042610,-0.629394,upper
REF,0.65,0.6500,0.182464,0.043064,-0.633164,upper
REF,0.65,0.6500,0.189502,0.043509,-0.637425,upper
REF,0.65,0.6500,0.196731,0.043942,-0.641929,upper
REF,0.65,0.6500,0.204152,0.044364,-0.646461,upper
REF,0.65,0.6500,0.211767,0.044773,-0.650837,upper
REF,0.65,0.6500,0.219576,0.045168,-0.654907,upper
REF,0.65,0.6500,0.227580,0.045547,-0.658563,upper
REF,0.65,0.6500,0.235779,0.045911,-0.661732,upper
REF,0.65,0.6500,0.244175,0.046258,-0.664376,upper
REF,0.65,0.6500,0.252765,0.046588,-0.666493,upper
REF,0.65,0.6500,0.261551,0.046900,-0.668114,upper
REF,0.65,0.6500,0.270530,0.047194,-0.669301,upper
REF,0.65,0.6500,0.279701,0.047468,-0.670148,upper
REF,0.65,0.6500,0.289064,0.047723,-0.670780,upper
REF,0.65,0.6500,0.298615,0.047957,-0.671341,upper
REF,0.65,0.6500,0.308352,0.048168,-0.671996,upper
REF,0.65,0.6500,0.318273,0.048357,-0.672917,upper
REF,0.65,0.6500,0.328374,0.048520,-0.674274,upper
REF,0.65,0.6500,0.338651,0.048657,-0.676231,upper
REF,0.65,0.6500,0.349100,0.048765,-0.678931,upper
REF,0.65,0.6500,0.359716,0.048843,-0.682484,upper
REF,0.65,0.6500,0.370496,0.048887,-0.686947,upper
REF,0.65,0.6500,0.381432,0.048894,-0.692324,upper
REF,0.65,0.6500,0.392519,0.048863,-0.698566,upper
REF,0.65,0.6500,0.403750,0.048790,-0.705575,upper
REF,0.65,0.6500,0.415120,0.048673,-0.713217,upper
REF,0.65,0.6500,0.426620,0.048509,-0.721317,upper
REF,0.65,0.6500,0.438243,0.048296,-0.729677,upper
REF,0.65,0.6500,0.449982,0.048033,-0.738068,upper
REF,0.65,0.6500,0.461826,0.047717,-0.746239,upper
REF,0.65,0.6500,0.473769,0.047347,-0.753896,upper
REF,0.65,0.6500,0.485800,0.046924,-0.760640,upper
REF,0.65,0.6500,0.497911,0.046447,-0.765654,upper
REF,0.65,0.6500,0.510092,0.045918,-0.765658,upper
REF,0.65,0.6500,0.522334,0.045337,-0.736347,upper
REF,0.65,0.6500,0.534626,0.044707,-0.575969,upper
REF,0.65,0.6500,0.546959,0.044030,-0.321207,upper
REF,0.65,0.6500,0.559322,0.043308,-0.172771,upper
REF,0.65,0.6500,0.571705,0.042545,-0.145136,upper
REF,0.65,0.6500,0.584099,0.041745,-0.146764,upper
REF,0.65,0.6500,0.596493,0.040910,-0.151060,upper
REF,0.65,0.6500,0.608876,0.040043,-0.152945,upper
REF,0.65,0.6500,0.621239,0.039149,-0.152019,upper
REF,0.65,0.6500,0.633572,0.038230,-0.148837,upper
REF,0.65,0.6500,0.645864,0.037290,-0.144024,upper
REF,0.65,0.6500,0.658106,0.036330,-0.138081,upper
REF,0.65,0.6500,0.670288,0.035354,-0.131377,upper
REF,0.65,0.6500,0.682401,0.034364,-0.124172,upper
REF,0.65,0.6500,0.694435,0.033360,-0.116644,upper
REF,0.65,0.6500,0.706381,0.032346,-0.108904,upper
REF,0.65,0.6500,0.718230,0.031322,-0.101018,upper
REF,0.65,0.6500,0.729973,0.030288,-0.093018,upper
REF,0.65,0.6500,0.741604,0.029247,-0.084911,upper
REF,0.65,0.6500,0.753112,0.028199,-0.076686,upper
REF,0.65,0.6500,0.764492,0.027144,-0.068323,upper
REF,0.65,0.6500,0.775735,0.026084,-0.059796,upper
REF,0.65,0.6500,0.786835,0.025019,-0.051075,upper
REF,0.65,0.6500,0.797786,0.023949,-0.042130,upper
REF,0.65,0.6500,0.808581,0.022876,-0.032932,upper
REF,0.65,0.6500,0.819215,0.021800,-0.023454,upper
REF,0.65,0.6500,0.829682,0.020722,-0.013670,upper
REF,0.65,0.6500,0.839979,0.019643,-0.003556,upper
REF,0.65,0.6500,0.850101,0.018564,0.006913,upper
REF,0.65,0.6500,0.860044,0.017485,0.017760,upper
REF,0.65,0.6500,0.869805,0.016409,0.029011,upper
REF,0.65,0.6500,0.879380,0.015336,0.040693,upper
REF,0.65,0.6500,0.888767,0.014267,0.052834,upper
REF,0.65,0.6500,0.897965,0.013204,0.065468,upper
REF,0.65,0.6500,0.906971,0.012147,0.078631,upper
REF,0.65,0.6500,0.915784,0.011100,0.092362,upper
REF,0.65,0.6500,0.924403,0.010062,0.106709,upper
REF,0.65,0.6500,0.932828,0.009037,0.121727,upper
REF,0.65,0.6500,0.941059,0.008025,0.137483,upper
REF,0.65,0.6500,0.949096,0.007029,0.154061,upper
REF,0.65,0.6500,0.956938,0.006050,0.171575,upper
REF,0.65,0.6500,0.964589,0.005093,0.190185,upper
REF,0.65,0.6500,0.972047,0.004158,0.210130,upper
REF,0.65,0.6500,0.979316,0.003249,0.231791,upper
REF,0.65,0.6500,0.986396,0.002368,0.255858,upper
REF,0.65,0.6500,0.993290,0.001519,0.283768,upper
REF,0.65,0.6500,1.000000,0.000705,0.322533,upper
REF,0.65,0.6500,0.000000,0.000000,0.843098,lower
REF,0.65,0.6500,0.000004,-0.000389,0.854203,lower
REF,0.65,0.6500,0.000019,-0.000793,0.865124,lower
REF,0.65,0.6500,0.000043,-0.001214,0.875212,lower
REF,0.65,0.6500,0.000080,-0.001650,0.884278,lower
REF,0.65,0.6500,0.000131,-0.002104,0.892135,lower
REF,0.65,0.6500,0.000196,-0.002574,0.898573,lower
REF,0.65,0.6500,0.000278,-0.003062,0.903328,lower
REF,0.65,0.6500,0.000377,-0.003566,0.905987,lower
REF,0.65,0.6500,0.000497,-0.004088,0.906904,lower
REF,0.65,0.6500,0.000638,-0.004627,0.906317,lower
REF,0.65,0.6500,0.000803,-0.005183,0.903680,lower
REF,0.65,0.6500,0.000993,-0.005755,0.898723,lower
REF,0.65,0.6500,0.001211,-0.006343,0.891266,lower
REF,0.65,0.6500,0.001458,-0.006948,0.881148,lower
REF,0.65,0.6500,0.001738,-0.007567,0.868231,lower
REF,0.65,0.6500,0.002052,-0.008200,0.852410,lower
REF,0.65,0.6500,0.002402,-0.008847,0.833611,lower
REF,0.65,0.6500,0.002791,-0.009505,0.811811,lower
REF,0.65,0.6500,0.003221,-0.010175,0.787035,lower
REF,0.65,0.6500,0.003694,-0.010854,0.759360,lower
REF,0.65,0.6500,0.004212,-0.011542,0.728922,lower
REF,0.65,0.6500,0.004777,-0.012236,0.695913,lower
REF,0.65,0.6500,0.005392,-0.012935,0.660584,lower
REF,0.65,0.6500,0.006058,-0.013638,0.623237,lower
REF,0.65,0.6500,0.006777,-0.014342,0.584223,lower
REF,0.65,0.6500,0.007551,-0.015047,0.543932,lower
REF,0.65,0.6500,0.008382,-0.015751,0.502784,lower
REF,0.65,0.6500,0.009271,-0.016451,0.461217,lower
REF,0.65,0.6500,0.010219,-0.017147,0.419673,lower
REF,0.65,0.6500,0.011228,-0.017838,0.378589,lower
REF,0.65,0.6500,0.012300,-0.018521,0.338383,lower
REF,0.65,0.6500,0.013436,-0.019195,0.299443,lower
REF,0.65,0.6500,0.014637,-0.019860,0.262120,lower
REF,0.65,0.6500,0.015904,-0.020515,0.226716,lower
REF,0.65,0.6500,0.017239,-0.021159,0.193483,lower
REF,0.65,0.6500,0.018643,-0.021791,0.162617,lower
REF,0.65,0.6500,0.020117,-0.022410,0.134259,lower
REF,0.65,0.6500,0.021664,-0.023016,0.108493,lower
REF,0.65,0.6500,0.023284,-0.023610,0.085352,lower
REF,0.65,0.6500,0.024979,-0.024190,0.064820,lower
REF,0.65,0.6500,0.026750,-0.024757,0.046827,lower
REF,0.65,0.6500,0.028600,-0.025311,0.031264,lower
REF,0.65,0.6500,0.030531,-0.025853,0.017998,lower
REF,0.65,0.6500,0.032543,-0.026382,0.006870,lower
REF,0.65,0.6500,0.034640,-0.026899,-0.002297,lower
REF,0.65,0.6500,0.036823,-0.027404,-0.009698,lower
REF,0.65,0.6500,0.039094,-0.027899,-0.015532,lower
REF,0.65,0.6500,0.041456,-0.028383,-0.020002,lower
REF,0.65,0.6500,0.043911,-0.028859,-0.023307,lower
REF,0.65,0.6500,0.046462,-0.029326,-0.025641,lower
REF,0.65,0.6500,0.049112,-0.029785,-0.027187,lower
REF,0.65,0.6500,0.051862,-0.030238,-0.028119,lower
REF,0.65,0.6500,0.054716,-0.030686,-0.028597,lower
REF,0.65,0.6500,0.057676,-0.031129,-0.028768,lower
REF,0.65,0.6500,0.060746,-0.031569,-0.028768,lower
REF,0.65,0.6500,0.063928,-0.032006,-0.028716,lower
REF,0.65,0.6500,0.067226,-0.032442,-0.028720,lower
REF,0.65,0.6500,0.070642,-0.032877,-0.028877,lower
REF,0.65,0.6500,0.074181,-0.033313,-0.029267,lower
REF,0.65,0.6500,0.077844,-0.033751,-0.029963,lower
REF,0.65,0.6500,0.081635,-0.034191,-0.031025,lower
REF,0.65,0.6500,0.085558,-0.034634,-0.032500,lower
REF,0.65,0.6500,0.089616,-0.035080,-0.034428,lower
REF,0.65,0.6500,0.093813,-0.035530,-0.036835,lower
REF,0.65,0.6500,0.098151,-0.035985,-0.039741,lower
REF,0.65,0.6500,0.102634,-0.036444,-0.043154,lower
REF,0.65,0.6500,0.107265,-0.036907,-0.047072,lower
REF,0.65,0.6500,0.112049,-0.037375,-0.051485,lower
REF,0.65,0.6500,0.116988,-0.037847,-0.056374,lower
REF,0.65,0.6500,0.122085,-0.038323,-0.061711,lower
REF,0.65,0.6500,0.127344,-0.038801,-0.067460,lower
REF,0.65,0.6500,0.132769,-0.039282,-0.073578,lower
REF,0.65,0.6500,0.138361,-0.039764,-0.080015,lower
REF,0.65,0.6500,0.144125,-0.040246,-0.086715,lower
REF,0.65,0.6500,0.150063,-0.040726,-0.093620,lower
REF,0.65,0.6500,0.156179,-0.041204,-0.100665,lower
REF,0.65,0.6500,0.162474,-0.041678,-0.107789,lower
REF,0.65,0.6500,0.168952,-0.042147,-0.114926,lower
REF,0.65,0.6500,0.175614,-0.042610,-0.122018,lower
REF,0.65,0.6500,0.182464,-0.043064,-0.129007,lower
REF,0.65,0.6500,0.189502,-0.043509,-0.135846,lower
REF,0.65,0.6500,0.196731,-0.043942,-0.142494,lower
REF,0.65,0.6500,0.204152,-0.044364,-0.148921,lower
REF,0.65,0.6500,0.211767,-0.044773,-0.155111,lower
REF,0.65,0.6500,0.219576,-0.045168,-0.161058,lower
REF,0.65,0.6500,0.227580,-0.045547,-0.166770,lower
REF,0.65,0.6500,0.235779,-0.045911,-0.172270,lower
REF,0.65,0.6500,0.244175,-0.046258,-0.177588,lower
REF,0.65,0.6500,0.252765,-0.046588,-0.182771,lower
REF,0.65,0.6500,0.261551,-0.046900,-0.187867,lower
REF,0.65,0.6500,0.270530,-0.047194,-0.192933,lower
REF,0.65,0.6500,0.279701,-0.047468,-0.198026,lower
REF,0.65,0.6500,0.289064,-0.047723,-0.203201,lower
REF,0.65,0.6500,0.298615,-0.047957,-0.208507,lower
REF,0.65,0.6500,0.308352,-0.048168,-0.213982,lower
REF,0.65,0.6500,0.318273,-0.048357,-0.219651,lower
REF,0.65,0.6500,0.328374,-0.048520,-0.225520,lower
REF,0.65,0.6500,0.338651,-0.048657,-0.231575,lower
REF,0.65,0.6500,0.349100,-0.048765,-0.237779,lower
REF,0.65,0.6500,0.359716,-0.048843,-0.244067,lower
REF,0.65,0.6500,0.370496,-0.048887,-0.250351,lower
REF,0.65,0.6500,0.381432,-0.048894,-0.256512,lower
REF,0.65,0.6500,0.392519,-0.048863,-0.262408,lower
REF,0.65,0.6500,0.403750,-0.048790,-0.267877,lower
REF,0.65,0.6500,0.415120,-0.048673,-0.272735,lower
REF,0.65,0.6500,0.426620,-0.048509,-0.276792,lower
REF,0.65,0.6500,0.438243,-0.048296,-0.279857,lower
REF,0.65,0.6500,0.449982,-0.048033,-0.281750,lower
REF,0.65,0.6500,0.461826,-0.047717,-0.282316,lower
REF,0.65,0.6500,0.473769,-0.047347,-0.281436,lower
REF,0.65,0.6500,0.485800,-0.046924,-0.279043,lower
REF,0.65,0.6500,0.497911,-0.046447,-0.275125,lower
REF,0.65,0.6500,0.510092,-0.045918,-0.269729,lower
REF,0.65,0.6500,0.522334,-0.045337,-0.262957,lower
REF,0.65,0.6500,0.534626,-0.044707,-0.254958,lower
REF,0.65,0.6500,0.546959,-0.044030,-0.245914,lower
REF,0.65,0.6500,0.559322,-0.043308,-0.236025,lower
REF,0.65,0.6500,0.571705,-0.042545,-0.225498,lower
REF,0.65,0.6500,0.584099,-0.041745,-0.214536,lower
REF,0.65,0.6500,0.596493,-0.040910,-0.203323,lower
REF,0.65,0.6500,0.608876,-0.040043,-0.192024,lower
REF,0.65,0.6500,0.621239,-0.039149,-0.180779,lower
REF,0.65,0.6500,0.633572,-0.038230,-0.169698,lower
REF,0.65,0.6500,0.645864,-0.037290,-0.158865,lower
REF,0.65,0.6500,0.658106,-0.036330,-0.148337,lower
REF,0.65,0.6500,0.670288,-0.035354,-0.138145,lower
REF,0.65,0.6500,0.682401,-0.034364,-0.128297,lower
REF,0.65,0.6500,0.694435,-0.033360,-0.118781,lower
REF,0.65,0.6500,0.706381,-0.032346,-0.109569,lower
REF,0.65,0.6500,0.718230,-0.031322,-0.100620,lower
REF,0.65,0.6500,0.729973,-0.030288,-0.091882,lower
REF,0.65,0.6500,0.741604,-0.029247,-0.083298,lower
REF,0.65,0.6500,0.753112,-0.028199,-0.074805,lower
REF,0.65,0.6500,0.764492,-0.027144,-0.066343,lower
REF,0.65,0.6500,0.775735,-0.026084,-0.057849,lower
REF,0.65,0.6500,0.786835,-0.025019,-0.049266,lower
REF,0.65,0.6500,0.797786,-0.023949,-0.040541,lower
REF,0.65,0.6500,0.808581,-0.022876,-0.031623,lower
REF,0.65,0.6500,0.819215,-0.021800,-0.022468,lower
REF,0.65,0.6500,0.829682,-0.020722,-0.013033,lower
REF,0.65,0.6500,0.839979,-0.019643,-0.003282,lower
REF,0.65,0.6500,0.850101,-0.018564,0.006823,lower
REF,0.65,0.6500,0.860044,-0.017485,0.017316,lower
REF,0.65,0.6500,0.869805,-0.016409,0.028233,lower
REF,0.65,0.6500,0.879380,-0.015336,0.039610,lower
REF,0.65,0.6500,0.888767,-0.014267,0.051483,lower
REF,0.65,0.6500,0.897965,-0.013204,0.063892,lower
REF,0.65,0.6500,0.906971,-0.012147,0.076879,lower
REF,0.65,0.6500,0.915784,-0.011100,0.090489,lower
REF,0.65,0.6500,0.924403,-0.010062,0.104772,lower
REF,0.65,0.6500,0.932828,-0.009037,0.119784,lower
REF,0.65,0.6500,0.941059,-0.008025,0.135591,lower
REF,0.65,0.6500,0.949096,-0.007029,0.152276,lower
REF,0.65,0.6500,0.956938,-0.006050,0.169944,lower
REF,0.65,0.6500,0.964589,-0.005093,0.188749,lower
REF,0.65,0.6500,0.972047,-0.004158,0.208926,lower
REF,0.65,0.6500,0.979316,-0.003249,0.230865,lower
REF,0.65,0.6500,0.986396,-0.002368,0.255308,lower
REF,0.65,0.6500,0.993290,-0.001519,0.283793,lower
REF,0.65,0.6500,1.000000,-0.000705,0.322287,lower
REF,0.80,0.8000,0.000000,0.000000,0.830677,upper
REF,0.80,0.8000,0.000005,0.000389,0.819402,upper
REF,0.80,0.8000,0.000019,0.000793,0.807223,upper
REF,0.80,0.8000,0.000043,0.001214,0.793294,upper
REF,0.80,0.8000,0.000080,0.001650,0.777458,upper
REF,0.80,0.8000,0.000131,0.002104,0.759558,upper
REF,0.80,0.8000,0.000196,0.002574,0.739437,upper
REF,0.80,0.8000,0.000278,0.003062,0.716941,upper
REF,0.80,0.8000,0.000377,0.003566,0.691919,upper
REF,0.80,0.8000,0.000497,0.004088,0.664229,upper
REF,0.80,0.8000,0.000638,0.004627,0.633740,upper
REF,0.80,0.8000,0.000803,0.005183,0.600340,upper
REF,0.80,0.8000,0.000993,0.005755,0.563938,upper
REF,0.80,0.8000,0.001211,0.006343,0.524471,upper
REF,0.80,0.8000,0.001458,0.006948,0.481912,upper
REF,0.80,0.8000,0.001738,0.007567,0.436271,upper
REF,0.80,0.8000,0.002052,0.008200,0.387604,upper
REF,0.80,0.8000,0.002402,0.008847,0.336008,upper
REF,0.80,0.8000,0.002791,0.009505,0.281639,upper
REF,0.80,0.8000,0.003221,0.010175,0.224702,upper
REF,0.80,0.8000,0.003694,0.010854,0.165456,upper
REF,0.80,0.8000,0.004212,0.011542,0.104214,upper
REF,0.80,0.8000,0.004777,0.012236,0.041333,upper
REF,0.80,0.8000,0.005392,0.012935,-0.022787,upper
REF,0.80,0.8000,0.006058,0.013638,-0.087714,upper
REF,0.80,0.8000,0.006777,0.014342,-0.152988,upper
REF,0.80,0.8000,0.007551,0.015047,-0.218117,upper
REF,0.80,0.8000,0.008382,0.015751,-0.282641,upper
REF,0.80,0.8000,0.009271,0.016451,-0.346191,upper
REF,0.80,0.8000,0.010219,0.017147,-0.408402,upper
REF,0.80,0.8000,0.011228,0.017838,-0.468923,upper
REF,0.80,0.8000,0.012300,0.018521,-0.528554,upper
REF,0.80,0.8000,0.013436,0.019195,-0.586508,upper
REF,0.80,0.8000,0.014637,0.019860,-0.641219,upper
REF,0.80,0.8000,0.015904,0.020515,-0.692060,upper
REF,0.80,0.8000,0.017239,0.021159,-0.738648,upper
REF,0.80,0.8000,0.018643,0.021791,-0.781524,upper
REF,0.80,0.8000,0.020117,0.022410,-0.820814,upper
REF,0.80,0.8000,0.021664,0.023016,-0.856535,upper
REF,0.80,0.8000,0.023284,0.023610,-0.888767,upper
REF,0.80,0.8000,0.024979,0.024190,-0.917619,upper
REF,0.80,0.8000,0.026750,0.024757,-0.943210,upper
REF,0.80,0.8000,0.028600,0.025311,-0.965664,upper
REF,0.80,0.8000,0.030531,0.025853,-0.985100,upper
REF,0.80,0.8000,0.032543,0.026382,-1.001635,upper
REF,0.80,0.8000,0.034640,0.026899,-1.015385,upper
REF,0.80,0.8000,0.036823,0.027404,-1.026477,upper
REF,0.80,0.8000,0.039094,0.027899,-1.035053,upper
REF,0.80,0.8000,0.041456,0.028383,-1.041270,upper
REF,0.80,0.8000,0.043912,0.028859,-1.045294,upper
REF,0.80,0.8000,0.046463,0.029326,-1.047293,upper
REF,0.80,0.8000,0.049112,0.029785,-1.047433,upper
REF,0.80,0.8000,0.051862,0.030238,-1.045875,upper
REF,0.80,0.8000,0.054716,0.030686,-1.042771,upper
REF,0.80,0.8000,0.057676,0.031129,-1.038267,upper
REF,0.80,0.8000,0.060746,0.031569,-1.032500,upper
REF,0.80,0.8000,0.063928,0.032006,-1.025605,upper
REF,0.80,0.8000,0.067226,0.032442,-1.017708,upper
REF,0.80,0.8000,0.070643,0.032877,-1.008940,upper
REF,0.80,0.8000,0.074181,0.033313,-0.999425,upper
REF,0.80,0.8000,0.077844,0.033751,-0.989286,upper
REF,0.80,0.8000,0.081635,0.034191,-0.978634,upper
REF,0.80,0.8000,0.085558,0.034634,-0.967571,upper
REF,0.80,0.8000,0.089616,0.035080,-0.956178,upper
REF,0.80,0.8000,0.093813,0.035530,-0.944529,upper
REF,0.80,0.8000,0.098151,0.035985,-0.932693,upper
REF,0.80,0.8000,0.102634,0.036444,-0.920744,upper
REF,0.80,0.8000,0.107265,0.036907,-0.908762,upper
REF,0.80,0.8000,0.112049,0.037375,-0.896825,upper
REF,0.80,0.8000,0.116988,0.037847,-0.885003,upper
REF,0.80,0.8000,0.122085,0.038323,-0.873342,upper
REF,0.80,0.8000,0.127344,0.038801,-0.861861,upper
REF,0.80,0.8000,0.132769,0.039282,-0.850529,upper
REF,0.80,0.8000,0.138361,0.039764,-0.839250,upper
REF,0.80,0.8000,0.144125,0.040246,-0.827823,upper
REF,0.80,0.8000,0.150064,0.040726,-0.815914,upper
REF,0.80,0.8000,0.156179,0.041204,-0.803054,upper
REF,0.80,0.8000,0.162474,0.041678,-0.788748,upper
REF,0.80,0.8000,0.168952,0.042147,-0.772766,upper
REF,0.80,0.8000,0.175614,0.042610,-0.755543,upper
REF,0.80,0.8000,0.182464,0.043064,-0.738386,upper
REF,0.80,0.8000,0.189502,0.043509,-0.723133,upper
REF,0.80,0.8000,0.196731,0.043942,-0.711336,upper
REF,0.80,0.8000,0.204152,0.044364,-0.703609,upper
REF,0.80,0.8000,0.211767,0.044773,-0.699596,upper
REF,0.80,0.8000,0.219576,0.045168,-0.698429,upper
REF,0.80,0.8000,0.227580,0.045547,-0.699183,upper
REF,0.80,0.8000,0.235780,0.045911,-0.701106,upper
REF,0.80,0.8000,0.244175,0.046258,-0.703661,upper
REF,0.80,0.8000,0.252765,0.046588,-0.706481,upper
REF,0.80,0.8000,0.261551,0.046900,-0.709326,upper
REF,0.80,0.8000,0.270530,0.047194,-0.712043,upper
REF,0.80,0.8000,0.279701,0.047468,-0.714547,upper
REF,0.80,0.8000,0.289064,0.047723,-0.716806,upper
REF,0.80,0.8000,0.298615,0.047957,-0.718809,upper
REF,0.80,0.8000,0.308352,0.048168,-0.720551,upper
REF,0.80,0.8000,0.318273,0.048357,-0.722050,upper
REF,0.80,0.8000,0.328374,0.048520,-0.723339,upper
REF,0.80,0.8000,0.338651,0.048657,-0.724441,upper
REF,0.80,0.8000,0.349100,0.048765,-0.725352,upper
REF,0.80,0.8000,0.359716,0.048843,-0.726016,upper
REF,0.80,0.8000,0.370496,0.048887,-0.726294,upper
REF,0.80,0.8000,0.381432,0.048894,-0.725924,upper
REF,0.80,0.8000,0.392519,0.048863,-0.724437,upper
REF,0.80,0.8000,0.403750,0.048790,-0.720986,upper
REF,0.80,0.8000,0.415120,0.048673,-0.713930,upper
REF,0.80,0.8000,0.426620,0.048509,-0.699677,upper
REF,0.80,0.8000,0.438243,0.048296,-0.669324,upper
REF,0.80,0.8000,0.449981,0.048033,-0.600087,upper
REF,0.80,0.8000,0.461826,0.047717,-0.469366,upper
REF,0.80,0.8000,0.473769,0.047347,-0.323702,upper
REF,0.80,0.8000,0.485800,0.046924,-0.230907,upper
REF,0.80,0.8000,0.497911,0.046447,-0.193677,upper
REF,0.80,0.8000,0.510092,0.045918,-0.186611,upper
REF,0.80,0.8000,0.522334,0.045337,-0.190417,upper
REF,0.80,0.8000,0.534626,0.044707,-0.196107,upper
REF,0.80,0.8000,0.546959,0.044030,-0.200021,upper
REF,0.80,0.8000,0.559322,0.043308,-0.201074,upper
REF,0.80,0.8000,0.571705,0.042545,-0.199258,upper
REF,0.80,0.8000,0.584099,0.041745,-0.194998,upper
REF,0.80,0.8000,0.596493,0.040910,-0.188830,upper
REF,0.80,0.8000,0.608876,0.040043,-0.181269,upper
REF,0.80,0.8000,0.621239,0.039149,-0.172761,upper
REF,0.80,0.8000,0.633572,0.038230,-0.163669,upper
REF,0.80,0.8000,0.645864,0.037290,-0.154271,upper
REF,0.80,0.8000,0.658106,0.036330,-0.144775,upper
REF,0.80,0.8000,0.670288,0.035354,-0.135320,upper
REF,0.80,0.8000,0.682401,0.034364,-0.125999,upper
REF,0.80,0.8000,0.694435,0.033360,-0.116857,upper
REF,0.80,0.8000,0.706381,0.032346,-0.107911,upper
REF,0.80,0.8000,0.718230,0.031322,-0.099147,upper
REF,0.80,0.8000,0.729973,0.030288,-0.090538,upper
REF,0.80,0.8000,0.741603,0.029247,-0.082041,upper
REF,0.80,0.8000,0.753112,0.028199,-0.073606,upper
REF,0.80,0.8000,0.764492,0.027144,-0.065180,upper
REF,0.80,0.8000,0.775735,0.026084,-0.056707,upper
REF,0.80,0.8000,0.786835,0.025019,-0.048135,upper
REF,0.80,0.8000,0.797785,0.023949,-0.039414,upper
REF,0.80,0.8000,0.808581,0.022876,-0.030497,upper
REF,0.80,0.8000,0.819215,0.021800,-0.021342,upper
REF,0.80,0.8000,0.829682,0.020722,-0.011910,upper
REF,0.80,0.8000,0.839979,0.019643,-0.002166,upper
REF,0.80,0.8000,0.850101,0.018564,0.007924,upper
REF,0.80,0.8000,0.860044,0.017485,0.018394,upper
REF,0.80,0.8000,0.869805,0.016409,0.029275,upper
REF,0.80,0.8000,0.879380,0.015336,0.040602,upper
REF,0.80,0.8000,0.888767,0.014267,0.052409,upper
REF,0.80,0.8000,0.897965,0.013204,0.064734,upper
REF,0.80,0.8000,0.906971,0.012147,0.077618,upper
REF,0.80,0.8000,0.915784,0.011100,0.091106,upper
REF,0.80,0.8000,0.924403,0.010062,0.105247,upper
REF,0.80,0.8000,0.932829,0.009037,0.120099,upper
REF,0.80,0.8000,0.941059,0.008025,0.135733,upper
REF,0.80,0.8000,0.949096,0.007029,0.152236,upper
REF,0.80,0.8000,0.956938,0.006050,0.169724,upper
REF,0.80,0.8000,0.964589,0.005093,0.188359,upper
REF,0.80,0.8000,0.972047,0.004158,0.208387,upper
REF,0.80,0.8000,0.979316,0.003249,0.230197,upper
REF,0.80,0.8000,0.986396,0.002368,0.254495,upper
REF,0.80,0.8000,0.993290,0.001519,0.282746,upper
REF,0.80,0.8000,1.000000,0.000705,0.321888,upper
REF,0.80,0.8000,0.000000,0.000000,0.830677,lower
REF,0.80,0.8000,0.000005,-0.000389,0.842069,lower
REF,0.80,0.8000,0.000019,-0.000793,0.853287,lower
REF,0.80,0.8000,0.000043,-0.001214,0.863684,lower
REF,0.80,0.8000,0.000080,-0.001650,0.873072,lower
REF,0.80,0.8000,0.000131,-0.002104,0.881266,lower
REF,0.80,0.8000,0.000196,-0.002574,0.888058,lower
REF,0.80,0.8000,0.000278,-0.003062,0.893196,lower
REF,0.80,0.8000,0.000377,-0.003566,0.896257,lower
REF,0.80,0.8000,0.000497,-0.004088,0.897488,lower
REF,0.80,0.8000,0.000638,-0.004627,0.897179,lower
REF,0.80,0.8000,0.000803,-0.005183,0.894874,lower
REF,0.80,0.8000,0.000993,-0.005755,0.890252,lower
REF,0.80,0.8000,0.001211,-0.006343,0.883137,lower
REF,0.80,0.8000,0.001458,-0.006948,0.873364,lower
REF,0.80,0.8000,0.001738,-0.007567,0.860793,lower
REF,0.80,0.8000,0.002052,-0.008200,0.845314,lower
REF,0.80,0.8000,0.002402,-0.008847,0.826852,lower
REF,0.80,0.8000,0.002791,-0.009505,0.805378,lower
REF,0.80,0.8000,0.003221,-0.010175,0.780916,lower
REF,0.80,0.8000,0.003694,-0.010854,0.753537,lower
REF,0.80,0.8000,0.004212,-0.011542,0.723374,lower
REF,0.80,0.8000,0.004777,-0.012236,0.690617,lower
REF,0.80,0.8000,0.005392,-0.012935,0.655512,lower
REF,0.80,0.8000,0.006058,-0.013638,0.618360,lower
REF,0.80,0.8000,0.006777,-0.014342,0.579508,lower
REF,0.80,0.8000,0.007551,-0.015047,0.539345,lower
REF,0.80,0.8000,0.008382,-0.015751,0.498287,lower
REF,0.80,0.8000,0.009271,-0.016451,0.456771,lower
REF,0.80,0.8000,0.010219,-0.017147,0.415239,lower
REF,0.80,0.8000,0.011228,-0.017838,0.374128,lower
REF,0.80,0.8000,0.012300,-0.018521,0.333855,lower
REF,0.80,0.8000,0.013436,-0.019195,0.294809,lower
REF,0.80,0.8000,0.014637,-0.019860,0.257340,lower
REF,0.80,0.8000,0.015904,-0.020515,0.221754,lower
REF,0.80,0.8000,0.017239,-0.021159,0.188304,lower
REF,0.80,0.8000,0.018643,-0.021791,0.157189,lower
REF,0.80,0.8000,0.020117,-0.022410,0.128551,lower
REF,0.80,0.8000,0.021664,-0.023016,0.102478,lower
REF,0.80,0.8000,0.023284,-0.023610,0.079006,lower
REF,0.80,0.8000,0.024979,-0.024190,0.058122,lower
REF,0.80,0.8000,0.026750,-0.024757,0.039762,lower
REF,0.80,0.8000,0.028600,-0.025311,0.023819,lower
REF,0.80,0.8000,0.030531,-0.025853,0.010163,lower
REF,0.80,0.8000,0.032543,-0.026382,-0.001359,lower
REF,0.80,0.8000,0.034640,-0.026899,-0.010925,lower
REF,0.80,0.8000,0.036823,-0.027404,-0.018725,lower
REF,0.80,0.8000,0.039094,-0.027899,-0.024956,lower
REF,0.80,0.8000,0.041456,-0.028383,-0.029819,lower
REF,0.80,0.8000,0.043912,-0.028859,-0.033512,lower
REF,0.80,0.8000,0.046463,-0.029326,-0.036228,lower
REF,0.80,0.8000,0.049112,-0.029785,-0.038149,lower
REF,0.80,0.8000,0.051862,-0.030238,-0.039449,lower
REF,0.80,0.8000,0.054716,-0.030686,-0.040289,lower
REF,0.80,0.8000,0.057676,-0.031129,-0.040816,lower
REF,0.80,0.8000,0.060746,-0.031569,-0.041166,lower
REF,0.80,0.8000,0.063928,-0.032006,-0.041460,lower
REF,0.80,0.8000,0.067226,-0.032442,-0.041807,lower
REF,0.80,0.8000,0.070643,-0.032877,-0.042303,lower
REF,0.80,0.8000,0.074181,-0.033313,-0.043031,lower
REF,0.80,0.8000,0.077844,-0.033751,-0.044065,lower
REF,0.80,0.8000,0.081635,-0.034191,-0.045464,lower
REF,0.80,0.8000,0.085558,-0.034634,-0.047279,lower
REF,0.80,0.8000,0.089616,-0.035080,-0.049550,lower
REF,0.80,0.8000,0.093813,-0.035530,-0.052304,lower
REF,0.80,0.8000,0.098151,-0.035985,-0.055562,lower
REF,0.80,0.8000,0.102634,-0.036444,-0.059332,lower
REF,0.80,0.8000,0.107265,-0.036907,-0.063615,lower
REF,0.80,0.8000,0.112049,-0.037375,-0.068400,lower
REF,0.80,0.8000,0.116988,-0.037847,-0.073670,lower
REF,0.80,0.8000,0.122085,-0.038323,-0.079396,lower
REF,0.80,0.8000,0.127344,-0.038801,-0.085544,lower
REF,0.80,0.8000,0.132769,-0.039282,-0.092070,lower
REF,0.80,0.8000,0.138361,-0.039764,-0.098924,lower
REF,0.80,0.8000,0.144125,-0.040246,-0.106051,lower
REF,0.80,0.8000,0.150064,-0.040726,-0.113390,lower
REF,0.80,0.8000,0.156179,-0.041204,-0.120878,lower
REF,0.80,0.8000,0.162474,-0.041678,-0.128449,lower
REF,0.80,0.8000,0.168952,-0.042147,-0.136040,lower
REF,0.80,0.8000,0.175614,-0.042610,-0.143587,lower
REF,0.80,0.8000,0.182464,-0.043064,-0.151032,lower
REF,0.80,0.8000,0.189502,-0.043509,-0.158323,lower
REF,0.80,0.8000,0.196731,-0.043942,-0.165419,lower
REF,0.80,0.8000,0.204152,-0.044364,-0.172284,lower
REF,0.80,0.8000,0.211767,-0.044773,-0.178898,lower
REF,0.80,0.8000,0.219576,-0.045168,-0.185251,lower
REF,0.80,0.8000,0.227580,-0.045547,-0.191348,lower
REF,0.80,0.8000,0.235780,-0.045911,-0.197204,lower
REF,0.80,0.8000,0.244175,-0.046258,-0.202848,lower
REF,0.80,0.8000,0.252765,-0.046588,-0.208316,lower
REF,0.80,0.8000,0.261551,-0.046900,-0.213655,lower
REF,0.80,0.8000,0.270530,-0.047194,-0.218913,lower
REF,0.80,0.8000,0.279701,-0.047468,-0.224139,lower
REF,0.80,0.8000,0.289064,-0.047723,-0.229381,lower
REF,0.80,0.8000,0.298615,-0.047957,-0.234679,lower
REF,0.80,0.8000,0.308352,-0.048168,-0.240062,lower
REF,0.80,0.8000,0.318273,-0.048357,-0.245542,lower
REF,0.80,0.8000,0.328374,-0.048520,-0.251116,lower
REF,0.80,0.8000,0.338651,-0.048657,-0.256756,lower
REF,0.80,0.8000,0.349100,-0.048765,-0.262409,lower
REF,0.80,0.8000,0.359716,-0.048843,-0.267997,lower
REF,0.80,0.8000,0.370496,-0.048887,-0.273415,lower
REF,0.80,0.8000,0.381432,-0.048894,-0.278530,lower
REF,0.80,0.8000,0.392519,-0.048863,-0.283186,lower
REF,0.80,0.8000,0.403750,-0.048790,-0.287207,lower
REF,0.80,0.8000,0.415120,-0.048673,-0.290406,lower
REF,0.80,0.8000,0.426620,-0.048509,-0.292591,lower
REF,0.80,0.8000,0.438243,-0.048296,-0.293581,lower
REF,0.80,0.8000,0.449981,-0.048033,-0.293219,lower
REF,0.80,0.8000,0.461826,-0.047717,-0.291386,lower
REF,0.80,0.8000,0.473769,-0.047347,-0.288014,lower
REF,0.80,0.8000,0.485800,-0.046924,-0.283092,lower
REF,0.80,0.8000,0.497911,-0.046447,-0.276674,lower
REF,0.80,0.8000,0.510092,-0.045918,-0.268870,lower
REF,0.80,0.8000,0.522334,-0.045337,-0.259838,lower
REF,0.80,0.8000,0.534626,-0.044707,-0.249772,lower
REF,0.80,0.8000,0.546959,-0.044030,-0.238882,lower
REF,0.80,0.8000,0.559322,-0.043308,-0.227384,lower
REF,0.80,0.8000,0.571705,-0.042545,-0.215487,lower
REF,0.80,0.8000,0.584099,-0.041745,-0.203386,lower
REF,0.80,0.8000,0.596493,-0.040910,-0.191250,lower
REF,0.80,0.8000,0.608876,-0.040043,-0.179227,lower
REF,0.80,0.8000,0.621239,-0.039149,-0.167433,lower
REF,0.80,0.8000,0.633572,-0.038230,-0.155960,lower
REF,0.80,0.8000,0.645864,-0.037290,-0.144872,lower
REF,0.80,0.8000,0.658106,-0.036330,-0.134207,lower
REF,0.80,0.8000,0.670288,-0.035354,-0.123982,lower
REF,0.80,0.8000,0.682401,-0.034364,-0.114191,lower
REF,0.80,0.8000,0.694435,-0.033360,-0.104813,lower
REF,0.80,0.8000,0.706381,-0.032346,-0.095809,lower
REF,0.80,0.8000,0.718230,-0.031322,-0.087129,lower
REF,0.80,0.8000,0.729973,-0.030288,-0.078717,lower
REF,0.80,0.8000,0.741603,-0.029247,-0.070507,lower
REF,0.80,0.8000,0.753112,-0.028199,-0.062433,lower
REF,0.80,0.8000,0.764492,-0.027144,-0.054428,lower
REF,0.80,0.8000,0.775735,-0.026084,-0.046427,lower
REF,0.80,0.8000,0.786835,-0.025019,-0.038367,lower
REF,0.80,0.8000,0.797785,-0.023949,-0.030188,lower
REF,0.80,0.8000,0.808581,-0.022876,-0.021838,lower
REF,0.80,0.8000,0.819215,-0.021800,-0.013266,lower
REF,0.80,0.8000,0.829682,-0.020722,-0.004427,lower
REF,0.80,0.8000,0.839979,-0.019643,0.004723,lower
REF,0.80,0.8000,0.850101,-0.018564,0.014222,lower
REF,0.80,0.8000,0.860044,-0.017485,0.024112,lower
REF,0.80,0.8000,0.869805,-0.016409,0.034429,lower
REF,0.80,0.8000,0.879380,-0.015336,0.045214,lower
REF,0.80,0.8000,0.888767,-0.014267,0.056508,lower
REF,0.80,0.8000,0.897965,-0.013204,0.068351,lower
REF,0.80,0.8000,0.906971,-0.012147,0.080791,lower
REF,0.80,0.8000,0.915784,-0.011100,0.093873,lower
REF,0.80,0.8000,0.924403,-0.010062,0.107651,lower
REF,0.80,0.8000,0.932829,-0.009037,0.122182,lower
REF,0.80,0.8000,0.941059,-0.008025,0.137536,lower
REF,0.80,0.8000,0.949096,-0.007029,0.153796,lower
REF,0.80,0.8000,0.956938,-0.006050,0.171072,lower
REF,0.80,0.8000,0.964589,-0.005093,0.189518,lower
REF,0.80,0.8000,0.972047,-0.004158,0.209374,lower
REF,0.80,0.8000,0.979316,-0.003249,0.231033,lower
REF,0.80,0.8000,0.986396,-0.002368,0.255239,lower
REF,0.80,0.8000,0.993290,-0.001519,0.283539,lower
REF,0.80,0.8000,1.000000,-0.000705,0.322142,lower
REF,0.90,0.9000,0.000000,0.000000,0.815305,upper
REF,0.90,0.9000,0.000004,0.000389,0.804106,upper
REF,0.90,0.9000,0.000019,0.000793,0.792000,upper
REF,0.90,0.9000,0.000043,0.001214,0.778143,upper
REF,0.90,0.9000,0.000080,0.001650,0.762379,upper
REF,0.90,0.9000,0.000131,0.002104,0.744551,upper
REF,0.90,0.9000,0.000196,0.002574,0.724502,upper
REF,0.90,0.9000,0.000278,0.003062,0.702076,upper
REF,0.90,0.9000,0.000377,0.003566,0.677123,upper
REF,0.90,0.9000,0.000497,0.004088,0.649501,upper
REF,0.90,0.9000,0.000638,0.004627,0.619079,upper
REF,0.90,0.9000,0.000803,0.005183,0.585745,upper
REF,0.90,0.9000,0.000993,0.005755,0.549408,upper
REF,0.90,0.9000,0.001211,0.006343,0.510005,upper
REF,0.90,0.9000,0.001458,0.006948,0.467509,upper
REF,0.90,0.9000,0.001738,0.007567,0.421931,upper
REF,0.90,0.9000,0.002052,0.008200,0.373325,upper
REF,0.90,0.9000,0.002402,0.008847,0.321791,upper
REF,0.90,0.9000,0.002791,0.009505,0.267483,upper
REF,0.90,0.9000,0.003221,0.010175,0.210607,upper
REF,0.90,0.9000,0.003694,0.010854,0.151423,upper
REF,0.90,0.9000,0.004212,0.011542,0.090241,upper
REF,0.90,0.9000,0.004777,0.012236,0.027421,upper
REF,0.90,0.9000,0.005392,0.012935,-0.036640,upper
REF,0.90,0.9000,0.006058,0.013638,-0.101509,upper
REF,0.90,0.9000,0.006777,0.014342,-0.166728,upper
REF,0.90,0.9000,0.007552,0.015047,-0.231804,upper
REF,0.90,0.9000,0.008382,0.015751,-0.296281,upper
REF,0.90,0.9000,0.009271,0.016451,-0.359793,upper
REF,0.90,0.9000,0.010219,0.017147,-0.421978,upper
REF,0.90,0.9000,0.011228,0.017838,-0.482488,upper
REF,0.90,0.9000,0.012300,0.018521,-0.542425,upper
REF,0.90,0.9000,0.013436,0.019195,-0.600437,upper
REF,0.90,0.9000,0.014637,0.019860,-0.654840,upper
REF,0.90,0.9000,0.015904,0.020515,-0.705651,upper
REF,0.90,0.9000,0.017239,0.021159,-0.752370,upper
REF,0.90,0.9000,0.018643,0.021791,-0.795381,upper
REF,0.90,0.9000,0.020117,0.022410,-0.834709,upper
REF,0.90,0.9000,0.021664,0.023016,-0.870464,upper
REF,0.90,0.9000,0.023284,0.023610,-0.902766,upper
REF,0.90,0.9000,0.024979,0.024190,-0.931734,upper
REF,0.90,0.9000,0.026750,0.024757,-0.957485,upper
REF,0.90,0.9000,0.028600,0.025311,-0.980135,upper
REF,0.90,0.9000,0.030531,0.025853,-0.999798,upper
REF,0.90,0.9000,0.032543,0.026382,-1.016591,upper
REF,0.90,0.9000,0.034640,0.026899,-1.030632,upper
REF,0.90,0.9000,0.036823,0.027404,-1.042055,upper
REF,0.90,0.9000,0.039094,0.027899,-1.051007,upper
REF,0.90,0.9000,0.041456,0.028383,-1.057647,upper
REF,0.90,0.9000,0.043912,0.028859,-1.062144,upper
REF,0.90,0.9000,0.046463,0.029326,-1.064666,upper
REF,0.90,0.9000,0.049112,0.029785,-1.065382,upper
REF,0.90,0.9000,0.051862,0.030238,-1.064450,upper
REF,0.90,0.9000,0.054716,0.030686,-1.062027,upper
REF,0.90,0.9000,0.057676,0.031129,-1.058259,upper
REF,0.90,0.9000,0.060746,0.031569,-1.053288,upper
REF,0.90,0.9000,0.063928,0.032006,-1.047249,upper
REF,0.90,0.9000,0.067226,0.032442,-1.040276,upper
REF,0.90,0.9000,0.070642,0.032877,-1.032500,upper
REF,0.90,0.9000,0.074181,0.033313,-1.024053,upper
REF,0.90,0.9000,0.077844,0.033751,-1.015061,upper
REF,0.90,0.9000,0.081635,0.034191,-1.005649,upper
REF,0.90,0.9000,0.085558,0.034634,-0.995929,upper
REF,0.90,0.9000,0.089616,0.035080,-0.986002,upper
REF,0.90,0.9000,0.093813,0.035530,-0.975956,upper
REF,0.90,0.9000,0.098151,0.035985,-0.965870,upper
REF,0.90,0.9000,0.102634,0.036444,-0.955825,upper
REF,0.90,0.9000,0.107265,0.036907,-0.945907,upper
REF,0.90,0.9000,0.112049,0.037375,-0.936206,upper
REF,0.90,0.9000,0.116988,0.037847,-0.926809,upper
REF,0.90,0.9000,0.122085,0.038323,-0.917790,upper
REF,0.90,0.9000,0.127344,0.038801,-0.909202,upper
REF,0.90,0.9000,0.132769,0.039282,-0.901079,upper
REF,0.90,0.9000,0.138361,0.039764,-0.893443,upper
REF,0.90,0.9000,0.144125,0.040246,-0.886295,upper
REF,0.90,0.9000,0.150064,0.040726,-0.879612,upper
REF,0.90,0.9000,0.156179,0.041204,-0.873331,upper
REF,0.90,0.9000,0.162474,0.041678,-0.867351,upper
REF,0.90,0.9000,0.168952,0.042147,-0.861519,upper
REF,0.90,0.9000,0.175614,0.042610,-0.855625,upper
REF,0.90,0.9000,0.182464,0.043064,-0.849391,upper
REF,0.90,0.9000,0.189502,0.043509,-0.842469,upper
REF,0.90,0.9000,0.196731,0.043942,-0.834452,upper
REF,0.90,0.9000,0.204152,0.044364,-0.824931,upper
REF,0.90,0.9000,0.211767,0.044773,-0.813592,upper
REF,0.90,0.9000,0.219576,0.045168,-0.800345,upper
REF,0.90,0.9000,0.227580,0.045547,-0.785411,upper
REF,0.90,0.9000,0.235780,0.045911,-0.769295,upper
REF,0.90,0.9000,0.244175,0.046258,-0.752605,upper
REF,0.90,0.9000,0.252765,0.046588,-0.735824,upper
REF,0.90,0.9000,0.261551,0.046900,-0.719126,upper
REF,0.90,0.9000,0.270530,0.047194,-0.702307,upper
REF,0.90,0.9000,0.279701,0.047468,-0.684922,upper
REF,0.90,0.9000,0.289064,0.047723,-0.666478,upper
REF,0.90,0.9000,0.298615,0.047957,-0.646522,upper
REF,0.90,0.9000,0.308352,0.048168,-0.624618,upper
REF,0.90,0.9000,0.318273,0.048357,-0.600291,upper
REF,0.90,0.9000,0.328374,0.048520,-0.572980,upper
REF,0.90,0.9000,0.338651,0.048657,-0.541949,upper
REF,0.90,0.9000,0.349100,0.048765,-0.506310,upper
REF,0.90,0.9000,0.359716,0.048843,-0.465496,upper
REF,0.90,0.9000,0.370496,0.048887,-0.420821,upper
REF,0.90,0.9000,0.381432,0.048894,-0.376082,upper
REF,0.90,0.9000,0.392519,0.048863,-0.335891,upper
REF,0.90,0.9000,0.403750,0.048790,-0.303980,upper
REF,0.90,0.9000,0.415120,0.048673,-0.282011,upper
REF,0.90,0.9000,0.426620,0.048509,-0.269331,upper
REF,0.90,0.9000,0.438243,0.048296,-0.263849,upper
REF,0.90,0.9000,0.449981,0.048033,-0.263038,upper
REF,0.90,0.9000,0.461826,0.047717,-0.264567,upper
REF,0.90,0.9000,0.473769,0.047347,-0.266559,upper
REF,0.90,0.9000,0.485800,0.046924,-0.267668,upper
REF,0.90,0.9000,0.497911,0.046447,-0.267053,upper
REF,0.90,0.9000,0.510092,0.045918,-0.264309,upper
REF,0.90,0.9000,0.522334,0.045337,-0.259377,upper
REF,0.90,0.9000,0.534626,0.044707,-0.252447,upper
REF,0.90,0.9000,0.546959,0.044030,-0.243858,upper
REF,0.90,0.9000,0.559322,0.043308,-0.234012,upper
REF,0.90,0.9000,0.571705,0.042545,-0.223304,upper
REF,0.90,0.9000,0.584099,0.041745,-0.212088,upper
REF,0.90,0.9000,0.596493,0.040910,-0.200658,upper
REF,0.90,0.9000,0.608876,0.040043,-0.189244,upper
REF,0.90,0.9000,0.621239,0.039149,-0.178017,upper
REF,0.90,0.9000,0.633572,0.038230,-0.167101,upper
REF,0.90,0.9000,0.645864,0.037290,-0.156575,upper
REF,0.90,0.9000,0.658106,0.036330,-0.146483,upper
REF,0.90,0.9000,0.670288,0.035354,-0.136842,upper
REF,0.90,0.9000,0.682401,0.034364,-0.127641,upper
REF,0.90,0.9000,0.694435,0.033360,-0.118853,upper
REF,0.90,0.9000,0.706381,0.032346,-0.110434,upper
REF,0.90,0.9000,0.718230,0.031322,-0.102326,upper
REF,0.90,0.9000,0.729973,0.030288,-0.094467,upper
REF,0.90,0.9000,0.741604,0.029247,-0.086787,upper
REF,0.90,0.9000,0.753112,0.028199,-0.079216,upper
REF,0.90,0.9000,0.764492,0.027144,-0.071682,upper
REF,0.90,0.9000,0.775735,0.026084,-0.064120,upper
REF,0.90,0.9000,0.786835,0.025019,-0.056464,upper
REF,0.90,0.9000,0.797785,0.023949,-0.048659,upper
REF,0.90,0.9000,0.808581,0.022876,-0.040649,upper
REF,0.90,0.9000,0.819215,0.021800,-0.032386,upper
REF,0.90,0.9000,0.829682,0.020722,-0.023827,upper
REF,0.90,0.9000,0.839979,0.019643,-0.014931,upper
REF,0.90,0.9000,0.850101,0.018564,-0.005659,upper
REF,0.90,0.9000,0.860044,0.017485,0.004026,upper
REF,0.90,0.9000,0.869805,0.016409,0.014162,upper
REF,0.90,0.9000,0.879380,0.015336,0.024789,upper
REF,0.90,0.9000,0.888767,0.014267,0.035946,upper
REF,0.90,0.9000,0.897965,0.013204,0.047677,upper
REF,0.90,0.9000,0.906971,0.012147,0.060030,upper
REF,0.90,0.9000,0.915784,0.011100,0.073054,upper
REF,0.90,0.9000,0.924403,0.010062,0.086806,upper
REF,0.90,0.9000,0.932829,0.009037,0.101351,upper
REF,0.90,0.9000,0.941059,0.008025,0.116765,upper
REF,0.90,0.9000,0.949096,0.007029,0.133142,upper
REF,0.90,0.9000,0.956939,0.006050,0.150605,upper
REF,0.90,0.9000,0.964589,0.005093,0.169327,upper
REF,0.90,0.9000,0.972047,0.004158,0.189561,upper
REF,0.90,0.9000,0.979316,0.003249,0.211714,upper
REF,0.90,0.9000,0.986396,0.002368,0.236512,upper
REF,0.90,0.9000,0.993290,0.001519,0.265467,upper
REF,0.90,0.9000,1.000000,0.000705,0.305835,upper
REF,0.90,0.9000,0.000000,0.000000,0.815305,lower
REF,0.90,0.9000,0.000004,-0.000389,0.826616,lower
REF,0.90,0.9000,0.000019,-0.000793,0.837746,lower
REF,0.90,0.9000,0.000043,-0.001214,0.848049,lower
REF,0.90,0.9000,0.000080,-0.001650,0.857335,lower
REF,0.90,0.9000,0.000131,-0.002104,0.865417,lower
REF,0.90,0.9000,0.000196,-0.002574,0.872089,lower
REF,0.90,0.9000,0.000278,-0.003062,0.877094,lower
REF,0.90,0.9000,0.000377,-0.003566,0.879992,lower
REF,0.90,0.9000,0.000497,-0.004088,0.881089,lower
REF,0.90,0.9000,0.000638,-0.004627,0.880658,lower
REF,0.90,0.9000,0.000803,-0.005183,0.878180,lower
REF,0.90,0.9000,0.000993,-0.005755,0.873370,lower
REF,0.90,0.9000,0.001211,-0.006343,0.866049,lower
REF,0.90,0.9000,0.001458,-0.006948,0.856054,lower
REF,0.90,0.9000,0.001738,-0.007567,0.843243,lower
REF,0.90,0.9000,0.002052,-0.008200,0.827507,lower
REF,0.90,0.9000,0.002402,-0.008847,0.808769,lower
REF,0.90,0.9000,0.002791,-0.009505,0.787002,lower
REF,0.90,0.9000,0.003221,-0.010175,0.762227,lower
REF,0.90,0.9000,0.003694,-0.010854,0.734517,lower
REF,0.90,0.9000,0.004212,-0.011542,0.704004,lower
REF,0.90,0.9000,0.004777,-0.012236,0.670877,lower
REF,0.90,0.9000,0.005392,-0.012935,0.635384,lower
REF,0.90,0.9000,0.006058,-0.013638,0.597825,lower
REF,0.90,0.9000,0.006777,-0.014342,0.558548,lower
REF,0.90,0.9000,0.007552,-0.015047,0.517941,lower
REF,0.90,0.9000,0.008382,-0.015751,0.476422,lower
REF,0.90,0.9000,0.009271,-0.016451,0.434429,lower
REF,0.90,0.9000,0.010219,-0.017147,0.392405,lower
REF,0.90,0.9000,0.011228,-0.017838,0.350785,lower
REF,0.90,0.9000,0.012300,-0.018521,0.309990,lower
REF,0.90,0.9000,0.013436,-0.019195,0.270410,lower
REF,0.90,0.9000,0.014637,-0.019860,0.232396,lower
REF,0.90,0.9000,0.015904,-0.020515,0.196256,lower
REF,0.90,0.9000,0.017239,-0.021159,0.162244,lower
REF,0.90,0.9000,0.018643,-0.021791,0.130563,lower
REF,0.90,0.9000,0.020117,-0.022410,0.101357,lower
REF,0.90,0.9000,0.021664,-0.023016,0.074716,lower
REF,0.90,0.9000,0.023284,-0.023610,0.050679,lower
REF,0.90,0.9000,0.024979,-0.024190,0.029237,lower
REF,0.90,0.9000,0.026750,-0.024757,0.010326,lower
REF,0.90,0.9000,0.028600,-0.025311,-0.006158,lower
REF,0.90,0.9000,0.030531,-0.025853,-0.020344,lower
REF,0.90,0.9000,0.032543,-0.026382,-0.032384,lower
REF,0.90,0.9000,0.034640,-0.026899,-0.042454,lower
REF,0.90,0.9000,0.036823,-0.027404,-0.050746,lower
REF,0.90,0.9000,0.039094,-0.027899,-0.057458,lower
REF,0.90,0.9000,0.041456,-0.028383,-0.062792,lower
REF,0.90,0.9000,0.043912,-0.028859,-0.066950,lower
REF,0.90,0.9000,0.046463,-0.029326,-0.070124,lower
REF,0.90,0.9000,0.049112,-0.029785,-0.072502,lower
REF,0.90,0.9000,0.051862,-0.030238,-0.074259,lower
REF,0.90,0.9000,0.054716,-0.030686,-0.075559,lower
REF,0.90,0.9000,0.057676,-0.031129,-0.076552,lower
REF,0.90,0.9000,0.060746,-0.031569,-0.077377,lower
REF,0.90,0.9000,0.063928,-0.032006,-0.078156,lower
REF,0.90,0.9000,0.067226,-0.032442,-0.079001,lower
REF,0.90,0.9000,0.070642,-0.032877,-0.080010,lower
REF,0.90,0.9000,0.074181,-0.033313,-0.081269,lower
REF,0.90,0.9000,0.077844,-0.033751,-0.082851,lower
REF,0.90,0.9000,0.081635,-0.034191,-0.084818,lower
REF,0.90,0.9000,0.085558,-0.034634,-0.087222,lower
REF,0.90,0.9000,0.089616,-0.035080,-0.090102,lower
REF,0.90,0.9000,0.093813,-0.035530,-0.093486,lower
REF,0.90,0.9000,0.098151,-0.035985,-0.097394,lower
REF,0.90,0.9000,0.102634,-0.036444,-0.101834,lower
REF,0.90,0.9000,0.107265,-0.036907,-0.106804,lower
REF,0.90,0.9000,0.112049,-0.037375,-0.112292,lower
REF,0.90,0.9000,0.116988,-0.037847,-0.118276,lower
REF,0.90,0.9000,0.122085,-0.038323,-0.124726,lower
REF,0.90,0.9000,0.127344,-0.038801,-0.131600,lower
REF,0.90,0.9000,0.132769,-0.039282,-0.138849,lower
REF,0.90,0.9000,0.138361,-0.039764,-0.146416,lower
REF,0.90,0.9000,0.144125,-0.040246,-0.154238,lower
REF,0.90,0.9000,0.150064,-0.040726,-0.162244,lower
REF,0.90,0.9000,0.156179,-0.041204,-0.170359,lower
REF,0.90,0.9000,0.162474,-0.041678,-0.178506,lower
REF,0.90,0.9000,0.168952,-0.042147,-0.186606,lower
REF,0.90,0.9000,0.175614,-0.042610,-0.194581,lower
REF,0.90,0.9000,0.182464,-0.043064,-0.202357,lower
REF,0.90,0.9000,0.189502,-0.043509,-0.209865,lower
REF,0.90,0.9000,0.196731,-0.043942,-0.217044,lower
REF,0.90,0.9000,0.204152,-0.044364,-0.223841,lower
REF,0.90,0.9000,0.211767,-0.044773,-0.230217,lower
REF,0.90,0.9000,0.219576,-0.045168,-0.236144,lower
REF,0.90,0.9000,0.227580,-0.045547,-0.241609,lower
REF,0.90,0.9000,0.235780,-0.045911,-0.246611,lower
REF,0.90,0.9000,0.244175,-0.046258,-0.251162,lower
REF,0.90,0.9000,0.252765,-0.046588,-0.255288,lower
REF,0.90,0.9000,0.261551,-0.046900,-0.259020,lower
REF,0.90,0.9000,0.270530,-0.047194,-0.262400,lower
REF,0.90,0.9000,0.279701,-0.047468,-0.265470,lower
REF,0.90,0.9000,0.289064,-0.047723,-0.268272,lower
REF,0.90,0.9000,0.298615,-0.047957,-0.270844,lower
REF,0.90,0.9000,0.308352,-0.048168,-0.273215,lower
REF,0.90,0.9000,0.318273,-0.048357,-0.275402,lower
REF,0.90,0.9000,0.328374,-0.048520,-0.277407,lower
REF,0.90,0.9000,0.338651,-0.048657,-0.279213,lower
REF,0.90,0.9000,0.349100,-0.048765,-0.280784,lower
REF,0.90,0.9000,0.359716,-0.048843,-0.282065,lower
REF,0.90,0.9000,0.370496,-0.048887,-0.282979,lower
REF,0.90,0.9000,0.381432,-0.048894,-0.283436,lower
REF,0.90,0.9000,0.392519,-0.048863,-0.283331,lower
REF,0.90,0.9000,0.403750,-0.048790,-0.282554,lower
REF,0.90,0.9000,0.415120,-0.048673,-0.280996,lower
REF,0.90,0.9000,0.426620,-0.048509,-0.278559,lower
REF,0.90,0.9000,0.438243,-0.048296,-0.275161,lower
REF,0.90,0.9000,0.449981,-0.048033,-0.270749,lower
REF,0.90,0.9000,0.461826,-0.047717,-0.265302,lower
REF,0.90,0.9000,0.473769,-0.047347,-0.258831,lower
REF,0.90,0.9000,0.485800,-0.046924,-0.251383,lower
REF,0.90,0.9000,0.497911,-0.046447,-0.243036,lower
REF,0.90,0.9000,0.510092,-0.045918,-0.233891,lower
REF,0.90,0.9000,0.522334,-0.045337,-0.224070,lower
REF,0.90,0.9000,0.534626,-0.044707,-0.213708,lower
REF,0.90,0.9000,0.546959,-0.044030,-0.202942,lower
REF,0.90,0.9000,0.559322,-0.043308,-0.191913,lower
REF,0.90,0.9000,0.571705,-0.042545,-0.180758,lower
REF,0.90,0.9000,0.584099,-0.041745,-0.169603,lower
REF,0.90,0.9000,0.596493,-0.040910,-0.158564,lower
REF,0.90,0.9000,0.608876,-0.040043,-0.147740,lower
REF,0.90,0.9000,0.621239,-0.039149,-0.137216,lower
REF,0.90,0.9000,0.633572,-0.038230,-0.127056,lower
REF,0.90,0.9000,0.645864,-0.037290,-0.117305,lower
REF,0.90,0.9000,0.658106,-0.036330,-0.107989,lower
REF,0.90,0.9000,0.670288,-0.035354,-0.099117,lower
REF,0.90,0.9000,0.682401,-0.034364,-0.090677,lower
REF,0.90,0.9000,0.694435,-0.033360,-0.082644,lower
REF,0.90,0.9000,0.706381,-0.032346,-0.074980,lower
REF,0.90,0.9000,0.718230,-0.031322,-0.067635,lower
REF,0.90,0.9000,0.729973,-0.030288,-0.060551,lower
REF,0.90,0.9000,0.741604,-0.029247,-0.053667,lower
REF,0.90,0.9000,0.753112,-0.028199,-0.046915,lower
REF,0.90,0.9000,0.764492,-0.027144,-0.040230,lower
REF,0.90,0.9000,0.775735,-0.026084,-0.033547,lower
REF,0.90,0.9000,0.786835,-0.025019,-0.026803,lower
REF,0.90,0.9000,0.797785,-0.023949,-0.019940,lower
REF,0.90,0.9000,0.808581,-0.022876,-0.012903,lower
REF,0.90,0.9000,0.819215,-0.021800,-0.005642,lower
REF,0.90,0.9000,0.829682,-0.020722,0.001891,lower
REF,0.90,0.9000,0.839979,-0.019643,0.009739,lower
REF,0.90,0.9000,0.850101,-0.018564,0.017945,lower
REF,0.90,0.9000,0.860044,-0.017485,0.026550,lower
REF,0.90,0.9000,0.869805,-0.016409,0.035596,lower
REF,0.90,0.9000,0.879380,-0.015336,0.045124,lower
REF,0.90,0.9000,0.888767,-0.014267,0.055180,lower
REF,0.90,0.9000,0.897965,-0.013204,0.065808,lower
REF,0.90,0.9000,0.906971,-0.012147,0.077057,lower
REF,0.90,0.9000,0.915784,-0.011100,0.088980,lower
REF,0.90,0.9000,0.924403,-0.010062,0.101632,lower
REF,0.90,0.9000,0.932829,-0.009037,0.115078,lower
REF,0.90,0.9000,0.941059,-0.008025,0.129389,lower
REF,0.90,0.9000,0.949096,-0.007029,0.144654,lower
REF,0.90,0.9000,0.956939,-0.006050,0.160988,lower
REF,0.90,0.9000,0.964589,-0.005093,0.178549,lower
REF,0.90,0.9000,0.972047,-0.004158,0.197580,lower
REF,0.90,0.9000,0.979316,-0.003249,0.218479,lower
REF,0.90,0.9000,0.986396,-0.002368,0.241996,lower
REF,0.90,0.9000,0.993290,-0.001519,0.269685,lower
REF,0.90,0.9000,1.000000,-0.000705,0.307622,lower
REF,0.96,0.9600,-0.000000,0.000000,0.782984,upper
REF,0.96,0.9600,0.000004,0.000389,0.772261,upper
REF,0.96,0.9600,0.000019,0.000793,0.760634,upper
REF,0.96,0.9600,0.000043,0.001214,0.747269,upper
REF,0.96,0.9600,0.000080,0.001650,0.732013,upper
REF,0.96,0.9600,0.000131,0.002104,0.714707,upper
REF,0.96,0.9600,0.000196,0.002574,0.695196,upper
REF,0.96,0.9600,0.000278,0.003062,0.673325,upper
REF,0.96,0.9600,0.000377,0.003566,0.648942,upper
REF,0.96,0.9600,0.000497,0.004088,0.621905,upper
REF,0.96,0.9600,0.000638,0.004627,0.592082,upper
REF,0.96,0.9600,0.000803,0.005183,0.559360,upper
REF,0.96,0.9600,0.000993,0.005755,0.523645,upper
REF,0.96,0.9600,0.001211,0.006343,0.484873,upper
REF,0.96,0.9600,0.001458,0.006948,0.443014,upper
REF,0.96,0.9600,0.001738,0.007567,0.398075,upper
REF,0.96,0.9600,0.002052,0.008200,0.350105,upper
REF,0.96,0.9600,0.002402,0.008847,0.299201,upper
REF,0.96,0.9600,0.002791,0.009505,0.245511,upper
REF,0.96,0.9600,0.003221,0.010175,0.189237,upper
REF,0.96,0.9600,0.003694,0.010854,0.130634,upper
REF,0.96,0.9600,0.004212,0.011542,0.070006,upper
REF,0.96,0.9600,0.004777,0.012236,0.007708,upper
REF,0.96,0.9600,0.005392,0.012935,-0.055867,upper
REF,0.96,0.9600,0.006058,0.013638,-0.120289,upper
REF,0.96,0.9600,0.006777,0.014342,-0.185098,upper
REF,0.96,0.9600,0.007551,0.015047,-0.249794,upper
REF,0.96,0.9600,0.008382,0.015751,-0.313948,upper
REF,0.96,0.9600,0.009271,0.016451,-0.377209,upper
REF,0.96,0.9600,0.010219,0.017147,-0.439185,upper
REF,0.96,0.9600,0.011228,0.017838,-0.499534,upper
REF,0.96,0.9600,0.012300,0.018521,-0.559532,upper
REF,0.96,0.9600,0.013436,0.019195,-0.617425,upper
REF,0.96,0.9600,0.014637,0.019860,-0.671634,upper
REF,0.96,0.9600,0.015904,0.020515,-0.722555,upper
REF,0.96,0.9600,0.017239,0.021159,-0.769375,upper
REF,0.96,0.9600,0.018643,0.021791,-0.812516,upper
REF,0.96,0.9600,0.020117,0.022410,-0.852031,upper
REF,0.96,0.9600,0.021664,0.023016,-0.888008,upper
REF,0.96,0.9600,0.023284,0.023610,-0.920569,upper
REF,0.96,0.9600,0.024979,0.024190,-0.949840,upper
REF,0.96,0.9600,0.026750,0.024757,-0.975937,upper
REF,0.96,0.9600,0.028600,0.025311,-0.998980,upper
REF,0.96,0.9600,0.030531,0.025853,-1.019080,upper
REF,0.96,0.9600,0.032543,0.026382,-1.036352,upper
REF,0.96,0.9600,0.034640,0.026899,-1.050920,upper
REF,0.96,0.9600,0.036823,0.027404,-1.062922,upper
REF,0.96,0.9600,0.039094,0.027899,-1.072512,upper
REF,0.96,0.9600,0.041456,0.028383,-1.079856,upper
REF,0.96,0.9600,0.043911,0.028859,-1.085126,upper
REF,0.96,0.9600,0.046463,0.029326,-1.088490,upper
REF,0.96,0.9600,0.049112,0.029785,-1.090109,upper
REF,0.96,0.9600,0.051862,0.030238,-1.090134,upper
REF,0.96,0.9600,0.054716,0.030686,-1.088706,upper
REF,0.96,0.9600,0.057676,0.031129,-1.085955,upper
REF,0.96,0.9600,0.060746,0.031569,-1.082002,upper
REF,0.96,0.9600,0.063928,0.032006,-1.076954,upper
REF,0.96,0.9600,0.067226,0.032442,-1.070913,upper
REF,0.96,0.9600,0.070643,0.032877,-1.063970,upper
REF,0.96,0.9600,0.074181,0.033313,-1.056212,upper
REF,0.96,0.9600,0.077844,0.033751,-1.047710,upper
REF,0.96,0.9600,0.081635,0.034191,-1.038523,upper
REF,0.96,0.9600,0.085558,0.034634,-1.028694,upper
REF,0.96,0.9600,0.089616,0.035080,-1.018242,upper
REF,0.96,0.9600,0.093813,0.035530,-1.007167,upper
REF,0.96,0.9600,0.098151,0.035985,-0.995457,upper
REF,0.96,0.9600,0.102634,0.036444,-0.983099,upper
REF,0.96,0.9600,0.107265,0.036907,-0.970089,upper
REF,0.96,0.9600,0.112049,0.037375,-0.956438,upper
REF,0.96,0.9600,0.116988,0.037847,-0.942167,upper
REF,0.96,0.9600,0.122085,0.038323,-0.927308,upper
REF,0.96,0.9600,0.127344,0.038801,-0.911902,upper
REF,0.96,0.9600,0.132769,0.039282,-0.896007,upper
REF,0.96,0.9600,0.138361,0.039764,-0.879702,upper
REF,0.96,0.9600,0.144125,0.040246,-0.863082,upper
REF,0.96,0.9600,0.150063,0.040726,-0.846252,upper
REF,0.96,0.9600,0.156179,0.041204,-0.829318,upper
REF,0.96,0.9600,0.162474,0.041678,-0.812373,upper
REF,0.96,0.9600,0.168952,0.042147,-0.795484,upper
REF,0.96,0.9600,0.175614,0.042610,-0.778669,upper
REF,0.96,0.9600,0.182464,0.043064,-0.761879,upper
REF,0.96,0.9600,0.189502,0.043509,-0.744978,upper
REF,0.96,0.9600,0.196731,0.043942,-0.727704,upper
REF,0.96,0.9600,0.204152,0.044364,-0.709635,upper
REF,0.96,0.9600,0.211767,0.044773,-0.690118,upper
REF,0.96,0.9600,0.219576,0.045168,-0.668163,upper
REF,0.96,0.9600,0.227580,0.045547,-0.642364,upper
REF,0.96,0.9600,0.235780,0.045911,-0.611040,upper
REF,0.96,0.9600,0.244175,0.046258,-0.573015,upper
REF,0.96,0.9600,0.252765,0.046588,-0.529348,upper
REF,0.96,0.9600,0.261551,0.046900,-0.485633,upper
REF,0.96,0.9600,0.270530,0.047194,-0.450262,upper
REF,0.96,0.9600,0.279701,0.047468,-0.425492,upper
REF,0.96,0.9600,0.289064,0.047723,-0.406974,upper
REF,0.96,0.9600,0.298615,0.047957,-0.391177,upper
REF,0.96,0.9600,0.308352,0.048168,-0.376623,upper
REF,0.96,0.9600,0.318273,0.048357,-0.362819,upper
REF,0.96,0.9600,0.328374,0.048520,-0.349739,upper
REF,0.96,0.9600,0.338651,0.048657,-0.337646,upper
REF,0.96,0.9600,0.349100,0.048765,-0.326937,upper
REF,0.96,0.9600,0.359716,0.048843,-0.317993,upper
REF,0.96,0.9600,0.370495,0.048887,-0.311026,upper
REF,0.96,0.9600,0.381432,0.048894,-0.306020,upper
REF,0.96,0.9600,0.392519,0.048863,-0.302743,upper
REF,0.96,0.9600,0.403751,0.048790,-0.300799,upper
REF,0.96,0.9600,0.415120,0.048673,-0.299701,upper
REF,0.96,0.9600,0.426620,0.048509,-0.298930,upper
REF,0.96,0.9600,0.438243,0.048297,-0.297991,upper
REF,0.96,0.9600,0.449981,0.048033,-0.296457,upper
REF,0.96,0.9600,0.461826,0.047717,-0.293994,upper
REF,0.96,0.9600,0.473769,0.047347,-0.290383,upper
REF,0.96,0.9600,0.485800,0.046924,-0.285525,upper
REF,0.96,0.9600,0.497911,0.046447,-0.279434,upper
REF,0.96,0.9600,0.510092,0.045918,-0.272214,upper
REF,0.96,0.9600,0.522334,0.045337,-0.264031,upper
REF,0.96,0.9600,0.534626,0.044707,-0.255081,upper
REF,0.96,0.9600,0.546958,0.044030,-0.245569,upper
REF,0.96,0.9600,0.559322,0.043308,-0.235687,upper
REF,0.96,0.9600,0.571705,0.042545,-0.225606,upper
REF,0.96,0.9600,0.584099,0.041745,-0.215475,upper
REF,0.96,0.9600,0.596493,0.040910,-0.205417,upper
REF,0.96,0.9600,0.608876,0.040043,-0.195533,upper
REF,0.96,0.9600,0.621239,0.039149,-0.185900,upper
REF,0.96,0.9600,0.633572,0.038230,-0.176573,upper
REF,0.96,0.9600,0.645864,0.037290,-0.167587,upper
REF,0.96,0.9600,0.658106,0.036330,-0.158958,upper
REF,0.96,0.9600,0.670288,0.035354,-0.150684,upper
REF,0.96,0.9600,0.682401,0.034364,-0.142748,upper
REF,0.96,0.9600,0.694435,0.033360,-0.135121,upper
REF,0.96,0.9600,0.706381,0.032346,-0.127763,upper
REF,0.96,0.9600,0.718230,0.031322,-0.120625,upper
REF,0.96,0.9600,0.729973,0.030288,-0.113652,upper
REF,0.96,0.9600,0.741604,0.029247,-0.106788,upper
REF,0.96,0.9600,0.753112,0.028199,-0.099977,upper
REF,0.96,0.9600,0.764492,0.027144,-0.093163,upper
REF,0.96,0.9600,0.775735,0.026084,-0.086291,upper
REF,0.96,0.9600,0.786835,0.025019,-0.079313,upper
REF,0.96,0.9600,0.797786,0.023949,-0.072182,upper
REF,0.96,0.9600,0.808581,0.022876,-0.064857,upper
REF,0.96,0.9600,0.819215,0.021800,-0.057299,upper
REF,0.96,0.9600,0.829682,0.020722,-0.049475,upper
REF,0.96,0.9600,0.839979,0.019643,-0.041354,upper
REF,0.96,0.9600,0.850101,0.018564,-0.032909,upper
REF,0.96,0.9600,0.860044,0.017485,-0.024109,upper
REF,0.96,0.9600,0.869805,0.016409,-0.014929,upper
REF,0.96,0.9600,0.879380,0.015336,-0.005339,upper
REF,0.96,0.9600,0.888767,0.014267,0.004688,upper
REF,0.96,0.9600,0.897965,0.013204,0.015184,upper
REF,0.96,0.9600,0.906971,0.012147,0.026181,upper
REF,0.96,0.9600,0.915784,0.011100,0.037716,upper
REF,0.96,0.9600,0.924403,0.010062,0.049829,upper
REF,0.96,0.9600,0.932828,0.009037,0.062570,upper
REF,0.96,0.9600,0.941059,0.008025,0.075998,upper
REF,0.96,0.9600,0.949096,0.007029,0.090191,upper
REF,0.96,0.9600,0.956938,0.006050,0.105252,upper
REF,0.96,0.9600,0.964588,0.005093,0.121327,upper
REF,0.96,0.9600,0.972047,0.004158,0.138635,upper
REF,0.96,0.9600,0.979316,0.003249,0.157512,upper
REF,0.96,0.9600,0.986396,0.002368,0.178547,upper
REF,0.96,0.9600,0.993290,0.001519,0.202994,upper
REF,0.96,0.9600,1.000000,0.000705,0.239493,upper
REF,0.96,0.9600,-0.000000,0.000000,0.782984,lower
REF,0.96,0.9600,0.000004,-0.000389,0.793800,lower
REF,0.96,0.9600,0.000019,-0.000793,0.804406,lower
REF,0.96,0.9600,0.000043,-0.001214,0.814161,lower
REF,0.96,0.9600,0.000080,-0.001650,0.822877,lower
REF,0.96,0.9600,0.000131,-0.002104,0.830368,lower
REF,0.96,0.9600,0.000196,-0.002574,0.836427,lower
REF,0.96,0.9600,0.000278,-0.003062,0.840793,lower
REF,0.96,0.9600,0.000377,-0.003566,0.843017,lower
REF,0.96,0.9600,0.000497,-0.004088,0.843555,lower
REF,0.96,0.9600,0.000638,-0.004627,0.842591,lower
REF,0.96,0.9600,0.000803,-0.005183,0.839452,lower
REF,0.96,0.9600,0.000993,-0.005755,0.833944,lower
REF,0.96,0.9600,0.001211,-0.006343,0.825892,lower
REF,0.96,0.9600,0.001458,-0.006948,0.815136,lower
REF,0.96,0.9600,0.001738,-0.007567,0.801537,lower
REF,0.96,0.9600,0.002052,-0.008200,0.784985,lower
REF,0.96,0.9600,0.002402,-0.008847,0.765405,lower
REF,0.96,0.9600,0.002791,-0.009505,0.742771,lower
REF,0.96,0.9600,0.003221,-0.010175,0.717102,lower
REF,0.96,0.9600,0.003694,-0.010854,0.688474,lower
REF,0.96,0.9600,0.004212,-0.011542,0.657017,lower
REF,0.96,0.9600,0.004777,-0.012236,0.622921,lower
REF,0.96,0.9600,0.005392,-0.012935,0.586433,lower
REF,0.96,0.9600,0.006058,-0.013638,0.547853,lower
REF,0.96,0.9600,0.006777,-0.014342,0.507530,lower
REF,0.96,0.9600,0.007551,-0.015047,0.465852,lower
REF,0.96,0.9600,0.008382,-0.015751,0.423238,lower
REF,0.96,0.9600,0.009271,-0.016451,0.380125,lower
REF,0.96,0.9600,0.010219,-0.017147,0.336957,lower
REF,0.96,0.9600,0.011228,-0.017838,0.294173,lower
REF,0.96,0.9600,0.012300,-0.018521,0.252192,lower
REF,0.96,0.9600,0.013436,-0.019195,0.211409,lower
REF,0.96,0.9600,0.014637,-0.019860,0.172177,lower
REF,0.96,0.9600,0.015904,-0.020515,0.134806,lower
REF,0.96,0.9600,0.017239,-0.021159,0.099556,lower
REF,0.96,0.9600,0.018643,-0.021791,0.066632,lower
REF,0.96,0.9600,0.020117,-0.022410,0.036185,lower
REF,0.96,0.9600,0.021664,-0.023016,0.008312,lower
REF,0.96,0.9600,0.023284,-0.023610,-0.016942,lower
REF,0.96,0.9600,0.024979,-0.024190,-0.039588,lower
REF,0.96,0.9600,0.026750,-0.024757,-0.059690,lower
REF,0.96,0.9600,0.028600,-0.025311,-0.077337,lower
REF,0.96,0.9600,0.030531,-0.025853,-0.092651,lower
REF,0.96,0.9600,0.032543,-0.026382,-0.105785,lower
REF,0.96,0.9600,0.034640,-0.026899,-0.116913,lower
REF,0.96,0.9600,0.036823,-0.027404,-0.126225,lower
REF,0.96,0.9600,0.039094,-0.027899,-0.133920,lower
REF,0.96,0.9600,0.041456,-0.028383,-0.140200,lower
REF,0.96,0.9600,0.043911,-0.028859,-0.145265,lower
REF,0.96,0.9600,0.046463,-0.029326,-0.149311,lower
REF,0.96,0.9600,0.049112,-0.029785,-0.152523,lower
REF,0.96,0.9600,0.051862,-0.030238,-0.155076,lower
REF,0.96,0.9600,0.054716,-0.030686,-0.157132,lower
REF,0.96,0.9600,0.057676,-0.031129,-0.158839,lower
REF,0.96,0.9600,0.060746,-0.031569,-0.160332,lower
REF,0.96,0.9600,0.063928,-0.032006,-0.161728,lower
REF,0.96,0.9600,0.067226,-0.032442,-0.163134,lower
REF,0.96,0.9600,0.070643,-0.032877,-0.164639,lower
REF,0.96,0.9600,0.074181,-0.033313,-0.166321,lower
REF,0.96,0.9600,0.077844,-0.033751,-0.168243,lower
REF,0.96,0.9600,0.081635,-0.034191,-0.170456,lower
REF,0.96,0.9600,0.085558,-0.034634,-0.173000,lower
REF,0.96,0.9600,0.089616,-0.035080,-0.175902,lower
REF,0.96,0.9600,0.093813,-0.035530,-0.179178,lower
REF,0.96,0.9600,0.098151,-0.035985,-0.182834,lower
REF,0.96,0.9600,0.102634,-0.036444,-0.186863,lower
REF,0.96,0.9600,0.107265,-0.036907,-0.191251,lower
REF,0.96,0.9600,0.112049,-0.037375,-0.195972,lower
REF,0.96,0.9600,0.116988,-0.037847,-0.200992,lower
REF,0.96,0.9600,0.122085,-0.038323,-0.206267,lower
REF,0.96,0.9600,0.127344,-0.038801,-0.211745,lower
REF,0.96,0.9600,0.132769,-0.039282,-0.217368,lower
REF,0.96,0.9600,0.138361,-0.039764,-0.223069,lower
REF,0.96,0.9600,0.144125,-0.040246,-0.228776,lower
REF,0.96,0.9600,0.150063,-0.040726,-0.234414,lower
REF,0.96,0.9600,0.156179,-0.041204,-0.239903,lower
REF,0.96,0.9600,0.162474,-0.041678,-0.245164,lower
REF,0.96,0.9600,0.168952,-0.042147,-0.250118,lower
REF,0.96,0.9600,0.175614,-0.042610,-0.254689,lower
REF,0.96,0.9600,0.182464,-0.043064,-0.258808,lower
REF,0.96,0.9600,0.189502,-0.043509,-0.262414,lower
REF,0.96,0.9600,0.196731,-0.043942,-0.265454,lower
REF,0.96,0.9600,0.204152,-0.044364,-0.267892,lower
REF,0.96,0.9600,0.211767,-0.044773,-0.269703,lower
REF,0.96,0.9600,0.219576,-0.045168,-0.270879,lower
REF,0.96,0.9600,0.227580,-0.045547,-0.271429,lower
REF,0.96,0.9600,0.235780,-0.045911,-0.271379,lower
REF,0.96,0.9600,0.244175,-0.046258,-0.270768,lower
REF,0.96,0.9600,0.252765,-0.046588,-0.269650,lower
REF,0.96,0.9600,0.261551,-0.046900,-0.268091,lower
REF,0.96,0.9600,0.270530,-0.047194,-0.266162,lower
REF,0.96,0.9600,0.279701,-0.047468,-0.263940,lower
REF,0.96,0.9600,0.289064,-0.047723,-0.261500,lower
REF,0.96,0.9600,0.298615,-0.047957,-0.258915,lower
REF,0.96,0.9600,0.308352,-0.048168,-0.256249,lower
REF,0.96,0.9600,0.318273,-0.048357,-0.253552,lower
REF,0.96,0.9600,0.328374,-0.048520,-0.250863,lower
REF,0.96,0.9600,0.338651,-0.048657,-0.248200,lower
REF,0.96,0.9600,0.349100,-0.048765,-0.245568,lower
REF,0.96,0.9600,0.359716,-0.048843,-0.242947,lower
REF,0.96,0.9600,0.370495,-0.048887,-0.240304,lower
REF,0.96,0.9600,0.381432,-0.048894,-0.237586,lower
REF,0.96,0.9600,0.392519,-0.048863,-0.234729,lower
REF,0.96,0.9600,0.403751,-0.048790,-0.231658,lower
REF,0.96,0.9600,0.415120,-0.048673,-0.228294,lower
REF,0.96,0.9600,0.426620,-0.048509,-0.224558,lower
REF,0.96,0.9600,0.438243,-0.048297,-0.220377,lower
REF,0.96,0.9600,0.449981,-0.048033,-0.215688,lower
REF,0.96,0.9600,0.461826,-0.047717,-0.210445,lower
REF,0.96,0.9600,0.473769,-0.047347,-0.204621,lower
REF,0.96,0.9600,0.485800,-0.046924,-0.198210,lower
REF,0.96,0.9600,0.497911,-0.046447,-0.191229,lower
REF,0.96,0.9600,0.510092,-0.045918,-0.183717,lower
REF,0.96,0.9600,0.522334,-0.045337,-0.175734,lower
REF,0.96,0.9600,0.534626,-0.044707,-0.167358,lower
REF,0.96,0.9600,0.546958,-0.044030,-0.158678,lower
REF,0.96,0.9600,0.559322,-0.043308,-0.149795,lower
REF,0.96,0.9600,0.571705,-0.042545,-0.140809,lower
REF,0.96,0.9600,0.584099,-0.041745,-0.131824,lower
REF,0.96,0.9600,0.596493,-0.040910,-0.122933,lower
REF,0.96,0.9600,0.608876,-0.040043,-0.114223,lower
REF,0.96,0.9600,0.621239,-0.039149,-0.105767,lower
REF,0.96,0.9600,0.633572,-0.038230,-0.097621,lower
REF,0.96,0.9600,0.645864,-0.037290,-0.089825,lower
REF,0.96,0.9600,0.658106,-0.036330,-0.082405,lower
REF,0.96,0.9600,0.670288,-0.035354,-0.075366,lower
REF,0.96,0.9600,0.682401,-0.034364,-0.068699,lower
REF,0.96,0.9600,0.694435,-0.033360,-0.062383,lower
REF,0.96,0.9600,0.706381,-0.032346,-0.056382,lower
REF,0.96,0.9600,0.718230,-0.031322,-0.050652,lower
REF,0.96,0.9600,0.729973,-0.030288,-0.045142,lower
REF,0.96,0.9600,0.741604,-0.029247,-0.039797,lower
REF,0.96,0.9600,0.753112,-0.028199,-0.034560,lower
REF,0.96,0.9600,0.764492,-0.027144,-0.029373,lower
REF,0.96,0.9600,0.775735,-0.026084,-0.024179,lower
REF,0.96,0.9600,0.786835,-0.025019,-0.018928,lower
REF,0.96,0.9600,0.797786,-0.023949,-0.013568,lower
REF,0.96,0.9600,0.808581,-0.022876,-0.008057,lower
REF,0.96,0.9600,0.819215,-0.021800,-0.002351,lower
REF,0.96,0.9600,0.829682,-0.020722,0.003585,lower
REF,0.96,0.9600,0.839979,-0.019643,0.009789,lower
REF,0.96,0.9600,0.850101,-0.018564,0.016292,lower
REF,0.96,0.9600,0.860044,-0.017485,0.023128,lower
REF,0.96,0.9600,0.869805,-0.016409,0.030331,lower
REF,0.96,0.9600,0.879380,-0.015336,0.037935,lower
REF,0.96,0.9600,0.888767,-0.014267,0.045975,lower
REF,0.96,0.9600,0.897965,-0.013204,0.054491,lower
REF,0.96,0.9600,0.906971,-0.012147,0.063521,lower
REF,0.96,0.9600,0.915784,-0.011100,0.073108,lower
REF,0.96,0.9600,0.924403,-0.010062,0.083298,lower
REF,0.96,0.9600,0.932828,-0.009037,0.094138,lower
REF,0.96,0.9600,0.941059,-0.008025,0.105684,lower
REF,0.96,0.9600,0.949096,-0.007029,0.118001,lower
REF,0.96,0.9600,0.956938,-0.006050,0.131168,lower
REF,0.96,0.9600,0.964588,-0.005093,0.145298,lower
REF,0.96,0.9600,0.972047,-0.004158,0.160567,lower
REF,0.96,0.9600,0.979316,-0.003249,0.177269,lower
REF,0.96,0.9600,0.986396,-0.002368,0.195981,lower
REF,0.96,0.9600,0.993290,-0.001519,0.217933,lower
REF,0.96,0.9600,1.000000,-0.000705,0.244600,lower
REF,0.99,0.9900,-0.000000,0.000000,0.685312,upper
REF,0.99,0.9900,0.000004,0.000389,0.675320,upper
REF,0.99,0.9900,0.000019,0.000793,0.664439,upper
REF,0.99,0.9900,0.000043,0.001214,0.651866,upper
REF,0.99,0.9900,0.000080,0.001650,0.637449,upper
REF,0.99,0.9900,0.000131,0.002104,0.621034,upper
REF,0.99,0.9900,0.000196,0.002574,0.602468,upper
REF,0.99,0.9900,0.000278,0.003062,0.581594,upper
REF,0.99,0.9900,0.000377,0.003566,0.558264,upper
REF,0.99,0.9900,0.000497,0.004088,0.532334,upper
REF,0.99,0.9900,0.000638,0.004627,0.503673,upper
REF,0.99,0.9900,0.000803,0.005183,0.472164,upper
REF,0.99,0.9900,0.000993,0.005755,0.437711,upper
REF,0.99,0.9900,0.001211,0.006343,0.400245,upper
REF,0.99,0.9900,0.001458,0.006948,0.359729,upper
REF,0.99,0.9900,0.001738,0.007567,0.316167,upper
REF,0.99,0.9900,0.002052,0.008200,0.269600,upper
REF,0.99,0.9900,0.002402,0.008847,0.220119,upper
REF,0.99,0.9900,0.002791,0.009505,0.167867,upper
REF,0.99,0.9900,0.003221,0.010175,0.113044,upper
REF,0.99,0.9900,0.003694,0.010854,0.055908,upper
REF,0.99,0.9900,0.004212,0.011542,-0.003224,upper
REF,0.99,0.9900,0.004777,0.012236,-0.063996,upper
REF,0.99,0.9900,0.005392,0.012935,-0.126015,upper
REF,0.99,0.9900,0.006058,0.013638,-0.188851,upper
REF,0.99,0.9900,0.006777,0.014342,-0.252047,upper
REF,0.99,0.9900,0.007551,0.015047,-0.315104,upper
REF,0.99,0.9900,0.008382,0.015751,-0.377562,upper
REF,0.99,0.9900,0.009271,0.016451,-0.439055,upper
REF,0.99,0.9900,0.010219,0.017147,-0.499215,upper
REF,0.99,0.9900,0.011228,0.017838,-0.557681,upper
REF,0.99,0.9900,0.012300,0.018521,-0.615444,upper
REF,0.99,0.9900,0.013436,0.019195,-0.670923,upper
REF,0.99,0.9900,0.014637,0.019860,-0.722962,upper
REF,0.99,0.9900,0.015904,0.020515,-0.771686,upper
REF,0.99,0.9900,0.017239,0.021159,-0.816021,upper
REF,0.99,0.9900,0.018643,0.021791,-0.856470,upper
REF,0.99,0.9900,0.020117,0.022410,-0.893182,upper
REF,0.99,0.9900,0.021664,0.023016,-0.926195,upper
REF,0.99,0.9900,0.023284,0.023610,-0.955568,upper
REF,0.99,0.9900,0.024979,0.024190,-0.981378,upper
REF,0.99,0.9900,0.026750,0.024757,-1.003705,upper
REF,0.99,0.9900,0.028600,0.025311,-1.022621,upper
REF,0.99,0.9900,0.030531,0.025853,-1.038200,upper
REF,0.99,0.9900,0.032543,0.026382,-1.050519,upper
REF,0.99,0.9900,0.034640,0.026899,-1.059670,upper
REF,0.99,0.9900,0.036823,0.027404,-1.065768,upper
REF,0.99,0.9900,0.039094,0.027899,-1.068956,upper
REF,0.99,0.9900,0.041456,0.028383,-1.069399,upper
REF,0.99,0.9900,0.043911,0.028859,-1.067271,upper
REF,0.99,0.9900,0.046463,0.029326,-1.062750,upper
REF,0.99,0.9900,0.049112,0.029785,-1.056016,upper
REF,0.99,0.9900,0.051862,0.030238,-1.047246,upper
REF,0.99,0.9900,0.054716,0.030686,-1.036618,upper
REF,0.99,0.9900,0.057676,0.031129,-1.024313,upper
REF,0.99,0.9900,0.060746,0.031569,-1.010517,upper
REF,0.99,0.9900,0.063928,0.032006,-0.995421,upper
REF,0.99,0.9900,0.067226,0.032442,-0.979221,upper
REF,0.99,0.9900,0.070642,0.032877,-0.962122,upper
REF,0.99,0.9900,0.074181,0.033313,-0.944336,upper
REF,0.99,0.9900,0.077844,0.033751,-0.926066,upper
REF,0.99,0.9900,0.081635,0.034191,-0.907505,upper
REF,0.99,0.9900,0.085558,0.034634,-0.888844,upper
REF,0.99,0.9900,0.089616,0.035080,-0.870260,upper
REF,0.99,0.9900,0.093813,0.035530,-0.851916,upper
REF,0.99,0.9900,0.098151,0.035985,-0.833986,upper
REF,0.99,0.9900,0.102634,0.036444,-0.816596,upper
REF,0.99,0.9900,0.107265,0.036907,-0.799886,upper
REF,0.99,0.9900,0.112049,0.037375,-0.784059,upper
REF,0.99,0.9900,0.116988,0.037847,-0.769150,upper
REF,0.99,0.9900,0.122085,0.038323,-0.755208,upper
REF,0.99,0.9900,0.127344,0.038801,-0.742261,upper
REF,0.99,0.9900,0.132769,0.039282,-0.730221,upper
REF,0.99,0.9900,0.138361,0.039764,-0.719032,upper
REF,0.99,0.9900,0.144125,0.040246,-0.708534,upper
REF,0.99,0.9900,0.150063,0.040726,-0.698622,upper
REF,0.99,0.9900,0.156179,0.041204,-0.689142,upper
REF,0.99,0.9900,0.162474,0.041678,-0.679858,upper
REF,0.99,0.9900,0.168952,0.042147,-0.670525,upper
REF,0.99,0.9900,0.175614,0.042610,-0.660838,upper
REF,0.99,0.9900,0.182464,0.043064,-0.650427,upper
REF,0.99,0.9900,0.189502,0.043509,-0.638825,upper
REF,0.99,0.9900,0.196731,0.043942,-0.625482,upper
REF,0.99,0.9900,0.204152,0.044364,-0.609752,upper
REF,0.99,0.9900,0.211767,0.044773,-0.590971,upper
REF,0.99,0.9900,0.219576,0.045168,-0.568756,upper
REF,0.99,0.9900,0.227580,0.045547,-0.543469,upper
REF,0.99,0.9900,0.235779,0.045911,-0.516526,upper
REF,0.99,0.9900,0.244175,0.046258,-0.490206,upper
REF,0.99,0.9900,0.252765,0.046588,-0.466771,upper
REF,0.99,0.9900,0.261551,0.046900,-0.447274,upper
REF,0.99,0.9900,0.270530,0.047194,-0.431259,upper
REF,0.99,0.9900,0.279701,0.047468,-0.417684,upper
REF,0.99,0.9900,0.289064,0.047723,-0.405800,upper
REF,0.99,0.9900,0.298615,0.047957,-0.395233,upper
REF,0.99,0.9900,0.308352,0.048168,-0.385805,upper
REF,0.99,0.9900,0.318273,0.048357,-0.377450,upper
REF,0.99,0.9900,0.328374,0.048520,-0.370169,upper
REF,0.99,0.9900,0.338651,0.048657,-0.363988,upper
REF,0.99,0.9900,0.349100,0.048765,-0.358915,upper
REF,0.99,0.9900,0.359716,0.048843,-0.354917,upper
REF,0.99,0.9900,0.370496,0.048887,-0.351908,upper
REF,0.99,0.9900,0.381432,0.048894,-0.349746,upper
REF,0.99,0.9900,0.392519,0.048863,-0.348248,upper
REF,0.99,0.9900,0.403750,0.048790,-0.347198,upper
REF,0.99,0.9900,0.415120,0.048673,-0.346363,upper
REF,0.99,0.9900,0.426620,0.048509,-0.345513,upper
REF,0.99,0.9900,0.438243,0.048296,-0.344434,upper
REF,0.99,0.9900,0.449981,0.048033,-0.342937,upper
REF,0.99,0.9900,0.461826,0.047717,-0.340877,upper
REF,0.99,0.9900,0.473769,0.047347,-0.338150,upper
REF,0.99,0.9900,0.485800,0.046924,-0.334703,upper
REF,0.99,0.9900,0.497911,0.046447,-0.330525,upper
REF,0.99,0.9900,0.510092,0.045918,-0.325643,upper
REF,0.99,0.9900,0.522334,0.045337,-0.320111,upper
REF,0.99,0.9900,0.534626,0.044707,-0.314009,upper
REF,0.99,0.9900,0.546959,0.044030,-0.307424,upper
REF,0.99,0.9900,0.559322,0.043308,-0.300453,upper
REF,0.99,0.9900,0.571705,0.042545,-0.293190,upper
REF,0.99,0.9900,0.584099,0.041745,-0.285730,upper
REF,0.99,0.9900,0.596493,0.040910,-0.278156,upper
REF,0.99,0.9900,0.608876,0.040043,-0.270539,upper
REF,0.99,0.9900,0.621239,0.039149,-0.262938,upper
REF,0.99,0.9900,0.633572,0.038230,-0.255401,upper
REF,0.99,0.9900,0.645864,0.037290,-0.247962,upper
REF,0.99,0.9900,0.658106,0.036330,-0.240642,upper
REF,0.99,0.9900,0.670288,0.035354,-0.233446,upper
REF,0.99,0.9900,0.682401,0.034364,-0.226370,upper
REF,0.99,0.9900,0.694435,0.033360,-0.219401,upper
REF,0.99,0.9900,0.706381,0.032346,-0.212513,upper
REF,0.99,0.9900,0.718230,0.031322,-0.205677,upper
REF,0.99,0.9900,0.729974,0.030288,-0.198857,upper
REF,0.99,0.9900,0.741604,0.029247,-0.192014,upper
REF,0.99,0.9900,0.753112,0.028199,-0.185110,upper
REF,0.99,0.9900,0.764492,0.027144,-0.178103,upper
REF,0.99,0.9900,0.775735,0.026084,-0.170952,upper
REF,0.99,0.9900,0.786835,0.025019,-0.163622,upper
REF,0.99,0.9900,0.797785,0.023949,-0.156078,upper
REF,0.99,0.9900,0.808581,0.022876,-0.148290,upper
REF,0.99,0.9900,0.819214,0.021800,-0.140228,upper
REF,0.99,0.9900,0.829682,0.020722,-0.131866,upper
REF,0.99,0.9900,0.839979,0.019643,-0.123180,upper
REF,0.99,0.9900,0.850101,0.018564,-0.114152,upper
REF,0.99,0.9900,0.860044,0.017485,-0.104762,upper
REF,0.99,0.9900,0.869805,0.016409,-0.094997,upper
REF,0.99,0.9900,0.879380,0.015336,-0.084845,upper
REF,0.99,0.9900,0.888767,0.014267,-0.074296,upper
REF,0.99,0.9900,0.897965,0.013204,-0.063333,upper
REF,0.99,0.9900,0.906971,0.012147,-0.051938,upper
REF,0.99,0.9900,0.915784,0.011100,-0.040108,upper
REF,0.99,0.9900,0.924403,0.010062,-0.027841,upper
REF,0.99,0.9900,0.932828,0.009037,-0.015139,upper
REF,0.99,0.9900,0.941059,0.008025,-0.002002,upper
REF,0.99,0.9900,0.949096,0.007029,0.011558,upper
REF,0.99,0.9900,0.956938,0.006050,0.025530,upper
REF,0.99,0.9900,0.964588,0.005093,0.039895,upper
REF,0.99,0.9900,0.972047,0.004158,0.054642,upper
REF,0.99,0.9900,0.979316,0.003249,0.069773,upper
REF,0.99,0.9900,0.986396,0.002368,0.085433,upper
REF,0.99,0.9900,0.993290,0.001519,0.102210,upper
REF,0.99,0.9900,1.000000,0.000705,0.127272,upper
REF,0.99,0.9900,-0.000000,0.000000,0.685312,lower
REF,0.99,0.9900,0.000004,-0.000389,0.695363,lower
REF,0.99,0.9900,0.000019,-0.000793,0.705172,lower
REF,0.99,0.9900,0.000043,-0.001214,0.714113,lower
REF,0.99,0.9900,0.000080,-0.001650,0.722001,lower
REF,0.99,0.9900,0.000131,-0.002104,0.728653,lower
REF,0.99,0.9900,0.000196,-0.002574,0.733867,lower
REF,0.99,0.9900,0.000278,-0.003062,0.737377,lower
REF,0.99,0.9900,0.000377,-0.003566,0.738758,lower
REF,0.99,0.9900,0.000497,-0.004088,0.738513,lower
REF,0.99,0.9900,0.000638,-0.004627,0.736749,lower
REF,0.99,0.9900,0.000803,-0.005183,0.732731,lower
REF,0.99,0.9900,0.000993,-0.005755,0.726310,lower
REF,0.99,0.9900,0.001211,-0.006343,0.717317,lower
REF,0.99,0.9900,0.001458,-0.006948,0.705593,lower
REF,0.99,0.9900,0.001738,-0.007567,0.691002,lower
REF,0.99,0.9900,0.002052,-0.008200,0.673434,lower
REF,0.99,0.9900,0.002402,-0.008847,0.652813,lower
REF,0.99,0.9900,0.002791,-0.009505,0.629109,lower
REF,0.99,0.9900,0.003221,-0.010175,0.602345,lower
REF,0.99,0.9900,0.003694,-0.010854,0.572594,lower
REF,0.99,0.9900,0.004212,-0.011542,0.539995,lower
REF,0.99,0.9900,0.004777,-0.012236,0.504745,lower
REF,0.99,0.9900,0.005392,-0.012935,0.467101,lower
REF,0.99,0.9900,0.006058,-0.013638,0.427379,lower
REF,0.99,0.9900,0.006777,-0.014342,0.385939,lower
REF,0.99,0.9900,0.007551,-0.015047,0.343182,lower
REF,0.99,0.9900,0.008382,-0.015751,0.299534,lower
REF,0.99,0.9900,0.009271,-0.016451,0.255441,lower
REF,0.99,0.9900,0.010219,-0.017147,0.211358,lower
REF,0.99,0.9900,0.011228,-0.017838,0.167732,lower
REF,0.99,0.9900,0.012300,-0.018521,0.124995,lower
REF,0.99,0.9900,0.013436,-0.019195,0.083551,lower
REF,0.99,0.9900,0.014637,-0.019860,0.043766,lower
REF,0.99,0.9900,0.015904,-0.020515,0.005962,lower
REF,0.99,0.9900,0.017239,-0.021159,-0.029590,lower
REF,0.99,0.9900,0.018643,-0.021791,-0.062672,lower
REF,0.99,0.9900,0.020117,-0.022410,-0.093123,lower
REF,0.99,0.9900,0.021664,-0.023016,-0.120837,lower
REF,0.99,0.9900,0.023284,-0.023610,-0.145762,lower
REF,0.99,0.9900,0.024979,-0.024190,-0.167895,lower
REF,0.99,0.9900,0.026750,-0.024757,-0.187284,lower
REF,0.99,0.9900,0.028600,-0.025311,-0.204016,lower
REF,0.99,0.9900,0.030531,-0.025853,-0.218215,lower
REF,0.99,0.9900,0.032543,-0.026382,-0.230036,lower
REF,0.99,0.9900,0.034640,-0.026899,-0.239654,lower
REF,0.99,0.9900,0.036823,-0.027404,-0.247264,lower
REF,0.99,0.9900,0.039094,-0.027899,-0.253071,lower
REF,0.99,0.9900,0.041456,-0.028383,-0.257285,lower
REF,0.99,0.9900,0.043911,-0.028859,-0.260115,lower
REF,0.99,0.9900,0.046463,-0.029326,-0.261765,lower
REF,0.99,0.9900,0.049112,-0.029785,-0.262432,lower
REF,0.99,0.9900,0.051862,-0.030238,-0.262300,lower
REF,0.99,0.9900,0.054716,-0.030686,-0.261541,lower
REF,0.99,0.9900,0.057676,-0.031129,-0.260314,lower
REF,0.99,0.9900,0.060746,-0.031569,-0.258761,lower
REF,0.99,0.9900,0.063928,-0.032006,-0.257012,lower
REF,0.99,0.9900,0.067226,-0.032442,-0.255178,lower
REF,0.99,0.9900,0.070642,-0.032877,-0.253360,lower
REF,0.99,0.9900,0.074181,-0.033313,-0.251643,lower
REF,0.99,0.9900,0.077844,-0.033751,-0.250098,lower
REF,0.99,0.9900,0.081635,-0.034191,-0.248783,lower
REF,0.99,0.9900,0.085558,-0.034634,-0.247744,lower
REF,0.99,0.9900,0.089616,-0.035080,-0.247014,lower
REF,0.99,0.9900,0.093813,-0.035530,-0.246614,lower
REF,0.99,0.9900,0.098151,-0.035985,-0.246554,lower
REF,0.99,0.9900,0.102634,-0.036444,-0.246833,lower
REF,0.99,0.9900,0.107265,-0.036907,-0.247436,lower
REF,0.99,0.9900,0.112049,-0.037375,-0.248343,lower
REF,0.99,0.9900,0.116988,-0.037847,-0.249518,lower
REF,0.99,0.9900,0.122085,-0.038323,-0.250920,lower
REF,0.99,0.9900,0.127344,-0.038801,-0.252497,lower
REF,0.99,0.9900,0.132769,-0.039282,-0.254189,lower
REF,0.99,0.9900,0.138361,-0.039764,-0.255933,lower
REF,0.99,0.9900,0.144125,-0.040246,-0.257657,lower
REF,0.99,0.9900,0.150063,-0.040726,-0.259286,lower
REF,0.99,0.9900,0.156179,-0.041204,-0.260747,lower
REF,0.99,0.9900,0.162474,-0.041678,-0.261964,lower
REF,0.99,0.9900,0.168952,-0.042147,-0.262866,lower
REF,0.99,0.9900,0.175614,-0.042610,-0.263387,lower
REF,0.99,0.9900,0.182464,-0.043064,-0.263470,lower
REF,0.99,0.9900,0.189502,-0.043509,-0.263068,lower
REF,0.99,0.9900,0.196731,-0.043942,-0.262146,lower
REF,0.99,0.9900,0.204152,-0.044364,-0.260685,lower
REF,0.99,0.9900,0.211767,-0.044773,-0.258681,lower
REF,0.99,0.9900,0.219576,-0.045168,-0.256147,lower
REF,0.99,0.9900,0.227580,-0.045547,-0.253111,lower
REF,0.99,0.9900,0.235779,-0.045911,-0.249619,lower
REF,0.99,0.9900,0.244175,-0.046258,-0.245729,lower
REF,0.99,0.9900,0.252765,-0.046588,-0.241513,lower
REF,0.99,0.9900,0.261551,-0.046900,-0.237049,lower
REF,0.99,0.9900,0.270530,-0.047194,-0.232423,lower
REF,0.99,0.9900,0.279701,-0.047468,-0.227719,lower
REF,0.99,0.9900,0.289064,-0.047723,-0.223023,lower
REF,0.99,0.9900,0.298615,-0.047957,-0.218411,lower
REF,0.99,0.9900,0.308352,-0.048168,-0.213951,lower
REF,0.99,0.9900,0.318273,-0.048357,-0.209695,lower
REF,0.99,0.9900,0.328374,-0.048520,-0.205682,lower
REF,0.99,0.9900,0.338651,-0.048657,-0.201931,lower
REF,0.99,0.9900,0.349100,-0.048765,-0.198441,lower
REF,0.99,0.9900,0.359716,-0.048843,-0.195195,lower
REF,0.99,0.9900,0.370496,-0.048887,-0.192155,lower
REF,0.99,0.9900,0.381432,-0.048894,-0.189267,lower
REF,0.99,0.9900,0.392519,-0.048863,-0.186462,lower
REF,0.99,0.9900,0.403750,-0.048790,-0.183663,lower
REF,0.99,0.9900,0.415120,-0.048673,-0.180785,lower
REF,0.99,0.9900,0.426620,-0.048509,-0.177743,lower
REF,0.99,0.9900,0.438243,-0.048296,-0.174456,lower
REF,0.99,0.9900,0.449981,-0.048033,-0.170850,lower
REF,0.99,0.9900,0.461826,-0.047717,-0.166867,lower
REF,0.99,0.9900,0.473769,-0.047347,-0.162465,lower
REF,0.99,0.9900,0.485800,-0.046924,-0.157621,lower
REF,0.99,0.9900,0.497911,-0.046447,-0.152335,lower
REF,0.99,0.9900,0.510092,-0.045918,-0.146625,lower
REF,0.99,0.9900,0.522334,-0.045337,-0.140529,lower
REF,0.99,0.9900,0.534626,-0.044707,-0.134102,lower
REF,0.99,0.9900,0.546959,-0.044030,-0.127412,lower
REF,0.99,0.9900,0.559322,-0.043308,-0.120534,lower
REF,0.99,0.9900,0.571705,-0.042545,-0.113550,lower
REF,0.99,0.9900,0.584099,-0.041745,-0.106539,lower
REF,0.99,0.9900,0.596493,-0.040910,-0.099577,lower
REF,0.99,0.9900,0.608876,-0.040043,-0.092732,lower
REF,0.99,0.9900,0.621239,-0.039149,-0.086062,lower
REF,0.99,0.9900,0.633572,-0.038230,-0.079613,lower
REF,0.99,0.9900,0.645864,-0.037290,-0.073417,lower
REF,0.99,0.9900,0.658106,-0.036330,-0.067493,lower
REF,0.99,0.9900,0.670288,-0.035354,-0.061845,lower
REF,0.99,0.9900,0.682401,-0.034364,-0.056468,lower
REF,0.99,0.9900,0.694435,-0.033360,-0.051344,lower
REF,0.99,0.9900,0.706381,-0.032346,-0.046447,lower
REF,0.99,0.9900,0.718230,-0.031322,-0.041743,lower
REF,0.99,0.9900,0.729974,-0.030288,-0.037194,lower
REF,0.99,0.9900,0.741604,-0.029247,-0.032759,lower
REF,0.99,0.9900,0.753112,-0.028199,-0.028395,lower
REF,0.99,0.9900,0.764492,-0.027144,-0.024061,lower
REF,0.99,0.9900,0.775735,-0.026084,-0.019719,lower
REF,0.99,0.9900,0.786835,-0.025019,-0.015330,lower
REF,0.99,0.9900,0.797785,-0.023949,-0.010861,lower
REF,0.99,0.9900,0.808581,-0.022876,-0.006283,lower
REF,0.99,0.9900,0.819214,-0.021800,-0.001568,lower
REF,0.99,0.9900,0.829682,-0.020722,0.003307,lower
REF,0.99,0.9900,0.839979,-0.019643,0.008365,lower
REF,0.99,0.9900,0.850101,-0.018564,0.013625,lower
REF,0.99,0.9900,0.860044,-0.017485,0.019108,lower
REF,0.99,0.9900,0.869805,-0.016409,0.024833,lower
REF,0.99,0.9900,0.879380,-0.015336,0.030819,lower
REF,0.99,0.9900,0.888767,-0.014267,0.037087,lower
REF,0.99,0.9900,0.897965,-0.013204,0.043656,lower
REF,0.99,0.9900,0.906971,-0.012147,0.050546,lower
REF,0.99,0.9900,0.915784,-0.011100,0.057773,lower
REF,0.99,0.9900,0.924403,-0.010062,0.065353,lower
REF,0.99,0.9900,0.932828,-0.009037,0.073293,lower
REF,0.99,0.9900,0.941059,-0.008025,0.081598,lower
REF,0.99,0.9900,0.949096,-0.007029,0.090258,lower
REF,0.99,0.9900,0.956938,-0.006050,0.099253,lower
REF,0.99,0.9900,0.964588,-0.005093,0.108543,lower
REF,0.99,0.9900,0.972047,-0.004158,0.118063,lower
REF,0.99,0.9900,0.979316,-0.003249,0.127721,lower
REF,0.99,0.9900,0.986396,-0.002368,0.137385,lower
REF,0.99,0.9900,0.993290,-0.001519,0.146817,lower
REF,0.99,0.9900,1.000000,-0.000705,0.142288,lower
