alpha_deg,cl_incompressible,cl_pg,cl_kt
0.0,-0.000000,-0.000000,-0.000000
2.0,0.241425,0.278774,0.291861
