h,err_H_max,err_ds1_max
0.04000,4.30626422e-04,1.02363316e-05
0.02000,2.20929018e-04,6.81358247e-06
0.01000,1.11509213e-04,4.39002447e-06
