h,err_H_max,err_ds1_max
0.04000,9.01693962e-05,2.84476680e-06
0.02000,4.48823782e-05,1.52051848e-06
0.01000,6.27334926e-05,2.49623327e-06
