path,level,alpha,all,poles,band_bw0.06,out_bw0.06
conforming_pressure,medium,3.06,0.035613822739940605,0.0008924599146288492,0.00047516558043801384,0.035138657159502595
