level,turb,eta_requested,eta_grid,x_c,y_c,cp,surface
L1,none,0.20,0.2000,0.000000,0.000000,0.643791,upper
L1,none,0.20,0.2000,0.000019,0.000793,0.603903,upper
L1,none,0.20,0.2000,0.000080,0.001650,0.555462,upper
L1,none,0.20,0.2000,0.000196,0.002574,0.496115,upper
L1,none,0.20,0.2000,0.000377,0.003566,0.425559,upper
L1,none,0.20,0.2000,0.000638,0.004627,0.342633,upper
L1,none,0.20,0.2000,0.000993,0.005755,0.246845,upper
L1,none,0.20,0.2000,0.001458,0.006948,0.138156,upper
L1,none,0.20,0.2000,0.002052,0.008200,0.017385,upper
L1,none,0.20,0.2000,0.002791,0.009505,-0.113619,upper
L1,none,0.20,0.2000,0.003694,0.010854,-0.251757,upper
L1,none,0.20,0.2000,0.004777,0.012236,-0.392629,upper
L1,none,0.20,0.2000,0.006058,0.013638,-0.530697,upper
L1,none,0.20,0.2000,0.007551,0.015047,-0.659724,upper
L1,none,0.20,0.2000,0.009271,0.016451,-0.773483,upper
L1,none,0.20,0.2000,0.011228,0.017838,-0.866581,upper
L1,none,0.20,0.2000,0.013436,0.019195,-0.935243,upper
L1,none,0.20,0.2000,0.015904,0.020515,-0.977898,upper
L1,none,0.20,0.2000,0.018643,0.021791,-0.995279,upper
L1,none,0.20,0.2000,0.021664,0.023016,-0.990006,upper
L1,none,0.20,0.2000,0.024979,0.024190,-0.966036,upper
L1,none,0.20,0.2000,0.028600,0.025311,-0.928049,upper
L1,none,0.20,0.2000,0.032543,0.026382,-0.880766,upper
L1,none,0.20,0.2000,0.036823,0.027404,-0.828431,upper
L1,none,0.20,0.2000,0.041456,0.028383,-0.774482,upper
L1,none,0.20,0.2000,0.046463,0.029326,-0.721477,upper
L1,none,0.20,0.2000,0.051862,0.030238,-0.671203,upper
L1,none,0.20,0.2000,0.057676,0.031129,-0.624845,upper
L1,none,0.20,0.2000,0.063928,0.032006,-0.583141,upper
L1,none,0.20,0.2000,0.070642,0.032877,-0.546485,upper
L1,none,0.20,0.2000,0.077844,0.033751,-0.515001,upper
L1,none,0.20,0.2000,0.085558,0.034634,-0.488595,upper
L1,none,0.20,0.2000,0.093813,0.035530,-0.466999,upper
L1,none,0.20,0.2000,0.102634,0.036444,-0.449796,upper
L1,none,0.20,0.2000,0.112049,0.037375,-0.436450,upper
L1,none,0.20,0.2000,0.122085,0.038323,-0.426331,upper
L1,none,0.20,0.2000,0.132769,0.039282,-0.418748,upper
L1,none,0.20,0.2000,0.144125,0.040246,-0.412980,upper
L1,none,0.20,0.2000,0.156179,0.041204,-0.408330,upper
L1,none,0.20,0.2000,0.168952,0.042147,-0.404172,upper
L1,none,0.20,0.2000,0.182464,0.043064,-0.400004,upper
L1,none,0.20,0.2000,0.196731,0.043942,-0.395489,upper
L1,none,0.20,0.2000,0.211767,0.044773,-0.390488,upper
L1,none,0.20,0.2000,0.227580,0.045547,-0.385053,upper
L1,none,0.20,0.2000,0.244175,0.046258,-0.379401,upper
L1,none,0.20,0.2000,0.261551,0.046900,-0.373853,upper
L1,none,0.20,0.2000,0.279701,0.047468,-0.368752,upper
L1,none,0.20,0.2000,0.298615,0.047957,-0.364375,upper
L1,none,0.20,0.2000,0.318273,0.048357,-0.360846,upper
L1,none,0.20,0.2000,0.338651,0.048657,-0.358077,upper
L1,none,0.20,0.2000,0.359716,0.048843,-0.355737,upper
L1,none,0.20,0.2000,0.381432,0.048894,-0.353275,upper
L1,none,0.20,0.2000,0.403750,0.048790,-0.349982,upper
L1,none,0.20,0.2000,0.426620,0.048509,-0.345104,upper
L1,none,0.20,0.2000,0.449981,0.048033,-0.337976,upper
L1,none,0.20,0.2000,0.473769,0.047347,-0.328149,upper
L1,none,0.20,0.2000,0.497911,0.046447,-0.315487,upper
L1,none,0.20,0.2000,0.522334,0.045337,-0.300193,upper
L1,none,0.20,0.2000,0.546959,0.044030,-0.282771,upper
L1,none,0.20,0.2000,0.571705,0.042545,-0.263917,upper
L1,none,0.20,0.2000,0.596493,0.040910,-0.244390,upper
L1,none,0.20,0.2000,0.621239,0.039149,-0.224871,upper
L1,none,0.20,0.2000,0.645864,0.037290,-0.205871,upper
L1,none,0.20,0.2000,0.670288,0.035354,-0.187671,upper
L1,none,0.20,0.2000,0.694435,0.033360,-0.170318,upper
L1,none,0.20,0.2000,0.718230,0.031322,-0.153665,upper
L1,none,0.20,0.2000,0.741604,0.029247,-0.137427,upper
L1,none,0.20,0.2000,0.764492,0.027144,-0.121255,upper
L1,none,0.20,0.2000,0.786835,0.025019,-0.104785,upper
L1,none,0.20,0.2000,0.808581,0.022876,-0.087683,upper
L1,none,0.20,0.2000,0.829682,0.020722,-0.069653,upper
L1,none,0.20,0.2000,0.850101,0.018564,-0.050420,upper
L1,none,0.20,0.2000,0.869805,0.016409,-0.029719,upper
L1,none,0.20,0.2000,0.888767,0.014267,-0.007250,upper
L1,none,0.20,0.2000,0.906971,0.012147,0.017341,upper
L1,none,0.20,0.2000,0.924403,0.010062,0.044480,upper
L1,none,0.20,0.2000,0.941059,0.008025,0.074800,upper
L1,none,0.20,0.2000,0.956938,0.006050,0.109529,upper
L1,none,0.20,0.2000,0.972047,0.004158,0.150764,upper
L1,none,0.20,0.2000,0.986396,0.002368,0.196954,upper
L1,none,0.20,0.2000,1.000000,0.000705,0.264152,upper
L1,none,0.20,0.2000,0.000000,0.000000,0.643791,lower
L1,none,0.20,0.2000,0.000019,-0.000793,0.679761,lower
L1,none,0.20,0.2000,0.000080,-0.001650,0.711856,lower
L1,none,0.20,0.2000,0.000196,-0.002574,0.738615,lower
L1,none,0.20,0.2000,0.000377,-0.003566,0.759208,lower
L1,none,0.20,0.2000,0.000638,-0.004627,0.771820,lower
L1,none,0.20,0.2000,0.000993,-0.005755,0.774842,lower
L1,none,0.20,0.2000,0.001458,-0.006948,0.766760,lower
L1,none,0.20,0.2000,0.002052,-0.008200,0.746363,lower
L1,none,0.20,0.2000,0.002791,-0.009505,0.712981,lower
L1,none,0.20,0.2000,0.003694,-0.010854,0.666750,lower
L1,none,0.20,0.2000,0.004777,-0.012236,0.608782,lower
L1,none,0.20,0.2000,0.006058,-0.013638,0.541234,lower
L1,none,0.20,0.2000,0.007551,-0.015047,0.467212,lower
L1,none,0.20,0.2000,0.009271,-0.016451,0.390450,lower
L1,none,0.20,0.2000,0.011228,-0.017838,0.314843,lower
L1,none,0.20,0.2000,0.013436,-0.019195,0.243931,lower
L1,none,0.20,0.2000,0.015904,-0.020515,0.180512,lower
L1,none,0.20,0.2000,0.018643,-0.021791,0.126428,lower
L1,none,0.20,0.2000,0.021664,-0.023016,0.082514,lower
L1,none,0.20,0.2000,0.024979,-0.024190,0.048682,lower
L1,none,0.20,0.2000,0.028600,-0.025311,0.024127,lower
L1,none,0.20,0.2000,0.032543,-0.026382,0.007565,lower
L1,none,0.20,0.2000,0.036823,-0.027404,-0.002523,lower
L1,none,0.20,0.2000,0.041456,-0.028383,-0.007697,lower
L1,none,0.20,0.2000,0.046463,-0.029326,-0.009424,lower
L1,none,0.20,0.2000,0.051862,-0.030238,-0.009002,lower
L1,none,0.20,0.2000,0.057676,-0.031129,-0.007528,lower
L1,none,0.20,0.2000,0.063928,-0.032006,-0.005895,lower
L1,none,0.20,0.2000,0.070642,-0.032877,-0.004798,lower
L1,none,0.20,0.2000,0.077844,-0.033751,-0.004750,lower
L1,none,0.20,0.2000,0.085558,-0.034634,-0.006092,lower
L1,none,0.20,0.2000,0.093813,-0.035530,-0.009010,lower
L1,none,0.20,0.2000,0.102634,-0.036444,-0.013546,lower
L1,none,0.20,0.2000,0.112049,-0.037375,-0.019613,lower
L1,none,0.20,0.2000,0.122085,-0.038323,-0.027006,lower
L1,none,0.20,0.2000,0.132769,-0.039282,-0.035430,lower
L1,none,0.20,0.2000,0.144125,-0.040246,-0.044523,lower
L1,none,0.20,0.2000,0.156179,-0.041204,-0.053888,lower
L1,none,0.20,0.2000,0.168952,-0.042147,-0.063145,lower
L1,none,0.20,0.2000,0.182464,-0.043064,-0.071968,lower
L1,none,0.20,0.2000,0.196731,-0.043942,-0.080126,lower
L1,none,0.20,0.2000,0.211767,-0.044773,-0.087520,lower
L1,none,0.20,0.2000,0.227580,-0.045547,-0.094191,lower
L1,none,0.20,0.2000,0.244175,-0.046258,-0.100308,lower
L1,none,0.20,0.2000,0.261551,-0.046900,-0.106129,lower
L1,none,0.20,0.2000,0.279701,-0.047468,-0.111944,lower
L1,none,0.20,0.2000,0.298615,-0.047957,-0.118005,lower
L1,none,0.20,0.2000,0.318273,-0.048357,-0.124449,lower
L1,none,0.20,0.2000,0.338651,-0.048657,-0.131248,lower
L1,none,0.20,0.2000,0.359716,-0.048843,-0.138166,lower
L1,none,0.20,0.2000,0.381432,-0.048894,-0.144776,lower
L1,none,0.20,0.2000,0.403750,-0.048790,-0.150498,lower
L1,none,0.20,0.2000,0.426620,-0.048509,-0.154687,lower
L1,none,0.20,0.2000,0.449981,-0.048033,-0.156748,lower
L1,none,0.20,0.2000,0.473769,-0.047347,-0.156251,lower
L1,none,0.20,0.2000,0.497911,-0.046447,-0.153020,lower
L1,none,0.20,0.2000,0.522334,-0.045337,-0.147171,lower
L1,none,0.20,0.2000,0.546959,-0.044030,-0.139092,lower
L1,none,0.20,0.2000,0.571705,-0.042545,-0.129361,lower
L1,none,0.20,0.2000,0.596493,-0.040910,-0.118633,lower
L1,none,0.20,0.2000,0.621239,-0.039149,-0.107523,lower
L1,none,0.20,0.2000,0.645864,-0.037290,-0.096506,lower
L1,none,0.20,0.2000,0.670288,-0.035354,-0.085867,lower
L1,none,0.20,0.2000,0.694435,-0.033360,-0.075686,lower
L1,none,0.20,0.2000,0.718230,-0.031322,-0.065857,lower
L1,none,0.20,0.2000,0.741604,-0.029247,-0.056149,lower
L1,none,0.20,0.2000,0.764492,-0.027144,-0.046257,lower
L1,none,0.20,0.2000,0.786835,-0.025019,-0.035856,lower
L1,none,0.20,0.2000,0.808581,-0.022876,-0.024642,lower
L1,none,0.20,0.2000,0.829682,-0.020722,-0.012337,lower
L1,none,0.20,0.2000,0.850101,-0.018564,0.001312,lower
L1,none,0.20,0.2000,0.869805,-0.016409,0.016558,lower
L1,none,0.20,0.2000,0.888767,-0.014267,0.033678,lower
L1,none,0.20,0.2000,0.906971,-0.012147,0.053001,lower
L1,none,0.20,0.2000,0.924403,-0.010062,0.074938,lower
L1,none,0.20,0.2000,0.941059,-0.008025,0.100068,lower
L1,none,0.20,0.2000,0.956938,-0.006050,0.129511,lower
L1,none,0.20,0.2000,0.972047,-0.004158,0.165478,lower
L1,none,0.20,0.2000,0.986396,-0.002368,0.207683,lower
L1,none,0.20,0.2000,1.000000,-0.000705,0.268636,lower
L1,none,0.44,0.4400,-0.000000,0.000000,0.589023,upper
L1,none,0.44,0.4400,0.000019,0.000793,0.542363,upper
L1,none,0.44,0.4400,0.000080,0.001650,0.486638,upper
L1,none,0.44,0.4400,0.000196,0.002574,0.419367,upper
L1,none,0.44,0.4400,0.000377,0.003566,0.340281,upper
L1,none,0.44,0.4400,0.000638,0.004627,0.248235,upper
L1,none,0.44,0.4400,0.000993,0.005755,0.142796,upper
L1,none,0.44,0.4400,0.001458,0.006948,0.024013,upper
L1,none,0.44,0.4400,0.002052,0.008200,-0.107161,upper
L1,none,0.44,0.4400,0.002791,0.009505,-0.248693,upper
L1,none,0.44,0.4400,0.003694,0.010854,-0.397230,upper
L1,none,0.44,0.4400,0.004777,0.012236,-0.548054,upper
L1,none,0.44,0.4400,0.006058,0.013638,-0.695196,upper
L1,none,0.44,0.4400,0.007551,0.015047,-0.831870,upper
L1,none,0.44,0.4400,0.009271,0.016451,-0.951274,upper
L1,none,0.44,0.4400,0.011228,0.017838,-1.047467,upper
L1,none,0.44,0.4400,0.013436,0.019195,-1.116295,upper
L1,none,0.44,0.4400,0.015904,0.020515,-1.156120,upper
L1,none,0.44,0.4400,0.018643,0.021791,-1.167857,upper
L1,none,0.44,0.4400,0.021664,0.023016,-1.154606,upper
L1,none,0.44,0.4400,0.024979,0.024190,-1.121055,upper
L1,none,0.44,0.4400,0.028600,0.025311,-1.072631,upper
L1,none,0.44,0.4400,0.032543,0.026382,-1.014716,upper
L1,none,0.44,0.4400,0.036823,0.027404,-0.952053,upper
L1,none,0.44,0.4400,0.041456,0.028383,-0.888410,upper
L1,none,0.44,0.4400,0.046462,0.029326,-0.826507,upper
L1,none,0.44,0.4400,0.051862,0.030238,-0.768172,upper
L1,none,0.44,0.4400,0.057676,0.031129,-0.714567,upper
L1,none,0.44,0.4400,0.063928,0.032006,-0.666374,upper
L1,none,0.44,0.4400,0.070642,0.032877,-0.623919,upper
L1,none,0.44,0.4400,0.077844,0.033751,-0.587251,upper
L1,none,0.44,0.4400,0.085558,0.034634,-0.556200,upper
L1,none,0.44,0.4400,0.093813,0.035530,-0.530417,upper
L1,none,0.44,0.4400,0.102634,0.036444,-0.509411,upper
L1,none,0.44,0.4400,0.112049,0.037375,-0.492570,upper
L1,none,0.44,0.4400,0.122085,0.038323,-0.479194,upper
L1,none,0.44,0.4400,0.132769,0.039282,-0.468526,upper
L1,none,0.44,0.4400,0.144125,0.040246,-0.459789,upper
L1,none,0.44,0.4400,0.156179,0.041204,-0.452237,upper
L1,none,0.44,0.4400,0.168952,0.042147,-0.445205,upper
L1,none,0.44,0.4400,0.182464,0.043064,-0.438166,upper
L1,none,0.44,0.4400,0.196731,0.043942,-0.430770,upper
L1,none,0.44,0.4400,0.211767,0.044773,-0.422876,upper
L1,none,0.44,0.4400,0.227580,0.045547,-0.414546,upper
L1,none,0.44,0.4400,0.244175,0.046258,-0.406010,upper
L1,none,0.44,0.4400,0.261551,0.046900,-0.397608,upper
L1,none,0.44,0.4400,0.279701,0.047468,-0.389699,upper
L1,none,0.44,0.4400,0.298615,0.047957,-0.382570,upper
L1,none,0.44,0.4400,0.318273,0.048357,-0.376354,upper
L1,none,0.44,0.4400,0.338651,0.048657,-0.370961,upper
L1,none,0.44,0.4400,0.359716,0.048843,-0.366060,upper
L1,none,0.44,0.4400,0.381432,0.048894,-0.361095,upper
L1,none,0.44,0.4400,0.403750,0.048790,-0.355360,upper
L1,none,0.44,0.4400,0.426620,0.048509,-0.348108,upper
L1,none,0.44,0.4400,0.449981,0.048033,-0.338686,upper
L1,none,0.44,0.4400,0.473769,0.047347,-0.326672,upper
L1,none,0.44,0.4400,0.497911,0.046447,-0.311955,upper
L1,none,0.44,0.4400,0.522334,0.045337,-0.294768,upper
L1,none,0.44,0.4400,0.546959,0.044030,-0.275638,upper
L1,none,0.44,0.4400,0.571705,0.042545,-0.255280,upper
L1,none,0.44,0.4400,0.596493,0.040910,-0.234457,upper
L1,none,0.44,0.4400,0.621239,0.039149,-0.213854,upper
L1,none,0.44,0.4400,0.645864,0.037290,-0.193975,upper
L1,none,0.44,0.4400,0.670288,0.035354,-0.175091,upper
L1,none,0.44,0.4400,0.694435,0.033360,-0.157241,upper
L1,none,0.44,0.4400,0.718230,0.031322,-0.140265,upper
L1,none,0.44,0.4400,0.741604,0.029247,-0.123870,upper
L1,none,0.44,0.4400,0.764492,0.027144,-0.107693,upper
L1,none,0.44,0.4400,0.786835,0.025019,-0.091365,upper
L1,none,0.44,0.4400,0.808581,0.022876,-0.074539,upper
L1,none,0.44,0.4400,0.829682,0.020722,-0.056906,upper
L1,none,0.44,0.4400,0.850101,0.018564,-0.038181,upper
L1,none,0.44,0.4400,0.869805,0.016409,-0.018080,upper
L1,none,0.44,0.4400,0.888767,0.014267,0.003712,upper
L1,none,0.44,0.4400,0.906971,0.012147,0.027569,upper
L1,none,0.44,0.4400,0.924403,0.010062,0.053933,upper
L1,none,0.44,0.4400,0.941059,0.008025,0.083455,upper
L1,none,0.44,0.4400,0.956938,0.006050,0.117373,upper
L1,none,0.44,0.4400,0.972047,0.004158,0.157707,upper
L1,none,0.44,0.4400,0.986396,0.002368,0.202717,upper
L1,none,0.44,0.4400,1.000000,0.000705,0.268709,upper
L1,none,0.44,0.4400,-0.000000,0.000000,0.589023,lower
L1,none,0.44,0.4400,0.000019,-0.000793,0.631724,lower
L1,none,0.44,0.4400,0.000080,-0.001650,0.670872,lower
L1,none,0.44,0.4400,0.000196,-0.002574,0.705064,lower
L1,none,0.44,0.4400,0.000377,-0.003566,0.733413,lower
L1,none,0.44,0.4400,0.000638,-0.004627,0.754022,lower
L1,none,0.44,0.4400,0.000993,-0.005755,0.765168,lower
L1,none,0.44,0.4400,0.001458,-0.006948,0.765201,lower
L1,none,0.44,0.4400,0.002052,-0.008200,0.752768,lower
L1,none,0.44,0.4400,0.002791,-0.009505,0.727003,lower
L1,none,0.44,0.4400,0.003694,-0.010854,0.687825,lower
L1,none,0.44,0.4400,0.004777,-0.012236,0.636126,lower
L1,none,0.44,0.4400,0.006058,-0.013638,0.573855,lower
L1,none,0.44,0.4400,0.007551,-0.015047,0.503948,lower
L1,none,0.44,0.4400,0.009271,-0.016451,0.430031,lower
L1,none,0.44,0.4400,0.011228,-0.017838,0.355968,lower
L1,none,0.44,0.4400,0.013436,-0.019195,0.285364,lower
L1,none,0.44,0.4400,0.015904,-0.020515,0.221161,lower
L1,none,0.44,0.4400,0.018643,-0.021791,0.165393,lower
L1,none,0.44,0.4400,0.021664,-0.023016,0.119104,lower
L1,none,0.44,0.4400,0.024979,-0.024190,0.082424,lower
L1,none,0.44,0.4400,0.028600,-0.025311,0.054744,lower
L1,none,0.44,0.4400,0.032543,-0.026382,0.034950,lower
L1,none,0.44,0.4400,0.036823,-0.027404,0.021656,lower
L1,none,0.44,0.4400,0.041456,-0.028383,0.013396,lower
L1,none,0.44,0.4400,0.046462,-0.029326,0.008765,lower
L1,none,0.44,0.4400,0.051862,-0.030238,0.006497,lower
L1,none,0.44,0.4400,0.057676,-0.031129,0.005509,lower
L1,none,0.44,0.4400,0.063928,-0.032006,0.004910,lower
L1,none,0.44,0.4400,0.070642,-0.032877,0.003994,lower
L1,none,0.44,0.4400,0.077844,-0.033751,0.002236,lower
L1,none,0.44,0.4400,0.085558,-0.034634,-0.000722,lower
L1,none,0.44,0.4400,0.093813,-0.035530,-0.005083,lower
L1,none,0.44,0.4400,0.102634,-0.036444,-0.010907,lower
L1,none,0.44,0.4400,0.112049,-0.037375,-0.018121,lower
L1,none,0.44,0.4400,0.122085,-0.038323,-0.026536,lower
L1,none,0.44,0.4400,0.132769,-0.039282,-0.035865,lower
L1,none,0.44,0.4400,0.144125,-0.040246,-0.045755,lower
L1,none,0.44,0.4400,0.156179,-0.041204,-0.055816,lower
L1,none,0.44,0.4400,0.168952,-0.042147,-0.065668,lower
L1,none,0.44,0.4400,0.182464,-0.043064,-0.074984,lower
L1,none,0.44,0.4400,0.196731,-0.043942,-0.083535,lower
L1,none,0.44,0.4400,0.211767,-0.044773,-0.091217,lower
L1,none,0.44,0.4400,0.227580,-0.045547,-0.098069,lower
L1,none,0.44,0.4400,0.244175,-0.046258,-0.104258,lower
L1,none,0.44,0.4400,0.261551,-0.046900,-0.110041,lower
L1,none,0.44,0.4400,0.279701,-0.047468,-0.115711,lower
L1,none,0.44,0.4400,0.298615,-0.047957,-0.121519,lower
L1,none,0.44,0.4400,0.318273,-0.048357,-0.127607,lower
L1,none,0.44,0.4400,0.338651,-0.048657,-0.133950,lower
L1,none,0.44,0.4400,0.359716,-0.048843,-0.140323,lower
L1,none,0.44,0.4400,0.381432,-0.048894,-0.146306,lower
L1,none,0.44,0.4400,0.403750,-0.048790,-0.151330,lower
L1,none,0.44,0.4400,0.426620,-0.048509,-0.154767,lower
L1,none,0.44,0.4400,0.449981,-0.048033,-0.156044,lower
L1,none,0.44,0.4400,0.473769,-0.047347,-0.154748,lower
L1,none,0.44,0.4400,0.497911,-0.046447,-0.150726,lower
L1,none,0.44,0.4400,0.522334,-0.045337,-0.144115,lower
L1,none,0.44,0.4400,0.546959,-0.044030,-0.135318,lower
L1,none,0.44,0.4400,0.571705,-0.042545,-0.124925,lower
L1,none,0.44,0.4400,0.596493,-0.040910,-0.113596,lower
L1,none,0.44,0.4400,0.621239,-0.039149,-0.101948,lower
L1,none,0.44,0.4400,0.645864,-0.037290,-0.090458,lower
L1,none,0.44,0.4400,0.670288,-0.035354,-0.079409,lower
L1,none,0.44,0.4400,0.694435,-0.033360,-0.068880,lower
L1,none,0.44,0.4400,0.718230,-0.031322,-0.058769,lower
L1,none,0.44,0.4400,0.741604,-0.029247,-0.048844,lower
L1,none,0.44,0.4400,0.764492,-0.027144,-0.038802,lower
L1,none,0.44,0.4400,0.786835,-0.025019,-0.028321,lower
L1,none,0.44,0.4400,0.808581,-0.022876,-0.017096,lower
L1,none,0.44,0.4400,0.829682,-0.020722,-0.004847,lower
L1,none,0.44,0.4400,0.850101,-0.018564,0.008683,lower
L1,none,0.44,0.4400,0.869805,-0.016409,0.023752,lower
L1,none,0.44,0.4400,0.888767,-0.014267,0.040644,lower
L1,none,0.44,0.4400,0.906971,-0.012147,0.059697,lower
L1,none,0.44,0.4400,0.924403,-0.010062,0.081327,lower
L1,none,0.44,0.4400,0.941059,-0.008025,0.106120,lower
L1,none,0.44,0.4400,0.956938,-0.006050,0.135205,lower
L1,none,0.44,0.4400,0.972047,-0.004158,0.170781,lower
L1,none,0.44,0.4400,0.986396,-0.002368,0.212497,lower
L1,none,0.44,0.4400,1.000000,-0.000705,0.272916,lower
L1,none,0.65,0.6500,-0.000000,0.000000,0.565353,upper
L1,none,0.65,0.6500,0.000019,0.000793,0.515807,upper
L1,none,0.65,0.6500,0.000080,0.001650,0.456999,upper
L1,none,0.65,0.6500,0.000196,0.002574,0.386400,upper
L1,none,0.65,0.6500,0.000377,0.003566,0.303756,upper
L1,none,0.65,0.6500,0.000638,0.004627,0.207933,upper
L1,none,0.65,0.6500,0.000993,0.005755,0.098525,upper
L1,none,0.65,0.6500,0.001458,0.006948,-0.024378,upper
L1,none,0.65,0.6500,0.002052,0.008200,-0.159769,upper
L1,none,0.65,0.6500,0.002791,0.009505,-0.305536,upper
L1,none,0.65,0.6500,0.003694,0.010854,-0.458217,upper
L1,none,0.65,0.6500,0.004777,0.012236,-0.612948,upper
L1,none,0.65,0.6500,0.006058,0.013638,-0.763574,upper
L1,none,0.65,0.6500,0.007551,0.015047,-0.903095,upper
L1,none,0.65,0.6500,0.009271,0.016451,-1.024470,upper
L1,none,0.65,0.6500,0.011228,0.017838,-1.121528,upper
L1,none,0.65,0.6500,0.013436,0.019195,-1.189959,upper
L1,none,0.65,0.6500,0.015904,0.020515,-1.228074,upper
L1,none,0.65,0.6500,0.018643,0.021791,-1.236879,upper
L1,none,0.65,0.6500,0.021664,0.023016,-1.219728,upper
L1,none,0.65,0.6500,0.024979,0.024190,-1.181660,upper
L1,none,0.65,0.6500,0.028600,0.025311,-1.128447,upper
L1,none,0.65,0.6500,0.032543,0.026382,-1.065760,upper
L1,none,0.65,0.6500,0.036823,0.027404,-0.998545,upper
L1,none,0.65,0.6500,0.041456,0.028383,-0.930690,upper
L1,none,0.65,0.6500,0.046463,0.029326,-0.864970,upper
L1,none,0.65,0.6500,0.051862,0.030238,-0.803211,upper
L1,none,0.65,0.6500,0.057676,0.031129,-0.746550,upper
L1,none,0.65,0.6500,0.063928,0.032006,-0.695633,upper
L1,none,0.65,0.6500,0.070642,0.032877,-0.650747,upper
L1,none,0.65,0.6500,0.077844,0.033751,-0.611906,upper
L1,none,0.65,0.6500,0.085558,0.034634,-0.578901,upper
L1,none,0.65,0.6500,0.093813,0.035530,-0.551351,upper
L1,none,0.65,0.6500,0.102634,0.036444,-0.528729,upper
L1,none,0.65,0.6500,0.112049,0.037375,-0.510392,upper
L1,none,0.65,0.6500,0.122085,0.038323,-0.495613,upper
L1,none,0.65,0.6500,0.132769,0.039282,-0.483607,upper
L1,none,0.65,0.6500,0.144125,0.040246,-0.473577,upper
L1,none,0.65,0.6500,0.156179,0.041204,-0.464758,upper
L1,none,0.65,0.6500,0.168952,0.042147,-0.456470,upper
L1,none,0.65,0.6500,0.182464,0.043064,-0.448177,upper
L1,none,0.65,0.6500,0.196731,0.043942,-0.439528,upper
L1,none,0.65,0.6500,0.211767,0.044773,-0.430380,upper
L1,none,0.65,0.6500,0.227580,0.045547,-0.420798,upper
L1,none,0.65,0.6500,0.244175,0.046258,-0.411021,upper
L1,none,0.65,0.6500,0.261551,0.046900,-0.401392,upper
L1,none,0.65,0.6500,0.279701,0.047468,-0.392277,upper
L1,none,0.65,0.6500,0.298615,0.047957,-0.383969,upper
L1,none,0.65,0.6500,0.318273,0.048357,-0.376603,upper
L1,none,0.65,0.6500,0.338651,0.048657,-0.370093,upper
L1,none,0.65,0.6500,0.359716,0.048843,-0.364110,upper
L1,none,0.65,0.6500,0.381432,0.048894,-0.358103,upper
L1,none,0.65,0.6500,0.403750,0.048790,-0.351369,upper
L1,none,0.65,0.6500,0.426620,0.048509,-0.343170,upper
L1,none,0.65,0.6500,0.449981,0.048033,-0.332865,upper
L1,none,0.65,0.6500,0.473769,0.047347,-0.320041,upper
L1,none,0.65,0.6500,0.497911,0.046447,-0.304599,upper
L1,none,0.65,0.6500,0.522334,0.045337,-0.286782,upper
L1,none,0.65,0.6500,0.546959,0.044030,-0.267124,upper
L1,none,0.65,0.6500,0.571705,0.042545,-0.246340,upper
L1,none,0.65,0.6500,0.596493,0.040910,-0.225196,upper
L1,none,0.65,0.6500,0.621239,0.039149,-0.204372,upper
L1,none,0.65,0.6500,0.645864,0.037290,-0.184365,upper
L1,none,0.65,0.6500,0.670288,0.035354,-0.165443,upper
L1,none,0.65,0.6500,0.694435,0.033360,-0.147635,upper
L1,none,0.65,0.6500,0.718230,0.031322,-0.130777,upper
L1,none,0.65,0.6500,0.741604,0.029247,-0.114565,upper
L1,none,0.65,0.6500,0.764492,0.027144,-0.098634,upper
L1,none,0.65,0.6500,0.786835,0.025019,-0.082603,upper
L1,none,0.65,0.6500,0.808581,0.022876,-0.066120,upper
L1,none,0.65,0.6500,0.829682,0.020722,-0.048870,upper
L1,none,0.65,0.6500,0.850101,0.018564,-0.030560,upper
L1,none,0.65,0.6500,0.869805,0.016409,-0.010901,upper
L1,none,0.65,0.6500,0.888767,0.014267,0.010431,upper
L1,none,0.65,0.6500,0.906971,0.012147,0.033815,upper
L1,none,0.65,0.6500,0.924403,0.010062,0.059695,upper
L1,none,0.65,0.6500,0.941059,0.008025,0.088719,upper
L1,none,0.65,0.6500,0.956938,0.006050,0.122118,upper
L1,none,0.65,0.6500,0.972047,0.004158,0.161885,upper
L1,none,0.65,0.6500,0.986396,0.002368,0.206273,upper
L1,none,0.65,0.6500,1.000000,0.000705,0.271492,upper
L1,none,0.65,0.6500,-0.000000,0.000000,0.565353,lower
L1,none,0.65,0.6500,0.000019,-0.000793,0.610939,lower
L1,none,0.65,0.6500,0.000080,-0.001650,0.653133,lower
L1,none,0.65,0.6500,0.000196,-0.002574,0.690561,lower
L1,none,0.65,0.6500,0.000377,-0.003566,0.722313,lower
L1,none,0.65,0.6500,0.000638,-0.004627,0.746462,lower
L1,none,0.65,0.6500,0.000993,-0.005755,0.761244,lower
L1,none,0.65,0.6500,0.001458,-0.006948,0.764945,lower
L1,none,0.65,0.6500,0.002052,-0.008200,0.756149,lower
L1,none,0.65,0.6500,0.002791,-0.009505,0.733910,lower
L1,none,0.65,0.6500,0.003694,-0.010854,0.698052,lower
L1,none,0.65,0.6500,0.004777,-0.012236,0.649361,lower
L1,none,0.65,0.6500,0.006058,-0.013638,0.589689,lower
L1,none,0.65,0.6500,0.007551,-0.015047,0.521887,lower
L1,none,0.65,0.6500,0.009271,-0.016451,0.449524,lower
L1,none,0.65,0.6500,0.011228,-0.017838,0.376445,lower
L1,none,0.65,0.6500,0.013436,-0.019195,0.306270,lower
L1,none,0.65,0.6500,0.015904,-0.020515,0.241991,lower
L1,none,0.65,0.6500,0.018643,-0.021791,0.185714,lower
L1,none,0.65,0.6500,0.021664,-0.023016,0.138570,lower
L1,none,0.65,0.6500,0.024979,-0.024190,0.100781,lower
L1,none,0.65,0.6500,0.028600,-0.025311,0.071827,lower
L1,none,0.65,0.6500,0.032543,-0.026382,0.050672,lower
L1,none,0.65,0.6500,0.036823,-0.027404,0.035994,lower
L1,none,0.65,0.6500,0.041456,-0.028383,0.026373,lower
L1,none,0.65,0.6500,0.046463,-0.029326,0.020437,lower
L1,none,0.65,0.6500,0.051862,-0.030238,0.016943,lower
L1,none,0.65,0.6500,0.057676,-0.031129,0.014815,lower
L1,none,0.65,0.6500,0.063928,-0.032006,0.013166,lower
L1,none,0.65,0.6500,0.070642,-0.032877,0.011290,lower
L1,none,0.65,0.6500,0.077844,-0.033751,0.008655,lower
L1,none,0.65,0.6500,0.085558,-0.034634,0.004898,lower
L1,none,0.65,0.6500,0.093813,-0.035530,-0.000194,lower
L1,none,0.65,0.6500,0.102634,-0.036444,-0.006687,lower
L1,none,0.65,0.6500,0.112049,-0.037375,-0.014518,lower
L1,none,0.65,0.6500,0.122085,-0.038323,-0.023503,lower
L1,none,0.65,0.6500,0.132769,-0.039282,-0.033364,lower
L1,none,0.65,0.6500,0.144125,-0.040246,-0.043751,lower
L1,none,0.65,0.6500,0.156179,-0.041204,-0.054280,lower
L1,none,0.65,0.6500,0.168952,-0.042147,-0.064571,lower
L1,none,0.65,0.6500,0.182464,-0.043064,-0.074300,lower
L1,none,0.65,0.6500,0.196731,-0.043942,-0.083235,lower
L1,none,0.65,0.6500,0.211767,-0.044773,-0.091274,lower
L1,none,0.65,0.6500,0.227580,-0.045547,-0.098451,lower
L1,none,0.65,0.6500,0.244175,-0.046258,-0.104930,lower
L1,none,0.65,0.6500,0.261551,-0.046900,-0.110967,lower
L1,none,0.65,0.6500,0.279701,-0.047468,-0.116850,lower
L1,none,0.65,0.6500,0.298615,-0.047957,-0.122830,lower
L1,none,0.65,0.6500,0.318273,-0.048357,-0.129048,lower
L1,none,0.65,0.6500,0.338651,-0.048657,-0.135478,lower
L1,none,0.65,0.6500,0.359716,-0.048843,-0.141895,lower
L1,none,0.65,0.6500,0.381432,-0.048894,-0.147880,lower
L1,none,0.65,0.6500,0.403750,-0.048790,-0.152870,lower
L1,none,0.65,0.6500,0.426620,-0.048509,-0.156241,lower
L1,none,0.65,0.6500,0.449981,-0.048033,-0.157422,lower
L1,none,0.65,0.6500,0.473769,-0.047347,-0.156010,lower
L1,none,0.65,0.6500,0.497911,-0.046447,-0.151855,lower
L1,none,0.65,0.6500,0.522334,-0.045337,-0.145100,lower
L1,none,0.65,0.6500,0.546959,-0.044030,-0.136152,lower
L1,none,0.65,0.6500,0.571705,-0.042545,-0.125604,lower
L1,none,0.65,0.6500,0.596493,-0.040910,-0.114118,lower
L1,none,0.65,0.6500,0.621239,-0.039149,-0.102313,lower
L1,none,0.65,0.6500,0.645864,-0.037290,-0.090665,lower
L1,none,0.65,0.6500,0.670288,-0.035354,-0.079460,lower
L1,none,0.65,0.6500,0.694435,-0.033360,-0.068777,lower
L1,none,0.65,0.6500,0.718230,-0.031322,-0.058516,lower
L1,none,0.65,0.6500,0.741604,-0.029247,-0.048446,lower
L1,none,0.65,0.6500,0.764492,-0.027144,-0.038265,lower
L1,none,0.65,0.6500,0.786835,-0.025019,-0.027655,lower
L1,none,0.65,0.6500,0.808581,-0.022876,-0.016308,lower
L1,none,0.65,0.6500,0.829682,-0.020722,-0.003946,lower
L1,none,0.65,0.6500,0.850101,-0.018564,0.009688,lower
L1,none,0.65,0.6500,0.869805,-0.016409,0.024855,lower
L1,none,0.65,0.6500,0.888767,-0.014267,0.041840,lower
L1,none,0.65,0.6500,0.906971,-0.012147,0.060983,lower
L1,none,0.65,0.6500,0.924403,-0.010062,0.082704,lower
L1,none,0.65,0.6500,0.941059,-0.008025,0.107594,lower
L1,none,0.65,0.6500,0.956938,-0.006050,0.136791,lower
L1,none,0.65,0.6500,0.972047,-0.004158,0.172504,lower
L1,none,0.65,0.6500,0.986396,-0.002368,0.214338,lower
L1,none,0.65,0.6500,1.000000,-0.000705,0.275053,lower
L1,none,0.80,0.8000,0.000000,0.000000,0.559779,upper
L1,none,0.80,0.8000,0.000019,0.000793,0.509959,upper
L1,none,0.80,0.8000,0.000080,0.001650,0.450855,upper
L1,none,0.80,0.8000,0.000196,0.002574,0.379936,upper
L1,none,0.80,0.8000,0.000377,0.003566,0.296950,upper
L1,none,0.80,0.8000,0.000638,0.004627,0.200767,upper
L1,none,0.80,0.8000,0.000993,0.005755,0.090983,upper
L1,none,0.80,0.8000,0.001458,0.006948,-0.032305,upper
L1,none,0.80,0.8000,0.002052,0.008200,-0.168078,upper
L1,none,0.80,0.8000,0.002791,0.009505,-0.314211,upper
L1,none,0.80,0.8000,0.003694,0.010854,-0.467229,upper
L1,none,0.80,0.8000,0.004777,0.012236,-0.622242,upper
L1,none,0.80,0.8000,0.006058,0.013638,-0.773068,upper
L1,none,0.80,0.8000,0.007551,0.015047,-0.912677,upper
L1,none,0.80,0.8000,0.009271,0.016451,-1.033995,upper
L1,none,0.80,0.8000,0.011229,0.017838,-1.130824,upper
L1,none,0.80,0.8000,0.013436,0.019195,-1.198839,upper
L1,none,0.80,0.8000,0.015904,0.020515,-1.236353,upper
L1,none,0.80,0.8000,0.018643,0.021791,-1.244397,upper
L1,none,0.80,0.8000,0.021664,0.023016,-1.226374,upper
L1,none,0.80,0.8000,0.024979,0.024190,-1.187377,upper
L1,none,0.80,0.8000,0.028600,0.025311,-1.133228,upper
L1,none,0.80,0.8000,0.032543,0.026382,-1.069632,upper
L1,none,0.80,0.8000,0.036823,0.027404,-1.001553,upper
L1,none,0.80,0.8000,0.041456,0.028383,-0.932888,upper
L1,none,0.80,0.8000,0.046463,0.029326,-0.866408,upper
L1,none,0.80,0.8000,0.051862,0.030238,-0.803933,upper
L1,none,0.80,0.8000,0.057676,0.031129,-0.746590,upper
L1,none,0.80,0.8000,0.063928,0.032006,-0.695017,upper
L1,none,0.80,0.8000,0.070642,0.032877,-0.649491,upper
L1,none,0.80,0.8000,0.077844,0.033751,-0.610014,upper
L1,none,0.80,0.8000,0.085558,0.034634,-0.576371,upper
L1,none,0.80,0.8000,0.093813,0.035530,-0.548170,upper
L1,none,0.80,0.8000,0.102634,0.036444,-0.524878,upper
L1,none,0.80,0.8000,0.112049,0.037375,-0.505846,upper
L1,none,0.80,0.8000,0.122085,0.038323,-0.490342,upper
L1,none,0.80,0.8000,0.132769,0.039282,-0.477577,upper
L1,none,0.80,0.8000,0.144125,0.040246,-0.466752,upper
L1,none,0.80,0.8000,0.156179,0.041204,-0.457101,upper
L1,none,0.80,0.8000,0.168952,0.042147,-0.447949,upper
L1,none,0.80,0.8000,0.182464,0.043064,-0.438760,upper
L1,none,0.80,0.8000,0.196731,0.043942,-0.429190,upper
L1,none,0.80,0.8000,0.211767,0.044773,-0.419100,upper
L1,none,0.80,0.8000,0.227580,0.045547,-0.408561,upper
L1,none,0.80,0.8000,0.244175,0.046258,-0.397819,upper
L1,none,0.80,0.8000,0.261551,0.046900,-0.387223,upper
L1,none,0.80,0.8000,0.279701,0.047468,-0.377146,upper
L1,none,0.80,0.8000,0.298615,0.047957,-0.367892,upper
L1,none,0.80,0.8000,0.318273,0.048357,-0.359608,upper
L1,none,0.80,0.8000,0.338651,0.048657,-0.352223,upper
L1,none,0.80,0.8000,0.359716,0.048843,-0.345428,upper
L1,none,0.80,0.8000,0.381432,0.048894,-0.338695,upper
L1,none,0.80,0.8000,0.403751,0.048790,-0.331345,upper
L1,none,0.80,0.8000,0.426620,0.048509,-0.322664,upper
L1,none,0.80,0.8000,0.449981,0.048033,-0.312031,upper
L1,none,0.80,0.8000,0.473769,0.047347,-0.299045,upper
L1,none,0.80,0.8000,0.497911,0.046447,-0.283613,upper
L1,none,0.80,0.8000,0.522334,0.045337,-0.265973,upper
L1,none,0.80,0.8000,0.546959,0.044030,-0.246646,upper
L1,none,0.80,0.8000,0.571705,0.042545,-0.226334,upper
L1,none,0.80,0.8000,0.596493,0.040910,-0.205783,upper
L1,none,0.80,0.8000,0.621239,0.039149,-0.185655,upper
L1,none,0.80,0.8000,0.645864,0.037290,-0.166433,upper
L1,none,0.80,0.8000,0.670288,0.035354,-0.148369,upper
L1,none,0.80,0.8000,0.694435,0.033360,-0.131481,upper
L1,none,0.80,0.8000,0.718230,0.031322,-0.115594,upper
L1,none,0.80,0.8000,0.741604,0.029247,-0.100394,upper
L1,none,0.80,0.8000,0.764492,0.027144,-0.085505,upper
L1,none,0.80,0.8000,0.786835,0.025019,-0.070535,upper
L1,none,0.80,0.8000,0.808581,0.022876,-0.055124,upper
L1,none,0.80,0.8000,0.829682,0.020722,-0.038942,upper
L1,none,0.80,0.8000,0.850101,0.018564,-0.021683,upper
L1,none,0.80,0.8000,0.869805,0.016409,-0.003047,upper
L1,none,0.80,0.8000,0.888768,0.014267,0.017297,upper
L1,none,0.80,0.8000,0.906971,0.012147,0.039735,upper
L1,none,0.80,0.8000,0.924403,0.010062,0.064711,upper
L1,none,0.80,0.8000,0.941059,0.008025,0.092863,upper
L1,none,0.80,0.8000,0.956938,0.006050,0.125411,upper
L1,none,0.80,0.8000,0.972047,0.004158,0.164362,upper
L1,none,0.80,0.8000,0.986396,0.002368,0.208100,upper
L1,none,0.80,0.8000,1.000000,0.000705,0.272421,upper
L1,none,0.80,0.8000,0.000000,0.000000,0.559779,lower
L1,none,0.80,0.8000,0.000019,-0.000793,0.605638,lower
L1,none,0.80,0.8000,0.000080,-0.001650,0.648116,lower
L1,none,0.80,0.8000,0.000196,-0.002574,0.685841,lower
L1,none,0.80,0.8000,0.000377,-0.003566,0.717899,lower
L1,none,0.80,0.8000,0.000638,-0.004627,0.742357,lower
L1,none,0.80,0.8000,0.000993,-0.005755,0.757444,lower
L1,none,0.80,0.8000,0.001458,-0.006948,0.761437,lower
L1,none,0.80,0.8000,0.002052,-0.008200,0.752910,lower
L1,none,0.80,0.8000,0.002791,-0.009505,0.730907,lower
L1,none,0.80,0.8000,0.003694,-0.010854,0.695238,lower
L1,none,0.80,0.8000,0.004777,-0.012236,0.646680,lower
L1,none,0.80,0.8000,0.006058,-0.013638,0.587072,lower
L1,none,0.80,0.8000,0.007551,-0.015047,0.519260,lower
L1,none,0.80,0.8000,0.009271,-0.016451,0.446812,lower
L1,none,0.80,0.8000,0.011229,-0.017838,0.373576,lower
L1,none,0.80,0.8000,0.013436,-0.019195,0.303180,lower
L1,none,0.80,0.8000,0.015904,-0.020515,0.238625,lower
L1,none,0.80,0.8000,0.018643,-0.021791,0.182032,lower
L1,none,0.80,0.8000,0.021664,-0.023016,0.134545,lower
L1,none,0.80,0.8000,0.024979,-0.024190,0.096398,lower
L1,none,0.80,0.8000,0.028600,-0.025311,0.067081,lower
L1,none,0.80,0.8000,0.032543,-0.026382,0.045567,lower
L1,none,0.80,0.8000,0.036823,-0.027404,0.030537,lower
L1,none,0.80,0.8000,0.041456,-0.028383,0.020577,lower
L1,none,0.80,0.8000,0.046463,-0.029326,0.014314,lower
L1,none,0.80,0.8000,0.051862,-0.030238,0.010505,lower
L1,none,0.80,0.8000,0.057676,-0.031129,0.008073,lower
L1,none,0.80,0.8000,0.063928,-0.032006,0.006130,lower
L1,none,0.80,0.8000,0.070642,-0.032877,0.003968,lower
L1,none,0.80,0.8000,0.077844,-0.033751,0.001054,lower
L1,none,0.80,0.8000,0.085558,-0.034634,-0.002977,lower
L1,none,0.80,0.8000,0.093813,-0.035530,-0.008336,lower
L1,none,0.80,0.8000,0.102634,-0.036444,-0.015090,lower
L1,none,0.80,0.8000,0.112049,-0.037375,-0.023173,lower
L1,none,0.80,0.8000,0.122085,-0.038323,-0.032401,lower
L1,none,0.80,0.8000,0.132769,-0.039282,-0.042491,lower
L1,none,0.80,0.8000,0.144125,-0.040246,-0.053089,lower
L1,none,0.80,0.8000,0.156179,-0.041204,-0.063806,lower
L1,none,0.80,0.8000,0.168952,-0.042147,-0.074256,lower
L1,none,0.80,0.8000,0.182464,-0.043064,-0.084107,lower
L1,none,0.80,0.8000,0.196731,-0.043942,-0.093123,lower
L1,none,0.80,0.8000,0.211767,-0.044773,-0.101193,lower
L1,none,0.80,0.8000,0.227580,-0.045547,-0.108345,lower
L1,none,0.80,0.8000,0.244175,-0.046258,-0.114736,lower
L1,none,0.80,0.8000,0.261551,-0.046900,-0.120616,lower
L1,none,0.80,0.8000,0.279701,-0.047468,-0.126268,lower
L1,none,0.80,0.8000,0.298615,-0.047957,-0.131937,lower
L1,none,0.80,0.8000,0.318273,-0.048357,-0.137763,lower
L1,none,0.80,0.8000,0.338651,-0.048657,-0.143718,lower
L1,none,0.80,0.8000,0.359716,-0.048843,-0.149582,lower
L1,none,0.80,0.8000,0.381432,-0.048894,-0.154944,lower
L1,none,0.80,0.8000,0.403751,-0.048790,-0.159254,lower
L1,none,0.80,0.8000,0.426620,-0.048509,-0.161907,lower
L1,none,0.80,0.8000,0.449981,-0.048033,-0.162353,lower
L1,none,0.80,0.8000,0.473769,-0.047347,-0.160213,lower
L1,none,0.80,0.8000,0.497911,-0.046447,-0.155360,lower
L1,none,0.80,0.8000,0.522334,-0.045337,-0.147953,lower
L1,none,0.80,0.8000,0.546959,-0.044030,-0.138416,lower
L1,none,0.80,0.8000,0.571705,-0.042545,-0.127349,lower
L1,none,0.80,0.8000,0.596493,-0.040910,-0.115417,lower
L1,none,0.80,0.8000,0.621239,-0.039149,-0.103238,lower
L1,none,0.80,0.8000,0.645864,-0.037290,-0.091287,lower
L1,none,0.80,0.8000,0.670288,-0.035354,-0.079845,lower
L1,none,0.80,0.8000,0.694435,-0.033360,-0.068987,lower
L1,none,0.80,0.8000,0.718230,-0.031322,-0.058609,lower
L1,none,0.80,0.8000,0.741604,-0.029247,-0.048474,lower
L1,none,0.80,0.8000,0.764492,-0.027144,-0.038277,lower
L1,none,0.80,0.8000,0.786835,-0.025019,-0.027690,lower
L1,none,0.80,0.8000,0.808581,-0.022876,-0.016400,lower
L1,none,0.80,0.8000,0.829682,-0.020722,-0.004121,lower
L1,none,0.80,0.8000,0.850101,-0.018564,0.009415,lower
L1,none,0.80,0.8000,0.869805,-0.016409,0.024477,lower
L1,none,0.80,0.8000,0.888768,-0.014267,0.041362,lower
L1,none,0.80,0.8000,0.906971,-0.012147,0.060417,lower
L1,none,0.80,0.8000,0.924403,-0.010062,0.082073,lower
L1,none,0.80,0.8000,0.941059,-0.008025,0.106933,lower
L1,none,0.80,0.8000,0.956938,-0.006050,0.136155,lower
L1,none,0.80,0.8000,0.972047,-0.004158,0.171970,lower
L1,none,0.80,0.8000,0.986396,-0.002368,0.213921,lower
L1,none,0.80,0.8000,1.000000,-0.000705,0.275076,lower
L1,none,0.90,0.9000,0.000000,0.000000,0.564307,upper
L1,none,0.90,0.9000,0.000019,0.000793,0.516303,upper
L1,none,0.90,0.9000,0.000080,0.001650,0.459125,upper
L1,none,0.90,0.9000,0.000196,0.002574,0.390271,upper
L1,none,0.90,0.9000,0.000377,0.003566,0.309479,upper
L1,none,0.90,0.9000,0.000638,0.004627,0.215612,upper
L1,none,0.90,0.9000,0.000993,0.005755,0.108256,upper
L1,none,0.90,0.9000,0.001458,0.006948,-0.012514,upper
L1,none,0.90,0.9000,0.002052,0.008200,-0.145705,upper
L1,none,0.90,0.9000,0.002791,0.009505,-0.289229,upper
L1,none,0.90,0.9000,0.003694,0.010854,-0.439660,upper
L1,none,0.90,0.9000,0.004777,0.012236,-0.592180,upper
L1,none,0.90,0.9000,0.006058,0.013638,-0.740696,upper
L1,none,0.90,0.9000,0.007551,0.015047,-0.878281,upper
L1,none,0.90,0.9000,0.009271,0.016451,-0.997983,upper
L1,none,0.90,0.9000,0.011228,0.017838,-1.093720,upper
L1,none,0.90,0.9000,0.013436,0.019195,-1.161250,upper
L1,none,0.90,0.9000,0.015904,0.020515,-1.198935,upper
L1,none,0.90,0.9000,0.018643,0.021791,-1.207782,upper
L1,none,0.90,0.9000,0.021664,0.023016,-1.191068,upper
L1,none,0.90,0.9000,0.024979,0.024190,-1.153714,upper
L1,none,0.90,0.9000,0.028600,0.025311,-1.101364,upper
L1,none,0.90,0.9000,0.032543,0.026382,-1.039563,upper
L1,none,0.90,0.9000,0.036823,0.027404,-0.973160,upper
L1,none,0.90,0.9000,0.041456,0.028383,-0.905970,upper
L1,none,0.90,0.9000,0.046462,0.029326,-0.840722,upper
L1,none,0.90,0.9000,0.051862,0.030238,-0.779223,upper
L1,none,0.90,0.9000,0.057676,0.031129,-0.722599,upper
L1,none,0.90,0.9000,0.063928,0.032006,-0.671494,upper
L1,none,0.90,0.9000,0.070642,0.032877,-0.626193,upper
L1,none,0.90,0.9000,0.077844,0.033751,-0.586703,upper
L1,none,0.90,0.9000,0.085558,0.034634,-0.552816,upper
L1,none,0.90,0.9000,0.093813,0.035530,-0.524147,upper
L1,none,0.90,0.9000,0.102634,0.036444,-0.500173,upper
L1,none,0.90,0.9000,0.112049,0.037375,-0.480257,upper
L1,none,0.90,0.9000,0.122085,0.038323,-0.463681,upper
L1,none,0.90,0.9000,0.132769,0.039282,-0.449681,upper
L1,none,0.90,0.9000,0.144125,0.040246,-0.437487,upper
L1,none,0.90,0.9000,0.156179,0.041204,-0.426368,upper
L1,none,0.90,0.9000,0.168952,0.042147,-0.415692,upper
L1,none,0.90,0.9000,0.182464,0.043064,-0.404973,upper
L1,none,0.90,0.9000,0.196731,0.043942,-0.393912,upper
L1,none,0.90,0.9000,0.211767,0.044773,-0.382419,upper
L1,none,0.90,0.9000,0.227580,0.045547,-0.370609,upper
L1,none,0.90,0.9000,0.244175,0.046258,-0.358759,upper
L1,none,0.90,0.9000,0.261551,0.046900,-0.347247,upper
L1,none,0.90,0.9000,0.279701,0.047468,-0.336465,upper
L1,none,0.90,0.9000,0.298615,0.047957,-0.326729,upper
L1,none,0.90,0.9000,0.318273,0.048357,-0.318195,upper
L1,none,0.90,0.9000,0.338651,0.048657,-0.310802,upper
L1,none,0.90,0.9000,0.359716,0.048843,-0.304250,upper
L1,none,0.90,0.9000,0.381432,0.048894,-0.298017,upper
L1,none,0.90,0.9000,0.403750,0.048790,-0.291427,upper
L1,none,0.90,0.9000,0.426620,0.048509,-0.283767,upper
L1,none,0.90,0.9000,0.449982,0.048033,-0.274404,upper
L1,none,0.90,0.9000,0.473769,0.047347,-0.262923,upper
L1,none,0.90,0.9000,0.497911,0.046447,-0.249206,upper
L1,none,0.90,0.9000,0.522334,0.045337,-0.233460,upper
L1,none,0.90,0.9000,0.546959,0.044030,-0.216176,upper
L1,none,0.90,0.9000,0.571705,0.042545,-0.198022,upper
L1,none,0.90,0.9000,0.596493,0.040910,-0.179713,upper
L1,none,0.90,0.9000,0.621239,0.039149,-0.161888,upper
L1,none,0.90,0.9000,0.645864,0.037290,-0.145007,upper
L1,none,0.90,0.9000,0.670288,0.035354,-0.129304,upper
L1,none,0.90,0.9000,0.694435,0.033360,-0.114780,upper
L1,none,0.90,0.9000,0.718230,0.031322,-0.101248,upper
L1,none,0.90,0.9000,0.741604,0.029247,-0.088382,upper
L1,none,0.90,0.9000,0.764492,0.027144,-0.075791,upper
L1,none,0.90,0.9000,0.786835,0.025019,-0.063071,upper
L1,none,0.90,0.9000,0.808581,0.022876,-0.049841,upper
L1,none,0.90,0.9000,0.829682,0.020722,-0.035757,upper
L1,none,0.90,0.9000,0.850101,0.018564,-0.020492,upper
L1,none,0.90,0.9000,0.869805,0.016409,-0.003723,upper
L1,none,0.90,0.9000,0.888767,0.014267,0.014896,upper
L1,none,0.90,0.9000,0.906971,0.012147,0.035764,upper
L1,none,0.90,0.9000,0.924403,0.010062,0.059346,upper
L1,none,0.90,0.9000,0.941059,0.008025,0.086298,upper
L1,none,0.90,0.9000,0.956938,0.006050,0.117862,upper
L1,none,0.90,0.9000,0.972047,0.004158,0.156161,upper
L1,none,0.90,0.9000,0.986396,0.002368,0.199877,upper
L1,none,0.90,0.9000,1.000000,0.000705,0.264376,upper
L1,none,0.90,0.9000,0.000000,0.000000,0.564307,lower
L1,none,0.90,0.9000,0.000019,-0.000793,0.608335,lower
L1,none,0.90,0.9000,0.000080,-0.001650,0.648861,lower
L1,none,0.90,0.9000,0.000196,-0.002574,0.684488,lower
L1,none,0.90,0.9000,0.000377,-0.003566,0.714308,lower
L1,none,0.90,0.9000,0.000638,-0.004627,0.736400,lower
L1,none,0.90,0.9000,0.000993,-0.005755,0.749008,lower
L1,none,0.90,0.9000,0.001458,-0.006948,0.750439,lower
L1,none,0.90,0.9000,0.002052,-0.008200,0.739300,lower
L1,none,0.90,0.9000,0.002791,-0.009505,0.714671,lower
L1,none,0.90,0.9000,0.003694,-0.010854,0.676422,lower
L1,none,0.90,0.9000,0.004777,-0.012236,0.625389,lower
L1,none,0.90,0.9000,0.006058,-0.013638,0.563482,lower
L1,none,0.90,0.9000,0.007551,-0.015047,0.493608,lower
L1,none,0.90,0.9000,0.009271,-0.016451,0.419388,lower
L1,none,0.90,0.9000,0.011228,-0.017838,0.344702,lower
L1,none,0.90,0.9000,0.013436,-0.019195,0.273191,lower
L1,none,0.90,0.9000,0.015904,-0.020515,0.207849,lower
L1,none,0.90,0.9000,0.018643,-0.021791,0.150768,lower
L1,none,0.90,0.9000,0.021664,-0.023016,0.103052,lower
L1,none,0.90,0.9000,0.024979,-0.024190,0.064886,lower
L1,none,0.90,0.9000,0.028600,-0.025311,0.035708,lower
L1,none,0.90,0.9000,0.032543,-0.026382,0.014439,lower
L1,none,0.90,0.9000,0.036823,-0.027404,-0.000283,lower
L1,none,0.90,0.9000,0.041456,-0.028383,-0.009909,lower
L1,none,0.90,0.9000,0.046462,-0.029326,-0.015838,lower
L1,none,0.90,0.9000,0.051862,-0.030238,-0.019335,lower
L1,none,0.90,0.9000,0.057676,-0.031129,-0.021484,lower
L1,none,0.90,0.9000,0.063928,-0.032006,-0.023179,lower
L1,none,0.90,0.9000,0.070642,-0.032877,-0.025126,lower
L1,none,0.90,0.9000,0.077844,-0.033751,-0.027848,lower
L1,none,0.90,0.9000,0.085558,-0.034634,-0.031700,lower
L1,none,0.90,0.9000,0.093813,-0.035530,-0.036875,lower
L1,none,0.90,0.9000,0.102634,-0.036444,-0.043419,lower
L1,none,0.90,0.9000,0.112049,-0.037375,-0.051240,lower
L1,none,0.90,0.9000,0.122085,-0.038323,-0.060126,lower
L1,none,0.90,0.9000,0.132769,-0.039282,-0.069765,lower
L1,none,0.90,0.9000,0.144125,-0.040246,-0.079772,lower
L1,none,0.90,0.9000,0.156179,-0.041204,-0.089729,lower
L1,none,0.90,0.9000,0.168952,-0.042147,-0.099230,lower
L1,none,0.90,0.9000,0.182464,-0.043064,-0.107927,lower
L1,none,0.90,0.9000,0.196731,-0.043942,-0.115577,lower
L1,none,0.90,0.9000,0.211767,-0.044773,-0.122072,lower
L1,none,0.90,0.9000,0.227580,-0.045547,-0.127456,lower
L1,none,0.90,0.9000,0.244175,-0.046258,-0.131909,lower
L1,none,0.90,0.9000,0.261551,-0.046900,-0.135709,lower
L1,none,0.90,0.9000,0.279701,-0.047468,-0.139172,lower
L1,none,0.90,0.9000,0.298615,-0.047957,-0.142583,lower
L1,none,0.90,0.9000,0.318273,-0.048357,-0.146120,lower
L1,none,0.90,0.9000,0.338651,-0.048657,-0.149798,lower
L1,none,0.90,0.9000,0.359716,-0.048843,-0.153444,lower
L1,none,0.90,0.9000,0.381432,-0.048894,-0.156694,lower
L1,none,0.90,0.9000,0.403750,-0.048790,-0.159046,lower
L1,none,0.90,0.9000,0.426620,-0.048509,-0.159941,lower
L1,none,0.90,0.9000,0.449982,-0.048033,-0.158869,lower
L1,none,0.90,0.9000,0.473769,-0.047347,-0.155478,lower
L1,none,0.90,0.9000,0.497911,-0.046447,-0.149656,lower
L1,none,0.90,0.9000,0.522334,-0.045337,-0.141564,lower
L1,none,0.90,0.9000,0.546959,-0.044030,-0.131612,lower
L1,none,0.90,0.9000,0.571705,-0.042545,-0.120377,lower
L1,none,0.90,0.9000,0.596493,-0.040910,-0.108498,lower
L1,none,0.90,0.9000,0.621239,-0.039149,-0.096564,lower
L1,none,0.90,0.9000,0.645864,-0.037290,-0.085023,lower
L1,none,0.90,0.9000,0.670288,-0.035354,-0.074134,lower
L1,none,0.90,0.9000,0.694435,-0.033360,-0.063953,lower
L1,none,0.90,0.9000,0.718230,-0.031322,-0.054357,lower
L1,none,0.90,0.9000,0.741604,-0.029247,-0.045098,lower
L1,none,0.90,0.9000,0.764492,-0.027144,-0.035853,lower
L1,none,0.90,0.9000,0.786835,-0.025019,-0.026282,lower
L1,none,0.90,0.9000,0.808581,-0.022876,-0.016056,lower
L1,none,0.90,0.9000,0.829682,-0.020722,-0.004871,lower
L1,none,0.90,0.9000,0.850101,-0.018564,0.007558,lower
L1,none,0.90,0.9000,0.869805,-0.016409,0.021522,lower
L1,none,0.90,0.9000,0.888767,-0.014267,0.037336,lower
L1,none,0.90,0.9000,0.906971,-0.012147,0.055375,lower
L1,none,0.90,0.9000,0.924403,-0.010062,0.076092,lower
L1,none,0.90,0.9000,0.941059,-0.008025,0.100118,lower
L1,none,0.90,0.9000,0.956938,-0.006050,0.128648,lower
L1,none,0.90,0.9000,0.972047,-0.004158,0.163960,lower
L1,none,0.90,0.9000,0.986396,-0.002368,0.205577,lower
L1,none,0.90,0.9000,1.000000,-0.000705,0.266913,lower
L1,none,0.96,0.9600,-0.000000,0.000000,0.561356,upper
L1,none,0.96,0.9600,0.000018,0.000793,0.516994,upper
L1,none,0.96,0.9600,0.000080,0.001650,0.463677,upper
L1,none,0.96,0.9600,0.000196,0.002574,0.398971,upper
L1,none,0.96,0.9600,0.000377,0.003566,0.322591,upper
L1,none,0.96,0.9600,0.000638,0.004627,0.233389,upper
L1,none,0.96,0.9600,0.000993,0.005755,0.130915,upper
L1,none,0.96,0.9600,0.001458,0.006948,0.015200,upper
L1,none,0.96,0.9600,0.002052,0.008200,-0.112832,upper
L1,none,0.96,0.9600,0.002791,0.009505,-0.251185,upper
L1,none,0.96,0.9600,0.003694,0.010854,-0.396549,upper
L1,none,0.96,0.9600,0.004777,0.012236,-0.544245,upper
L1,none,0.96,0.9600,0.006058,0.013638,-0.688332,upper
L1,none,0.96,0.9600,0.007551,0.015047,-0.822040,upper
L1,none,0.96,0.9600,0.009271,0.016451,-0.938574,upper
L1,none,0.96,0.9600,0.011228,0.017838,-1.032025,upper
L1,none,0.96,0.9600,0.013436,0.019195,-1.098299,upper
L1,none,0.96,0.9600,0.015904,0.020515,-1.135819,upper
L1,none,0.96,0.9600,0.018643,0.021791,-1.145501,upper
L1,none,0.96,0.9600,0.021664,0.023016,-1.130388,upper
L1,none,0.96,0.9600,0.024979,0.024190,-1.095090,upper
L1,none,0.96,0.9600,0.028600,0.025311,-1.044939,upper
L1,none,0.96,0.9600,0.032543,0.026382,-0.985234,upper
L1,none,0.96,0.9600,0.036823,0.027404,-0.920632,upper
L1,none,0.96,0.9600,0.041456,0.028383,-0.854808,upper
L1,none,0.96,0.9600,0.046463,0.029326,-0.790395,upper
L1,none,0.96,0.9600,0.051862,0.030238,-0.729151,upper
L1,none,0.96,0.9600,0.057676,0.031129,-0.672190,upper
L1,none,0.96,0.9600,0.063928,0.032006,-0.620170,upper
L1,none,0.96,0.9600,0.070642,0.032877,-0.573417,upper
L1,none,0.96,0.9600,0.077844,0.033751,-0.532009,upper
L1,none,0.96,0.9600,0.085558,0.034634,-0.495842,upper
L1,none,0.96,0.9600,0.093813,0.035530,-0.464665,upper
L1,none,0.96,0.9600,0.102634,0.036444,-0.438107,upper
L1,none,0.96,0.9600,0.112049,0.037375,-0.415698,upper
L1,none,0.96,0.9600,0.122085,0.038323,-0.396878,upper
L1,none,0.96,0.9600,0.132769,0.039282,-0.381028,upper
L1,none,0.96,0.9600,0.144125,0.040246,-0.367489,upper
L1,none,0.96,0.9600,0.156179,0.041204,-0.355613,upper
L1,none,0.96,0.9600,0.168952,0.042147,-0.344800,upper
L1,none,0.96,0.9600,0.182463,0.043064,-0.334560,upper
L1,none,0.96,0.9600,0.196731,0.043942,-0.324556,upper
L1,none,0.96,0.9600,0.211767,0.044773,-0.314633,upper
L1,none,0.96,0.9600,0.227580,0.045547,-0.304828,upper
L1,none,0.96,0.9600,0.244175,0.046258,-0.295336,upper
L1,none,0.96,0.9600,0.261551,0.046900,-0.286456,upper
L1,none,0.96,0.9600,0.279701,0.047468,-0.278502,upper
L1,none,0.96,0.9600,0.298615,0.047957,-0.271722,upper
L1,none,0.96,0.9600,0.318273,0.048357,-0.266215,upper
L1,none,0.96,0.9600,0.338651,0.048657,-0.261878,upper
L1,none,0.96,0.9600,0.359717,0.048843,-0.258385,upper
L1,none,0.96,0.9600,0.381432,0.048894,-0.255211,upper
L1,none,0.96,0.9600,0.403750,0.048790,-0.251701,upper
L1,none,0.96,0.9600,0.426620,0.048509,-0.247167,upper
L1,none,0.96,0.9600,0.449981,0.048033,-0.241019,upper
L1,none,0.96,0.9600,0.473769,0.047347,-0.232872,upper
L1,none,0.96,0.9600,0.497911,0.046447,-0.222625,upper
L1,none,0.96,0.9600,0.522334,0.045337,-0.210480,upper
L1,none,0.96,0.9600,0.546959,0.044030,-0.196894,upper
L1,none,0.96,0.9600,0.571705,0.042545,-0.182483,upper
L1,none,0.96,0.9600,0.596493,0.040910,-0.167898,upper
L1,none,0.96,0.9600,0.621239,0.039149,-0.153709,upper
L1,none,0.96,0.9600,0.645864,0.037290,-0.140322,upper
L1,none,0.96,0.9600,0.670288,0.035354,-0.127935,upper
L1,none,0.96,0.9600,0.694435,0.033360,-0.116535,upper
L1,none,0.96,0.9600,0.718230,0.031322,-0.105941,upper
L1,none,0.96,0.9600,0.741603,0.029247,-0.095854,upper
L1,none,0.96,0.9600,0.764492,0.027144,-0.085917,upper
L1,none,0.96,0.9600,0.786835,0.025019,-0.075766,upper
L1,none,0.96,0.9600,0.808581,0.022876,-0.065056,upper
L1,none,0.96,0.9600,0.829682,0.020722,-0.053478,upper
L1,none,0.96,0.9600,0.850101,0.018564,-0.040745,upper
L1,none,0.96,0.9600,0.869805,0.016409,-0.026559,upper
L1,none,0.96,0.9600,0.888767,0.014267,-0.010590,upper
L1,none,0.96,0.9600,0.906971,0.012147,0.007571,upper
L1,none,0.96,0.9600,0.924403,0.010062,0.028444,upper
L1,none,0.96,0.9600,0.941059,0.008025,0.052748,upper
L1,none,0.96,0.9600,0.956938,0.006050,0.081875,upper
L1,none,0.96,0.9600,0.972047,0.004158,0.118078,upper
L1,none,0.96,0.9600,0.986396,0.002368,0.159947,upper
L1,none,0.96,0.9600,1.000000,0.000705,0.224724,upper
L1,none,0.96,0.9600,-0.000000,0.000000,0.561356,lower
L1,none,0.96,0.9600,0.000018,-0.000793,0.601705,lower
L1,none,0.96,0.9600,0.000080,-0.001650,0.638313,lower
L1,none,0.96,0.9600,0.000196,-0.002574,0.669736,lower
L1,none,0.96,0.9600,0.000377,-0.003566,0.695076,lower
L1,none,0.96,0.9600,0.000638,-0.004627,0.712434,lower
L1,none,0.96,0.9600,0.000993,-0.005755,0.720102,lower
L1,none,0.96,0.9600,0.001458,-0.006948,0.716443,lower
L1,none,0.96,0.9600,0.002052,-0.008200,0.700116,lower
L1,none,0.96,0.9600,0.002791,-0.009505,0.670283,lower
L1,none,0.96,0.9600,0.003694,-0.010854,0.626905,lower
L1,none,0.96,0.9600,0.004777,-0.012236,0.570930,lower
L1,none,0.96,0.9600,0.006058,-0.013638,0.504380,lower
L1,none,0.96,0.9600,0.007551,-0.015047,0.430279,lower
L1,none,0.96,0.9600,0.009271,-0.016451,0.352352,lower
L1,none,0.96,0.9600,0.011228,-0.017838,0.274558,lower
L1,none,0.96,0.9600,0.013436,-0.019195,0.200585,lower
L1,none,0.96,0.9600,0.015904,-0.020515,0.133434,lower
L1,none,0.96,0.9600,0.018643,-0.021791,0.075167,lower
L1,none,0.96,0.9600,0.021664,-0.023016,0.026827,lower
L1,none,0.96,0.9600,0.024979,-0.024190,-0.011479,lower
L1,none,0.96,0.9600,0.028600,-0.025311,-0.040390,lower
L1,none,0.96,0.9600,0.032543,-0.026382,-0.061060,lower
L1,none,0.96,0.9600,0.036823,-0.027404,-0.074910,lower
L1,none,0.96,0.9600,0.041456,-0.028383,-0.083433,lower
L1,none,0.96,0.9600,0.046463,-0.029326,-0.088046,lower
L1,none,0.96,0.9600,0.051862,-0.030238,-0.090007,lower
L1,none,0.96,0.9600,0.057676,-0.031129,-0.090380,lower
L1,none,0.96,0.9600,0.063928,-0.032006,-0.090024,lower
L1,none,0.96,0.9600,0.070642,-0.032877,-0.089605,lower
L1,none,0.96,0.9600,0.077844,-0.033751,-0.089606,lower
L1,none,0.96,0.9600,0.085558,-0.034634,-0.090348,lower
L1,none,0.96,0.9600,0.093813,-0.035530,-0.092006,lower
L1,none,0.96,0.9600,0.102634,-0.036444,-0.094627,lower
L1,none,0.96,0.9600,0.112049,-0.037375,-0.098144,lower
L1,none,0.96,0.9600,0.122085,-0.038323,-0.102394,lower
L1,none,0.96,0.9600,0.132769,-0.039282,-0.107138,lower
L1,none,0.96,0.9600,0.144125,-0.040246,-0.112085,lower
L1,none,0.96,0.9600,0.156179,-0.041204,-0.116918,lower
L1,none,0.96,0.9600,0.168952,-0.042147,-0.121337,lower
L1,none,0.96,0.9600,0.182463,-0.043064,-0.125094,lower
L1,none,0.96,0.9600,0.196731,-0.043942,-0.128034,lower
L1,none,0.96,0.9600,0.211767,-0.044773,-0.130116,lower
L1,none,0.96,0.9600,0.227580,-0.045547,-0.131428,lower
L1,none,0.96,0.9600,0.244175,-0.046258,-0.132170,lower
L1,none,0.96,0.9600,0.261551,-0.046900,-0.132624,lower
L1,none,0.96,0.9600,0.279701,-0.047468,-0.133090,lower
L1,none,0.96,0.9600,0.298615,-0.047957,-0.133829,lower
L1,none,0.96,0.9600,0.318273,-0.048357,-0.134996,lower
L1,none,0.96,0.9600,0.338651,-0.048657,-0.136586,lower
L1,none,0.96,0.9600,0.359717,-0.048843,-0.138415,lower
L1,none,0.96,0.9600,0.381432,-0.048894,-0.140121,lower
L1,none,0.96,0.9600,0.403750,-0.048790,-0.141219,lower
L1,none,0.96,0.9600,0.426620,-0.048509,-0.141173,lower
L1,none,0.96,0.9600,0.449981,-0.048033,-0.139502,lower
L1,none,0.96,0.9600,0.473769,-0.047347,-0.135877,lower
L1,none,0.96,0.9600,0.497911,-0.046447,-0.130196,lower
L1,none,0.96,0.9600,0.522334,-0.045337,-0.122610,lower
L1,none,0.96,0.9600,0.546959,-0.044030,-0.113499,lower
L1,none,0.96,0.9600,0.571705,-0.042545,-0.103395,lower
L1,none,0.96,0.9600,0.596493,-0.040910,-0.092880,lower
L1,none,0.96,0.9600,0.621239,-0.039149,-0.082485,lower
L1,none,0.96,0.9600,0.645864,-0.037290,-0.072608,lower
L1,none,0.96,0.9600,0.670288,-0.035354,-0.063465,lower
L1,none,0.96,0.9600,0.694435,-0.033360,-0.055085,lower
L1,none,0.96,0.9600,0.718230,-0.031322,-0.047333,lower
L1,none,0.96,0.9600,0.741603,-0.029247,-0.039958,lower
L1,none,0.96,0.9600,0.764492,-0.027144,-0.032651,lower
L1,none,0.96,0.9600,0.786835,-0.025019,-0.025089,lower
L1,none,0.96,0.9600,0.808581,-0.022876,-0.016967,lower
L1,none,0.96,0.9600,0.829682,-0.020722,-0.008005,lower
L1,none,0.96,0.9600,0.850101,-0.018564,0.002063,lower
L1,none,0.96,0.9600,0.869805,-0.016409,0.013504,lower
L1,none,0.96,0.9600,0.888767,-0.014267,0.026621,lower
L1,none,0.96,0.9600,0.906971,-0.012147,0.041770,lower
L1,none,0.96,0.9600,0.924403,-0.010062,0.059408,lower
L1,none,0.96,0.9600,0.941059,-0.008025,0.080142,lower
L1,none,0.96,0.9600,0.956938,-0.006050,0.105167,lower
L1,none,0.96,0.9600,0.972047,-0.004158,0.136667,lower
L1,none,0.96,0.9600,0.986396,-0.002368,0.174572,lower
L1,none,0.96,0.9600,1.000000,-0.000705,0.231061,lower
L1,none,0.99,0.9900,0.000000,0.000000,0.477606,upper
L1,none,0.99,0.9900,0.000019,0.000793,0.440177,upper
L1,none,0.99,0.9900,0.000080,0.001650,0.394169,upper
L1,none,0.99,0.9900,0.000196,0.002574,0.337719,upper
L1,none,0.99,0.9900,0.000377,0.003566,0.270618,upper
L1,none,0.99,0.9900,0.000638,0.004627,0.192377,upper
L1,none,0.99,0.9900,0.000993,0.005755,0.102455,upper
L1,none,0.99,0.9900,0.001458,0.006948,0.000820,upper
L1,none,0.99,0.9900,0.002052,0.008200,-0.111437,upper
L1,none,0.99,0.9900,0.002791,0.009505,-0.232390,upper
L1,none,0.99,0.9900,0.003694,0.010854,-0.359077,upper
L1,none,0.99,0.9900,0.004777,0.012236,-0.487969,upper
L1,none,0.99,0.9900,0.006058,0.013638,-0.614746,upper
L1,none,0.99,0.9900,0.007551,0.015047,-0.732759,upper
L1,none,0.99,0.9900,0.009271,0.016451,-0.834734,upper
L1,none,0.99,0.9900,0.011228,0.017838,-0.915308,upper
L1,none,0.99,0.9900,0.013436,0.019195,-0.971276,upper
L1,none,0.99,0.9900,0.015904,0.020515,-1.000510,upper
L1,none,0.99,0.9900,0.018643,0.021791,-1.003477,upper
L1,none,0.99,0.9900,0.021664,0.023016,-0.984074,upper
L1,none,0.99,0.9900,0.024979,0.024190,-0.946718,upper
L1,none,0.99,0.9900,0.028600,0.025311,-0.896227,upper
L1,none,0.99,0.9900,0.032543,0.026382,-0.837365,upper
L1,none,0.99,0.9900,0.036823,0.027404,-0.774027,upper
L1,none,0.99,0.9900,0.041456,0.028383,-0.709441,upper
L1,none,0.99,0.9900,0.046463,0.029326,-0.646344,upper
L1,none,0.99,0.9900,0.051862,0.030238,-0.586512,upper
L1,none,0.99,0.9900,0.057676,0.031129,-0.530954,upper
L1,none,0.99,0.9900,0.063928,0.032006,-0.481044,upper
L1,none,0.99,0.9900,0.070643,0.032877,-0.438332,upper
L1,none,0.99,0.9900,0.077844,0.033751,-0.403253,upper
L1,none,0.99,0.9900,0.085558,0.034634,-0.375139,upper
L1,none,0.99,0.9900,0.093813,0.035530,-0.353103,upper
L1,none,0.99,0.9900,0.102634,0.036444,-0.336234,upper
L1,none,0.99,0.9900,0.112049,0.037375,-0.323656,upper
L1,none,0.99,0.9900,0.122085,0.038323,-0.314534,upper
L1,none,0.99,0.9900,0.132769,0.039282,-0.308062,upper
L1,none,0.99,0.9900,0.144125,0.040246,-0.303483,upper
L1,none,0.99,0.9900,0.156179,0.041204,-0.300117,upper
L1,none,0.99,0.9900,0.168952,0.042147,-0.297412,upper
L1,none,0.99,0.9900,0.182464,0.043064,-0.294967,upper
L1,none,0.99,0.9900,0.196731,0.043942,-0.292540,upper
L1,none,0.99,0.9900,0.211767,0.044773,-0.290043,upper
L1,none,0.99,0.9900,0.227580,0.045547,-0.287513,upper
L1,none,0.99,0.9900,0.244175,0.046258,-0.285083,upper
L1,none,0.99,0.9900,0.261551,0.046900,-0.282971,upper
L1,none,0.99,0.9900,0.279701,0.047468,-0.281441,upper
L1,none,0.99,0.9900,0.298615,0.047957,-0.280746,upper
L1,none,0.99,0.9900,0.318273,0.048357,-0.281037,upper
L1,none,0.99,0.9900,0.338651,0.048657,-0.282290,upper
L1,none,0.99,0.9900,0.359716,0.048843,-0.284288,upper
L1,none,0.99,0.9900,0.381432,0.048894,-0.286654,upper
L1,none,0.99,0.9900,0.403750,0.048790,-0.288874,upper
L1,none,0.99,0.9900,0.426620,0.048509,-0.290376,upper
L1,none,0.99,0.9900,0.449981,0.048033,-0.290619,upper
L1,none,0.99,0.9900,0.473769,0.047347,-0.289182,upper
L1,none,0.99,0.9900,0.497911,0.046447,-0.285830,upper
L1,none,0.99,0.9900,0.522334,0.045337,-0.280554,upper
L1,none,0.99,0.9900,0.546959,0.044030,-0.273552,upper
L1,none,0.99,0.9900,0.571705,0.042545,-0.265189,upper
L1,none,0.99,0.9900,0.596493,0.040910,-0.255910,upper
L1,none,0.99,0.9900,0.621239,0.039149,-0.246155,upper
L1,none,0.99,0.9900,0.645864,0.037290,-0.236285,upper
L1,none,0.99,0.9900,0.670288,0.035354,-0.226524,upper
L1,none,0.99,0.9900,0.694435,0.033360,-0.216934,upper
L1,none,0.99,0.9900,0.718230,0.031322,-0.207433,upper
L1,none,0.99,0.9900,0.741604,0.029247,-0.197824,upper
L1,none,0.99,0.9900,0.764492,0.027144,-0.187844,upper
L1,none,0.99,0.9900,0.786835,0.025019,-0.177232,upper
L1,none,0.99,0.9900,0.808581,0.022876,-0.165713,upper
L1,none,0.99,0.9900,0.829683,0.020722,-0.152996,upper
L1,none,0.99,0.9900,0.850101,0.018564,-0.138832,upper
L1,none,0.99,0.9900,0.869805,0.016409,-0.123003,upper
L1,none,0.99,0.9900,0.888767,0.014267,-0.105347,upper
L1,none,0.99,0.9900,0.906971,0.012147,-0.085783,upper
L1,none,0.99,0.9900,0.924403,0.010062,-0.064092,upper
L1,none,0.99,0.9900,0.941059,0.008025,-0.039702,upper
L1,none,0.99,0.9900,0.956939,0.006050,-0.011466,upper
L1,none,0.99,0.9900,0.972047,0.004158,0.021426,upper
L1,none,0.99,0.9900,0.986396,0.002368,0.055458,upper
L1,none,0.99,0.9900,1.000000,0.000705,0.111025,upper
L1,none,0.99,0.9900,0.000000,0.000000,0.477606,lower
L1,none,0.99,0.9900,0.000019,-0.000793,0.511084,lower
L1,none,0.99,0.9900,0.000080,-0.001650,0.541173,lower
L1,none,0.99,0.9900,0.000196,-0.002574,0.565559,lower
L1,none,0.99,0.9900,0.000377,-0.003566,0.583650,lower
L1,none,0.99,0.9900,0.000638,-0.004627,0.594695,lower
L1,none,0.99,0.9900,0.000993,-0.005755,0.596062,lower
L1,none,0.99,0.9900,0.001458,-0.006948,0.586294,lower
L1,none,0.99,0.9900,0.002052,-0.008200,0.564902,lower
L1,none,0.99,0.9900,0.002791,-0.009505,0.530895,lower
L1,none,0.99,0.9900,0.003694,-0.010854,0.484763,lower
L1,none,0.99,0.9900,0.004777,-0.012236,0.427804,lower
L1,none,0.99,0.9900,0.006058,-0.013638,0.362207,lower
L1,none,0.99,0.9900,0.007551,-0.015047,0.290274,lower
L1,none,0.99,0.9900,0.009271,-0.016451,0.214573,lower
L1,none,0.99,0.9900,0.011228,-0.017838,0.139627,lower
L1,none,0.99,0.9900,0.013436,-0.019195,0.070061,lower
L1,none,0.99,0.9900,0.015904,-0.020515,0.008439,lower
L1,none,0.99,0.9900,0.018643,-0.021791,-0.043473,lower
L1,none,0.99,0.9900,0.021664,-0.023016,-0.084596,lower
L1,none,0.99,0.9900,0.024979,-0.024190,-0.114828,lower
L1,none,0.99,0.9900,0.028600,-0.025311,-0.134937,lower
L1,none,0.99,0.9900,0.032543,-0.026382,-0.146344,lower
L1,none,0.99,0.9900,0.036823,-0.027404,-0.150673,lower
L1,none,0.99,0.9900,0.041456,-0.028383,-0.149517,lower
L1,none,0.99,0.9900,0.046463,-0.029326,-0.144434,lower
L1,none,0.99,0.9900,0.051862,-0.030238,-0.136813,lower
L1,none,0.99,0.9900,0.057676,-0.031129,-0.127890,lower
L1,none,0.99,0.9900,0.063928,-0.032006,-0.118702,lower
L1,none,0.99,0.9900,0.070643,-0.032877,-0.110064,lower
L1,none,0.99,0.9900,0.077844,-0.033751,-0.102566,lower
L1,none,0.99,0.9900,0.085558,-0.034634,-0.096582,lower
L1,none,0.99,0.9900,0.093813,-0.035530,-0.092292,lower
L1,none,0.99,0.9900,0.102634,-0.036444,-0.089709,lower
L1,none,0.99,0.9900,0.112049,-0.037375,-0.088706,lower
L1,none,0.99,0.9900,0.122085,-0.038323,-0.089054,lower
L1,none,0.99,0.9900,0.132769,-0.039282,-0.090448,lower
L1,none,0.99,0.9900,0.144125,-0.040246,-0.092541,lower
L1,none,0.99,0.9900,0.156179,-0.041204,-0.094974,lower
L1,none,0.99,0.9900,0.168952,-0.042147,-0.097413,lower
L1,none,0.99,0.9900,0.182464,-0.043064,-0.099587,lower
L1,none,0.99,0.9900,0.196731,-0.043942,-0.101315,lower
L1,none,0.99,0.9900,0.211767,-0.044773,-0.102526,lower
L1,none,0.99,0.9900,0.227580,-0.045547,-0.103262,lower
L1,none,0.99,0.9900,0.244175,-0.046258,-0.103664,lower
L1,none,0.99,0.9900,0.261551,-0.046900,-0.103938,lower
L1,none,0.99,0.9900,0.279701,-0.047468,-0.104310,lower
L1,none,0.99,0.9900,0.298615,-0.047957,-0.104969,lower
L1,none,0.99,0.9900,0.318273,-0.048357,-0.106017,lower
L1,none,0.99,0.9900,0.338651,-0.048657,-0.107434,lower
L1,none,0.99,0.9900,0.359716,-0.048843,-0.109053,lower
L1,none,0.99,0.9900,0.381432,-0.048894,-0.110578,lower
L1,none,0.99,0.9900,0.403750,-0.048790,-0.111613,lower
L1,none,0.99,0.9900,0.426620,-0.048509,-0.111736,lower
L1,none,0.99,0.9900,0.449981,-0.048033,-0.110574,lower
L1,none,0.99,0.9900,0.473769,-0.047347,-0.107891,lower
L1,none,0.99,0.9900,0.497911,-0.046447,-0.103628,lower
L1,none,0.99,0.9900,0.522334,-0.045337,-0.097913,lower
L1,none,0.99,0.9900,0.546959,-0.044030,-0.091028,lower
L1,none,0.99,0.9900,0.571705,-0.042545,-0.083366,lower
L1,none,0.99,0.9900,0.596493,-0.040910,-0.075362,lower
L1,none,0.99,0.9900,0.621239,-0.039149,-0.067426,lower
L1,none,0.99,0.9900,0.645864,-0.037290,-0.059865,lower
L1,none,0.99,0.9900,0.670288,-0.035354,-0.052851,lower
L1,none,0.99,0.9900,0.694435,-0.033360,-0.046406,lower
L1,none,0.99,0.9900,0.718230,-0.031322,-0.040428,lower
L1,none,0.99,0.9900,0.741604,-0.029247,-0.034724,lower
L1,none,0.99,0.9900,0.764492,-0.027144,-0.029063,lower
L1,none,0.99,0.9900,0.786835,-0.025019,-0.023201,lower
L1,none,0.99,0.9900,0.808581,-0.022876,-0.016914,lower
L1,none,0.99,0.9900,0.829683,-0.020722,-0.010031,lower
L1,none,0.99,0.9900,0.850101,-0.018564,-0.002410,lower
L1,none,0.99,0.9900,0.869805,-0.016409,0.006098,lower
L1,none,0.99,0.9900,0.888767,-0.014267,0.015675,lower
L1,none,0.99,0.9900,0.906971,-0.012147,0.026575,lower
L1,none,0.99,0.9900,0.924403,-0.010062,0.039039,lower
L1,none,0.99,0.9900,0.941059,-0.008025,0.053256,lower
L1,none,0.99,0.9900,0.956939,-0.006050,0.069559,lower
L1,none,0.99,0.9900,0.972047,-0.004158,0.088516,lower
L1,none,0.99,0.9900,0.986396,-0.002368,0.109545,lower
L1,none,0.99,0.9900,1.000000,-0.000705,0.133678,lower
L2,none,0.20,0.2000,0.000000,0.000000,0.643302,upper
L2,none,0.20,0.2000,0.000008,0.000522,0.617470,upper
L2,none,0.20,0.2000,0.000034,0.001072,0.587990,upper
L2,none,0.20,0.2000,0.000080,0.001650,0.553996,upper
L2,none,0.20,0.2000,0.000151,0.002259,0.515510,upper
L2,none,0.20,0.2000,0.000249,0.002897,0.472075,upper
L2,none,0.20,0.2000,0.000377,0.003566,0.423408,upper
L2,none,0.20,0.2000,0.000541,0.004266,0.369214,upper
L2,none,0.20,0.2000,0.000745,0.004995,0.309294,upper
L2,none,0.20,0.2000,0.000993,0.005755,0.243540,upper
L2,none,0.20,0.2000,0.001290,0.006543,0.171985,upper
L2,none,0.20,0.2000,0.001641,0.007359,0.094819,upper
L2,none,0.20,0.2000,0.002052,0.008200,0.012435,upper
L2,none,0.20,0.2000,0.002527,0.009065,-0.074531,upper
L2,none,0.20,0.2000,0.003073,0.009951,-0.165209,upper
L2,none,0.20,0.2000,0.003694,0.010854,-0.258459,upper
L2,none,0.20,0.2000,0.004395,0.011772,-0.352887,upper
L2,none,0.20,0.2000,0.005182,0.012701,-0.446867,upper
L2,none,0.20,0.2000,0.006058,0.013638,-0.538590,upper
L2,none,0.20,0.2000,0.007029,0.014577,-0.626145,upper
L2,none,0.20,0.2000,0.008099,0.015516,-0.707622,upper
L2,none,0.20,0.2000,0.009271,0.016451,-0.781227,upper
L2,none,0.20,0.2000,0.010549,0.017378,-0.845406,upper
L2,none,0.20,0.2000,0.011936,0.018294,-0.898947,upper
L2,none,0.20,0.2000,0.013436,0.019195,-0.941069,upper
L2,none,0.20,0.2000,0.015052,0.020080,-0.971485,upper
L2,none,0.20,0.2000,0.016786,0.020946,-0.990383,upper
L2,none,0.20,0.2000,0.018643,0.021791,-0.998353,upper
L2,none,0.20,0.2000,0.020625,0.022613,-0.996319,upper
L2,none,0.20,0.2000,0.022735,0.023413,-0.985460,upper
L2,none,0.20,0.2000,0.024979,0.024190,-0.967110,upper
L2,none,0.20,0.2000,0.027358,0.024943,-0.942670,upper
L2,none,0.20,0.2000,0.029878,0.025674,-0.913531,upper
L2,none,0.20,0.2000,0.032543,0.026382,-0.881013,upper
L2,none,0.20,0.2000,0.035358,0.027068,-0.846313,upper
L2,none,0.20,0.2000,0.038327,0.027735,-0.810477,upper
L2,none,0.20,0.2000,0.041456,0.028383,-0.774377,upper
L2,none,0.20,0.2000,0.044751,0.029015,-0.738719,upper
L2,none,0.20,0.2000,0.048218,0.029633,-0.704063,upper
L2,none,0.20,0.2000,0.051862,0.030238,-0.670838,upper
L2,none,0.20,0.2000,0.055691,0.030834,-0.639373,upper
L2,none,0.20,0.2000,0.059710,0.031422,-0.609907,upper
L2,none,0.20,0.2000,0.063928,0.032006,-0.582605,upper
L2,none,0.20,0.2000,0.068352,0.032587,-0.557569,upper
L2,none,0.20,0.2000,0.072988,0.033168,-0.534847,upper
L2,none,0.20,0.2000,0.077844,0.033751,-0.514440,upper
L2,none,0.20,0.2000,0.082928,0.034338,-0.496309,upper
L2,none,0.20,0.2000,0.088248,0.034931,-0.480381,upper
L2,none,0.20,0.2000,0.093813,0.035530,-0.466550,upper
L2,none,0.20,0.2000,0.099629,0.036137,-0.454684,upper
L2,none,0.20,0.2000,0.105705,0.036752,-0.444626,upper
L2,none,0.20,0.2000,0.112049,0.037375,-0.436200,upper
L2,none,0.20,0.2000,0.118669,0.038006,-0.429212,upper
L2,none,0.20,0.2000,0.125573,0.038642,-0.423456,upper
L2,none,0.20,0.2000,0.132769,0.039282,-0.418718,upper
L2,none,0.20,0.2000,0.140263,0.039924,-0.414781,upper
L2,none,0.20,0.2000,0.148065,0.040566,-0.411434,upper
L2,none,0.20,0.2000,0.156179,0.041204,-0.408475,upper
L2,none,0.20,0.2000,0.164613,0.041835,-0.405721,upper
L2,none,0.20,0.2000,0.173373,0.042456,-0.403013,upper
L2,none,0.20,0.2000,0.182464,0.043064,-0.400226,upper
L2,none,0.20,0.2000,0.191890,0.043654,-0.397268,upper
L2,none,0.20,0.2000,0.201657,0.044225,-0.394088,upper
L2,none,0.20,0.2000,0.211767,0.044773,-0.390677,upper
L2,none,0.20,0.2000,0.222222,0.045296,-0.387062,upper
L2,none,0.20,0.2000,0.233025,0.045792,-0.383304,upper
L2,none,0.20,0.2000,0.244175,0.046258,-0.379491,upper
L2,none,0.20,0.2000,0.255672,0.046694,-0.375725,upper
L2,none,0.20,0.2000,0.267515,0.047098,-0.372115,upper
L2,none,0.20,0.2000,0.279701,0.047468,-0.368760,upper
L2,none,0.20,0.2000,0.292227,0.047803,-0.365741,upper
L2,none,0.20,0.2000,0.305086,0.048100,-0.363106,upper
L2,none,0.20,0.2000,0.318273,0.048357,-0.360865,upper
L2,none,0.20,0.2000,0.331780,0.048569,-0.358979,upper
L2,none,0.20,0.2000,0.345598,0.048733,-0.357360,upper
L2,none,0.20,0.2000,0.359716,0.048843,-0.355873,upper
L2,none,0.20,0.2000,0.374124,0.048893,-0.354339,upper
L2,none,0.20,0.2000,0.388807,0.048878,-0.352547,upper
L2,none,0.20,0.2000,0.403750,0.048790,-0.350268,upper
L2,none,0.20,0.2000,0.418939,0.048624,-0.347273,upper
L2,none,0.20,0.2000,0.434356,0.048373,-0.343350,upper
L2,none,0.20,0.2000,0.449981,0.048033,-0.338324,upper
L2,none,0.20,0.2000,0.465797,0.047599,-0.332074,upper
L2,none,0.20,0.2000,0.481780,0.047071,-0.324542,upper
L2,none,0.20,0.2000,0.497911,0.046447,-0.315742,upper
L2,none,0.20,0.2000,0.514167,0.045730,-0.305753,upper
L2,none,0.20,0.2000,0.530524,0.044922,-0.294720,upper
L2,none,0.20,0.2000,0.546959,0.044030,-0.282832,upper
L2,none,0.20,0.2000,0.563448,0.043058,-0.270310,upper
L2,none,0.20,0.2000,0.579967,0.042016,-0.257387,upper
L2,none,0.20,0.2000,0.596493,0.040910,-0.244287,upper
L2,none,0.20,0.2000,0.613000,0.039748,-0.231207,upper
L2,none,0.20,0.2000,0.629465,0.038539,-0.218308,upper
L2,none,0.20,0.2000,0.645864,0.037290,-0.205705,upper
L2,none,0.20,0.2000,0.662174,0.036007,-0.193464,upper
L2,none,0.20,0.2000,0.678372,0.034695,-0.181611,upper
L2,none,0.20,0.2000,0.694435,0.033360,-0.170135,upper
L2,none,0.20,0.2000,0.710341,0.032005,-0.158982,upper
L2,none,0.20,0.2000,0.726071,0.030634,-0.148072,upper
L2,none,0.20,0.2000,0.741604,0.029247,-0.137304,upper
L2,none,0.20,0.2000,0.756920,0.027848,-0.126566,upper
L2,none,0.20,0.2000,0.772003,0.026438,-0.115748,upper
L2,none,0.20,0.2000,0.786835,0.025019,-0.104744,upper
L2,none,0.20,0.2000,0.801401,0.023592,-0.093455,upper
L2,none,0.20,0.2000,0.815688,0.022159,-0.081793,upper
L2,none,0.20,0.2000,0.829682,0.020722,-0.069675,upper
L2,none,0.20,0.2000,0.843373,0.019283,-0.057022,upper
L2,none,0.20,0.2000,0.856750,0.017845,-0.043759,upper
L2,none,0.20,0.2000,0.869805,0.016409,-0.029803,upper
L2,none,0.20,0.2000,0.882530,0.014979,-0.015069,upper
L2,none,0.20,0.2000,0.894920,0.013557,0.000539,upper
L2,none,0.20,0.2000,0.906971,0.012147,0.017133,upper
L2,none,0.20,0.2000,0.918679,0.010753,0.034841,upper
L2,none,0.20,0.2000,0.930042,0.009377,0.053820,upper
L2,none,0.20,0.2000,0.941059,0.008025,0.074273,upper
L2,none,0.20,0.2000,0.951731,0.006700,0.096495,upper
L2,none,0.20,0.2000,0.962060,0.005410,0.120954,upper
L2,none,0.20,0.2000,0.972047,0.004158,0.148690,upper
L2,none,0.20,0.2000,0.981697,0.002952,0.181527,upper
L2,none,0.20,0.2000,0.991012,0.001799,0.219933,upper
L2,none,0.20,0.2000,1.000000,0.000705,0.273313,upper
L2,none,0.20,0.2000,0.000000,0.000000,0.643302,lower
L2,none,0.20,0.2000,0.000008,-0.000522,0.667507,lower
L2,none,0.20,0.2000,0.000034,-0.001072,0.690194,lower
L2,none,0.20,0.2000,0.000080,-0.001650,0.710952,lower
L2,none,0.20,0.2000,0.000151,-0.002259,0.729695,lower
L2,none,0.20,0.2000,0.000249,-0.002897,0.745887,lower
L2,none,0.20,0.2000,0.000377,-0.003566,0.759065,lower
L2,none,0.20,0.2000,0.000541,-0.004266,0.768708,lower
L2,none,0.20,0.2000,0.000745,-0.004995,0.774300,lower
L2,none,0.20,0.2000,0.000993,-0.005755,0.775346,lower
L2,none,0.20,0.2000,0.001290,-0.006543,0.771392,lower
L2,none,0.20,0.2000,0.001641,-0.007359,0.762038,lower
L2,none,0.20,0.2000,0.002052,-0.008200,0.746986,lower
L2,none,0.20,0.2000,0.002527,-0.009065,0.726078,lower
L2,none,0.20,0.2000,0.003073,-0.009951,0.699308,lower
L2,none,0.20,0.2000,0.003694,-0.010854,0.666868,lower
L2,none,0.20,0.2000,0.004395,-0.011772,0.629156,lower
L2,none,0.20,0.2000,0.005182,-0.012701,0.586785,lower
L2,none,0.20,0.2000,0.006058,-0.013638,0.540566,lower
L2,none,0.20,0.2000,0.007029,-0.014577,0.491480,lower
L2,none,0.20,0.2000,0.008099,-0.015516,0.440632,lower
L2,none,0.20,0.2000,0.009271,-0.016451,0.389186,lower
L2,none,0.20,0.2000,0.010549,-0.017378,0.338305,lower
L2,none,0.20,0.2000,0.011936,-0.018294,0.289081,lower
L2,none,0.20,0.2000,0.013436,-0.019195,0.242479,lower
L2,none,0.20,0.2000,0.015052,-0.020080,0.199290,lower
L2,none,0.20,0.2000,0.016786,-0.020946,0.160103,lower
L2,none,0.20,0.2000,0.018643,-0.021791,0.125301,lower
L2,none,0.20,0.2000,0.020625,-0.022613,0.095060,lower
L2,none,0.20,0.2000,0.022735,-0.023413,0.069375,lower
L2,none,0.20,0.2000,0.024979,-0.024190,0.048086,lower
L2,none,0.20,0.2000,0.027358,-0.024943,0.030910,lower
L2,none,0.20,0.2000,0.029878,-0.025674,0.017475,lower
L2,none,0.20,0.2000,0.032543,-0.026382,0.007354,lower
L2,none,0.20,0.2000,0.035358,-0.027068,0.000087,lower
L2,none,0.20,0.2000,0.038327,-0.027735,-0.004787,lower
L2,none,0.20,0.2000,0.041456,-0.028383,-0.007720,lower
L2,none,0.20,0.2000,0.044751,-0.029015,-0.009135,lower
L2,none,0.20,0.2000,0.048218,-0.029633,-0.009425,lower
L2,none,0.20,0.2000,0.051862,-0.030238,-0.008942,lower
L2,none,0.20,0.2000,0.055691,-0.030834,-0.008002,lower
L2,none,0.20,0.2000,0.059710,-0.031422,-0.006877,lower
L2,none,0.20,0.2000,0.063928,-0.032006,-0.005803,lower
L2,none,0.20,0.2000,0.068352,-0.032587,-0.004975,lower
L2,none,0.20,0.2000,0.072988,-0.033168,-0.004556,lower
L2,none,0.20,0.2000,0.077844,-0.033751,-0.004670,lower
L2,none,0.20,0.2000,0.082928,-0.034338,-0.005411,lower
L2,none,0.20,0.2000,0.088248,-0.034931,-0.006841,lower
L2,none,0.20,0.2000,0.093813,-0.035530,-0.008992,lower
L2,none,0.20,0.2000,0.099629,-0.036137,-0.011870,lower
L2,none,0.20,0.2000,0.105705,-0.036752,-0.015453,lower
L2,none,0.20,0.2000,0.112049,-0.037375,-0.019698,lower
L2,none,0.20,0.2000,0.118669,-0.038006,-0.024536,lower
L2,none,0.20,0.2000,0.125573,-0.038642,-0.029883,lower
L2,none,0.20,0.2000,0.132769,-0.039282,-0.035638,lower
L2,none,0.20,0.2000,0.140263,-0.039924,-0.041688,lower
L2,none,0.20,0.2000,0.148065,-0.040566,-0.047917,lower
L2,none,0.20,0.2000,0.156179,-0.041204,-0.054204,lower
L2,none,0.20,0.2000,0.164613,-0.041835,-0.060436,lower
L2,none,0.20,0.2000,0.173373,-0.042456,-0.066511,lower
L2,none,0.20,0.2000,0.182464,-0.043064,-0.072343,lower
L2,none,0.20,0.2000,0.191890,-0.043654,-0.077869,lower
L2,none,0.20,0.2000,0.201657,-0.044225,-0.083053,lower
L2,none,0.20,0.2000,0.211767,-0.044773,-0.087888,lower
L2,none,0.20,0.2000,0.222222,-0.045296,-0.092393,lower
L2,none,0.20,0.2000,0.233025,-0.045792,-0.096615,lower
L2,none,0.20,0.2000,0.244175,-0.046258,-0.100622,lower
L2,none,0.20,0.2000,0.255672,-0.046694,-0.104498,lower
L2,none,0.20,0.2000,0.267515,-0.047098,-0.108333,lower
L2,none,0.20,0.2000,0.279701,-0.047468,-0.112212,lower
L2,none,0.20,0.2000,0.292227,-0.047803,-0.116210,lower
L2,none,0.20,0.2000,0.305086,-0.048100,-0.120376,lower
L2,none,0.20,0.2000,0.318273,-0.048357,-0.124731,lower
L2,none,0.20,0.2000,0.331780,-0.048569,-0.129257,lower
L2,none,0.20,0.2000,0.345598,-0.048733,-0.133893,lower
L2,none,0.20,0.2000,0.359716,-0.048843,-0.138538,lower
L2,none,0.20,0.2000,0.374124,-0.048893,-0.143052,lower
L2,none,0.20,0.2000,0.388807,-0.048878,-0.147264,lower
L2,none,0.20,0.2000,0.403750,-0.048790,-0.150982,lower
L2,none,0.20,0.2000,0.418939,-0.048624,-0.154012,lower
L2,none,0.20,0.2000,0.434356,-0.048373,-0.156164,lower
L2,none,0.20,0.2000,0.449981,-0.048033,-0.157279,lower
L2,none,0.20,0.2000,0.465797,-0.047599,-0.157237,lower
L2,none,0.20,0.2000,0.481780,-0.047071,-0.155971,lower
L2,none,0.20,0.2000,0.497911,-0.046447,-0.153475,lower
L2,none,0.20,0.2000,0.514167,-0.045730,-0.149799,lower
L2,none,0.20,0.2000,0.530524,-0.044922,-0.145051,lower
L2,none,0.20,0.2000,0.546959,-0.044030,-0.139384,lower
L2,none,0.20,0.2000,0.563448,-0.043058,-0.132982,lower
L2,none,0.20,0.2000,0.579967,-0.042016,-0.126044,lower
L2,none,0.20,0.2000,0.596493,-0.040910,-0.118768,lower
L2,none,0.20,0.2000,0.613000,-0.039748,-0.111335,lower
L2,none,0.20,0.2000,0.629465,-0.038539,-0.103895,lower
L2,none,0.20,0.2000,0.645864,-0.037290,-0.096565,lower
L2,none,0.20,0.2000,0.662174,-0.036007,-0.089415,lower
L2,none,0.20,0.2000,0.678372,-0.034695,-0.082477,lower
L2,none,0.20,0.2000,0.694435,-0.033360,-0.075743,lower
L2,none,0.20,0.2000,0.710341,-0.032005,-0.069171,lower
L2,none,0.20,0.2000,0.726071,-0.030634,-0.062694,lower
L2,none,0.20,0.2000,0.741604,-0.029247,-0.056227,lower
L2,none,0.20,0.2000,0.756920,-0.027848,-0.049677,lower
L2,none,0.20,0.2000,0.772003,-0.026438,-0.042947,lower
L2,none,0.20,0.2000,0.786835,-0.025019,-0.035943,lower
L2,none,0.20,0.2000,0.801401,-0.023592,-0.028576,lower
L2,none,0.20,0.2000,0.815688,-0.022159,-0.020764,lower
L2,none,0.20,0.2000,0.829682,-0.020722,-0.012430,lower
L2,none,0.20,0.2000,0.843373,-0.019283,-0.003501,lower
L2,none,0.20,0.2000,0.856750,-0.017845,0.006095,lower
L2,none,0.20,0.2000,0.869805,-0.016409,0.016436,lower
L2,none,0.20,0.2000,0.882530,-0.014979,0.027604,lower
L2,none,0.20,0.2000,0.894920,-0.013557,0.039693,lower
L2,none,0.20,0.2000,0.906971,-0.012147,0.052807,lower
L2,none,0.20,0.2000,0.918679,-0.010753,0.067070,lower
L2,none,0.20,0.2000,0.930042,-0.009377,0.082628,lower
L2,none,0.20,0.2000,0.941059,-0.008025,0.099675,lower
L2,none,0.20,0.2000,0.951731,-0.006700,0.118482,lower
L2,none,0.20,0.2000,0.962060,-0.005410,0.139477,lower
L2,none,0.20,0.2000,0.972047,-0.004158,0.163618,lower
L2,none,0.20,0.2000,0.981697,-0.002952,0.192713,lower
L2,none,0.20,0.2000,0.991012,-0.001799,0.227862,lower
L2,none,0.20,0.2000,1.000000,-0.000705,0.276387,lower
L2,none,0.44,0.4400,-0.000000,0.000000,0.588976,upper
L2,none,0.44,0.4400,0.000008,0.000522,0.558706,upper
L2,none,0.44,0.4400,0.000034,0.001072,0.524558,upper
L2,none,0.44,0.4400,0.000080,0.001650,0.485614,upper
L2,none,0.44,0.4400,0.000151,0.002259,0.441901,upper
L2,none,0.44,0.4400,0.000249,0.002897,0.392959,upper
L2,none,0.44,0.4400,0.000377,0.003566,0.338510,upper
L2,none,0.44,0.4400,0.000541,0.004266,0.278266,upper
L2,none,0.44,0.4400,0.000745,0.004995,0.212043,upper
L2,none,0.44,0.4400,0.000993,0.005755,0.139753,upper
L2,none,0.44,0.4400,0.001290,0.006543,0.061457,upper
L2,none,0.44,0.4400,0.001641,0.007359,-0.022619,upper
L2,none,0.44,0.4400,0.002052,0.008200,-0.112032,upper
L2,none,0.44,0.4400,0.002527,0.009065,-0.206086,upper
L2,none,0.44,0.4400,0.003073,0.009951,-0.303831,upper
L2,none,0.44,0.4400,0.003694,0.010854,-0.404035,upper
L2,none,0.44,0.4400,0.004395,0.011772,-0.505189,upper
L2,none,0.44,0.4400,0.005181,0.012701,-0.605539,upper
L2,none,0.44,0.4400,0.006058,0.013638,-0.703130,upper
L2,none,0.44,0.4400,0.007029,0.014577,-0.795896,upper
L2,none,0.44,0.4400,0.008099,0.015516,-0.881762,upper
L2,none,0.44,0.4400,0.009271,0.016451,-0.958769,upper
L2,none,0.44,0.4400,0.010549,0.017378,-1.025203,upper
L2,none,0.44,0.4400,0.011936,0.018294,-1.079724,upper
L2,none,0.44,0.4400,0.013436,0.019195,-1.121488,upper
L2,none,0.44,0.4400,0.015052,0.020080,-1.150207,upper
L2,none,0.44,0.4400,0.016786,0.020946,-1.166103,upper
L2,none,0.44,0.4400,0.018643,0.021791,-1.169881,upper
L2,none,0.44,0.4400,0.020625,0.022613,-1.162654,upper
L2,none,0.44,0.4400,0.022735,0.023413,-1.145817,upper
L2,none,0.44,0.4400,0.024979,0.024190,-1.120929,upper
L2,none,0.44,0.4400,0.027358,0.024943,-1.089607,upper
L2,none,0.44,0.4400,0.029878,0.025674,-1.053434,upper
L2,none,0.44,0.4400,0.032543,0.026382,-1.013892,upper
L2,none,0.44,0.4400,0.035358,0.027068,-0.972312,upper
L2,none,0.44,0.4400,0.038327,0.027735,-0.929837,upper
L2,none,0.44,0.4400,0.041456,0.028383,-0.887409,upper
L2,none,0.44,0.4400,0.044751,0.029015,-0.845776,upper
L2,none,0.44,0.4400,0.048218,0.029633,-0.805511,upper
L2,none,0.44,0.4400,0.051862,0.030238,-0.767045,upper
L2,none,0.44,0.4400,0.055691,0.030834,-0.730697,upper
L2,none,0.44,0.4400,0.059710,0.031422,-0.696690,upper
L2,none,0.44,0.4400,0.063928,0.032006,-0.665171,upper
L2,none,0.44,0.4400,0.068352,0.032587,-0.636223,upper
L2,none,0.44,0.4400,0.072988,0.033168,-0.609871,upper
L2,none,0.44,0.4400,0.077844,0.033751,-0.586094,upper
L2,none,0.44,0.4400,0.082928,0.034338,-0.564831,upper
L2,none,0.44,0.4400,0.088248,0.034931,-0.545985,upper
L2,none,0.44,0.4400,0.093813,0.035530,-0.529427,upper
L2,none,0.44,0.4400,0.099629,0.036137,-0.515004,upper
L2,none,0.44,0.4400,0.105705,0.036752,-0.502537,upper
L2,none,0.44,0.4400,0.112049,0.037375,-0.491828,upper
L2,none,0.44,0.4400,0.118669,0.038006,-0.482662,upper
L2,none,0.44,0.4400,0.125573,0.038642,-0.474814,upper
L2,none,0.44,0.4400,0.132769,0.039282,-0.468052,upper
L2,none,0.44,0.4400,0.140263,0.039924,-0.462143,upper
L2,none,0.44,0.4400,0.148065,0.040566,-0.456858,upper
L2,none,0.44,0.4400,0.156179,0.041204,-0.451984,upper
L2,none,0.44,0.4400,0.164613,0.041835,-0.447327,upper
L2,none,0.44,0.4400,0.173373,0.042456,-0.442719,upper
L2,none,0.44,0.4400,0.182464,0.043064,-0.438029,upper
L2,none,0.44,0.4400,0.191890,0.043654,-0.433163,upper
L2,none,0.44,0.4400,0.201657,0.044225,-0.428068,upper
L2,none,0.44,0.4400,0.211767,0.044773,-0.422736,upper
L2,none,0.44,0.4400,0.222222,0.045296,-0.417199,upper
L2,none,0.44,0.4400,0.233025,0.045792,-0.411521,upper
L2,none,0.44,0.4400,0.244175,0.046258,-0.405795,upper
L2,none,0.44,0.4400,0.255672,0.046694,-0.400130,upper
L2,none,0.44,0.4400,0.267515,0.047098,-0.394639,upper
L2,none,0.44,0.4400,0.279701,0.047468,-0.389426,upper
L2,none,0.44,0.4400,0.292227,0.047803,-0.384575,upper
L2,none,0.44,0.4400,0.305086,0.048100,-0.380136,upper
L2,none,0.44,0.4400,0.318273,0.048357,-0.376120,upper
L2,none,0.44,0.4400,0.331780,0.048569,-0.372488,upper
L2,none,0.44,0.4400,0.345598,0.048733,-0.369152,upper
L2,none,0.44,0.4400,0.359716,0.048843,-0.365974,upper
L2,none,0.44,0.4400,0.374124,0.048893,-0.362774,upper
L2,none,0.44,0.4400,0.388807,0.048878,-0.359342,upper
L2,none,0.44,0.4400,0.403751,0.048790,-0.355450,upper
L2,none,0.44,0.4400,0.418939,0.048624,-0.350871,upper
L2,none,0.44,0.4400,0.434356,0.048373,-0.345397,upper
L2,none,0.44,0.4400,0.449981,0.048033,-0.338859,upper
L2,none,0.44,0.4400,0.465797,0.047599,-0.331143,upper
L2,none,0.44,0.4400,0.481780,0.047071,-0.322200,upper
L2,none,0.44,0.4400,0.497911,0.046447,-0.312051,upper
L2,none,0.44,0.4400,0.514167,0.045730,-0.300787,upper
L2,none,0.44,0.4400,0.530524,0.044922,-0.288557,upper
L2,none,0.44,0.4400,0.546959,0.044030,-0.275558,upper
L2,none,0.44,0.4400,0.563448,0.043058,-0.262016,upper
L2,none,0.44,0.4400,0.579967,0.042016,-0.248167,upper
L2,none,0.44,0.4400,0.596493,0.040910,-0.234237,upper
L2,none,0.44,0.4400,0.613000,0.039748,-0.220425,upper
L2,none,0.44,0.4400,0.629465,0.038539,-0.206890,upper
L2,none,0.44,0.4400,0.645864,0.037290,-0.193742,upper
L2,none,0.44,0.4400,0.662174,0.036007,-0.181039,upper
L2,none,0.44,0.4400,0.678372,0.034695,-0.168804,upper
L2,none,0.44,0.4400,0.694435,0.033360,-0.157022,upper
L2,none,0.44,0.4400,0.710342,0.032005,-0.145639,upper
L2,none,0.44,0.4400,0.726071,0.030634,-0.134577,upper
L2,none,0.44,0.4400,0.741604,0.029247,-0.123730,upper
L2,none,0.44,0.4400,0.756920,0.027848,-0.112985,upper
L2,none,0.44,0.4400,0.772003,0.026438,-0.102225,upper
L2,none,0.44,0.4400,0.786835,0.025019,-0.091342,upper
L2,none,0.44,0.4400,0.801401,0.023592,-0.080233,upper
L2,none,0.44,0.4400,0.815688,0.022159,-0.068805,upper
L2,none,0.44,0.4400,0.829682,0.020722,-0.056972,upper
L2,none,0.44,0.4400,0.843373,0.019283,-0.044649,upper
L2,none,0.44,0.4400,0.856750,0.017845,-0.031755,upper
L2,none,0.44,0.4400,0.869805,0.016409,-0.018205,upper
L2,none,0.44,0.4400,0.882530,0.014979,-0.003907,upper
L2,none,0.44,0.4400,0.894920,0.013557,0.011240,upper
L2,none,0.44,0.4400,0.906971,0.012147,0.027351,upper
L2,none,0.44,0.4400,0.918679,0.010753,0.044558,upper
L2,none,0.44,0.4400,0.930042,0.009377,0.063022,upper
L2,none,0.44,0.4400,0.941059,0.008025,0.082948,upper
L2,none,0.44,0.4400,0.951731,0.006700,0.104630,upper
L2,none,0.44,0.4400,0.962060,0.005410,0.128533,upper
L2,none,0.44,0.4400,0.972047,0.004158,0.155688,upper
L2,none,0.44,0.4400,0.981697,0.002952,0.187857,upper
L2,none,0.44,0.4400,0.991012,0.001799,0.225267,upper
L2,none,0.44,0.4400,1.000000,0.000705,0.277684,upper
L2,none,0.44,0.4400,-0.000000,0.000000,0.588976,lower
L2,none,0.44,0.4400,0.000008,-0.000522,0.617599,lower
L2,none,0.44,0.4400,0.000034,-0.001072,0.644855,lower
L2,none,0.44,0.4400,0.000080,-0.001650,0.670362,lower
L2,none,0.44,0.4400,0.000151,-0.002259,0.694025,lower
L2,none,0.44,0.4400,0.000249,-0.002897,0.715292,lower
L2,none,0.44,0.4400,0.000377,-0.003566,0.733684,lower
L2,none,0.44,0.4400,0.000541,-0.004266,0.748650,lower
L2,none,0.44,0.4400,0.000745,-0.004995,0.759647,lower
L2,none,0.44,0.4400,0.000993,-0.005755,0.766137,lower
L2,none,0.44,0.4400,0.001290,-0.006543,0.767623,lower
L2,none,0.44,0.4400,0.001641,-0.007359,0.763664,lower
L2,none,0.44,0.4400,0.002052,-0.008200,0.753905,lower
L2,none,0.44,0.4400,0.002527,-0.009065,0.738125,lower
L2,none,0.44,0.4400,0.003073,-0.009951,0.716255,lower
L2,none,0.44,0.4400,0.003694,-0.010854,0.688417,lower
L2,none,0.44,0.4400,0.004395,-0.011772,0.654943,lower
L2,none,0.44,0.4400,0.005181,-0.012701,0.616382,lower
L2,none,0.44,0.4400,0.006058,-0.013638,0.573489,lower
L2,none,0.44,0.4400,0.007029,-0.014577,0.527203,lower
L2,none,0.44,0.4400,0.008099,-0.015516,0.478594,lower
L2,none,0.44,0.4400,0.009271,-0.016451,0.428814,lower
L2,none,0.44,0.4400,0.010549,-0.017378,0.379027,lower
L2,none,0.44,0.4400,0.011936,-0.018294,0.330341,lower
L2,none,0.44,0.4400,0.013436,-0.019195,0.283754,lower
L2,none,0.44,0.4400,0.015052,-0.020080,0.240103,lower
L2,none,0.44,0.4400,0.016786,-0.020946,0.200035,lower
L2,none,0.44,0.4400,0.018643,-0.021791,0.163990,lower
L2,none,0.44,0.4400,0.020625,-0.022613,0.132213,lower
L2,none,0.44,0.4400,0.022735,-0.023413,0.104761,lower
L2,none,0.44,0.4400,0.024979,-0.024190,0.081536,lower
L2,none,0.44,0.4400,0.027358,-0.024943,0.062312,lower
L2,none,0.44,0.4400,0.029878,-0.025674,0.046767,lower
L2,none,0.44,0.4400,0.032543,-0.026382,0.034514,lower
L2,none,0.44,0.4400,0.035358,-0.027068,0.025133,lower
L2,none,0.44,0.4400,0.038327,-0.027735,0.018188,lower
L2,none,0.44,0.4400,0.041456,-0.028383,0.013249,lower
L2,none,0.44,0.4400,0.044751,-0.029015,0.009908,lower
L2,none,0.44,0.4400,0.048218,-0.029633,0.007783,lower
L2,none,0.44,0.4400,0.051862,-0.030238,0.006525,lower
L2,none,0.44,0.4400,0.055691,-0.030834,0.005825,lower
L2,none,0.44,0.4400,0.059710,-0.031422,0.005409,lower
L2,none,0.44,0.4400,0.063928,-0.032006,0.005041,lower
L2,none,0.44,0.4400,0.068352,-0.032587,0.004521,lower
L2,none,0.44,0.4400,0.072988,-0.033168,0.003686,lower
L2,none,0.44,0.4400,0.077844,-0.033751,0.002405,lower
L2,none,0.44,0.4400,0.082928,-0.034338,0.000580,lower
L2,none,0.44,0.4400,0.088248,-0.034931,-0.001855,lower
L2,none,0.44,0.4400,0.093813,-0.035530,-0.004939,lower
L2,none,0.44,0.4400,0.099629,-0.036137,-0.008683,lower
L2,none,0.44,0.4400,0.105705,-0.036752,-0.013068,lower
L2,none,0.44,0.4400,0.112049,-0.037375,-0.018055,lower
L2,none,0.44,0.4400,0.118669,-0.038006,-0.023581,lower
L2,none,0.44,0.4400,0.125573,-0.038642,-0.029564,lower
L2,none,0.44,0.4400,0.132769,-0.039282,-0.035905,lower
L2,none,0.44,0.4400,0.140263,-0.039924,-0.042496,lower
L2,none,0.44,0.4400,0.148065,-0.040566,-0.049219,lower
L2,none,0.44,0.4400,0.156179,-0.041204,-0.055955,lower
L2,none,0.44,0.4400,0.164613,-0.041835,-0.062592,lower
L2,none,0.44,0.4400,0.173373,-0.042456,-0.069028,lower
L2,none,0.44,0.4400,0.182464,-0.043064,-0.075176,lower
L2,none,0.44,0.4400,0.191890,-0.043654,-0.080974,lower
L2,none,0.44,0.4400,0.201657,-0.044225,-0.086383,lower
L2,none,0.44,0.4400,0.211767,-0.044773,-0.091395,lower
L2,none,0.44,0.4400,0.222222,-0.045296,-0.096031,lower
L2,none,0.44,0.4400,0.233025,-0.045792,-0.100336,lower
L2,none,0.44,0.4400,0.244175,-0.046258,-0.104377,lower
L2,none,0.44,0.4400,0.255672,-0.046694,-0.108240,lower
L2,none,0.44,0.4400,0.267515,-0.047098,-0.112012,lower
L2,none,0.44,0.4400,0.279701,-0.047468,-0.115782,lower
L2,none,0.44,0.4400,0.292227,-0.047803,-0.119624,lower
L2,none,0.44,0.4400,0.305086,-0.048100,-0.123589,lower
L2,none,0.44,0.4400,0.318273,-0.048357,-0.127697,lower
L2,none,0.44,0.4400,0.331780,-0.048569,-0.131933,lower
L2,none,0.44,0.4400,0.345598,-0.048733,-0.136238,lower
L2,none,0.44,0.4400,0.359716,-0.048843,-0.140513,lower
L2,none,0.44,0.4400,0.374124,-0.048893,-0.144620,lower
L2,none,0.44,0.4400,0.388807,-0.048878,-0.148393,lower
L2,none,0.44,0.4400,0.403751,-0.048790,-0.151644,lower
L2,none,0.44,0.4400,0.418939,-0.048624,-0.154181,lower
L2,none,0.44,0.4400,0.434356,-0.048373,-0.155823,lower
L2,none,0.44,0.4400,0.449981,-0.048033,-0.156414,lower
L2,none,0.44,0.4400,0.465797,-0.047599,-0.155844,lower
L2,none,0.44,0.4400,0.481780,-0.047071,-0.154050,lower
L2,none,0.44,0.4400,0.497911,-0.046447,-0.151031,lower
L2,none,0.44,0.4400,0.514167,-0.045730,-0.146847,lower
L2,none,0.44,0.4400,0.530524,-0.044922,-0.141608,lower
L2,none,0.44,0.4400,0.546959,-0.044030,-0.135473,lower
L2,none,0.44,0.4400,0.563448,-0.043058,-0.128627,lower
L2,none,0.44,0.4400,0.579967,-0.042016,-0.121272,lower
L2,none,0.44,0.4400,0.596493,-0.040910,-0.113607,lower
L2,none,0.44,0.4400,0.613000,-0.039748,-0.105813,lower
L2,none,0.44,0.4400,0.629465,-0.038539,-0.098042,lower
L2,none,0.44,0.4400,0.645864,-0.037290,-0.090409,lower
L2,none,0.44,0.4400,0.662174,-0.036007,-0.082984,lower
L2,none,0.44,0.4400,0.678372,-0.034695,-0.075799,lower
L2,none,0.44,0.4400,0.694435,-0.033360,-0.068846,lower
L2,none,0.44,0.4400,0.710342,-0.032005,-0.062084,lower
L2,none,0.44,0.4400,0.726071,-0.030634,-0.055447,lower
L2,none,0.44,0.4400,0.741604,-0.029247,-0.048849,lower
L2,none,0.44,0.4400,0.756920,-0.027848,-0.042198,lower
L2,none,0.44,0.4400,0.772003,-0.026438,-0.035398,lower
L2,none,0.44,0.4400,0.786835,-0.025019,-0.028353,lower
L2,none,0.44,0.4400,0.801401,-0.023592,-0.020975,lower
L2,none,0.44,0.4400,0.815688,-0.022159,-0.013181,lower
L2,none,0.44,0.4400,0.829682,-0.020722,-0.004894,lower
L2,none,0.44,0.4400,0.843373,-0.019283,0.003962,lower
L2,none,0.44,0.4400,0.856750,-0.017845,0.013461,lower
L2,none,0.44,0.4400,0.869805,-0.016409,0.023682,lower
L2,none,0.44,0.4400,0.882530,-0.014979,0.034710,lower
L2,none,0.44,0.4400,0.894920,-0.013557,0.046638,lower
L2,none,0.44,0.4400,0.906971,-0.012147,0.059576,lower
L2,none,0.44,0.4400,0.918679,-0.010753,0.073646,lower
L2,none,0.44,0.4400,0.930042,-0.009377,0.088999,lower
L2,none,0.44,0.4400,0.941059,-0.008025,0.105826,lower
L2,none,0.44,0.4400,0.951731,-0.006700,0.124403,lower
L2,none,0.44,0.4400,0.962060,-0.005410,0.145155,lower
L2,none,0.44,0.4400,0.972047,-0.004158,0.169039,lower
L2,none,0.44,0.4400,0.981697,-0.002952,0.197847,lower
L2,none,0.44,0.4400,0.991012,-0.001799,0.232552,lower
L2,none,0.44,0.4400,1.000000,-0.000705,0.280627,lower
L2,none,0.65,0.6500,0.000000,0.000000,0.565274,upper
L2,none,0.65,0.6500,0.000008,0.000522,0.533116,upper
L2,none,0.65,0.6500,0.000034,0.001072,0.496992,upper
L2,none,0.65,0.6500,0.000080,0.001650,0.455961,upper
L2,none,0.65,0.6500,0.000151,0.002259,0.410055,upper
L2,none,0.65,0.6500,0.000248,0.002897,0.358814,upper
L2,none,0.65,0.6500,0.000377,0.003566,0.301964,upper
L2,none,0.65,0.6500,0.000541,0.004266,0.239222,upper
L2,none,0.65,0.6500,0.000745,0.004995,0.170409,upper
L2,none,0.65,0.6500,0.000993,0.005755,0.095448,upper
L2,none,0.65,0.6500,0.001290,0.006543,0.014413,upper
L2,none,0.65,0.6500,0.001641,0.007359,-0.072454,upper
L2,none,0.65,0.6500,0.002052,0.008200,-0.164691,upper
L2,none,0.65,0.6500,0.002527,0.009065,-0.261572,upper
L2,none,0.65,0.6500,0.003073,0.009951,-0.362118,upper
L2,none,0.65,0.6500,0.003694,0.010854,-0.465056,upper
L2,none,0.65,0.6500,0.004395,0.011772,-0.568831,upper
L2,none,0.65,0.6500,0.005182,0.012701,-0.671635,upper
L2,none,0.65,0.6500,0.006058,0.013638,-0.771456,upper
L2,none,0.65,0.6500,0.007029,0.014577,-0.866162,upper
L2,none,0.65,0.6500,0.008099,0.015516,-0.953610,upper
L2,none,0.65,0.6500,0.009271,0.016451,-1.031772,upper
L2,none,0.65,0.6500,0.010549,0.017378,-1.098861,upper
L2,none,0.65,0.6500,0.011936,0.018294,-1.153482,upper
L2,none,0.65,0.6500,0.013436,0.019195,-1.194775,upper
L2,none,0.65,0.6500,0.015052,0.020080,-1.222433,upper
L2,none,0.65,0.6500,0.016786,0.020946,-1.236697,upper
L2,none,0.65,0.6500,0.018643,0.021791,-1.238339,upper
L2,none,0.65,0.6500,0.020625,0.022613,-1.228561,upper
L2,none,0.65,0.6500,0.022735,0.023413,-1.208866,upper
L2,none,0.65,0.6500,0.024979,0.024190,-1.180919,upper
L2,none,0.65,0.6500,0.027358,0.024943,-1.146434,upper
L2,none,0.65,0.6500,0.029878,0.025674,-1.107080,upper
L2,none,0.65,0.6500,0.032543,0.026382,-1.064403,upper
L2,none,0.65,0.6500,0.035358,0.027068,-1.019786,upper
L2,none,0.65,0.6500,0.038327,0.027735,-0.974410,upper
L2,none,0.65,0.6500,0.041456,0.028383,-0.929241,upper
L2,none,0.65,0.6500,0.044751,0.029015,-0.885039,upper
L2,none,0.65,0.6500,0.048218,0.029633,-0.842379,upper
L2,none,0.65,0.6500,0.051862,0.030238,-0.801688,upper
L2,none,0.65,0.6500,0.055691,0.030834,-0.763276,upper
L2,none,0.65,0.6500,0.059710,0.031422,-0.727357,upper
L2,none,0.65,0.6500,0.063928,0.032006,-0.694068,upper
L2,none,0.65,0.6500,0.068352,0.032587,-0.663479,upper
L2,none,0.65,0.6500,0.072988,0.033168,-0.635606,upper
L2,none,0.65,0.6500,0.077844,0.033751,-0.610417,upper
L2,none,0.65,0.6500,0.082928,0.034338,-0.587839,upper
L2,none,0.65,0.6500,0.088248,0.034931,-0.567764,upper
L2,none,0.65,0.6500,0.093813,0.035530,-0.550056,upper
L2,none,0.65,0.6500,0.099629,0.036137,-0.534549,upper
L2,none,0.65,0.6500,0.105705,0.036752,-0.521055,upper
L2,none,0.65,0.6500,0.112049,0.037375,-0.509367,upper
L2,none,0.65,0.6500,0.118669,0.038006,-0.499264,upper
L2,none,0.65,0.6500,0.125573,0.038642,-0.490512,upper
L2,none,0.65,0.6500,0.132769,0.039282,-0.482871,upper
L2,none,0.65,0.6500,0.140263,0.039924,-0.476101,upper
L2,none,0.65,0.6500,0.148064,0.040566,-0.469969,upper
L2,none,0.65,0.6500,0.156179,0.041204,-0.464257,upper
L2,none,0.65,0.6500,0.164613,0.041835,-0.458766,upper
L2,none,0.65,0.6500,0.173373,0.042456,-0.453326,upper
L2,none,0.65,0.6500,0.182464,0.043064,-0.447804,upper
L2,none,0.65,0.6500,0.191890,0.043654,-0.442105,upper
L2,none,0.65,0.6500,0.201657,0.044225,-0.436176,upper
L2,none,0.65,0.6500,0.211767,0.044773,-0.430011,upper
L2,none,0.65,0.6500,0.222222,0.045296,-0.423641,upper
L2,none,0.65,0.6500,0.233025,0.045792,-0.417133,upper
L2,none,0.65,0.6500,0.244175,0.046258,-0.410581,upper
L2,none,0.65,0.6500,0.255672,0.046694,-0.404098,upper
L2,none,0.65,0.6500,0.267515,0.047098,-0.397796,upper
L2,none,0.65,0.6500,0.279701,0.047468,-0.391784,upper
L2,none,0.65,0.6500,0.292227,0.047803,-0.386144,upper
L2,none,0.65,0.6500,0.305086,0.048100,-0.380930,upper
L2,none,0.65,0.6500,0.318273,0.048357,-0.376152,upper
L2,none,0.65,0.6500,0.331780,0.048569,-0.371773,upper
L2,none,0.65,0.6500,0.345598,0.048733,-0.367703,upper
L2,none,0.65,0.6500,0.359716,0.048843,-0.363808,upper
L2,none,0.65,0.6500,0.374124,0.048893,-0.359909,upper
L2,none,0.65,0.6500,0.388807,0.048878,-0.355795,upper
L2,none,0.65,0.6500,0.403750,0.048790,-0.351242,upper
L2,none,0.65,0.6500,0.418939,0.048624,-0.346024,upper
L2,none,0.65,0.6500,0.434356,0.048373,-0.339936,upper
L2,none,0.65,0.6500,0.449981,0.048033,-0.332815,upper
L2,none,0.65,0.6500,0.465797,0.047599,-0.324549,upper
L2,none,0.65,0.6500,0.481780,0.047071,-0.315092,upper
L2,none,0.65,0.6500,0.497911,0.046447,-0.304469,upper
L2,none,0.65,0.6500,0.514167,0.045730,-0.292772,upper
L2,none,0.65,0.6500,0.530524,0.044922,-0.280153,upper
L2,none,0.65,0.6500,0.546959,0.044030,-0.266813,upper
L2,none,0.65,0.6500,0.563448,0.043058,-0.252976,upper
L2,none,0.65,0.6500,0.579967,0.042016,-0.238878,upper
L2,none,0.65,0.6500,0.596493,0.040910,-0.224746,upper
L2,none,0.65,0.6500,0.613000,0.039748,-0.210776,upper
L2,none,0.65,0.6500,0.629465,0.038539,-0.197127,upper
L2,none,0.65,0.6500,0.645864,0.037290,-0.183904,upper
L2,none,0.65,0.6500,0.662174,0.036007,-0.171164,upper
L2,none,0.65,0.6500,0.678372,0.034695,-0.158930,upper
L2,none,0.65,0.6500,0.694435,0.033360,-0.147185,upper
L2,none,0.65,0.6500,0.710341,0.032005,-0.135873,upper
L2,none,0.65,0.6500,0.726071,0.030634,-0.124915,upper
L2,none,0.65,0.6500,0.741604,0.029247,-0.114202,upper
L2,none,0.65,0.6500,0.756920,0.027848,-0.103617,upper
L2,none,0.65,0.6500,0.772003,0.026438,-0.093044,upper
L2,none,0.65,0.6500,0.786835,0.025019,-0.082370,upper
L2,none,0.65,0.6500,0.801401,0.023592,-0.071491,upper
L2,none,0.65,0.6500,0.815688,0.022159,-0.060312,upper
L2,none,0.65,0.6500,0.829682,0.020722,-0.048744,upper
L2,none,0.65,0.6500,0.843373,0.019283,-0.036702,upper
L2,none,0.65,0.6500,0.856750,0.017845,-0.024101,upper
L2,none,0.65,0.6500,0.869805,0.016409,-0.010855,upper
L2,none,0.65,0.6500,0.882530,0.014979,0.003129,upper
L2,none,0.65,0.6500,0.894920,0.013557,0.017953,upper
L2,none,0.65,0.6500,0.906971,0.012147,0.033734,upper
L2,none,0.65,0.6500,0.918679,0.010753,0.050605,upper
L2,none,0.65,0.6500,0.930042,0.009377,0.068726,upper
L2,none,0.65,0.6500,0.941059,0.008025,0.088301,upper
L2,none,0.65,0.6500,0.951731,0.006700,0.109623,upper
L2,none,0.65,0.6500,0.962060,0.005410,0.133152,upper
L2,none,0.65,0.6500,0.972047,0.004158,0.159910,upper
L2,none,0.65,0.6500,0.981697,0.002952,0.191635,upper
L2,none,0.65,0.6500,0.991013,0.001799,0.228518,upper
L2,none,0.65,0.6500,1.000000,0.000705,0.280359,upper
L2,none,0.65,0.6500,0.000000,0.000000,0.565274,lower
L2,none,0.65,0.6500,0.000008,-0.000522,0.595785,lower
L2,none,0.65,0.6500,0.000034,-0.001072,0.625003,lower
L2,none,0.65,0.6500,0.000080,-0.001650,0.652561,lower
L2,none,0.65,0.6500,0.000151,-0.002259,0.678360,lower
L2,none,0.65,0.6500,0.000248,-0.002897,0.701841,lower
L2,none,0.65,0.6500,0.000377,-0.003566,0.722521,lower
L2,none,0.65,0.6500,0.000541,-0.004266,0.739839,lower
L2,none,0.65,0.6500,0.000745,-0.004995,0.753239,lower
L2,none,0.65,0.6500,0.000993,-0.005755,0.762168,lower
L2,none,0.65,0.6500,0.001290,-0.006543,0.766109,lower
L2,none,0.65,0.6500,0.001641,-0.007359,0.764603,lower
L2,none,0.65,0.6500,0.002052,-0.008200,0.757275,lower
L2,none,0.65,0.6500,0.002527,-0.009065,0.743874,lower
L2,none,0.65,0.6500,0.003073,-0.009951,0.724302,lower
L2,none,0.65,0.6500,0.003694,-0.010854,0.698652,lower
L2,none,0.65,0.6500,0.004395,-0.011772,0.667224,lower
L2,none,0.65,0.6500,0.005182,-0.012701,0.630535,lower
L2,none,0.65,0.6500,0.006058,-0.013638,0.589317,lower
L2,none,0.65,0.6500,0.007029,-0.014577,0.544481,lower
L2,none,0.65,0.6500,0.008099,-0.015516,0.497082,lower
L2,none,0.65,0.6500,0.009271,-0.016451,0.448261,lower
L2,none,0.65,0.6500,0.010549,-0.017378,0.399175,lower
L2,none,0.65,0.6500,0.011936,-0.018294,0.350941,lower
L2,none,0.65,0.6500,0.013436,-0.019195,0.304563,lower
L2,none,0.65,0.6500,0.015052,-0.020080,0.260897,lower
L2,none,0.65,0.6500,0.016786,-0.020946,0.220609,lower
L2,none,0.65,0.6500,0.018643,-0.021791,0.184168,lower
L2,none,0.65,0.6500,0.020625,-0.022613,0.151842,lower
L2,none,0.65,0.6500,0.022735,-0.023413,0.123719,lower
L2,none,0.65,0.6500,0.024979,-0.024190,0.099726,lower
L2,none,0.65,0.6500,0.027358,-0.024943,0.079663,lower
L2,none,0.65,0.6500,0.029878,-0.025674,0.063233,lower
L2,none,0.65,0.6500,0.032543,-0.026382,0.050069,lower
L2,none,0.65,0.6500,0.035358,-0.027068,0.039767,lower
L2,none,0.65,0.6500,0.038327,-0.027735,0.031907,lower
L2,none,0.65,0.6500,0.041456,-0.028383,0.026071,lower
L2,none,0.65,0.6500,0.044751,-0.029015,0.021857,lower
L2,none,0.65,0.6500,0.048218,-0.029633,0.018891,lower
L2,none,0.65,0.6500,0.051862,-0.030238,0.016829,lower
L2,none,0.65,0.6500,0.055691,-0.030834,0.015363,lower
L2,none,0.65,0.6500,0.059710,-0.031422,0.014222,lower
L2,none,0.65,0.6500,0.063928,-0.032006,0.013167,lower
L2,none,0.65,0.6500,0.068352,-0.032587,0.012001,lower
L2,none,0.65,0.6500,0.072988,-0.033168,0.010558,lower
L2,none,0.65,0.6500,0.077844,-0.033751,0.008705,lower
L2,none,0.65,0.6500,0.082928,-0.034338,0.006341,lower
L2,none,0.65,0.6500,0.088248,-0.034931,0.003400,lower
L2,none,0.65,0.6500,0.093813,-0.035530,-0.000162,lower
L2,none,0.65,0.6500,0.099629,-0.036137,-0.004355,lower
L2,none,0.65,0.6500,0.105705,-0.036752,-0.009167,lower
L2,none,0.65,0.6500,0.112049,-0.037375,-0.014558,lower
L2,none,0.65,0.6500,0.118669,-0.038006,-0.020468,lower
L2,none,0.65,0.6500,0.125573,-0.038642,-0.026817,lower
L2,none,0.65,0.6500,0.132769,-0.039282,-0.033508,lower
L2,none,0.65,0.6500,0.140263,-0.039924,-0.040434,lower
L2,none,0.65,0.6500,0.148064,-0.040566,-0.047478,lower
L2,none,0.65,0.6500,0.156179,-0.041204,-0.054524,lower
L2,none,0.65,0.6500,0.164613,-0.041835,-0.061458,lower
L2,none,0.65,0.6500,0.173373,-0.042456,-0.068178,lower
L2,none,0.65,0.6500,0.182464,-0.043064,-0.074600,lower
L2,none,0.65,0.6500,0.191890,-0.043654,-0.080659,lower
L2,none,0.65,0.6500,0.201657,-0.044225,-0.086318,lower
L2,none,0.65,0.6500,0.211767,-0.044773,-0.091567,lower
L2,none,0.65,0.6500,0.222222,-0.045296,-0.096425,lower
L2,none,0.65,0.6500,0.233025,-0.045792,-0.100938,lower
L2,none,0.65,0.6500,0.244175,-0.046258,-0.105172,lower
L2,none,0.65,0.6500,0.255672,-0.046694,-0.109211,lower
L2,none,0.65,0.6500,0.267515,-0.047098,-0.113143,lower
L2,none,0.65,0.6500,0.279701,-0.047468,-0.117054,lower
L2,none,0.65,0.6500,0.292227,-0.047803,-0.121019,lower
L2,none,0.65,0.6500,0.305086,-0.048100,-0.125088,lower
L2,none,0.65,0.6500,0.318273,-0.048357,-0.129283,lower
L2,none,0.65,0.6500,0.331780,-0.048569,-0.133585,lower
L2,none,0.65,0.6500,0.345598,-0.048733,-0.137938,lower
L2,none,0.65,0.6500,0.359716,-0.048843,-0.142241,lower
L2,none,0.65,0.6500,0.374124,-0.048893,-0.146359,lower
L2,none,0.65,0.6500,0.388807,-0.048878,-0.150126,lower
L2,none,0.65,0.6500,0.403750,-0.048790,-0.153354,lower
L2,none,0.65,0.6500,0.418939,-0.048624,-0.155853,lower
L2,none,0.65,0.6500,0.434356,-0.048373,-0.157444,lower
L2,none,0.65,0.6500,0.449981,-0.048033,-0.157974,lower
L2,none,0.65,0.6500,0.465797,-0.047599,-0.157331,lower
L2,none,0.65,0.6500,0.481780,-0.047071,-0.155456,lower
L2,none,0.65,0.6500,0.497911,-0.046447,-0.152350,lower
L2,none,0.65,0.6500,0.514167,-0.045730,-0.148073,lower
L2,none,0.65,0.6500,0.530524,-0.044922,-0.142738,lower
L2,none,0.65,0.6500,0.546959,-0.044030,-0.136502,lower
L2,none,0.65,0.6500,0.563448,-0.043058,-0.129554,lower
L2,none,0.65,0.6500,0.579967,-0.042016,-0.122097,lower
L2,none,0.65,0.6500,0.596493,-0.040910,-0.114328,lower
L2,none,0.65,0.6500,0.613000,-0.039748,-0.106429,lower
L2,none,0.65,0.6500,0.629465,-0.038539,-0.098553,lower
L2,none,0.65,0.6500,0.645864,-0.037290,-0.090812,lower
L2,none,0.65,0.6500,0.662174,-0.036007,-0.083281,lower
L2,none,0.65,0.6500,0.678372,-0.034695,-0.075990,lower
L2,none,0.65,0.6500,0.694435,-0.033360,-0.068931,lower
L2,none,0.65,0.6500,0.710341,-0.032005,-0.062064,lower
L2,none,0.65,0.6500,0.726071,-0.030634,-0.055323,lower
L2,none,0.65,0.6500,0.741604,-0.029247,-0.048624,lower
L2,none,0.65,0.6500,0.756920,-0.027848,-0.041874,lower
L2,none,0.65,0.6500,0.772003,-0.026438,-0.034977,lower
L2,none,0.65,0.6500,0.786835,-0.025019,-0.027839,lower
L2,none,0.65,0.6500,0.801401,-0.023592,-0.020372,lower
L2,none,0.65,0.6500,0.815688,-0.022159,-0.012492,lower
L2,none,0.65,0.6500,0.829682,-0.020722,-0.004121,lower
L2,none,0.65,0.6500,0.843373,-0.019283,0.004815,lower
L2,none,0.65,0.6500,0.856750,-0.017845,0.014392,lower
L2,none,0.65,0.6500,0.869805,-0.016409,0.024689,lower
L2,none,0.65,0.6500,0.882530,-0.014979,0.035791,lower
L2,none,0.65,0.6500,0.894920,-0.013557,0.047792,lower
L2,none,0.65,0.6500,0.906971,-0.012147,0.060802,lower
L2,none,0.65,0.6500,0.918679,-0.010753,0.074946,lower
L2,none,0.65,0.6500,0.930042,-0.009377,0.090374,lower
L2,none,0.65,0.6500,0.941059,-0.008025,0.107280,lower
L2,none,0.65,0.6500,0.951731,-0.006700,0.125941,lower
L2,none,0.65,0.6500,0.962060,-0.005410,0.146788,lower
L2,none,0.65,0.6500,0.972047,-0.004158,0.170787,lower
L2,none,0.65,0.6500,0.981697,-0.002952,0.199733,lower
L2,none,0.65,0.6500,0.991013,-0.001799,0.234549,lower
L2,none,0.65,0.6500,1.000000,-0.000705,0.282907,lower
L2,none,0.80,0.8000,0.000000,0.000000,0.560012,upper
L2,none,0.80,0.8000,0.000008,0.000522,0.527702,upper
L2,none,0.80,0.8000,0.000034,0.001072,0.491418,upper
L2,none,0.80,0.8000,0.000080,0.001650,0.450217,upper
L2,none,0.80,0.8000,0.000151,0.002259,0.404133,upper
L2,none,0.80,0.8000,0.000249,0.002897,0.352704,upper
L2,none,0.80,0.8000,0.000377,0.003566,0.295657,upper
L2,none,0.80,0.8000,0.000541,0.004266,0.232711,upper
L2,none,0.80,0.8000,0.000745,0.004995,0.163688,upper
L2,none,0.80,0.8000,0.000993,0.005755,0.088512,upper
L2,none,0.80,0.8000,0.001290,0.006543,0.007259,upper
L2,none,0.80,0.8000,0.001641,0.007359,-0.079828,upper
L2,none,0.80,0.8000,0.002052,0.008200,-0.172280,upper
L2,none,0.80,0.8000,0.002527,0.009065,-0.269370,upper
L2,none,0.80,0.8000,0.003073,0.009951,-0.370113,upper
L2,none,0.80,0.8000,0.003694,0.010854,-0.473231,upper
L2,none,0.80,0.8000,0.004395,0.011772,-0.577163,upper
L2,none,0.80,0.8000,0.005182,0.012701,-0.680094,upper
L2,none,0.80,0.8000,0.006058,0.013638,-0.780003,upper
L2,none,0.80,0.8000,0.007029,0.014577,-0.874750,upper
L2,none,0.80,0.8000,0.008099,0.015516,-0.962184,upper
L2,none,0.80,0.8000,0.009271,0.016451,-1.040267,upper
L2,none,0.80,0.8000,0.010549,0.017378,-1.107206,upper
L2,none,0.80,0.8000,0.011936,0.018294,-1.161600,upper
L2,none,0.80,0.8000,0.013436,0.019195,-1.202590,upper
L2,none,0.80,0.8000,0.015052,0.020080,-1.229870,upper
L2,none,0.80,0.8000,0.016786,0.020946,-1.243687,upper
L2,none,0.80,0.8000,0.018643,0.021791,-1.244826,upper
L2,none,0.80,0.8000,0.020625,0.022613,-1.234504,upper
L2,none,0.80,0.8000,0.022735,0.023413,-1.214237,upper
L2,none,0.80,0.8000,0.024979,0.024190,-1.185707,upper
L2,none,0.80,0.8000,0.027358,0.024943,-1.150639,upper
L2,none,0.80,0.8000,0.029878,0.025674,-1.110710,upper
L2,none,0.80,0.8000,0.032543,0.026382,-1.067473,upper
L2,none,0.80,0.8000,0.035358,0.027068,-1.022314,upper
L2,none,0.80,0.8000,0.038327,0.027735,-0.976417,upper
L2,none,0.80,0.8000,0.041456,0.028383,-0.930749,upper
L2,none,0.80,0.8000,0.044751,0.029015,-0.886067,upper
L2,none,0.80,0.8000,0.048218,0.029633,-0.842945,upper
L2,none,0.80,0.8000,0.051862,0.030238,-0.801807,upper
L2,none,0.80,0.8000,0.055691,0.030834,-0.762961,upper
L2,none,0.80,0.8000,0.059711,0.031422,-0.726619,upper
L2,none,0.80,0.8000,0.063928,0.032006,-0.692913,upper
L2,none,0.80,0.8000,0.068352,0.032587,-0.661912,upper
L2,none,0.80,0.8000,0.072988,0.033168,-0.633628,upper
L2,none,0.80,0.8000,0.077844,0.033751,-0.608027,upper
L2,none,0.80,0.8000,0.082928,0.034338,-0.585034,upper
L2,none,0.80,0.8000,0.088248,0.034931,-0.564539,upper
L2,none,0.80,0.8000,0.093813,0.035530,-0.546402,upper
L2,none,0.80,0.8000,0.099629,0.036137,-0.530456,upper
L2,none,0.80,0.8000,0.105705,0.036752,-0.516511,upper
L2,none,0.80,0.8000,0.112049,0.037375,-0.504360,upper
L2,none,0.80,0.8000,0.118669,0.038006,-0.493778,upper
L2,none,0.80,0.8000,0.125573,0.038642,-0.484530,upper
L2,none,0.80,0.8000,0.132769,0.039282,-0.476377,upper
L2,none,0.80,0.8000,0.140263,0.039924,-0.469079,upper
L2,none,0.80,0.8000,0.148065,0.040566,-0.462401,upper
L2,none,0.80,0.8000,0.156179,0.041204,-0.456127,upper
L2,none,0.80,0.8000,0.164613,0.041835,-0.450057,upper
L2,none,0.80,0.8000,0.173373,0.042456,-0.444025,upper
L2,none,0.80,0.8000,0.182464,0.043064,-0.437896,upper
L2,none,0.80,0.8000,0.191890,0.043654,-0.431578,upper
L2,none,0.80,0.8000,0.201657,0.044225,-0.425020,upper
L2,none,0.80,0.8000,0.211767,0.044773,-0.418217,upper
L2,none,0.80,0.8000,0.222222,0.045296,-0.411201,upper
L2,none,0.80,0.8000,0.233025,0.045792,-0.404043,upper
L2,none,0.80,0.8000,0.244175,0.046258,-0.396839,upper
L2,none,0.80,0.8000,0.255672,0.046694,-0.389700,upper
L2,none,0.80,0.8000,0.267515,0.047098,-0.382744,upper
L2,none,0.80,0.8000,0.279701,0.047468,-0.376080,upper
L2,none,0.80,0.8000,0.292227,0.047803,-0.369796,upper
L2,none,0.80,0.8000,0.305086,0.048100,-0.363946,upper
L2,none,0.80,0.8000,0.318273,0.048357,-0.358545,upper
L2,none,0.80,0.8000,0.331780,0.048569,-0.353561,upper
L2,none,0.80,0.8000,0.345598,0.048733,-0.348912,upper
L2,none,0.80,0.8000,0.359716,0.048843,-0.344467,upper
L2,none,0.80,0.8000,0.374124,0.048893,-0.340056,upper
L2,none,0.80,0.8000,0.388807,0.048878,-0.335477,upper
L2,none,0.80,0.8000,0.403751,0.048790,-0.330510,upper
L2,none,0.80,0.8000,0.418939,0.048624,-0.324938,upper
L2,none,0.80,0.8000,0.434356,0.048373,-0.318564,upper
L2,none,0.80,0.8000,0.449981,0.048033,-0.311228,upper
L2,none,0.80,0.8000,0.465797,0.047599,-0.302822,upper
L2,none,0.80,0.8000,0.481780,0.047071,-0.293302,upper
L2,none,0.80,0.8000,0.497911,0.046447,-0.282693,upper
L2,none,0.80,0.8000,0.514166,0.045730,-0.271086,upper
L2,none,0.80,0.8000,0.530524,0.044922,-0.258631,upper
L2,none,0.80,0.8000,0.546959,0.044030,-0.245522,upper
L2,none,0.80,0.8000,0.563448,0.043058,-0.231981,upper
L2,none,0.80,0.8000,0.579967,0.042016,-0.218238,upper
L2,none,0.80,0.8000,0.596493,0.040910,-0.204514,upper
L2,none,0.80,0.8000,0.613000,0.039748,-0.190997,upper
L2,none,0.80,0.8000,0.629465,0.038539,-0.177837,upper
L2,none,0.80,0.8000,0.645864,0.037290,-0.165140,upper
L2,none,0.80,0.8000,0.662174,0.036007,-0.152962,upper
L2,none,0.80,0.8000,0.678372,0.034695,-0.141324,upper
L2,none,0.80,0.8000,0.694435,0.033360,-0.130209,upper
L2,none,0.80,0.8000,0.710341,0.032005,-0.119554,upper
L2,none,0.80,0.8000,0.726071,0.030634,-0.109272,upper
L2,none,0.80,0.8000,0.741604,0.029247,-0.099252,upper
L2,none,0.80,0.8000,0.756920,0.027848,-0.089375,upper
L2,none,0.80,0.8000,0.772003,0.026438,-0.079520,upper
L2,none,0.80,0.8000,0.786835,0.025019,-0.069573,upper
L2,none,0.80,0.8000,0.801401,0.023592,-0.059425,upper
L2,none,0.80,0.8000,0.815688,0.022159,-0.048979,upper
L2,none,0.80,0.8000,0.829682,0.020722,-0.038143,upper
L2,none,0.80,0.8000,0.843373,0.019283,-0.026827,upper
L2,none,0.80,0.8000,0.856750,0.017845,-0.014947,upper
L2,none,0.80,0.8000,0.869805,0.016409,-0.002412,upper
L2,none,0.80,0.8000,0.882530,0.014979,0.010873,upper
L2,none,0.80,0.8000,0.894920,0.013557,0.025012,upper
L2,none,0.80,0.8000,0.906971,0.012147,0.040123,upper
L2,none,0.80,0.8000,0.918679,0.010753,0.056340,upper
L2,none,0.80,0.8000,0.930042,0.009377,0.073824,upper
L2,none,0.80,0.8000,0.941059,0.008025,0.092779,upper
L2,none,0.80,0.8000,0.951731,0.006700,0.113493,upper
L2,none,0.80,0.8000,0.962060,0.005410,0.136423,upper
L2,none,0.80,0.8000,0.972047,0.004158,0.162577,upper
L2,none,0.80,0.8000,0.981697,0.002952,0.193687,upper
L2,none,0.80,0.8000,0.991013,0.001799,0.230007,upper
L2,none,0.80,0.8000,1.000000,0.000705,0.281160,upper
L2,none,0.80,0.8000,0.000000,0.000000,0.560012,lower
L2,none,0.80,0.8000,0.000008,-0.000522,0.590674,lower
L2,none,0.80,0.8000,0.000034,-0.001072,0.620047,lower
L2,none,0.80,0.8000,0.000080,-0.001650,0.647765,lower
L2,none,0.80,0.8000,0.000151,-0.002259,0.673728,lower
L2,none,0.80,0.8000,0.000249,-0.002897,0.697377,lower
L2,none,0.80,0.8000,0.000377,-0.003566,0.718226,lower
L2,none,0.80,0.8000,0.000541,-0.004266,0.735714,lower
L2,none,0.80,0.8000,0.000745,-0.004995,0.749282,lower
L2,none,0.80,0.8000,0.000993,-0.005755,0.758375,lower
L2,none,0.80,0.8000,0.001290,-0.006543,0.762475,lower
L2,none,0.80,0.8000,0.001641,-0.007359,0.761118,lower
L2,none,0.80,0.8000,0.002052,-0.008200,0.753925,lower
L2,none,0.80,0.8000,0.002527,-0.009065,0.740646,lower
L2,none,0.80,0.8000,0.003073,-0.009951,0.721177,lower
L2,none,0.80,0.8000,0.003694,-0.010854,0.695608,lower
L2,none,0.80,0.8000,0.004395,-0.011772,0.664237,lower
L2,none,0.80,0.8000,0.005182,-0.012701,0.627578,lower
L2,none,0.80,0.8000,0.006058,-0.013638,0.586359,lower
L2,none,0.80,0.8000,0.007029,-0.014577,0.541493,lower
L2,none,0.80,0.8000,0.008099,-0.015516,0.494033,lower
L2,none,0.80,0.8000,0.009271,-0.016451,0.445120,lower
L2,none,0.80,0.8000,0.010549,-0.017378,0.395916,lower
L2,none,0.80,0.8000,0.011936,-0.018294,0.347534,lower
L2,none,0.80,0.8000,0.013436,-0.019195,0.300987,lower
L2,none,0.80,0.8000,0.015052,-0.020080,0.257131,lower
L2,none,0.80,0.8000,0.016786,-0.020946,0.216637,lower
L2,none,0.80,0.8000,0.018643,-0.021791,0.179976,lower
L2,none,0.80,0.8000,0.020625,-0.022613,0.147423,lower
L2,none,0.80,0.8000,0.022735,-0.023413,0.119066,lower
L2,none,0.80,0.8000,0.024979,-0.024190,0.094837,lower
L2,none,0.80,0.8000,0.027358,-0.024943,0.074538,lower
L2,none,0.80,0.8000,0.029878,-0.025674,0.057873,lower
L2,none,0.80,0.8000,0.032543,-0.026382,0.044479,lower
L2,none,0.80,0.8000,0.035358,-0.027068,0.033950,lower
L2,none,0.80,0.8000,0.038327,-0.027735,0.025868,lower
L2,none,0.80,0.8000,0.041456,-0.028383,0.019815,lower
L2,none,0.80,0.8000,0.044751,-0.029015,0.015391,lower
L2,none,0.80,0.8000,0.048218,-0.029633,0.012219,lower
L2,none,0.80,0.8000,0.051862,-0.030238,0.009957,lower
L2,none,0.80,0.8000,0.055691,-0.030834,0.008295,lower
L2,none,0.80,0.8000,0.059711,-0.031422,0.006960,lower
L2,none,0.80,0.8000,0.063928,-0.032006,0.005717,lower
L2,none,0.80,0.8000,0.068352,-0.032587,0.004365,lower
L2,none,0.80,0.8000,0.072988,-0.033168,0.002737,lower
L2,none,0.80,0.8000,0.077844,-0.033751,0.000702,lower
L2,none,0.80,0.8000,0.082928,-0.034338,-0.001841,lower
L2,none,0.80,0.8000,0.088248,-0.034931,-0.004961,lower
L2,none,0.80,0.8000,0.093813,-0.035530,-0.008699,lower
L2,none,0.80,0.8000,0.099629,-0.036137,-0.013067,lower
L2,none,0.80,0.8000,0.105705,-0.036752,-0.018049,lower
L2,none,0.80,0.8000,0.112049,-0.037375,-0.023609,lower
L2,none,0.80,0.8000,0.118669,-0.038006,-0.029684,lower
L2,none,0.80,0.8000,0.125573,-0.038642,-0.036193,lower
L2,none,0.80,0.8000,0.132769,-0.039282,-0.043038,lower
L2,none,0.80,0.8000,0.140263,-0.039924,-0.050110,lower
L2,none,0.80,0.8000,0.148065,-0.040566,-0.057292,lower
L2,none,0.80,0.8000,0.156179,-0.041204,-0.064464,lower
L2,none,0.80,0.8000,0.164613,-0.041835,-0.071512,lower
L2,none,0.80,0.8000,0.173373,-0.042456,-0.078332,lower
L2,none,0.80,0.8000,0.182464,-0.043064,-0.084837,lower
L2,none,0.80,0.8000,0.191890,-0.043654,-0.090960,lower
L2,none,0.80,0.8000,0.201657,-0.044225,-0.096662,lower
L2,none,0.80,0.8000,0.211767,-0.044773,-0.101932,lower
L2,none,0.80,0.8000,0.222222,-0.045296,-0.106786,lower
L2,none,0.80,0.8000,0.233025,-0.045792,-0.111268,lower
L2,none,0.80,0.8000,0.244175,-0.046258,-0.115443,lower
L2,none,0.80,0.8000,0.255672,-0.046694,-0.119391,lower
L2,none,0.80,0.8000,0.267515,-0.047098,-0.123201,lower
L2,none,0.80,0.8000,0.279701,-0.047468,-0.126956,lower
L2,none,0.80,0.8000,0.292227,-0.047803,-0.130729,lower
L2,none,0.80,0.8000,0.305086,-0.048100,-0.134570,lower
L2,none,0.80,0.8000,0.318273,-0.048357,-0.138499,lower
L2,none,0.80,0.8000,0.331780,-0.048569,-0.142499,lower
L2,none,0.80,0.8000,0.345598,-0.048733,-0.146513,lower
L2,none,0.80,0.8000,0.359716,-0.048843,-0.150444,lower
L2,none,0.80,0.8000,0.374124,-0.048893,-0.154157,lower
L2,none,0.80,0.8000,0.388807,-0.048878,-0.157490,lower
L2,none,0.80,0.8000,0.403751,-0.048790,-0.160262,lower
L2,none,0.80,0.8000,0.418939,-0.048624,-0.162286,lower
L2,none,0.80,0.8000,0.434356,-0.048373,-0.163390,lower
L2,none,0.80,0.8000,0.449981,-0.048033,-0.163428,lower
L2,none,0.80,0.8000,0.465797,-0.047599,-0.162296,lower
L2,none,0.80,0.8000,0.481780,-0.047071,-0.159941,lower
L2,none,0.80,0.8000,0.497911,-0.046447,-0.156370,lower
L2,none,0.80,0.8000,0.514166,-0.045730,-0.151648,lower
L2,none,0.80,0.8000,0.530524,-0.044922,-0.145894,lower
L2,none,0.80,0.8000,0.546959,-0.044030,-0.139267,lower
L2,none,0.80,0.8000,0.563448,-0.043058,-0.131960,lower
L2,none,0.80,0.8000,0.579967,-0.042016,-0.124175,lower
L2,none,0.80,0.8000,0.596493,-0.040910,-0.116111,lower
L2,none,0.80,0.8000,0.613000,-0.039748,-0.107950,lower
L2,none,0.80,0.8000,0.629465,-0.038539,-0.099842,lower
L2,none,0.80,0.8000,0.645864,-0.037290,-0.091900,lower
L2,none,0.80,0.8000,0.662174,-0.036007,-0.084197,lower
L2,none,0.80,0.8000,0.678372,-0.034695,-0.076762,lower
L2,none,0.80,0.8000,0.694435,-0.033360,-0.069585,lower
L2,none,0.80,0.8000,0.710341,-0.032005,-0.062626,lower
L2,none,0.80,0.8000,0.726071,-0.030634,-0.055816,lower
L2,none,0.80,0.8000,0.741604,-0.029247,-0.049071,lower
L2,none,0.80,0.8000,0.756920,-0.027848,-0.042295,lower
L2,none,0.80,0.8000,0.772003,-0.026438,-0.035391,lower
L2,none,0.80,0.8000,0.786835,-0.025019,-0.028262,lower
L2,none,0.80,0.8000,0.801401,-0.023592,-0.020818,lower
L2,none,0.80,0.8000,0.815688,-0.022159,-0.012972,lower
L2,none,0.80,0.8000,0.829682,-0.020722,-0.004644,lower
L2,none,0.80,0.8000,0.843373,-0.019283,0.004243,lower
L2,none,0.80,0.8000,0.856750,-0.017845,0.013768,lower
L2,none,0.80,0.8000,0.869805,-0.016409,0.024013,lower
L2,none,0.80,0.8000,0.882530,-0.014979,0.035065,lower
L2,none,0.80,0.8000,0.894920,-0.013557,0.047024,lower
L2,none,0.80,0.8000,0.906971,-0.012147,0.059999,lower
L2,none,0.80,0.8000,0.918679,-0.010753,0.074120,lower
L2,none,0.80,0.8000,0.930042,-0.009377,0.089540,lower
L2,none,0.80,0.8000,0.941059,-0.008025,0.106458,lower
L2,none,0.80,0.8000,0.951731,-0.006700,0.125154,lower
L2,none,0.80,0.8000,0.962060,-0.005410,0.146070,lower
L2,none,0.80,0.8000,0.972047,-0.004158,0.170186,lower
L2,none,0.80,0.8000,0.981697,-0.002952,0.199309,lower
L2,none,0.80,0.8000,0.991013,-0.001799,0.234298,lower
L2,none,0.80,0.8000,1.000000,-0.000705,0.283127,lower
L2,none,0.90,0.9000,0.000000,0.000000,0.565107,upper
L2,none,0.90,0.9000,0.000008,0.000522,0.534019,upper
L2,none,0.90,0.9000,0.000034,0.001072,0.499008,upper
L2,none,0.90,0.9000,0.000080,0.001650,0.459144,upper
L2,none,0.90,0.9000,0.000151,0.002259,0.414456,upper
L2,none,0.90,0.9000,0.000249,0.002897,0.364484,upper
L2,none,0.90,0.9000,0.000377,0.003566,0.308953,upper
L2,none,0.90,0.9000,0.000541,0.004266,0.247579,upper
L2,none,0.90,0.9000,0.000745,0.004995,0.180179,upper
L2,none,0.90,0.9000,0.000993,0.005755,0.106673,upper
L2,none,0.90,0.9000,0.001290,0.006543,0.027131,upper
L2,none,0.90,0.9000,0.001641,0.007359,-0.058212,upper
L2,none,0.90,0.9000,0.002052,0.008200,-0.148898,upper
L2,none,0.90,0.9000,0.002527,0.009065,-0.244213,upper
L2,none,0.90,0.9000,0.003073,0.009951,-0.343188,upper
L2,none,0.90,0.9000,0.003694,0.010854,-0.444565,upper
L2,none,0.90,0.9000,0.004395,0.011772,-0.546802,upper
L2,none,0.90,0.9000,0.005182,0.012701,-0.648113,upper
L2,none,0.90,0.9000,0.006058,0.013638,-0.746505,upper
L2,none,0.90,0.9000,0.007029,0.014577,-0.839868,upper
L2,none,0.90,0.9000,0.008099,0.015516,-0.926087,upper
L2,none,0.90,0.9000,0.009271,0.016451,-1.003159,upper
L2,none,0.90,0.9000,0.010549,0.017378,-1.069332,upper
L2,none,0.90,0.9000,0.011936,0.018294,-1.123235,upper
L2,none,0.90,0.9000,0.013436,0.019195,-1.164017,upper
L2,none,0.90,0.9000,0.015052,0.020080,-1.191390,upper
L2,none,0.90,0.9000,0.016786,0.020946,-1.205599,upper
L2,none,0.90,0.9000,0.018643,0.021791,-1.207395,upper
L2,none,0.90,0.9000,0.020625,0.022613,-1.197953,upper
L2,none,0.90,0.9000,0.022735,0.023413,-1.178733,upper
L2,none,0.90,0.9000,0.024979,0.024190,-1.151362,upper
L2,none,0.90,0.9000,0.027358,0.024943,-1.117513,upper
L2,none,0.90,0.9000,0.029878,0.025674,-1.078815,upper
L2,none,0.90,0.9000,0.032543,0.026382,-1.036786,upper
L2,none,0.90,0.9000,0.035358,0.027068,-0.992780,upper
L2,none,0.90,0.9000,0.038327,0.027735,-0.947956,upper
L2,none,0.90,0.9000,0.041456,0.028383,-0.903264,upper
L2,none,0.90,0.9000,0.044751,0.029015,-0.859449,upper
L2,none,0.90,0.9000,0.048218,0.029633,-0.817080,upper
L2,none,0.90,0.9000,0.051862,0.030238,-0.776582,upper
L2,none,0.90,0.9000,0.055691,0.030834,-0.738261,upper
L2,none,0.90,0.9000,0.059710,0.031422,-0.702332,upper
L2,none,0.90,0.9000,0.063928,0.032006,-0.668927,upper
L2,none,0.90,0.9000,0.068352,0.032587,-0.638118,upper
L2,none,0.90,0.9000,0.072988,0.033168,-0.609919,upper
L2,none,0.90,0.9000,0.077844,0.033751,-0.584297,upper
L2,none,0.90,0.9000,0.082928,0.034338,-0.561180,upper
L2,none,0.90,0.9000,0.088248,0.034931,-0.540458,upper
L2,none,0.90,0.9000,0.093813,0.035530,-0.521995,upper
L2,none,0.90,0.9000,0.099629,0.036137,-0.505626,upper
L2,none,0.90,0.9000,0.105705,0.036752,-0.491166,upper
L2,none,0.90,0.9000,0.112049,0.037375,-0.478409,upper
L2,none,0.90,0.9000,0.118669,0.038006,-0.467136,upper
L2,none,0.90,0.9000,0.125573,0.038642,-0.457119,upper
L2,none,0.90,0.9000,0.132769,0.039282,-0.448125,upper
L2,none,0.90,0.9000,0.140263,0.039924,-0.439923,upper
L2,none,0.90,0.9000,0.148065,0.040566,-0.432289,upper
L2,none,0.90,0.9000,0.156179,0.041204,-0.425015,upper
L2,none,0.90,0.9000,0.164613,0.041835,-0.417919,upper
L2,none,0.90,0.9000,0.173373,0.042456,-0.410844,upper
L2,none,0.90,0.9000,0.182464,0.043064,-0.403673,upper
L2,none,0.90,0.9000,0.191890,0.043654,-0.396325,upper
L2,none,0.90,0.9000,0.201657,0.044225,-0.388767,upper
L2,none,0.90,0.9000,0.211767,0.044773,-0.381004,upper
L2,none,0.90,0.9000,0.222222,0.045296,-0.373084,upper
L2,none,0.90,0.9000,0.233025,0.045792,-0.365087,upper
L2,none,0.90,0.9000,0.244175,0.046258,-0.357118,upper
L2,none,0.90,0.9000,0.255672,0.046694,-0.349298,upper
L2,none,0.90,0.9000,0.267515,0.047098,-0.341750,upper
L2,none,0.90,0.9000,0.279701,0.047468,-0.334587,upper
L2,none,0.90,0.9000,0.292227,0.047803,-0.327901,upper
L2,none,0.90,0.9000,0.305086,0.048100,-0.321751,upper
L2,none,0.90,0.9000,0.318273,0.048357,-0.316155,upper
L2,none,0.90,0.9000,0.331780,0.048569,-0.311082,upper
L2,none,0.90,0.9000,0.345598,0.048733,-0.306454,upper
L2,none,0.90,0.9000,0.359717,0.048843,-0.302143,upper
L2,none,0.90,0.9000,0.374124,0.048893,-0.297980,upper
L2,none,0.90,0.9000,0.388807,0.048878,-0.293766,upper
L2,none,0.90,0.9000,0.403751,0.048790,-0.289282,upper
L2,none,0.90,0.9000,0.418939,0.048624,-0.284311,upper
L2,none,0.90,0.9000,0.434356,0.048373,-0.278653,upper
L2,none,0.90,0.9000,0.449981,0.048033,-0.272144,upper
L2,none,0.90,0.9000,0.465797,0.047599,-0.264673,upper
L2,none,0.90,0.9000,0.481780,0.047071,-0.256187,upper
L2,none,0.90,0.9000,0.497911,0.046447,-0.246704,upper
L2,none,0.90,0.9000,0.514167,0.045730,-0.236307,upper
L2,none,0.90,0.9000,0.530524,0.044922,-0.225136,upper
L2,none,0.90,0.9000,0.546959,0.044030,-0.213377,upper
L2,none,0.90,0.9000,0.563448,0.043058,-0.201243,upper
L2,none,0.90,0.9000,0.579967,0.042016,-0.188952,upper
L2,none,0.90,0.9000,0.596493,0.040910,-0.176714,upper
L2,none,0.90,0.9000,0.613000,0.039748,-0.164706,upper
L2,none,0.90,0.9000,0.629465,0.038539,-0.153071,upper
L2,none,0.90,0.9000,0.645864,0.037290,-0.141917,upper
L2,none,0.90,0.9000,0.662174,0.036007,-0.131307,upper
L2,none,0.90,0.9000,0.678372,0.034695,-0.121254,upper
L2,none,0.90,0.9000,0.694435,0.033360,-0.111731,upper
L2,none,0.90,0.9000,0.710342,0.032005,-0.102669,upper
L2,none,0.90,0.9000,0.726071,0.030634,-0.093971,upper
L2,none,0.90,0.9000,0.741604,0.029247,-0.085524,upper
L2,none,0.90,0.9000,0.756920,0.027848,-0.077206,upper
L2,none,0.90,0.9000,0.772003,0.026438,-0.068893,upper
L2,none,0.90,0.9000,0.786835,0.025019,-0.060465,upper
L2,none,0.90,0.9000,0.801401,0.023592,-0.051813,upper
L2,none,0.90,0.9000,0.815688,0.022159,-0.042830,upper
L2,none,0.90,0.9000,0.829682,0.020722,-0.033421,upper
L2,none,0.90,0.9000,0.843373,0.019283,-0.023494,upper
L2,none,0.90,0.9000,0.856750,0.017845,-0.012955,upper
L2,none,0.90,0.9000,0.869805,0.016409,-0.001709,upper
L2,none,0.90,0.9000,0.882530,0.014979,0.010345,upper
L2,none,0.90,0.9000,0.894920,0.013557,0.023319,upper
L2,none,0.90,0.9000,0.906971,0.012147,0.037338,upper
L2,none,0.90,0.9000,0.918679,0.010753,0.052542,upper
L2,none,0.90,0.9000,0.930042,0.009377,0.069099,upper
L2,none,0.90,0.9000,0.941059,0.008025,0.087219,upper
L2,none,0.90,0.9000,0.951731,0.006700,0.107196,upper
L2,none,0.90,0.9000,0.962060,0.005410,0.129490,upper
L2,none,0.90,0.9000,0.972047,0.004158,0.155106,upper
L2,none,0.90,0.9000,0.981697,0.002952,0.185815,upper
L2,none,0.90,0.9000,0.991012,0.001799,0.222058,upper
L2,none,0.90,0.9000,1.000000,0.000705,0.273168,upper
L2,none,0.90,0.9000,0.000000,0.000000,0.565107,lower
L2,none,0.90,0.9000,0.000008,-0.000522,0.594539,lower
L2,none,0.90,0.9000,0.000034,-0.001072,0.622626,lower
L2,none,0.90,0.9000,0.000080,-0.001650,0.648990,lower
L2,none,0.90,0.9000,0.000151,-0.002259,0.673532,lower
L2,none,0.90,0.9000,0.000249,-0.002897,0.695694,lower
L2,none,0.90,0.9000,0.000377,-0.003566,0.714991,lower
L2,none,0.90,0.9000,0.000541,-0.004266,0.730864,lower
L2,none,0.90,0.9000,0.000745,-0.004995,0.742761,lower
L2,none,0.90,0.9000,0.000993,-0.005755,0.750134,lower
L2,none,0.90,0.9000,0.001290,-0.006543,0.752472,lower
L2,none,0.90,0.9000,0.001641,-0.007359,0.749322,lower
L2,none,0.90,0.9000,0.002052,-0.008200,0.740316,lower
L2,none,0.90,0.9000,0.002527,-0.009065,0.725218,lower
L2,none,0.90,0.9000,0.003073,-0.009951,0.703943,lower
L2,none,0.90,0.9000,0.003694,-0.010854,0.676598,lower
L2,none,0.90,0.9000,0.004395,-0.011772,0.643501,lower
L2,none,0.90,0.9000,0.005182,-0.012701,0.605188,lower
L2,none,0.90,0.9000,0.006058,-0.013638,0.562409,lower
L2,none,0.90,0.9000,0.007029,-0.014577,0.516093,lower
L2,none,0.90,0.9000,0.008099,-0.015516,0.467311,lower
L2,none,0.90,0.9000,0.009271,-0.016451,0.417217,lower
L2,none,0.90,0.9000,0.010549,-0.017378,0.366981,lower
L2,none,0.90,0.9000,0.011936,-0.018294,0.317724,lower
L2,none,0.90,0.9000,0.013436,-0.019195,0.270456,lower
L2,none,0.90,0.9000,0.015052,-0.020080,0.226030,lower
L2,none,0.90,0.9000,0.016786,-0.020946,0.185110,lower
L2,none,0.90,0.9000,0.018643,-0.021791,0.148156,lower
L2,none,0.90,0.9000,0.020625,-0.022613,0.115427,lower
L2,none,0.90,0.9000,0.022735,-0.023413,0.086998,lower
L2,none,0.90,0.9000,0.024979,-0.024190,0.062784,lower
L2,none,0.90,0.9000,0.027358,-0.024943,0.042571,lower
L2,none,0.90,0.9000,0.029878,-0.025674,0.026048,lower
L2,none,0.90,0.9000,0.032543,-0.026382,0.012836,lower
L2,none,0.90,0.9000,0.035358,-0.027068,0.002517,lower
L2,none,0.90,0.9000,0.038327,-0.027735,-0.005338,lower
L2,none,0.90,0.9000,0.041456,-0.028383,-0.011159,lower
L2,none,0.90,0.9000,0.044751,-0.029015,-0.015352,lower
L2,none,0.90,0.9000,0.048218,-0.029633,-0.018300,lower
L2,none,0.90,0.9000,0.051862,-0.030238,-0.020350,lower
L2,none,0.90,0.9000,0.055691,-0.030834,-0.021817,lower
L2,none,0.90,0.9000,0.059710,-0.031422,-0.022971,lower
L2,none,0.90,0.9000,0.063928,-0.032006,-0.024052,lower
L2,none,0.90,0.9000,0.068352,-0.032587,-0.025259,lower
L2,none,0.90,0.9000,0.072988,-0.033168,-0.026755,lower
L2,none,0.90,0.9000,0.077844,-0.033751,-0.028671,lower
L2,none,0.90,0.9000,0.082928,-0.034338,-0.031103,lower
L2,none,0.90,0.9000,0.088248,-0.034931,-0.034116,lower
L2,none,0.90,0.9000,0.093813,-0.035530,-0.037745,lower
L2,none,0.90,0.9000,0.099629,-0.036137,-0.041996,lower
L2,none,0.90,0.9000,0.105705,-0.036752,-0.046848,lower
L2,none,0.90,0.9000,0.112049,-0.037375,-0.052254,lower
L2,none,0.90,0.9000,0.118669,-0.038006,-0.058144,lower
L2,none,0.90,0.9000,0.125573,-0.038642,-0.064427,lower
L2,none,0.90,0.9000,0.132769,-0.039282,-0.070999,lower
L2,none,0.90,0.9000,0.140263,-0.039924,-0.077740,lower
L2,none,0.90,0.9000,0.148065,-0.040566,-0.084524,lower
L2,none,0.90,0.9000,0.156179,-0.041204,-0.091223,lower
L2,none,0.90,0.9000,0.164613,-0.041835,-0.097718,lower
L2,none,0.90,0.9000,0.173373,-0.042456,-0.103896,lower
L2,none,0.90,0.9000,0.182464,-0.043064,-0.109667,lower
L2,none,0.90,0.9000,0.191890,-0.043654,-0.114961,lower
L2,none,0.90,0.9000,0.201657,-0.044225,-0.119739,lower
L2,none,0.90,0.9000,0.211767,-0.044773,-0.123990,lower
L2,none,0.90,0.9000,0.222222,-0.045296,-0.127734,lower
L2,none,0.90,0.9000,0.233025,-0.045792,-0.131022,lower
L2,none,0.90,0.9000,0.244175,-0.046258,-0.133923,lower
L2,none,0.90,0.9000,0.255672,-0.046694,-0.136527,lower
L2,none,0.90,0.9000,0.267515,-0.047098,-0.138932,lower
L2,none,0.90,0.9000,0.279701,-0.047468,-0.141233,lower
L2,none,0.90,0.9000,0.292227,-0.047803,-0.143513,lower
L2,none,0.90,0.9000,0.305086,-0.048100,-0.145834,lower
L2,none,0.90,0.9000,0.318273,-0.048357,-0.148230,lower
L2,none,0.90,0.9000,0.331780,-0.048569,-0.150696,lower
L2,none,0.90,0.9000,0.345598,-0.048733,-0.153190,lower
L2,none,0.90,0.9000,0.359717,-0.048843,-0.155629,lower
L2,none,0.90,0.9000,0.374124,-0.048893,-0.157895,lower
L2,none,0.90,0.9000,0.388807,-0.048878,-0.159840,lower
L2,none,0.90,0.9000,0.403751,-0.048790,-0.161297,lower
L2,none,0.90,0.9000,0.418939,-0.048624,-0.162096,lower
L2,none,0.90,0.9000,0.434356,-0.048373,-0.162076,lower
L2,none,0.90,0.9000,0.449981,-0.048033,-0.161103,lower
L2,none,0.90,0.9000,0.465797,-0.047599,-0.159081,lower
L2,none,0.90,0.9000,0.481780,-0.047071,-0.155962,lower
L2,none,0.90,0.9000,0.497911,-0.046447,-0.151757,lower
L2,none,0.90,0.9000,0.514167,-0.045730,-0.146529,lower
L2,none,0.90,0.9000,0.530524,-0.044922,-0.140393,lower
L2,none,0.90,0.9000,0.546959,-0.044030,-0.133506,lower
L2,none,0.90,0.9000,0.563448,-0.043058,-0.126050,lower
L2,none,0.90,0.9000,0.579967,-0.042016,-0.118222,lower
L2,none,0.90,0.9000,0.596493,-0.040910,-0.110210,lower
L2,none,0.90,0.9000,0.613000,-0.039748,-0.102189,lower
L2,none,0.90,0.9000,0.629465,-0.038539,-0.094299,lower
L2,none,0.90,0.9000,0.645864,-0.037290,-0.086646,lower
L2,none,0.90,0.9000,0.662174,-0.036007,-0.079296,lower
L2,none,0.90,0.9000,0.678372,-0.034695,-0.072272,lower
L2,none,0.90,0.9000,0.694435,-0.033360,-0.065560,lower
L2,none,0.90,0.9000,0.710342,-0.032005,-0.059111,lower
L2,none,0.90,0.9000,0.726071,-0.030634,-0.052855,lower
L2,none,0.90,0.9000,0.741604,-0.029247,-0.046702,lower
L2,none,0.90,0.9000,0.756920,-0.027848,-0.040552,lower
L2,none,0.90,0.9000,0.772003,-0.026438,-0.034302,lower
L2,none,0.90,0.9000,0.786835,-0.025019,-0.027852,lower
L2,none,0.90,0.9000,0.801401,-0.023592,-0.021104,lower
L2,none,0.90,0.9000,0.815688,-0.022159,-0.013968,lower
L2,none,0.90,0.9000,0.829682,-0.020722,-0.006357,lower
L2,none,0.90,0.9000,0.843373,-0.019283,0.001812,lower
L2,none,0.90,0.9000,0.856750,-0.017845,0.010623,lower
L2,none,0.90,0.9000,0.869805,-0.016409,0.020166,lower
L2,none,0.90,0.9000,0.882530,-0.014979,0.030534,lower
L2,none,0.90,0.9000,0.894920,-0.013557,0.041834,lower
L2,none,0.90,0.9000,0.906971,-0.012147,0.054183,lower
L2,none,0.90,0.9000,0.918679,-0.010753,0.067716,lower
L2,none,0.90,0.9000,0.930042,-0.009377,0.082597,lower
L2,none,0.90,0.9000,0.941059,-0.008025,0.099031,lower
L2,none,0.90,0.9000,0.951731,-0.006700,0.117310,lower
L2,none,0.90,0.9000,0.962060,-0.005410,0.137889,lower
L2,none,0.90,0.9000,0.972047,-0.004158,0.161770,lower
L2,none,0.90,0.9000,0.981697,-0.002952,0.190782,lower
L2,none,0.90,0.9000,0.991012,-0.001799,0.225743,lower
L2,none,0.90,0.9000,1.000000,-0.000705,0.274964,lower
L2,none,0.96,0.9600,0.000000,0.000000,0.563319,upper
L2,none,0.96,0.9600,0.000008,0.000522,0.534643,upper
L2,none,0.96,0.9600,0.000034,0.001072,0.502143,upper
L2,none,0.96,0.9600,0.000080,0.001650,0.464918,upper
L2,none,0.96,0.9600,0.000151,0.002259,0.422991,upper
L2,none,0.96,0.9600,0.000249,0.002897,0.375901,upper
L2,none,0.96,0.9600,0.000377,0.003566,0.323371,upper
L2,none,0.96,0.9600,0.000541,0.004266,0.265108,upper
L2,none,0.96,0.9600,0.000745,0.004995,0.200926,upper
L2,none,0.96,0.9600,0.000993,0.005755,0.130732,upper
L2,none,0.96,0.9600,0.001290,0.006543,0.054582,upper
L2,none,0.96,0.9600,0.001641,0.007359,-0.027303,upper
L2,none,0.96,0.9600,0.002052,0.008200,-0.114488,upper
L2,none,0.96,0.9600,0.002527,0.009065,-0.206285,upper
L2,none,0.96,0.9600,0.003073,0.009951,-0.301754,upper
L2,none,0.96,0.9600,0.003694,0.010854,-0.399673,upper
L2,none,0.96,0.9600,0.004395,0.011772,-0.498545,upper
L2,none,0.96,0.9600,0.005182,0.012701,-0.596628,upper
L2,none,0.96,0.9600,0.006058,0.013638,-0.691981,upper
L2,none,0.96,0.9600,0.007029,0.014577,-0.782550,upper
L2,none,0.96,0.9600,0.008099,0.015516,-0.866276,upper
L2,none,0.96,0.9600,0.009271,0.016451,-0.941219,upper
L2,none,0.96,0.9600,0.010549,0.017378,-1.005687,upper
L2,none,0.96,0.9600,0.011936,0.018294,-1.058359,upper
L2,none,0.96,0.9600,0.013436,0.019195,-1.098402,upper
L2,none,0.96,0.9600,0.015052,0.020080,-1.125547,upper
L2,none,0.96,0.9600,0.016786,0.020946,-1.140026,upper
L2,none,0.96,0.9600,0.018643,0.021791,-1.142533,upper
L2,none,0.96,0.9600,0.020625,0.022613,-1.134161,upper
L2,none,0.96,0.9600,0.022735,0.023413,-1.116275,upper
L2,none,0.96,0.9600,0.024979,0.024190,-1.090401,upper
L2,none,0.96,0.9600,0.027358,0.024943,-1.058117,upper
L2,none,0.96,0.9600,0.029878,0.025674,-1.020971,upper
L2,none,0.96,0.9600,0.032543,0.026382,-0.980409,upper
L2,none,0.96,0.9600,0.035358,0.027068,-0.937730,upper
L2,none,0.96,0.9600,0.038327,0.027735,-0.894043,upper
L2,none,0.96,0.9600,0.041456,0.028383,-0.850264,upper
L2,none,0.96,0.9600,0.044751,0.029015,-0.807114,upper
L2,none,0.96,0.9600,0.048218,0.029633,-0.765150,upper
L2,none,0.96,0.9600,0.051862,0.030238,-0.724793,upper
L2,none,0.96,0.9600,0.055691,0.030834,-0.686349,upper
L2,none,0.96,0.9600,0.059710,0.031422,-0.650040,upper
L2,none,0.96,0.9600,0.063928,0.032006,-0.616010,upper
L2,none,0.96,0.9600,0.068352,0.032587,-0.584344,upper
L2,none,0.96,0.9600,0.072988,0.033168,-0.555074,upper
L2,none,0.96,0.9600,0.077844,0.033751,-0.528190,upper
L2,none,0.96,0.9600,0.082928,0.034338,-0.503648,upper
L2,none,0.96,0.9600,0.088249,0.034931,-0.481374,upper
L2,none,0.96,0.9600,0.093813,0.035530,-0.461266,upper
L2,none,0.96,0.9600,0.099629,0.036137,-0.443205,upper
L2,none,0.96,0.9600,0.105705,0.036752,-0.427048,upper
L2,none,0.96,0.9600,0.112049,0.037375,-0.412640,upper
L2,none,0.96,0.9600,0.118669,0.038006,-0.399810,upper
L2,none,0.96,0.9600,0.125573,0.038642,-0.388375,upper
L2,none,0.96,0.9600,0.132769,0.039282,-0.378145,upper
L2,none,0.96,0.9600,0.140263,0.039924,-0.368925,upper
L2,none,0.96,0.9600,0.148065,0.040566,-0.360520,upper
L2,none,0.96,0.9600,0.156179,0.041204,-0.352742,upper
L2,none,0.96,0.9600,0.164613,0.041835,-0.345418,upper
L2,none,0.96,0.9600,0.173373,0.042456,-0.338395,upper
L2,none,0.96,0.9600,0.182464,0.043064,-0.331546,upper
L2,none,0.96,0.9600,0.191890,0.043654,-0.324779,upper
L2,none,0.96,0.9600,0.201657,0.044225,-0.318039,upper
L2,none,0.96,0.9600,0.211767,0.044773,-0.311308,upper
L2,none,0.96,0.9600,0.222222,0.045296,-0.304605,upper
L2,none,0.96,0.9600,0.233025,0.045792,-0.297983,upper
L2,none,0.96,0.9600,0.244175,0.046258,-0.291521,upper
L2,none,0.96,0.9600,0.255672,0.046694,-0.285317,upper
L2,none,0.96,0.9600,0.267515,0.047098,-0.279471,upper
L2,none,0.96,0.9600,0.279701,0.047468,-0.274080,upper
L2,none,0.96,0.9600,0.292227,0.047803,-0.269219,upper
L2,none,0.96,0.9600,0.305086,0.048100,-0.264931,upper
L2,none,0.96,0.9600,0.318273,0.048357,-0.261226,upper
L2,none,0.96,0.9600,0.331780,0.048569,-0.258065,upper
L2,none,0.96,0.9600,0.345598,0.048733,-0.255363,upper
L2,none,0.96,0.9600,0.359717,0.048843,-0.252993,upper
L2,none,0.96,0.9600,0.374124,0.048893,-0.250788,upper
L2,none,0.96,0.9600,0.388807,0.048878,-0.248552,upper
L2,none,0.96,0.9600,0.403751,0.048790,-0.246075,upper
L2,none,0.96,0.9600,0.418939,0.048624,-0.243149,upper
L2,none,0.96,0.9600,0.434356,0.048373,-0.239586,upper
L2,none,0.96,0.9600,0.449981,0.048033,-0.235232,upper
L2,none,0.96,0.9600,0.465797,0.047599,-0.229987,upper
L2,none,0.96,0.9600,0.481780,0.047071,-0.223807,upper
L2,none,0.96,0.9600,0.497911,0.046447,-0.216711,upper
L2,none,0.96,0.9600,0.514167,0.045730,-0.208782,upper
L2,none,0.96,0.9600,0.530523,0.044922,-0.200152,upper
L2,none,0.96,0.9600,0.546959,0.044030,-0.190990,upper
L2,none,0.96,0.9600,0.563448,0.043058,-0.181487,upper
L2,none,0.96,0.9600,0.579967,0.042016,-0.171841,upper
L2,none,0.96,0.9600,0.596493,0.040910,-0.162236,upper
L2,none,0.96,0.9600,0.613000,0.039748,-0.152843,upper
L2,none,0.96,0.9600,0.629465,0.038539,-0.143797,upper
L2,none,0.96,0.9600,0.645864,0.037290,-0.135194,upper
L2,none,0.96,0.9600,0.662174,0.036007,-0.127082,upper
L2,none,0.96,0.9600,0.678372,0.034695,-0.119465,upper
L2,none,0.96,0.9600,0.694435,0.033360,-0.112306,upper
L2,none,0.96,0.9600,0.710341,0.032005,-0.105538,upper
L2,none,0.96,0.9600,0.726071,0.030634,-0.099073,upper
L2,none,0.96,0.9600,0.741604,0.029247,-0.092806,upper
L2,none,0.96,0.9600,0.756920,0.027848,-0.086628,upper
L2,none,0.96,0.9600,0.772003,0.026438,-0.080429,upper
L2,none,0.96,0.9600,0.786835,0.025019,-0.074104,upper
L2,none,0.96,0.9600,0.801401,0.023592,-0.067551,upper
L2,none,0.96,0.9600,0.815688,0.022159,-0.060678,upper
L2,none,0.96,0.9600,0.829682,0.020722,-0.053396,upper
L2,none,0.96,0.9600,0.843373,0.019283,-0.045617,upper
L2,none,0.96,0.9600,0.856750,0.017845,-0.037250,upper
L2,none,0.96,0.9600,0.869805,0.016409,-0.028198,upper
L2,none,0.96,0.9600,0.882530,0.014979,-0.018348,upper
L2,none,0.96,0.9600,0.894920,0.013557,-0.007575,upper
L2,none,0.96,0.9600,0.906971,0.012147,0.004266,upper
L2,none,0.96,0.9600,0.918679,0.010753,0.017351,upper
L2,none,0.96,0.9600,0.930042,0.009377,0.031891,upper
L2,none,0.96,0.9600,0.941059,0.008025,0.048153,upper
L2,none,0.96,0.9600,0.951731,0.006700,0.066508,upper
L2,none,0.96,0.9600,0.962060,0.005410,0.087515,upper
L2,none,0.96,0.9600,0.972047,0.004158,0.112303,upper
L2,none,0.96,0.9600,0.981697,0.002952,0.142818,upper
L2,none,0.96,0.9600,0.991012,0.001799,0.179308,upper
L2,none,0.96,0.9600,1.000000,0.000705,0.233137,upper
L2,none,0.96,0.9600,0.000000,0.000000,0.563319,lower
L2,none,0.96,0.9600,0.000008,-0.000522,0.590327,lower
L2,none,0.96,0.9600,0.000034,-0.001072,0.615879,lower
L2,none,0.96,0.9600,0.000080,-0.001650,0.639578,lower
L2,none,0.96,0.9600,0.000151,-0.002259,0.661322,lower
L2,none,0.96,0.9600,0.000249,-0.002897,0.680557,lower
L2,none,0.96,0.9600,0.000377,-0.003566,0.696801,lower
L2,none,0.96,0.9600,0.000541,-0.004266,0.709502,lower
L2,none,0.96,0.9600,0.000745,-0.004995,0.718118,lower
L2,none,0.96,0.9600,0.000993,-0.005755,0.722112,lower
L2,none,0.96,0.9600,0.001290,-0.006543,0.720994,lower
L2,none,0.96,0.9600,0.001641,-0.007359,0.714326,lower
L2,none,0.96,0.9600,0.002052,-0.008200,0.701762,lower
L2,none,0.96,0.9600,0.002527,-0.009065,0.683094,lower
L2,none,0.96,0.9600,0.003073,-0.009951,0.658269,lower
L2,none,0.96,0.9600,0.003694,-0.010854,0.627431,lower
L2,none,0.96,0.9600,0.004395,-0.011772,0.590938,lower
L2,none,0.96,0.9600,0.005182,-0.012701,0.549365,lower
L2,none,0.96,0.9600,0.006058,-0.013638,0.503500,lower
L2,none,0.96,0.9600,0.007029,-0.014577,0.454310,lower
L2,none,0.96,0.9600,0.008099,-0.015516,0.402897,lower
L2,none,0.96,0.9600,0.009271,-0.016451,0.350441,lower
L2,none,0.96,0.9600,0.010549,-0.017378,0.298131,lower
L2,none,0.96,0.9600,0.011936,-0.018294,0.247102,lower
L2,none,0.96,0.9600,0.013436,-0.019195,0.198366,lower
L2,none,0.96,0.9600,0.015052,-0.020080,0.152770,lower
L2,none,0.96,0.9600,0.016786,-0.020946,0.110966,lower
L2,none,0.96,0.9600,0.018643,-0.021791,0.073394,lower
L2,none,0.96,0.9600,0.020625,-0.022613,0.040288,lower
L2,none,0.96,0.9600,0.022735,-0.023413,0.011697,lower
L2,none,0.96,0.9600,0.024979,-0.024190,-0.012492,lower
L2,none,0.96,0.9600,0.027358,-0.024943,-0.032521,lower
L2,none,0.96,0.9600,0.029878,-0.025674,-0.048727,lower
L2,none,0.96,0.9600,0.032543,-0.026382,-0.061511,lower
L2,none,0.96,0.9600,0.035358,-0.027068,-0.071311,lower
L2,none,0.96,0.9600,0.038327,-0.027735,-0.078571,lower
L2,none,0.96,0.9600,0.041456,-0.028383,-0.083730,lower
L2,none,0.96,0.9600,0.044751,-0.029015,-0.087203,lower
L2,none,0.96,0.9600,0.048218,-0.029633,-0.089370,lower
L2,none,0.96,0.9600,0.051862,-0.030238,-0.090577,lower
L2,none,0.96,0.9600,0.055691,-0.030834,-0.091129,lower
L2,none,0.96,0.9600,0.059710,-0.031422,-0.091289,lower
L2,none,0.96,0.9600,0.063928,-0.032006,-0.091280,lower
L2,none,0.96,0.9600,0.068352,-0.032587,-0.091285,lower
L2,none,0.96,0.9600,0.072988,-0.033168,-0.091452,lower
L2,none,0.96,0.9600,0.077844,-0.033751,-0.091892,lower
L2,none,0.96,0.9600,0.082928,-0.034338,-0.092685,lower
L2,none,0.96,0.9600,0.088249,-0.034931,-0.093877,lower
L2,none,0.96,0.9600,0.093813,-0.035530,-0.095491,lower
L2,none,0.96,0.9600,0.099629,-0.036137,-0.097524,lower
L2,none,0.96,0.9600,0.105705,-0.036752,-0.099948,lower
L2,none,0.96,0.9600,0.112049,-0.037375,-0.102719,lower
L2,none,0.96,0.9600,0.118669,-0.038006,-0.105776,lower
L2,none,0.96,0.9600,0.125573,-0.038642,-0.109046,lower
L2,none,0.96,0.9600,0.132769,-0.039282,-0.112445,lower
L2,none,0.96,0.9600,0.140263,-0.039924,-0.115883,lower
L2,none,0.96,0.9600,0.148065,-0.040566,-0.119269,lower
L2,none,0.96,0.9600,0.156179,-0.041204,-0.122513,lower
L2,none,0.96,0.9600,0.164613,-0.041835,-0.125531,lower
L2,none,0.96,0.9600,0.173373,-0.042456,-0.128252,lower
L2,none,0.96,0.9600,0.182464,-0.043064,-0.130617,lower
L2,none,0.96,0.9600,0.191890,-0.043654,-0.132593,lower
L2,none,0.96,0.9600,0.201657,-0.044225,-0.134163,lower
L2,none,0.96,0.9600,0.211767,-0.044773,-0.135341,lower
L2,none,0.96,0.9600,0.222222,-0.045296,-0.136161,lower
L2,none,0.96,0.9600,0.233025,-0.045792,-0.136685,lower
L2,none,0.96,0.9600,0.244175,-0.046258,-0.136989,lower
L2,none,0.96,0.9600,0.255672,-0.046694,-0.137163,lower
L2,none,0.96,0.9600,0.267515,-0.047098,-0.137302,lower
L2,none,0.96,0.9600,0.279701,-0.047468,-0.137496,lower
L2,none,0.96,0.9600,0.292227,-0.047803,-0.137822,lower
L2,none,0.96,0.9600,0.305086,-0.048100,-0.138335,lower
L2,none,0.96,0.9600,0.318273,-0.048357,-0.139060,lower
L2,none,0.96,0.9600,0.331780,-0.048569,-0.139987,lower
L2,none,0.96,0.9600,0.345598,-0.048733,-0.141070,lower
L2,none,0.96,0.9600,0.359717,-0.048843,-0.142225,lower
L2,none,0.96,0.9600,0.374124,-0.048893,-0.143334,lower
L2,none,0.96,0.9600,0.388807,-0.048878,-0.144255,lower
L2,none,0.96,0.9600,0.403751,-0.048790,-0.144827,lower
L2,none,0.96,0.9600,0.418939,-0.048624,-0.144890,lower
L2,none,0.96,0.9600,0.434356,-0.048373,-0.144293,lower
L2,none,0.96,0.9600,0.449981,-0.048033,-0.142910,lower
L2,none,0.96,0.9600,0.465797,-0.047599,-0.140652,lower
L2,none,0.96,0.9600,0.481780,-0.047071,-0.137478,lower
L2,none,0.96,0.9600,0.497911,-0.046447,-0.133397,lower
L2,none,0.96,0.9600,0.514167,-0.045730,-0.128472,lower
L2,none,0.96,0.9600,0.530523,-0.044922,-0.122808,lower
L2,none,0.96,0.9600,0.546959,-0.044030,-0.116550,lower
L2,none,0.96,0.9600,0.563448,-0.043058,-0.109866,lower
L2,none,0.96,0.9600,0.579967,-0.042016,-0.102933,lower
L2,none,0.96,0.9600,0.596493,-0.040910,-0.095922,lower
L2,none,0.96,0.9600,0.613000,-0.039748,-0.088986,lower
L2,none,0.96,0.9600,0.629465,-0.038539,-0.082250,lower
L2,none,0.96,0.9600,0.645864,-0.037290,-0.075805,lower
L2,none,0.96,0.9600,0.662174,-0.036007,-0.069702,lower
L2,none,0.96,0.9600,0.678372,-0.034695,-0.063955,lower
L2,none,0.96,0.9600,0.694435,-0.033360,-0.058540,lower
L2,none,0.96,0.9600,0.710341,-0.032005,-0.053408,lower
L2,none,0.96,0.9600,0.726071,-0.030634,-0.048484,lower
L2,none,0.96,0.9600,0.741604,-0.029247,-0.043680,lower
L2,none,0.96,0.9600,0.756920,-0.027848,-0.038899,lower
L2,none,0.96,0.9600,0.772003,-0.026438,-0.034044,lower
L2,none,0.96,0.9600,0.786835,-0.025019,-0.029019,lower
L2,none,0.96,0.9600,0.801401,-0.023592,-0.023733,lower
L2,none,0.96,0.9600,0.815688,-0.022159,-0.018103,lower
L2,none,0.96,0.9600,0.829682,-0.020722,-0.012047,lower
L2,none,0.96,0.9600,0.843373,-0.019283,-0.005487,lower
L2,none,0.96,0.9600,0.856750,-0.017845,0.001657,lower
L2,none,0.96,0.9600,0.869805,-0.016409,0.009470,lower
L2,none,0.96,0.9600,0.882530,-0.014979,0.018047,lower
L2,none,0.96,0.9600,0.894920,-0.013557,0.027491,lower
L2,none,0.96,0.9600,0.906971,-0.012147,0.037922,lower
L2,none,0.96,0.9600,0.918679,-0.010753,0.049479,lower
L2,none,0.96,0.9600,0.930042,-0.009377,0.062325,lower
L2,none,0.96,0.9600,0.941059,-0.008025,0.076672,lower
L2,none,0.96,0.9600,0.951731,-0.006700,0.092814,lower
L2,none,0.96,0.9600,0.962060,-0.005410,0.111202,lower
L2,none,0.96,0.9600,0.972047,-0.004158,0.132827,lower
L2,none,0.96,0.9600,0.981697,-0.002952,0.159488,lower
L2,none,0.96,0.9600,0.991012,-0.001799,0.192154,lower
L2,none,0.96,0.9600,1.000000,-0.000705,0.238688,lower
L2,none,0.99,0.9900,0.000000,0.000000,0.469536,upper
L2,none,0.99,0.9900,0.000008,0.000522,0.444489,upper
L2,none,0.99,0.9900,0.000034,0.001072,0.415830,upper
L2,none,0.99,0.9900,0.000080,0.001650,0.382727,upper
L2,none,0.99,0.9900,0.000151,0.002259,0.345200,upper
L2,none,0.99,0.9900,0.000249,0.002897,0.302812,upper
L2,none,0.99,0.9900,0.000377,0.003566,0.255294,upper
L2,none,0.99,0.9900,0.000541,0.004266,0.202382,upper
L2,none,0.99,0.9900,0.000745,0.004995,0.143901,upper
L2,none,0.99,0.9900,0.000993,0.005755,0.079807,upper
L2,none,0.99,0.9900,0.001290,0.006543,0.010172,upper
L2,none,0.99,0.9900,0.001641,0.007359,-0.064805,upper
L2,none,0.99,0.9900,0.002052,0.008200,-0.144678,upper
L2,none,0.99,0.9900,0.002527,0.009065,-0.228778,upper
L2,none,0.99,0.9900,0.003073,0.009951,-0.316201,upper
L2,none,0.99,0.9900,0.003694,0.010854,-0.405792,upper
L2,none,0.99,0.9900,0.004395,0.011772,-0.496156,upper
L2,none,0.99,0.9900,0.005182,0.012701,-0.585675,upper
L2,none,0.99,0.9900,0.006058,0.013638,-0.672497,upper
L2,none,0.99,0.9900,0.007029,0.014577,-0.754262,upper
L2,none,0.99,0.9900,0.008099,0.015516,-0.828524,upper
L2,none,0.99,0.9900,0.009271,0.016451,-0.893423,upper
L2,none,0.99,0.9900,0.010549,0.017378,-0.947554,upper
L2,none,0.99,0.9900,0.011936,0.018294,-0.989948,upper
L2,none,0.99,0.9900,0.013436,0.019195,-1.020087,upper
L2,none,0.99,0.9900,0.015051,0.020080,-1.037880,upper
L2,none,0.99,0.9900,0.016786,0.020946,-1.043693,upper
L2,none,0.99,0.9900,0.018643,0.021791,-1.038306,upper
L2,none,0.99,0.9900,0.020625,0.022613,-1.022832,upper
L2,none,0.99,0.9900,0.022735,0.023413,-0.998607,upper
L2,none,0.99,0.9900,0.024979,0.024190,-0.967084,upper
L2,none,0.99,0.9900,0.027358,0.024943,-0.929746,upper
L2,none,0.99,0.9900,0.029878,0.025674,-0.888028,upper
L2,none,0.99,0.9900,0.032543,0.026382,-0.843282,upper
L2,none,0.99,0.9900,0.035358,0.027068,-0.796791,upper
L2,none,0.99,0.9900,0.038327,0.027735,-0.749748,upper
L2,none,0.99,0.9900,0.041456,0.028383,-0.703177,upper
L2,none,0.99,0.9900,0.044751,0.029015,-0.657895,upper
L2,none,0.99,0.9900,0.048218,0.029633,-0.614471,upper
L2,none,0.99,0.9900,0.051862,0.030238,-0.573358,upper
L2,none,0.99,0.9900,0.055691,0.030834,-0.534953,upper
L2,none,0.99,0.9900,0.059710,0.031422,-0.499550,upper
L2,none,0.99,0.9900,0.063928,0.032006,-0.467331,upper
L2,none,0.99,0.9900,0.068352,0.032587,-0.438206,upper
L2,none,0.99,0.9900,0.072988,0.033168,-0.412100,upper
L2,none,0.99,0.9900,0.077844,0.033751,-0.389037,upper
L2,none,0.99,0.9900,0.082928,0.034338,-0.368885,upper
L2,none,0.99,0.9900,0.088248,0.034931,-0.351453,upper
L2,none,0.99,0.9900,0.093813,0.035530,-0.336515,upper
L2,none,0.99,0.9900,0.099629,0.036137,-0.323840,upper
L2,none,0.99,0.9900,0.105705,0.036752,-0.313201,upper
L2,none,0.99,0.9900,0.112049,0.037375,-0.304360,upper
L2,none,0.99,0.9900,0.118669,0.038006,-0.297046,upper
L2,none,0.99,0.9900,0.125573,0.038642,-0.290941,upper
L2,none,0.99,0.9900,0.132769,0.039282,-0.285739,upper
L2,none,0.99,0.9900,0.140263,0.039924,-0.281250,upper
L2,none,0.99,0.9900,0.148064,0.040566,-0.277402,upper
L2,none,0.99,0.9900,0.156179,0.041204,-0.274111,upper
L2,none,0.99,0.9900,0.164613,0.041835,-0.271208,upper
L2,none,0.99,0.9900,0.173373,0.042456,-0.268503,upper
L2,none,0.99,0.9900,0.182464,0.043064,-0.265852,upper
L2,none,0.99,0.9900,0.191890,0.043654,-0.263158,upper
L2,none,0.99,0.9900,0.201657,0.044225,-0.260363,upper
L2,none,0.99,0.9900,0.211767,0.044773,-0.257469,upper
L2,none,0.99,0.9900,0.222222,0.045296,-0.254533,upper
L2,none,0.99,0.9900,0.233025,0.045792,-0.251612,upper
L2,none,0.99,0.9900,0.244175,0.046258,-0.248757,upper
L2,none,0.99,0.9900,0.255672,0.046694,-0.246033,upper
L2,none,0.99,0.9900,0.267515,0.047098,-0.243529,upper
L2,none,0.99,0.9900,0.279701,0.047468,-0.241353,upper
L2,none,0.99,0.9900,0.292227,0.047803,-0.239605,upper
L2,none,0.99,0.9900,0.305086,0.048100,-0.238356,upper
L2,none,0.99,0.9900,0.318273,0.048357,-0.237624,upper
L2,none,0.99,0.9900,0.331780,0.048569,-0.237369,upper
L2,none,0.99,0.9900,0.345598,0.048733,-0.237500,upper
L2,none,0.99,0.9900,0.359716,0.048843,-0.237894,upper
L2,none,0.99,0.9900,0.374124,0.048893,-0.238412,upper
L2,none,0.99,0.9900,0.388807,0.048878,-0.238907,upper
L2,none,0.99,0.9900,0.403751,0.048790,-0.239226,upper
L2,none,0.99,0.9900,0.418939,0.048624,-0.239218,upper
L2,none,0.99,0.9900,0.434356,0.048373,-0.238739,upper
L2,none,0.99,0.9900,0.449981,0.048033,-0.237666,upper
L2,none,0.99,0.9900,0.465796,0.047599,-0.235908,upper
L2,none,0.99,0.9900,0.481780,0.047071,-0.233407,upper
L2,none,0.99,0.9900,0.497911,0.046447,-0.230152,upper
L2,none,0.99,0.9900,0.514167,0.045730,-0.226174,upper
L2,none,0.99,0.9900,0.530523,0.044922,-0.221540,upper
L2,none,0.99,0.9900,0.546959,0.044030,-0.216355,upper
L2,none,0.99,0.9900,0.563448,0.043058,-0.210745,upper
L2,none,0.99,0.9900,0.579967,0.042016,-0.204850,upper
L2,none,0.99,0.9900,0.596493,0.040910,-0.198804,upper
L2,none,0.99,0.9900,0.613000,0.039748,-0.192714,upper
L2,none,0.99,0.9900,0.629465,0.038539,-0.186673,upper
L2,none,0.99,0.9900,0.645864,0.037290,-0.180748,upper
L2,none,0.99,0.9900,0.662174,0.036007,-0.174972,upper
L2,none,0.99,0.9900,0.678372,0.034695,-0.169352,upper
L2,none,0.99,0.9900,0.694435,0.033360,-0.163868,upper
L2,none,0.99,0.9900,0.710341,0.032005,-0.158478,upper
L2,none,0.99,0.9900,0.726071,0.030634,-0.153127,upper
L2,none,0.99,0.9900,0.741604,0.029247,-0.147750,upper
L2,none,0.99,0.9900,0.756920,0.027848,-0.142279,upper
L2,none,0.99,0.9900,0.772003,0.026438,-0.136643,upper
L2,none,0.99,0.9900,0.786835,0.025019,-0.130779,upper
L2,none,0.99,0.9900,0.801401,0.023592,-0.124625,upper
L2,none,0.99,0.9900,0.815688,0.022159,-0.118129,upper
L2,none,0.99,0.9900,0.829682,0.020722,-0.111240,upper
L2,none,0.99,0.9900,0.843373,0.019283,-0.103909,upper
L2,none,0.99,0.9900,0.856750,0.017845,-0.096100,upper
L2,none,0.99,0.9900,0.869805,0.016409,-0.087761,upper
L2,none,0.99,0.9900,0.882530,0.014979,-0.078854,upper
L2,none,0.99,0.9900,0.894920,0.013557,-0.069334,upper
L2,none,0.99,0.9900,0.906971,0.012147,-0.059124,upper
L2,none,0.99,0.9900,0.918679,0.010753,-0.048152,upper
L2,none,0.99,0.9900,0.930042,0.009377,-0.036291,upper
L2,none,0.99,0.9900,0.941059,0.008025,-0.023313,upper
L2,none,0.99,0.9900,0.951731,0.006700,-0.008842,upper
L2,none,0.99,0.9900,0.962060,0.005410,0.007731,upper
L2,none,0.99,0.9900,0.972047,0.004158,0.027820,upper
L2,none,0.99,0.9900,0.981697,0.002952,0.053361,upper
L2,none,0.99,0.9900,0.991012,0.001799,0.084023,upper
L2,none,0.99,0.9900,1.000000,0.000705,0.134871,upper
L2,none,0.99,0.9900,0.000000,0.000000,0.469536,lower
L2,none,0.99,0.9900,0.000008,-0.000522,0.492907,lower
L2,none,0.99,0.9900,0.000034,-0.001072,0.514688,lower
L2,none,0.99,0.9900,0.000080,-0.001650,0.534475,lower
L2,none,0.99,0.9900,0.000151,-0.002259,0.552181,lower
L2,none,0.99,0.9900,0.000249,-0.002897,0.567264,lower
L2,none,0.99,0.9900,0.000377,-0.003566,0.579266,lower
L2,none,0.99,0.9900,0.000541,-0.004266,0.587633,lower
L2,none,0.99,0.9900,0.000745,-0.004995,0.591840,lower
L2,none,0.99,0.9900,0.000993,-0.005755,0.591459,lower
L2,none,0.99,0.9900,0.001290,-0.006543,0.585984,lower
L2,none,0.99,0.9900,0.001641,-0.007359,0.574973,lower
L2,none,0.99,0.9900,0.002052,-0.008200,0.558185,lower
L2,none,0.99,0.9900,0.002527,-0.009065,0.535381,lower
L2,none,0.99,0.9900,0.003073,-0.009951,0.506599,lower
L2,none,0.99,0.9900,0.003694,-0.010854,0.472052,lower
L2,none,0.99,0.9900,0.004395,-0.011772,0.432089,lower
L2,none,0.99,0.9900,0.005182,-0.012701,0.387354,lower
L2,none,0.99,0.9900,0.006058,-0.013638,0.338622,lower
L2,none,0.99,0.9900,0.007029,-0.014577,0.286868,lower
L2,none,0.99,0.9900,0.008099,-0.015516,0.233074,lower
L2,none,0.99,0.9900,0.009271,-0.016451,0.178408,lower
L2,none,0.99,0.9900,0.010549,-0.017378,0.124737,lower
L2,none,0.99,0.9900,0.011936,-0.018294,0.073693,lower
L2,none,0.99,0.9900,0.013436,-0.019195,0.026153,lower
L2,none,0.99,0.9900,0.015051,-0.020080,-0.017230,lower
L2,none,0.99,0.9900,0.016786,-0.020946,-0.056026,lower
L2,none,0.99,0.9900,0.018643,-0.021791,-0.089978,lower
L2,none,0.99,0.9900,0.020625,-0.022613,-0.118996,lower
L2,none,0.99,0.9900,0.022735,-0.023413,-0.143141,lower
L2,none,0.99,0.9900,0.024979,-0.024190,-0.162608,lower
L2,none,0.99,0.9900,0.027358,-0.024943,-0.177703,lower
L2,none,0.99,0.9900,0.029878,-0.025674,-0.188800,lower
L2,none,0.99,0.9900,0.032543,-0.026382,-0.196305,lower
L2,none,0.99,0.9900,0.035358,-0.027068,-0.200651,lower
L2,none,0.99,0.9900,0.038327,-0.027735,-0.202268,lower
L2,none,0.99,0.9900,0.041456,-0.028383,-0.201559,lower
L2,none,0.99,0.9900,0.044751,-0.029015,-0.198897,lower
L2,none,0.99,0.9900,0.048218,-0.029633,-0.194612,lower
L2,none,0.99,0.9900,0.051862,-0.030238,-0.189009,lower
L2,none,0.99,0.9900,0.055691,-0.030834,-0.182396,lower
L2,none,0.99,0.9900,0.059710,-0.031422,-0.175084,lower
L2,none,0.99,0.9900,0.063928,-0.032006,-0.167398,lower
L2,none,0.99,0.9900,0.068352,-0.032587,-0.159640,lower
L2,none,0.99,0.9900,0.072988,-0.033168,-0.152094,lower
L2,none,0.99,0.9900,0.077844,-0.033751,-0.145013,lower
L2,none,0.99,0.9900,0.082928,-0.034338,-0.138604,lower
L2,none,0.99,0.9900,0.088248,-0.034931,-0.133015,lower
L2,none,0.99,0.9900,0.093813,-0.035530,-0.128337,lower
L2,none,0.99,0.9900,0.099629,-0.036137,-0.124606,lower
L2,none,0.99,0.9900,0.105705,-0.036752,-0.121803,lower
L2,none,0.99,0.9900,0.112049,-0.037375,-0.119869,lower
L2,none,0.99,0.9900,0.118669,-0.038006,-0.118708,lower
L2,none,0.99,0.9900,0.125573,-0.038642,-0.118202,lower
L2,none,0.99,0.9900,0.132769,-0.039282,-0.118218,lower
L2,none,0.99,0.9900,0.140263,-0.039924,-0.118617,lower
L2,none,0.99,0.9900,0.148064,-0.040566,-0.119266,lower
L2,none,0.99,0.9900,0.156179,-0.041204,-0.120038,lower
L2,none,0.99,0.9900,0.164613,-0.041835,-0.120823,lower
L2,none,0.99,0.9900,0.173373,-0.042456,-0.121533,lower
L2,none,0.99,0.9900,0.182464,-0.043064,-0.122100,lower
L2,none,0.99,0.9900,0.191890,-0.043654,-0.122479,lower
L2,none,0.99,0.9900,0.201657,-0.044225,-0.122653,lower
L2,none,0.99,0.9900,0.211767,-0.044773,-0.122626,lower
L2,none,0.99,0.9900,0.222222,-0.045296,-0.122422,lower
L2,none,0.99,0.9900,0.233025,-0.045792,-0.122081,lower
L2,none,0.99,0.9900,0.244175,-0.046258,-0.121658,lower
L2,none,0.99,0.9900,0.255672,-0.046694,-0.121212,lower
L2,none,0.99,0.9900,0.267515,-0.047098,-0.120805,lower
L2,none,0.99,0.9900,0.279701,-0.047468,-0.120496,lower
L2,none,0.99,0.9900,0.292227,-0.047803,-0.120332,lower
L2,none,0.99,0.9900,0.305086,-0.048100,-0.120340,lower
L2,none,0.99,0.9900,0.318273,-0.048357,-0.120529,lower
L2,none,0.99,0.9900,0.331780,-0.048569,-0.120880,lower
L2,none,0.99,0.9900,0.345598,-0.048733,-0.121349,lower
L2,none,0.99,0.9900,0.359716,-0.048843,-0.121863,lower
L2,none,0.99,0.9900,0.374124,-0.048893,-0.122326,lower
L2,none,0.99,0.9900,0.388807,-0.048878,-0.122629,lower
L2,none,0.99,0.9900,0.403751,-0.048790,-0.122653,lower
L2,none,0.99,0.9900,0.418939,-0.048624,-0.122280,lower
L2,none,0.99,0.9900,0.434356,-0.048373,-0.121400,lower
L2,none,0.99,0.9900,0.449981,-0.048033,-0.119925,lower
L2,none,0.99,0.9900,0.465796,-0.047599,-0.117797,lower
L2,none,0.99,0.9900,0.481780,-0.047071,-0.114990,lower
L2,none,0.99,0.9900,0.497911,-0.046447,-0.111521,lower
L2,none,0.99,0.9900,0.514167,-0.045730,-0.107449,lower
L2,none,0.99,0.9900,0.530523,-0.044922,-0.102867,lower
L2,none,0.99,0.9900,0.546959,-0.044030,-0.097893,lower
L2,none,0.99,0.9900,0.563448,-0.043058,-0.092664,lower
L2,none,0.99,0.9900,0.579967,-0.042016,-0.087317,lower
L2,none,0.99,0.9900,0.596493,-0.040910,-0.081984,lower
L2,none,0.99,0.9900,0.613000,-0.039748,-0.076776,lower
L2,none,0.99,0.9900,0.629465,-0.038539,-0.071778,lower
L2,none,0.99,0.9900,0.645864,-0.037290,-0.067045,lower
L2,none,0.99,0.9900,0.662174,-0.036007,-0.062600,lower
L2,none,0.99,0.9900,0.678372,-0.034695,-0.058437,lower
L2,none,0.99,0.9900,0.694435,-0.033360,-0.054525,lower
L2,none,0.99,0.9900,0.710341,-0.032005,-0.050810,lower
L2,none,0.99,0.9900,0.726071,-0.030634,-0.047230,lower
L2,none,0.99,0.9900,0.741604,-0.029247,-0.043714,lower
L2,none,0.99,0.9900,0.756920,-0.027848,-0.040189,lower
L2,none,0.99,0.9900,0.772003,-0.026438,-0.036590,lower
L2,none,0.99,0.9900,0.786835,-0.025019,-0.032854,lower
L2,none,0.99,0.9900,0.801401,-0.023592,-0.028930,lower
L2,none,0.99,0.9900,0.815688,-0.022159,-0.024772,lower
L2,none,0.99,0.9900,0.829682,-0.020722,-0.020332,lower
L2,none,0.99,0.9900,0.843373,-0.019283,-0.015545,lower
L2,none,0.99,0.9900,0.856750,-0.017845,-0.010335,lower
L2,none,0.99,0.9900,0.869805,-0.016409,-0.004628,lower
L2,none,0.99,0.9900,0.882530,-0.014979,0.001639,lower
L2,none,0.99,0.9900,0.894920,-0.013557,0.008530,lower
L2,none,0.99,0.9900,0.906971,-0.012147,0.016113,lower
L2,none,0.99,0.9900,0.918679,-0.010753,0.024472,lower
L2,none,0.99,0.9900,0.930042,-0.009377,0.033701,lower
L2,none,0.99,0.9900,0.941059,-0.008025,0.043893,lower
L2,none,0.99,0.9900,0.951731,-0.006700,0.055196,lower
L2,none,0.99,0.9900,0.962060,-0.005410,0.067817,lower
L2,none,0.99,0.9900,0.972047,-0.004158,0.082297,lower
L2,none,0.99,0.9900,0.981697,-0.002952,0.099750,lower
L2,none,0.99,0.9900,0.991012,-0.001799,0.120913,lower
L2,none,0.99,0.9900,1.000000,-0.000705,0.149239,lower
L3,none,0.20,0.2000,-0.000000,0.000000,0.641176,upper
L3,none,0.20,0.2000,0.000004,0.000389,0.622001,upper
L3,none,0.20,0.2000,0.000019,0.000793,0.600811,upper
L3,none,0.20,0.2000,0.000043,0.001214,0.577177,upper
L3,none,0.20,0.2000,0.000080,0.001650,0.551163,upper
L3,none,0.20,0.2000,0.000131,0.002104,0.522553,upper
L3,none,0.20,0.2000,0.000196,0.002574,0.491220,upper
L3,none,0.20,0.2000,0.000278,0.003062,0.457009,upper
L3,none,0.20,0.2000,0.000377,0.003566,0.419789,upper
L3,none,0.20,0.2000,0.000497,0.004088,0.379442,upper
L3,none,0.20,0.2000,0.000638,0.004627,0.335876,upper
L3,none,0.20,0.2000,0.000803,0.005183,0.289027,upper
L3,none,0.20,0.2000,0.000993,0.005755,0.238870,upper
L3,none,0.20,0.2000,0.001211,0.006343,0.185422,upper
L3,none,0.20,0.2000,0.001458,0.006948,0.128759,upper
L3,none,0.20,0.2000,0.001738,0.007567,0.069020,upper
L3,none,0.20,0.2000,0.002052,0.008200,0.006409,upper
L3,none,0.20,0.2000,0.002402,0.008847,-0.058791,upper
L3,none,0.20,0.2000,0.002791,0.009505,-0.126216,upper
L3,none,0.20,0.2000,0.003221,0.010175,-0.195419,upper
L3,none,0.20,0.2000,0.003694,0.010854,-0.265867,upper
L3,none,0.20,0.2000,0.004212,0.011542,-0.336945,upper
L3,none,0.20,0.2000,0.004777,0.012236,-0.407968,upper
L3,none,0.20,0.2000,0.005392,0.012935,-0.478190,upper
L3,none,0.20,0.2000,0.006058,0.013638,-0.546818,upper
L3,none,0.20,0.2000,0.006777,0.014342,-0.613038,upper
L3,none,0.20,0.2000,0.007551,0.015047,-0.676035,upper
L3,none,0.20,0.2000,0.008382,0.015751,-0.735023,upper
L3,none,0.20,0.2000,0.009271,0.016451,-0.789273,upper
L3,none,0.20,0.2000,0.010219,0.017147,-0.838145,upper
L3,none,0.20,0.2000,0.011228,0.017838,-0.881109,upper
L3,none,0.20,0.2000,0.012300,0.018521,-0.917770,upper
L3,none,0.20,0.2000,0.013436,0.019195,-0.947881,upper
L3,none,0.20,0.2000,0.014637,0.019860,-0.971357,upper
L3,none,0.20,0.2000,0.015904,0.020515,-0.988267,upper
L3,none,0.20,0.2000,0.017239,0.021159,-0.998808,upper
L3,none,0.20,0.2000,0.018643,0.021791,-1.003305,upper
L3,none,0.20,0.2000,0.020117,0.022410,-1.002183,upper
L3,none,0.20,0.2000,0.021664,0.023016,-0.995948,upper
L3,none,0.20,0.2000,0.023284,0.023610,-0.985155,upper
L3,none,0.20,0.2000,0.024979,0.024190,-0.970391,upper
L3,none,0.20,0.2000,0.026750,0.024757,-0.952254,upper
L3,none,0.20,0.2000,0.028600,0.025311,-0.931332,upper
L3,none,0.20,0.2000,0.030531,0.025853,-0.908192,upper
L3,none,0.20,0.2000,0.032543,0.026382,-0.883368,upper
L3,none,0.20,0.2000,0.034640,0.026899,-0.857349,upper
L3,none,0.20,0.2000,0.036823,0.027404,-0.830578,upper
L3,none,0.20,0.2000,0.039094,0.027899,-0.803443,upper
L3,none,0.20,0.2000,0.041456,0.028383,-0.776282,upper
L3,none,0.20,0.2000,0.043912,0.028859,-0.749381,upper
L3,none,0.20,0.2000,0.046463,0.029326,-0.722979,upper
L3,none,0.20,0.2000,0.049112,0.029785,-0.697278,upper
L3,none,0.20,0.2000,0.051862,0.030238,-0.672440,upper
L3,none,0.20,0.2000,0.054716,0.030686,-0.648598,upper
L3,none,0.20,0.2000,0.057676,0.031129,-0.625857,upper
L3,none,0.20,0.2000,0.060746,0.031569,-0.604297,upper
L3,none,0.20,0.2000,0.063928,0.032006,-0.583978,upper
L3,none,0.20,0.2000,0.067226,0.032442,-0.564939,upper
L3,none,0.20,0.2000,0.070643,0.032877,-0.547202,upper
L3,none,0.20,0.2000,0.074181,0.033313,-0.530775,upper
L3,none,0.20,0.2000,0.077844,0.033751,-0.515651,upper
L3,none,0.20,0.2000,0.081635,0.034191,-0.501812,upper
L3,none,0.20,0.2000,0.085558,0.034634,-0.489227,upper
L3,none,0.20,0.2000,0.089616,0.035080,-0.477858,upper
L3,none,0.20,0.2000,0.093813,0.035530,-0.467653,upper
L3,none,0.20,0.2000,0.098151,0.035985,-0.458557,upper
L3,none,0.20,0.2000,0.102634,0.036444,-0.450503,upper
L3,none,0.20,0.2000,0.107265,0.036907,-0.443421,upper
L3,none,0.20,0.2000,0.112049,0.037375,-0.437232,upper
L3,none,0.20,0.2000,0.116988,0.037847,-0.431853,upper
L3,none,0.20,0.2000,0.122085,0.038323,-0.427198,upper
L3,none,0.20,0.2000,0.127344,0.038801,-0.423177,upper
L3,none,0.20,0.2000,0.132769,0.039282,-0.419698,upper
L3,none,0.20,0.2000,0.138361,0.039764,-0.416669,upper
L3,none,0.20,0.2000,0.144125,0.040246,-0.414001,upper
L3,none,0.20,0.2000,0.150063,0.040726,-0.411606,upper
L3,none,0.20,0.2000,0.156179,0.041204,-0.409400,upper
L3,none,0.20,0.2000,0.162474,0.041678,-0.407307,upper
L3,none,0.20,0.2000,0.168952,0.042147,-0.405260,upper
L3,none,0.20,0.2000,0.175614,0.042610,-0.403197,upper
L3,none,0.20,0.2000,0.182464,0.043064,-0.401072,upper
L3,none,0.20,0.2000,0.189502,0.043509,-0.398848,upper
L3,none,0.20,0.2000,0.196731,0.043942,-0.396502,upper
L3,none,0.20,0.2000,0.204152,0.044364,-0.394022,upper
L3,none,0.20,0.2000,0.211767,0.044773,-0.391412,upper
L3,none,0.20,0.2000,0.219576,0.045168,-0.388686,upper
L3,none,0.20,0.2000,0.227580,0.045547,-0.385867,upper
L3,none,0.20,0.2000,0.235780,0.045911,-0.382991,upper
L3,none,0.20,0.2000,0.244175,0.046258,-0.380097,upper
L3,none,0.20,0.2000,0.252765,0.046588,-0.377230,upper
L3,none,0.20,0.2000,0.261551,0.046900,-0.374438,upper
L3,none,0.20,0.2000,0.270530,0.047194,-0.371763,upper
L3,none,0.20,0.2000,0.279701,0.047468,-0.369248,upper
L3,none,0.20,0.2000,0.289064,0.047723,-0.366925,upper
L3,none,0.20,0.2000,0.298615,0.047957,-0.364816,upper
L3,none,0.20,0.2000,0.308352,0.048168,-0.362933,upper
L3,none,0.20,0.2000,0.318273,0.048357,-0.361273,upper
L3,none,0.20,0.2000,0.328374,0.048520,-0.359816,upper
L3,none,0.20,0.2000,0.338651,0.048657,-0.358527,upper
L3,none,0.20,0.2000,0.349100,0.048765,-0.357358,upper
L3,none,0.20,0.2000,0.359716,0.048843,-0.356241,upper
L3,none,0.20,0.2000,0.370496,0.048887,-0.355100,upper
L3,none,0.20,0.2000,0.381432,0.048894,-0.353846,upper
L3,none,0.20,0.2000,0.392519,0.048863,-0.352383,upper
L3,none,0.20,0.2000,0.403751,0.048790,-0.350614,upper
L3,none,0.20,0.2000,0.415120,0.048673,-0.348440,upper
L3,none,0.20,0.2000,0.426620,0.048509,-0.345770,upper
L3,none,0.20,0.2000,0.438243,0.048296,-0.342521,upper
L3,none,0.20,0.2000,0.449981,0.048033,-0.338624,upper
L3,none,0.20,0.2000,0.461826,0.047717,-0.334031,upper
L3,none,0.20,0.2000,0.473769,0.047347,-0.328714,upper
L3,none,0.20,0.2000,0.485800,0.046924,-0.322670,upper
L3,none,0.20,0.2000,0.497911,0.046447,-0.315917,upper
L3,none,0.20,0.2000,0.510092,0.045918,-0.308496,upper
L3,none,0.20,0.2000,0.522334,0.045337,-0.300464,upper
L3,none,0.20,0.2000,0.534626,0.044707,-0.291895,upper
L3,none,0.20,0.2000,0.546959,0.044030,-0.282876,upper
L3,none,0.20,0.2000,0.559322,0.043308,-0.273500,upper
L3,none,0.20,0.2000,0.571705,0.042545,-0.263866,upper
L3,none,0.20,0.2000,0.584099,0.041745,-0.254071,upper
L3,none,0.20,0.2000,0.596493,0.040910,-0.244206,upper
L3,none,0.20,0.2000,0.608876,0.040043,-0.234356,upper
L3,none,0.20,0.2000,0.621239,0.039149,-0.224591,upper
L3,none,0.20,0.2000,0.633572,0.038230,-0.214968,upper
L3,none,0.20,0.2000,0.645864,0.037290,-0.205532,upper
L3,none,0.20,0.2000,0.658106,0.036330,-0.196308,upper
L3,none,0.20,0.2000,0.670288,0.035354,-0.187308,upper
L3,none,0.20,0.2000,0.682401,0.034364,-0.178531,upper
L3,none,0.20,0.2000,0.694435,0.033360,-0.169960,upper
L3,none,0.20,0.2000,0.706381,0.032346,-0.161570,upper
L3,none,0.20,0.2000,0.718230,0.031322,-0.153327,upper
L3,none,0.20,0.2000,0.729973,0.030288,-0.145191,upper
L3,none,0.20,0.2000,0.741604,0.029247,-0.137118,upper
L3,none,0.20,0.2000,0.753112,0.028199,-0.129060,upper
L3,none,0.20,0.2000,0.764492,0.027144,-0.120972,upper
L3,none,0.20,0.2000,0.775735,0.026084,-0.112809,upper
L3,none,0.20,0.2000,0.786835,0.025019,-0.104526,upper
L3,none,0.20,0.2000,0.797785,0.023949,-0.096084,upper
L3,none,0.20,0.2000,0.808581,0.022876,-0.087445,upper
L3,none,0.20,0.2000,0.819215,0.021800,-0.078575,upper
L3,none,0.20,0.2000,0.829682,0.020722,-0.069439,upper
L3,none,0.20,0.2000,0.839979,0.019643,-0.060004,upper
L3,none,0.20,0.2000,0.850101,0.018564,-0.050240,upper
L3,none,0.20,0.2000,0.860044,0.017485,-0.040113,upper
L3,none,0.20,0.2000,0.869805,0.016409,-0.029589,upper
L3,none,0.20,0.2000,0.879380,0.015336,-0.018630,upper
L3,none,0.20,0.2000,0.888767,0.014267,-0.007197,upper
L3,none,0.20,0.2000,0.897965,0.013204,0.004756,upper
L3,none,0.20,0.2000,0.906971,0.012147,0.017277,upper
L3,none,0.20,0.2000,0.915784,0.011100,0.030421,upper
L3,none,0.20,0.2000,0.924403,0.010062,0.044252,upper
L3,none,0.20,0.2000,0.932829,0.009037,0.058845,upper
L3,none,0.20,0.2000,0.941059,0.008025,0.074292,upper
L3,none,0.20,0.2000,0.949096,0.007029,0.090718,upper
L3,none,0.20,0.2000,0.956938,0.006050,0.108291,upper
L3,none,0.20,0.2000,0.964589,0.005093,0.127273,upper
L3,none,0.20,0.2000,0.972047,0.004158,0.148076,upper
L3,none,0.20,0.2000,0.979316,0.003249,0.171590,upper
L3,none,0.20,0.2000,0.986396,0.002368,0.199116,upper
L3,none,0.20,0.2000,0.993290,0.001519,0.233104,upper
L3,none,0.20,0.2000,1.000000,0.000705,0.269946,upper
L3,none,0.20,0.2000,-0.000000,0.000000,0.641176,lower
L3,none,0.20,0.2000,0.000004,-0.000389,0.659471,lower
L3,none,0.20,0.2000,0.000019,-0.000793,0.676971,lower
L3,none,0.20,0.2000,0.000043,-0.001214,0.693498,lower
L3,none,0.20,0.2000,0.000080,-0.001650,0.709084,lower
L3,none,0.20,0.2000,0.000131,-0.002104,0.723502,lower
L3,none,0.20,0.2000,0.000196,-0.002574,0.736575,lower
L3,none,0.20,0.2000,0.000278,-0.003062,0.748091,lower
L3,none,0.20,0.2000,0.000377,-0.003566,0.757837,lower
L3,none,0.20,0.2000,0.000497,-0.004088,0.765592,lower
L3,none,0.20,0.2000,0.000638,-0.004627,0.771135,lower
L3,none,0.20,0.2000,0.000803,-0.005183,0.774247,lower
L3,none,0.20,0.2000,0.000993,-0.005755,0.774722,lower
L3,none,0.20,0.2000,0.001211,-0.006343,0.772365,lower
L3,none,0.20,0.2000,0.001458,-0.006948,0.766999,lower
L3,none,0.20,0.2000,0.001738,-0.007567,0.758483,lower
L3,none,0.20,0.2000,0.002052,-0.008200,0.746708,lower
L3,none,0.20,0.2000,0.002402,-0.008847,0.731610,lower
L3,none,0.20,0.2000,0.002791,-0.009505,0.713180,lower
L3,none,0.20,0.2000,0.003221,-0.010175,0.691468,lower
L3,none,0.20,0.2000,0.003694,-0.010854,0.666589,lower
L3,none,0.20,0.2000,0.004212,-0.011542,0.638727,lower
L3,none,0.20,0.2000,0.004777,-0.012236,0.608132,lower
L3,none,0.20,0.2000,0.005392,-0.012935,0.575123,lower
L3,none,0.20,0.2000,0.006058,-0.013638,0.540076,lower
L3,none,0.20,0.2000,0.006777,-0.014342,0.503417,lower
L3,none,0.20,0.2000,0.007551,-0.015047,0.465612,lower
L3,none,0.20,0.2000,0.008382,-0.015751,0.427151,lower
L3,none,0.20,0.2000,0.009271,-0.016451,0.388533,lower
L3,none,0.20,0.2000,0.010219,-0.017147,0.350251,lower
L3,none,0.20,0.2000,0.011228,-0.017838,0.312772,lower
L3,none,0.20,0.2000,0.012300,-0.018521,0.276528,lower
L3,none,0.20,0.2000,0.013436,-0.019195,0.241901,lower
L3,none,0.20,0.2000,0.014637,-0.019860,0.209214,lower
L3,none,0.20,0.2000,0.015904,-0.020515,0.178724,lower
L3,none,0.20,0.2000,0.017239,-0.021159,0.150621,lower
L3,none,0.20,0.2000,0.018643,-0.021791,0.125030,lower
L3,none,0.20,0.2000,0.020117,-0.022410,0.102009,lower
L3,none,0.20,0.2000,0.021664,-0.023016,0.081563,lower
L3,none,0.20,0.2000,0.023284,-0.023610,0.063643,lower
L3,none,0.20,0.2000,0.024979,-0.024190,0.048157,lower
L3,none,0.20,0.2000,0.026750,-0.024757,0.034978,lower
L3,none,0.20,0.2000,0.028600,-0.025311,0.023950,lower
L3,none,0.20,0.2000,0.030531,-0.025853,0.014901,lower
L3,none,0.20,0.2000,0.032543,-0.026382,0.007641,lower
L3,none,0.20,0.2000,0.034640,-0.026899,0.001978,lower
L3,none,0.20,0.2000,0.036823,-0.027404,-0.002285,lower
L3,none,0.20,0.2000,0.039094,-0.027899,-0.005340,lower
L3,none,0.20,0.2000,0.041456,-0.028383,-0.007372,lower
L3,none,0.20,0.2000,0.043912,-0.028859,-0.008559,lower
L3,none,0.20,0.2000,0.046463,-0.029326,-0.009068,lower
L3,none,0.20,0.2000,0.049112,-0.029785,-0.009053,lower
L3,none,0.20,0.2000,0.051862,-0.030238,-0.008656,lower
L3,none,0.20,0.2000,0.054716,-0.030686,-0.008007,lower
L3,none,0.20,0.2000,0.057676,-0.031129,-0.007223,lower
L3,none,0.20,0.2000,0.060746,-0.031569,-0.006408,lower
L3,none,0.20,0.2000,0.063928,-0.032006,-0.005655,lower
L3,none,0.20,0.2000,0.067226,-0.032442,-0.005042,lower
L3,none,0.20,0.2000,0.070643,-0.032877,-0.004641,lower
L3,none,0.20,0.2000,0.074181,-0.033313,-0.004508,lower
L3,none,0.20,0.2000,0.077844,-0.033751,-0.004690,lower
L3,none,0.20,0.2000,0.081635,-0.034191,-0.005225,lower
L3,none,0.20,0.2000,0.085558,-0.034634,-0.006140,lower
L3,none,0.20,0.2000,0.089616,-0.035080,-0.007453,lower
L3,none,0.20,0.2000,0.093813,-0.035530,-0.009173,lower
L3,none,0.20,0.2000,0.098151,-0.035985,-0.011301,lower
L3,none,0.20,0.2000,0.102634,-0.036444,-0.013829,lower
L3,none,0.20,0.2000,0.107265,-0.036907,-0.016741,lower
L3,none,0.20,0.2000,0.112049,-0.037375,-0.020015,lower
L3,none,0.20,0.2000,0.116988,-0.037847,-0.023622,lower
L3,none,0.20,0.2000,0.122085,-0.038323,-0.027526,lower
L3,none,0.20,0.2000,0.127344,-0.038801,-0.031688,lower
L3,none,0.20,0.2000,0.132769,-0.039282,-0.036061,lower
L3,none,0.20,0.2000,0.138361,-0.039764,-0.040600,lower
L3,none,0.20,0.2000,0.144125,-0.040246,-0.045253,lower
L3,none,0.20,0.2000,0.150063,-0.040726,-0.049970,lower
L3,none,0.20,0.2000,0.156179,-0.041204,-0.054700,lower
L3,none,0.20,0.2000,0.162474,-0.041678,-0.059399,lower
L3,none,0.20,0.2000,0.168952,-0.042147,-0.064018,lower
L3,none,0.20,0.2000,0.175614,-0.042610,-0.068522,lower
L3,none,0.20,0.2000,0.182464,-0.043064,-0.072876,lower
L3,none,0.20,0.2000,0.189502,-0.043509,-0.077055,lower
L3,none,0.20,0.2000,0.196731,-0.043942,-0.081043,lower
L3,none,0.20,0.2000,0.204152,-0.044364,-0.084831,lower
L3,none,0.20,0.2000,0.211767,-0.044773,-0.088421,lower
L3,none,0.20,0.2000,0.219576,-0.045168,-0.091824,lower
L3,none,0.20,0.2000,0.227580,-0.045547,-0.095058,lower
L3,none,0.20,0.2000,0.235780,-0.045911,-0.098149,lower
L3,none,0.20,0.2000,0.244175,-0.046258,-0.101129,lower
L3,none,0.20,0.2000,0.252765,-0.046588,-0.104034,lower
L3,none,0.20,0.2000,0.261551,-0.046900,-0.106903,lower
L3,none,0.20,0.2000,0.270530,-0.047194,-0.109774,lower
L3,none,0.20,0.2000,0.279701,-0.047468,-0.112682,lower
L3,none,0.20,0.2000,0.289064,-0.047723,-0.115657,lower
L3,none,0.20,0.2000,0.298615,-0.047957,-0.118724,lower
L3,none,0.20,0.2000,0.308352,-0.048168,-0.121895,lower
L3,none,0.20,0.2000,0.318273,-0.048357,-0.125173,lower
L3,none,0.20,0.2000,0.328374,-0.048520,-0.128549,lower
L3,none,0.20,0.2000,0.338651,-0.048657,-0.131999,lower
L3,none,0.20,0.2000,0.349100,-0.048765,-0.135487,lower
L3,none,0.20,0.2000,0.359716,-0.048843,-0.138963,lower
L3,none,0.20,0.2000,0.370496,-0.048887,-0.142365,lower
L3,none,0.20,0.2000,0.381432,-0.048894,-0.145622,lower
L3,none,0.20,0.2000,0.392519,-0.048863,-0.148655,lower
L3,none,0.20,0.2000,0.403751,-0.048790,-0.151382,lower
L3,none,0.20,0.2000,0.415120,-0.048673,-0.153719,lower
L3,none,0.20,0.2000,0.426620,-0.048509,-0.155587,lower
L3,none,0.20,0.2000,0.438243,-0.048296,-0.156910,lower
L3,none,0.20,0.2000,0.449981,-0.048033,-0.157628,lower
L3,none,0.20,0.2000,0.461826,-0.047717,-0.157691,lower
L3,none,0.20,0.2000,0.473769,-0.047347,-0.157067,lower
L3,none,0.20,0.2000,0.485800,-0.046924,-0.155745,lower
L3,none,0.20,0.2000,0.497911,-0.046447,-0.153731,lower
L3,none,0.20,0.2000,0.510092,-0.045918,-0.151050,lower
L3,none,0.20,0.2000,0.522334,-0.045337,-0.147748,lower
L3,none,0.20,0.2000,0.534626,-0.044707,-0.143882,lower
L3,none,0.20,0.2000,0.546959,-0.044030,-0.139523,lower
L3,none,0.20,0.2000,0.559322,-0.043308,-0.134752,lower
L3,none,0.20,0.2000,0.571705,-0.042545,-0.129653,lower
L3,none,0.20,0.2000,0.584099,-0.041745,-0.124311,lower
L3,none,0.20,0.2000,0.596493,-0.040910,-0.118807,lower
L3,none,0.20,0.2000,0.608876,-0.040043,-0.113217,lower
L3,none,0.20,0.2000,0.621239,-0.039149,-0.107606,lower
L3,none,0.20,0.2000,0.633572,-0.038230,-0.102029,lower
L3,none,0.20,0.2000,0.645864,-0.037290,-0.096528,lower
L3,none,0.20,0.2000,0.658106,-0.036330,-0.091131,lower
L3,none,0.20,0.2000,0.670288,-0.035354,-0.085852,lower
L3,none,0.20,0.2000,0.682401,-0.034364,-0.080694,lower
L3,none,0.20,0.2000,0.694435,-0.033360,-0.075648,lower
L3,none,0.20,0.2000,0.706381,-0.032346,-0.070693,lower
L3,none,0.20,0.2000,0.718230,-0.031322,-0.065803,lower
L3,none,0.20,0.2000,0.729973,-0.030288,-0.060944,lower
L3,none,0.20,0.2000,0.741604,-0.029247,-0.056078,lower
L3,none,0.20,0.2000,0.753112,-0.028199,-0.051165,lower
L3,none,0.20,0.2000,0.764492,-0.027144,-0.046164,lower
L3,none,0.20,0.2000,0.775735,-0.026084,-0.041036,lower
L3,none,0.20,0.2000,0.786835,-0.025019,-0.035740,lower
L3,none,0.20,0.2000,0.797785,-0.023949,-0.030241,lower
L3,none,0.20,0.2000,0.808581,-0.022876,-0.024503,lower
L3,none,0.20,0.2000,0.819215,-0.021800,-0.018494,lower
L3,none,0.20,0.2000,0.829682,-0.020722,-0.012182,lower
L3,none,0.20,0.2000,0.839979,-0.019643,-0.005538,lower
L3,none,0.20,0.2000,0.850101,-0.018564,0.001470,lower
L3,none,0.20,0.2000,0.860044,-0.017485,0.008873,lower
L3,none,0.20,0.2000,0.869805,-0.016409,0.016704,lower
L3,none,0.20,0.2000,0.879380,-0.015336,0.024998,lower
L3,none,0.20,0.2000,0.888767,-0.014267,0.033793,lower
L3,none,0.20,0.2000,0.897965,-0.013204,0.043130,lower
L3,none,0.20,0.2000,0.906971,-0.012147,0.053058,lower
L3,none,0.20,0.2000,0.915784,-0.011100,0.063628,lower
L3,none,0.20,0.2000,0.924403,-0.010062,0.074899,lower
L3,none,0.20,0.2000,0.932829,-0.009037,0.086943,lower
L3,none,0.20,0.2000,0.941059,-0.008025,0.099844,lower
L3,none,0.20,0.2000,0.949096,-0.007029,0.113717,lower
L3,none,0.20,0.2000,0.956938,-0.006050,0.128718,lower
L3,none,0.20,0.2000,0.964589,-0.005093,0.145087,lower
L3,none,0.20,0.2000,0.972047,-0.004158,0.163203,lower
L3,none,0.20,0.2000,0.979316,-0.003249,0.183889,lower
L3,none,0.20,0.2000,0.986396,-0.002368,0.208366,lower
L3,none,0.20,0.2000,0.993290,-0.001519,0.239206,lower
L3,none,0.20,0.2000,1.000000,-0.000705,0.271981,lower
L3,none,0.44,0.4400,-0.000000,0.000000,0.588454,upper
L3,none,0.44,0.4400,0.000004,0.000389,0.566029,upper
L3,none,0.44,0.4400,0.000019,0.000793,0.541460,upper
L3,none,0.44,0.4400,0.000043,0.001214,0.514291,upper
L3,none,0.44,0.4400,0.000080,0.001650,0.484589,upper
L3,none,0.44,0.4400,0.000131,0.002104,0.452133,upper
L3,none,0.44,0.4400,0.000196,0.002574,0.416799,upper
L3,none,0.44,0.4400,0.000278,0.003062,0.378432,upper
L3,none,0.44,0.4400,0.000377,0.003566,0.336901,upper
L3,none,0.44,0.4400,0.000497,0.004088,0.292094,upper
L3,none,0.44,0.4400,0.000638,0.004627,0.243923,upper
L3,none,0.44,0.4400,0.000803,0.005183,0.192332,upper
L3,none,0.44,0.4400,0.000993,0.005755,0.137307,upper
L3,none,0.44,0.4400,0.001211,0.006343,0.078876,upper
L3,none,0.44,0.4400,0.001458,0.006948,0.017131,upper
L3,none,0.44,0.4400,0.001738,0.007567,-0.047769,upper
L3,none,0.44,0.4400,0.002052,0.008200,-0.115597,upper
L3,none,0.44,0.4400,0.002402,0.008847,-0.186043,upper
L3,none,0.44,0.4400,0.002791,0.009505,-0.258710,upper
L3,none,0.44,0.4400,0.003221,0.010175,-0.333113,upper
L3,none,0.44,0.4400,0.003694,0.010854,-0.408677,upper
L3,none,0.44,0.4400,0.004212,0.011542,-0.484740,upper
L3,none,0.44,0.4400,0.004777,0.012236,-0.560564,upper
L3,none,0.44,0.4400,0.005392,0.012935,-0.635345,upper
L3,none,0.44,0.4400,0.006058,0.013638,-0.708231,upper
L3,none,0.44,0.4400,0.006777,0.014342,-0.778343,upper
L3,none,0.44,0.4400,0.007551,0.015047,-0.844800,upper
L3,none,0.44,0.4400,0.008382,0.015751,-0.906747,upper
L3,none,0.44,0.4400,0.009271,0.016451,-0.963389,upper
L3,none,0.44,0.4400,0.010219,0.017147,-1.014022,upper
L3,none,0.44,0.4400,0.011228,0.017838,-1.058058,upper
L3,none,0.44,0.4400,0.012300,0.018521,-1.095059,upper
L3,none,0.44,0.4400,0.013436,0.019195,-1.124769,upper
L3,none,0.44,0.4400,0.014637,0.019860,-1.147100,upper
L3,none,0.44,0.4400,0.015904,0.020515,-1.162125,upper
L3,none,0.44,0.4400,0.017239,0.021159,-1.170088,upper
L3,none,0.44,0.4400,0.018643,0.021791,-1.171377,upper
L3,none,0.44,0.4400,0.020117,0.022410,-1.166500,upper
L3,none,0.44,0.4400,0.021664,0.023016,-1.156051,upper
L3,none,0.44,0.4400,0.023284,0.023610,-1.140682,upper
L3,none,0.44,0.4400,0.024979,0.024190,-1.121073,upper
L3,none,0.44,0.4400,0.026750,0.024757,-1.097910,upper
L3,none,0.44,0.4400,0.028600,0.025311,-1.071862,upper
L3,none,0.44,0.4400,0.030531,0.025853,-1.043564,upper
L3,none,0.44,0.4400,0.032543,0.026382,-1.013610,upper
L3,none,0.44,0.4400,0.034640,0.026899,-0.982539,upper
L3,none,0.44,0.4400,0.036823,0.027404,-0.950835,upper
L3,none,0.44,0.4400,0.039094,0.027899,-0.918917,upper
L3,none,0.44,0.4400,0.041456,0.028383,-0.887146,upper
L3,none,0.44,0.4400,0.043912,0.028859,-0.855824,upper
L3,none,0.44,0.4400,0.046463,0.029326,-0.825197,upper
L3,none,0.44,0.4400,0.049112,0.029785,-0.795470,upper
L3,none,0.44,0.4400,0.051862,0.030238,-0.766805,upper
L3,none,0.44,0.4400,0.054716,0.030686,-0.739332,upper
L3,none,0.44,0.4400,0.057676,0.031129,-0.713150,upper
L3,none,0.44,0.4400,0.060746,0.031569,-0.688332,upper
L3,none,0.44,0.4400,0.063928,0.032006,-0.664932,upper
L3,none,0.44,0.4400,0.067226,0.032442,-0.642979,upper
L3,none,0.44,0.4400,0.070642,0.032877,-0.622489,upper
L3,none,0.44,0.4400,0.074181,0.033313,-0.603459,upper
L3,none,0.44,0.4400,0.077844,0.033751,-0.585873,upper
L3,none,0.44,0.4400,0.081635,0.034191,-0.569704,upper
L3,none,0.44,0.4400,0.085558,0.034634,-0.554912,upper
L3,none,0.44,0.4400,0.089616,0.035080,-0.541448,upper
L3,none,0.44,0.4400,0.093813,0.035530,-0.529254,upper
L3,none,0.44,0.4400,0.098151,0.035985,-0.518261,upper
L3,none,0.44,0.4400,0.102634,0.036444,-0.508397,upper
L3,none,0.44,0.4400,0.107265,0.036907,-0.499581,upper
L3,none,0.44,0.4400,0.112049,0.037375,-0.491725,upper
L3,none,0.44,0.4400,0.116988,0.037847,-0.484738,upper
L3,none,0.44,0.4400,0.122085,0.038323,-0.478525,upper
L3,none,0.44,0.4400,0.127344,0.038801,-0.472990,upper
L3,none,0.44,0.4400,0.132769,0.039282,-0.468031,upper
L3,none,0.44,0.4400,0.138361,0.039764,-0.463551,upper
L3,none,0.44,0.4400,0.144125,0.040246,-0.459454,upper
L3,none,0.44,0.4400,0.150063,0.040726,-0.455645,upper
L3,none,0.44,0.4400,0.156179,0.041204,-0.452036,upper
L3,none,0.44,0.4400,0.162474,0.041678,-0.448547,upper
L3,none,0.44,0.4400,0.168952,0.042147,-0.445105,upper
L3,none,0.44,0.4400,0.175614,0.042610,-0.441647,upper
L3,none,0.44,0.4400,0.182464,0.043064,-0.438125,upper
L3,none,0.44,0.4400,0.189502,0.043509,-0.434500,upper
L3,none,0.44,0.4400,0.196731,0.043942,-0.430748,upper
L3,none,0.44,0.4400,0.204152,0.044364,-0.426860,upper
L3,none,0.44,0.4400,0.211767,0.044773,-0.422838,upper
L3,none,0.44,0.4400,0.219576,0.045168,-0.418697,upper
L3,none,0.44,0.4400,0.227580,0.045547,-0.414465,upper
L3,none,0.44,0.4400,0.235780,0.045911,-0.410176,upper
L3,none,0.44,0.4400,0.244175,0.046258,-0.405875,upper
L3,none,0.44,0.4400,0.252765,0.046588,-0.401608,upper
L3,none,0.44,0.4400,0.261551,0.046900,-0.397424,upper
L3,none,0.44,0.4400,0.270530,0.047194,-0.393370,upper
L3,none,0.44,0.4400,0.279701,0.047468,-0.389487,upper
L3,none,0.44,0.4400,0.289064,0.047723,-0.385810,upper
L3,none,0.44,0.4400,0.298615,0.047957,-0.382362,upper
L3,none,0.44,0.4400,0.308352,0.048168,-0.379156,upper
L3,none,0.44,0.4400,0.318273,0.048357,-0.376189,upper
L3,none,0.44,0.4400,0.328374,0.048520,-0.373440,upper
L3,none,0.44,0.4400,0.338651,0.048657,-0.370876,upper
L3,none,0.44,0.4400,0.349100,0.048765,-0.368445,upper
L3,none,0.44,0.4400,0.359716,0.048843,-0.366082,upper
L3,none,0.44,0.4400,0.370496,0.048887,-0.363708,upper
L3,none,0.44,0.4400,0.381432,0.048894,-0.361235,upper
L3,none,0.44,0.4400,0.392519,0.048863,-0.358568,upper
L3,none,0.44,0.4400,0.403750,0.048790,-0.355609,upper
L3,none,0.44,0.4400,0.415120,0.048673,-0.352262,upper
L3,none,0.44,0.4400,0.426620,0.048509,-0.348436,upper
L3,none,0.44,0.4400,0.438243,0.048297,-0.344053,upper
L3,none,0.44,0.4400,0.449981,0.048033,-0.339045,upper
L3,none,0.44,0.4400,0.461826,0.047717,-0.333367,upper
L3,none,0.44,0.4400,0.473769,0.047347,-0.326992,upper
L3,none,0.44,0.4400,0.485800,0.046924,-0.319921,upper
L3,none,0.44,0.4400,0.497911,0.046447,-0.312177,upper
L3,none,0.44,0.4400,0.510092,0.045918,-0.303804,upper
L3,none,0.44,0.4400,0.522334,0.045337,-0.294865,upper
L3,none,0.44,0.4400,0.534626,0.044707,-0.285437,upper
L3,none,0.44,0.4400,0.546959,0.044030,-0.275608,upper
L3,none,0.44,0.4400,0.559322,0.043308,-0.265474,upper
L3,none,0.44,0.4400,0.571705,0.042545,-0.255135,upper
L3,none,0.44,0.4400,0.584099,0.041745,-0.244686,upper
L3,none,0.44,0.4400,0.596493,0.040910,-0.234222,upper
L3,none,0.44,0.4400,0.608876,0.040043,-0.223826,upper
L3,none,0.44,0.4400,0.621239,0.039149,-0.213566,upper
L3,none,0.44,0.4400,0.633572,0.038230,-0.203502,upper
L3,none,0.44,0.4400,0.645864,0.037290,-0.193674,upper
L3,none,0.44,0.4400,0.658106,0.036330,-0.184107,upper
L3,none,0.44,0.4400,0.670288,0.035354,-0.174814,upper
L3,none,0.44,0.4400,0.682401,0.034364,-0.165789,upper
L3,none,0.44,0.4400,0.694435,0.033360,-0.157016,upper
L3,none,0.44,0.4400,0.706381,0.032346,-0.148468,upper
L3,none,0.44,0.4400,0.718230,0.031322,-0.140111,upper
L3,none,0.44,0.4400,0.729973,0.030288,-0.131901,upper
L3,none,0.44,0.4400,0.741604,0.029247,-0.123792,upper
L3,none,0.44,0.4400,0.753112,0.028199,-0.115739,upper
L3,none,0.44,0.4400,0.764492,0.027144,-0.107691,upper
L3,none,0.44,0.4400,0.775735,0.026084,-0.099602,upper
L3,none,0.44,0.4400,0.786835,0.025019,-0.091428,upper
L3,none,0.44,0.4400,0.797785,0.023949,-0.083127,upper
L3,none,0.44,0.4400,0.808581,0.022876,-0.074658,upper
L3,none,0.44,0.4400,0.819215,0.021800,-0.065985,upper
L3,none,0.44,0.4400,0.829682,0.020722,-0.057072,upper
L3,none,0.44,0.4400,0.839979,0.019643,-0.047885,upper
L3,none,0.44,0.4400,0.850101,0.018564,-0.038390,upper
L3,none,0.44,0.4400,0.860044,0.017485,-0.028550,upper
L3,none,0.44,0.4400,0.869805,0.016409,-0.018331,upper
L3,none,0.44,0.4400,0.879380,0.015336,-0.007692,upper
L3,none,0.44,0.4400,0.888767,0.014267,0.003409,upper
L3,none,0.44,0.4400,0.897965,0.013204,0.015017,upper
L3,none,0.44,0.4400,0.906971,0.012147,0.027185,upper
L3,none,0.44,0.4400,0.915784,0.011100,0.039968,upper
L3,none,0.44,0.4400,0.924403,0.010062,0.053431,upper
L3,none,0.44,0.4400,0.932828,0.009037,0.067649,upper
L3,none,0.44,0.4400,0.941059,0.008025,0.082716,upper
L3,none,0.44,0.4400,0.949096,0.007029,0.098754,upper
L3,none,0.44,0.4400,0.956938,0.006050,0.115931,upper
L3,none,0.44,0.4400,0.964589,0.005093,0.134505,upper
L3,none,0.44,0.4400,0.972047,0.004158,0.154880,upper
L3,none,0.44,0.4400,0.979316,0.003249,0.177934,upper
L3,none,0.44,0.4400,0.986396,0.002368,0.204939,upper
L3,none,0.44,0.4400,0.993290,0.001519,0.238214,upper
L3,none,0.44,0.4400,1.000000,0.000705,0.274471,upper
L3,none,0.44,0.4400,-0.000000,0.000000,0.588454,lower
L3,none,0.44,0.4400,0.000004,-0.000389,0.609989,lower
L3,none,0.44,0.4400,0.000019,-0.000793,0.630815,lower
L3,none,0.44,0.4400,0.000043,-0.001214,0.650769,lower
L3,none,0.44,0.4400,0.000080,-0.001650,0.669882,lower
L3,none,0.44,0.4400,0.000131,-0.002104,0.687921,lower
L3,none,0.44,0.4400,0.000196,-0.002574,0.704706,lower
L3,none,0.44,0.4400,0.000278,-0.003062,0.720015,lower
L3,none,0.44,0.4400,0.000377,-0.003566,0.733628,lower
L3,none,0.44,0.4400,0.000497,-0.004088,0.745311,lower
L3,none,0.44,0.4400,0.000638,-0.004627,0.754832,lower
L3,none,0.44,0.4400,0.000803,-0.005183,0.761956,lower
L3,none,0.44,0.4400,0.000993,-0.005755,0.766460,lower
L3,none,0.44,0.4400,0.001211,-0.006343,0.768131,lower
L3,none,0.44,0.4400,0.001458,-0.006948,0.766774,lower
L3,none,0.44,0.4400,0.001738,-0.007567,0.762223,lower
L3,none,0.44,0.4400,0.002052,-0.008200,0.754346,lower
L3,none,0.44,0.4400,0.002402,-0.008847,0.743053,lower
L3,none,0.44,0.4400,0.002791,-0.009505,0.728307,lower
L3,none,0.44,0.4400,0.003221,-0.010175,0.710130,lower
L3,none,0.44,0.4400,0.003694,-0.010854,0.688607,lower
L3,none,0.44,0.4400,0.004212,-0.011542,0.663895,lower
L3,none,0.44,0.4400,0.004777,-0.012236,0.636218,lower
L3,none,0.44,0.4400,0.005392,-0.012935,0.605871,lower
L3,none,0.44,0.4400,0.006058,-0.013638,0.573207,lower
L3,none,0.44,0.4400,0.006777,-0.014342,0.538638,lower
L3,none,0.44,0.4400,0.007551,-0.015047,0.502614,lower
L3,none,0.44,0.4400,0.008382,-0.015751,0.465619,lower
L3,none,0.44,0.4400,0.009271,-0.016451,0.428146,lower
L3,none,0.44,0.4400,0.010219,-0.017147,0.390691,lower
L3,none,0.44,0.4400,0.011228,-0.017838,0.353728,lower
L3,none,0.44,0.4400,0.012300,-0.018521,0.317701,lower
L3,none,0.44,0.4400,0.013436,-0.019195,0.283008,lower
L3,none,0.44,0.4400,0.014637,-0.019860,0.249991,lower
L3,none,0.44,0.4400,0.015904,-0.020515,0.218931,lower
L3,none,0.44,0.4400,0.017239,-0.021159,0.190043,lower
L3,none,0.44,0.4400,0.018643,-0.021791,0.163478,lower
L3,none,0.44,0.4400,0.020117,-0.022410,0.139323,lower
L3,none,0.44,0.4400,0.021664,-0.023016,0.117609,lower
L3,none,0.44,0.4400,0.023284,-0.023610,0.098312,lower
L3,none,0.44,0.4400,0.024979,-0.024190,0.081365,lower
L3,none,0.44,0.4400,0.026750,-0.024757,0.066666,lower
L3,none,0.44,0.4400,0.028600,-0.025311,0.054080,lower
L3,none,0.44,0.4400,0.030531,-0.025853,0.043451,lower
L3,none,0.44,0.4400,0.032543,-0.026382,0.034610,lower
L3,none,0.44,0.4400,0.034640,-0.026899,0.027376,lower
L3,none,0.44,0.4400,0.036823,-0.027404,0.021565,lower
L3,none,0.44,0.4400,0.039094,-0.027899,0.016996,lower
L3,none,0.44,0.4400,0.041456,-0.028383,0.013490,lower
L3,none,0.44,0.4400,0.043912,-0.028859,0.010876,lower
L3,none,0.44,0.4400,0.046463,-0.029326,0.008992,lower
L3,none,0.44,0.4400,0.049112,-0.029785,0.007687,lower
L3,none,0.44,0.4400,0.051862,-0.030238,0.006819,lower
L3,none,0.44,0.4400,0.054716,-0.030686,0.006261,lower
L3,none,0.44,0.4400,0.057676,-0.031129,0.005896,lower
L3,none,0.44,0.4400,0.060746,-0.031569,0.005617,lower
L3,none,0.44,0.4400,0.063928,-0.032006,0.005333,lower
L3,none,0.44,0.4400,0.067226,-0.032442,0.004961,lower
L3,none,0.44,0.4400,0.070642,-0.032877,0.004430,lower
L3,none,0.44,0.4400,0.074181,-0.033313,0.003681,lower
L3,none,0.44,0.4400,0.077844,-0.033751,0.002663,lower
L3,none,0.44,0.4400,0.081635,-0.034191,0.001338,lower
L3,none,0.44,0.4400,0.085558,-0.034634,-0.000324,lower
L3,none,0.44,0.4400,0.089616,-0.035080,-0.002344,lower
L3,none,0.44,0.4400,0.093813,-0.035530,-0.004733,lower
L3,none,0.44,0.4400,0.098151,-0.035985,-0.007493,lower
L3,none,0.44,0.4400,0.102634,-0.036444,-0.010619,lower
L3,none,0.44,0.4400,0.107265,-0.036907,-0.014098,lower
L3,none,0.44,0.4400,0.112049,-0.037375,-0.017908,lower
L3,none,0.44,0.4400,0.116988,-0.037847,-0.022022,lower
L3,none,0.44,0.4400,0.122085,-0.038323,-0.026406,lower
L3,none,0.44,0.4400,0.127344,-0.038801,-0.031020,lower
L3,none,0.44,0.4400,0.132769,-0.039282,-0.035821,lower
L3,none,0.44,0.4400,0.138361,-0.039764,-0.040762,lower
L3,none,0.44,0.4400,0.144125,-0.040246,-0.045793,lower
L3,none,0.44,0.4400,0.150063,-0.040726,-0.050864,lower
L3,none,0.44,0.4400,0.156179,-0.041204,-0.055926,lower
L3,none,0.44,0.4400,0.162474,-0.041678,-0.060930,lower
L3,none,0.44,0.4400,0.168952,-0.042147,-0.065833,lower
L3,none,0.44,0.4400,0.175614,-0.042610,-0.070594,lower
L3,none,0.44,0.4400,0.182464,-0.043064,-0.075182,lower
L3,none,0.44,0.4400,0.189502,-0.043509,-0.079570,lower
L3,none,0.44,0.4400,0.196731,-0.043942,-0.083742,lower
L3,none,0.44,0.4400,0.204152,-0.044364,-0.087688,lower
L3,none,0.44,0.4400,0.211767,-0.044773,-0.091410,lower
L3,none,0.44,0.4400,0.219576,-0.045168,-0.094918,lower
L3,none,0.44,0.4400,0.227580,-0.045547,-0.098230,lower
L3,none,0.44,0.4400,0.235780,-0.045911,-0.101374,lower
L3,none,0.44,0.4400,0.244175,-0.046258,-0.104379,lower
L3,none,0.44,0.4400,0.252765,-0.046588,-0.107283,lower
L3,none,0.44,0.4400,0.261551,-0.046900,-0.110124,lower
L3,none,0.44,0.4400,0.270530,-0.047194,-0.112940,lower
L3,none,0.44,0.4400,0.279701,-0.047468,-0.115767,lower
L3,none,0.44,0.4400,0.289064,-0.047723,-0.118636,lower
L3,none,0.44,0.4400,0.298615,-0.047957,-0.121571,lower
L3,none,0.44,0.4400,0.308352,-0.048168,-0.124585,lower
L3,none,0.44,0.4400,0.318273,-0.048357,-0.127683,lower
L3,none,0.44,0.4400,0.328374,-0.048520,-0.130855,lower
L3,none,0.44,0.4400,0.338651,-0.048657,-0.134078,lower
L3,none,0.44,0.4400,0.349100,-0.048765,-0.137317,lower
L3,none,0.44,0.4400,0.359716,-0.048843,-0.140523,lower
L3,none,0.44,0.4400,0.370496,-0.048887,-0.143635,lower
L3,none,0.44,0.4400,0.381432,-0.048894,-0.146585,lower
L3,none,0.44,0.4400,0.392519,-0.048863,-0.149294,lower
L3,none,0.44,0.4400,0.403750,-0.048790,-0.151682,lower
L3,none,0.44,0.4400,0.415120,-0.048673,-0.153668,lower
L3,none,0.44,0.4400,0.426620,-0.048509,-0.155172,lower
L3,none,0.44,0.4400,0.438243,-0.048297,-0.156125,lower
L3,none,0.44,0.4400,0.449981,-0.048033,-0.156465,lower
L3,none,0.44,0.4400,0.461826,-0.047717,-0.156148,lower
L3,none,0.44,0.4400,0.473769,-0.047347,-0.155144,lower
L3,none,0.44,0.4400,0.485800,-0.046924,-0.153443,lower
L3,none,0.44,0.4400,0.497911,-0.046447,-0.151054,lower
L3,none,0.44,0.4400,0.510092,-0.045918,-0.148006,lower
L3,none,0.44,0.4400,0.522334,-0.045337,-0.144346,lower
L3,none,0.44,0.4400,0.534626,-0.044707,-0.140132,lower
L3,none,0.44,0.4400,0.546959,-0.044030,-0.135438,lower
L3,none,0.44,0.4400,0.559322,-0.043308,-0.130346,lower
L3,none,0.44,0.4400,0.571705,-0.042545,-0.124940,lower
L3,none,0.44,0.4400,0.584099,-0.041745,-0.119307,lower
L3,none,0.44,0.4400,0.596493,-0.040910,-0.113528,lower
L3,none,0.44,0.4400,0.608876,-0.040043,-0.107678,lower
L3,none,0.44,0.4400,0.621239,-0.039149,-0.101825,lower
L3,none,0.44,0.4400,0.633572,-0.038230,-0.096022,lower
L3,none,0.44,0.4400,0.645864,-0.037290,-0.090310,lower
L3,none,0.44,0.4400,0.658106,-0.036330,-0.084719,lower
L3,none,0.44,0.4400,0.670288,-0.035354,-0.079263,lower
L3,none,0.44,0.4400,0.682401,-0.034364,-0.073944,lower
L3,none,0.44,0.4400,0.694435,-0.033360,-0.068753,lower
L3,none,0.44,0.4400,0.706381,-0.032346,-0.063669,lower
L3,none,0.44,0.4400,0.718230,-0.031322,-0.058667,lower
L3,none,0.44,0.4400,0.729973,-0.030288,-0.053713,lower
L3,none,0.44,0.4400,0.741604,-0.029247,-0.048768,lower
L3,none,0.44,0.4400,0.753112,-0.028199,-0.043793,lower
L3,none,0.44,0.4400,0.764492,-0.027144,-0.038747,lower
L3,none,0.44,0.4400,0.775735,-0.026084,-0.033590,lower
L3,none,0.44,0.4400,0.786835,-0.025019,-0.028283,lower
L3,none,0.44,0.4400,0.797785,-0.023949,-0.022788,lower
L3,none,0.44,0.4400,0.808581,-0.022876,-0.017069,lower
L3,none,0.44,0.4400,0.819215,-0.021800,-0.011095,lower
L3,none,0.44,0.4400,0.829682,-0.020722,-0.004831,lower
L3,none,0.44,0.4400,0.839979,-0.019643,0.001752,lower
L3,none,0.44,0.4400,0.850101,-0.018564,0.008686,lower
L3,none,0.44,0.4400,0.860044,-0.017485,0.016003,lower
L3,none,0.44,0.4400,0.869805,-0.016409,0.023738,lower
L3,none,0.44,0.4400,0.879380,-0.015336,0.031926,lower
L3,none,0.44,0.4400,0.888767,-0.014267,0.040607,lower
L3,none,0.44,0.4400,0.897965,-0.013204,0.049824,lower
L3,none,0.44,0.4400,0.906971,-0.012147,0.059623,lower
L3,none,0.44,0.4400,0.915784,-0.011100,0.070058,lower
L3,none,0.44,0.4400,0.924403,-0.010062,0.081190,lower
L3,none,0.44,0.4400,0.932828,-0.009037,0.093088,lower
L3,none,0.44,0.4400,0.941059,-0.008025,0.105839,lower
L3,none,0.44,0.4400,0.949096,-0.007029,0.119557,lower
L3,none,0.44,0.4400,0.956938,-0.006050,0.134398,lower
L3,none,0.44,0.4400,0.964589,-0.005093,0.150602,lower
L3,none,0.44,0.4400,0.972047,-0.004158,0.168546,lower
L3,none,0.44,0.4400,0.979316,-0.003249,0.189053,lower
L3,none,0.44,0.4400,0.986396,-0.002368,0.213339,lower
L3,none,0.44,0.4400,0.993290,-0.001519,0.243896,lower
L3,none,0.44,0.4400,1.000000,-0.000705,0.276489,lower
L3,none,0.65,0.6500,0.000000,0.000000,0.564703,upper
L3,none,0.65,0.6500,0.000004,0.000389,0.540875,upper
L3,none,0.65,0.6500,0.000019,0.000793,0.514854,upper
L3,none,0.65,0.6500,0.000043,0.001214,0.486170,upper
L3,none,0.65,0.6500,0.000080,0.001650,0.454894,upper
L3,none,0.65,0.6500,0.000131,0.002104,0.420803,upper
L3,none,0.65,0.6500,0.000196,0.002574,0.383774,upper
L3,none,0.65,0.6500,0.000278,0.003062,0.343652,upper
L3,none,0.65,0.6500,0.000377,0.003566,0.300309,upper
L3,none,0.65,0.6500,0.000497,0.004088,0.253635,upper
L3,none,0.65,0.6500,0.000638,0.004627,0.203544,upper
L3,none,0.65,0.6500,0.000803,0.005183,0.149985,upper
L3,none,0.65,0.6500,0.000993,0.005755,0.092947,upper
L3,none,0.65,0.6500,0.001211,0.006343,0.032465,upper
L3,none,0.65,0.6500,0.001458,0.006948,-0.031361,upper
L3,none,0.65,0.6500,0.001738,0.007567,-0.098365,upper
L3,none,0.65,0.6500,0.002052,0.008200,-0.168308,upper
L3,none,0.65,0.6500,0.002402,0.008847,-0.240870,upper
L3,none,0.65,0.6500,0.002791,0.009505,-0.315640,upper
L3,none,0.65,0.6500,0.003221,0.010175,-0.392115,upper
L3,none,0.65,0.6500,0.003694,0.010854,-0.469705,upper
L3,none,0.65,0.6500,0.004212,0.011542,-0.547728,upper
L3,none,0.65,0.6500,0.004777,0.012236,-0.625424,upper
L3,none,0.65,0.6500,0.005392,0.012935,-0.701966,upper
L3,none,0.65,0.6500,0.006058,0.013638,-0.776476,upper
L3,none,0.65,0.6500,0.006777,0.014342,-0.848049,upper
L3,none,0.65,0.6500,0.007551,0.015047,-0.915774,upper
L3,none,0.65,0.6500,0.008382,0.015751,-0.978769,upper
L3,none,0.65,0.6500,0.009271,0.016451,-1.036209,upper
L3,none,0.65,0.6500,0.010219,0.017147,-1.087358,upper
L3,none,0.65,0.6500,0.011228,0.017838,-1.131603,upper
L3,none,0.65,0.6500,0.012300,0.018521,-1.168498,upper
L3,none,0.65,0.6500,0.013436,0.019195,-1.197772,upper
L3,none,0.65,0.6500,0.014637,0.019860,-1.219328,upper
L3,none,0.65,0.6500,0.015904,0.020515,-1.233252,upper
L3,none,0.65,0.6500,0.017239,0.021159,-1.239812,upper
L3,none,0.65,0.6500,0.018643,0.021791,-1.239428,upper
L3,none,0.65,0.6500,0.020117,0.022410,-1.232650,upper
L3,none,0.65,0.6500,0.021664,0.023016,-1.220117,upper
L3,none,0.65,0.6500,0.023284,0.023610,-1.202526,upper
L3,none,0.65,0.6500,0.024979,0.024190,-1.180605,upper
L3,none,0.65,0.6500,0.026750,0.024757,-1.155077,upper
L3,none,0.65,0.6500,0.028600,0.025311,-1.126650,upper
L3,none,0.65,0.6500,0.030531,0.025853,-1.095987,upper
L3,none,0.65,0.6500,0.032543,0.026382,-1.063707,upper
L3,none,0.65,0.6500,0.034640,0.026899,-1.030369,upper
L3,none,0.65,0.6500,0.036823,0.027404,-0.996469,upper
L3,none,0.65,0.6500,0.039094,0.027899,-0.962442,upper
L3,none,0.65,0.6500,0.041456,0.028383,-0.928653,upper
L3,none,0.65,0.6500,0.043912,0.028859,-0.895408,upper
L3,none,0.65,0.6500,0.046463,0.029326,-0.862956,upper
L3,none,0.65,0.6500,0.049112,0.029785,-0.831498,upper
L3,none,0.65,0.6500,0.051862,0.030238,-0.801196,upper
L3,none,0.65,0.6500,0.054716,0.030686,-0.772175,upper
L3,none,0.65,0.6500,0.057676,0.031129,-0.744531,upper
L3,none,0.65,0.6500,0.060746,0.031569,-0.718333,upper
L3,none,0.65,0.6500,0.063928,0.032006,-0.693629,upper
L3,none,0.65,0.6500,0.067226,0.032442,-0.670445,upper
L3,none,0.65,0.6500,0.070643,0.032877,-0.648790,upper
L3,none,0.65,0.6500,0.074181,0.033313,-0.628659,upper
L3,none,0.65,0.6500,0.077844,0.033751,-0.610031,upper
L3,none,0.65,0.6500,0.081635,0.034191,-0.592873,upper
L3,none,0.65,0.6500,0.085558,0.034634,-0.577142,upper
L3,none,0.65,0.6500,0.089616,0.035080,-0.562784,upper
L3,none,0.65,0.6500,0.093813,0.035530,-0.549736,upper
L3,none,0.65,0.6500,0.098151,0.035985,-0.537927,upper
L3,none,0.65,0.6500,0.102634,0.036444,-0.527280,upper
L3,none,0.65,0.6500,0.107265,0.036907,-0.517709,upper
L3,none,0.65,0.6500,0.112049,0.037375,-0.509125,upper
L3,none,0.65,0.6500,0.116988,0.037847,-0.501432,upper
L3,none,0.65,0.6500,0.122085,0.038323,-0.494532,upper
L3,none,0.65,0.6500,0.127344,0.038801,-0.488324,upper
L3,none,0.65,0.6500,0.132769,0.039282,-0.482708,upper
L3,none,0.65,0.6500,0.138361,0.039764,-0.477581,upper
L3,none,0.65,0.6500,0.144125,0.040246,-0.472843,upper
L3,none,0.65,0.6500,0.150064,0.040726,-0.468401,upper
L3,none,0.65,0.6500,0.156179,0.041204,-0.464164,upper
L3,none,0.65,0.6500,0.162474,0.041678,-0.460048,upper
L3,none,0.65,0.6500,0.168952,0.042147,-0.455982,upper
L3,none,0.65,0.6500,0.175614,0.042610,-0.451901,upper
L3,none,0.65,0.6500,0.182464,0.043064,-0.447756,upper
L3,none,0.65,0.6500,0.189502,0.043509,-0.443509,upper
L3,none,0.65,0.6500,0.196731,0.043942,-0.439135,upper
L3,none,0.65,0.6500,0.204152,0.044364,-0.434624,upper
L3,none,0.65,0.6500,0.211767,0.044773,-0.429980,upper
L3,none,0.65,0.6500,0.219576,0.045168,-0.425219,upper
L3,none,0.65,0.6500,0.227580,0.045547,-0.420368,upper
L3,none,0.65,0.6500,0.235779,0.045911,-0.415465,upper
L3,none,0.65,0.6500,0.244175,0.046258,-0.410551,upper
L3,none,0.65,0.6500,0.252765,0.046588,-0.405676,upper
L3,none,0.65,0.6500,0.261551,0.046900,-0.400888,upper
L3,none,0.65,0.6500,0.270530,0.047194,-0.396235,upper
L3,none,0.65,0.6500,0.279701,0.047468,-0.391759,upper
L3,none,0.65,0.6500,0.289064,0.047723,-0.387496,upper
L3,none,0.65,0.6500,0.298615,0.047957,-0.383469,upper
L3,none,0.65,0.6500,0.308352,0.048168,-0.379690,upper
L3,none,0.65,0.6500,0.318273,0.048357,-0.376156,upper
L3,none,0.65,0.6500,0.328374,0.048520,-0.372849,upper
L3,none,0.65,0.6500,0.338651,0.048657,-0.369734,upper
L3,none,0.65,0.6500,0.349100,0.048765,-0.366760,upper
L3,none,0.65,0.6500,0.359716,0.048843,-0.363863,upper
L3,none,0.65,0.6500,0.370496,0.048887,-0.360963,upper
L3,none,0.65,0.6500,0.381432,0.048894,-0.357974,upper
L3,none,0.65,0.6500,0.392519,0.048863,-0.354802,upper
L3,none,0.65,0.6500,0.403750,0.048790,-0.351349,upper
L3,none,0.65,0.6500,0.415120,0.048673,-0.347521,upper
L3,none,0.65,0.6500,0.426620,0.048509,-0.343230,upper
L3,none,0.65,0.6500,0.438243,0.048297,-0.338395,upper
L3,none,0.65,0.6500,0.449981,0.048033,-0.332954,upper
L3,none,0.65,0.6500,0.461826,0.047717,-0.326861,upper
L3,none,0.65,0.6500,0.473769,0.047347,-0.320091,upper
L3,none,0.65,0.6500,0.485800,0.046924,-0.312646,upper
L3,none,0.65,0.6500,0.497911,0.046447,-0.304551,upper
L3,none,0.65,0.6500,0.510092,0.045918,-0.295850,upper
L3,none,0.65,0.6500,0.522334,0.045337,-0.286609,upper
L3,none,0.65,0.6500,0.534626,0.044707,-0.276905,upper
L3,none,0.65,0.6500,0.546959,0.044030,-0.266824,upper
L3,none,0.65,0.6500,0.559322,0.043308,-0.256465,upper
L3,none,0.65,0.6500,0.571705,0.042545,-0.245926,upper
L3,none,0.65,0.6500,0.584099,0.041745,-0.235304,upper
L3,none,0.65,0.6500,0.596493,0.040910,-0.224691,upper
L3,none,0.65,0.6500,0.608876,0.040043,-0.214169,upper
L3,none,0.65,0.6500,0.621239,0.039149,-0.203810,upper
L3,none,0.65,0.6500,0.633572,0.038230,-0.193669,upper
L3,none,0.65,0.6500,0.645864,0.037290,-0.183788,upper
L3,none,0.65,0.6500,0.658106,0.036330,-0.174190,upper
L3,none,0.65,0.6500,0.670288,0.035354,-0.164887,upper
L3,none,0.65,0.6500,0.682401,0.034364,-0.155873,upper
L3,none,0.65,0.6500,0.694435,0.033360,-0.147131,upper
L3,none,0.65,0.6500,0.706381,0.032346,-0.138634,upper
L3,none,0.65,0.6500,0.718230,0.031322,-0.130344,upper
L3,none,0.65,0.6500,0.729973,0.030288,-0.122219,upper
L3,none,0.65,0.6500,0.741604,0.029247,-0.114212,upper
L3,none,0.65,0.6500,0.753112,0.028199,-0.106275,upper
L3,none,0.65,0.6500,0.764492,0.027144,-0.098359,upper
L3,none,0.65,0.6500,0.775735,0.026084,-0.090417,upper
L3,none,0.65,0.6500,0.786835,0.025019,-0.082402,upper
L3,none,0.65,0.6500,0.797785,0.023949,-0.074272,upper
L3,none,0.65,0.6500,0.808581,0.022876,-0.065986,upper
L3,none,0.65,0.6500,0.819215,0.021800,-0.057507,upper
L3,none,0.65,0.6500,0.829682,0.020722,-0.048797,upper
L3,none,0.65,0.6500,0.839979,0.019643,-0.039823,upper
L3,none,0.65,0.6500,0.850101,0.018564,-0.030547,upper
L3,none,0.65,0.6500,0.860044,0.017485,-0.020936,upper
L3,none,0.65,0.6500,0.869805,0.016409,-0.010949,upper
L3,none,0.65,0.6500,0.879380,0.015336,-0.000549,upper
L3,none,0.65,0.6500,0.888767,0.014267,0.010308,upper
L3,none,0.65,0.6500,0.897965,0.013204,0.021669,upper
L3,none,0.65,0.6500,0.906971,0.012147,0.033585,upper
L3,none,0.65,0.6500,0.915784,0.011100,0.046113,upper
L3,none,0.65,0.6500,0.924403,0.010062,0.059318,upper
L3,none,0.65,0.6500,0.932829,0.009037,0.073274,upper
L3,none,0.65,0.6500,0.941059,0.008025,0.088074,upper
L3,none,0.65,0.6500,0.949096,0.007029,0.103840,upper
L3,none,0.65,0.6500,0.956938,0.006050,0.120738,upper
L3,none,0.65,0.6500,0.964589,0.005093,0.139022,upper
L3,none,0.65,0.6500,0.972047,0.004158,0.159093,upper
L3,none,0.65,0.6500,0.979316,0.003249,0.181814,upper
L3,none,0.65,0.6500,0.986396,0.002368,0.208442,upper
L3,none,0.65,0.6500,0.993290,0.001519,0.241267,upper
L3,none,0.65,0.6500,1.000000,0.000705,0.277057,upper
L3,none,0.65,0.6500,0.000000,0.000000,0.564703,lower
L3,none,0.65,0.6500,0.000004,-0.000389,0.587641,lower
L3,none,0.65,0.6500,0.000019,-0.000793,0.609911,lower
L3,none,0.65,0.6500,0.000043,-0.001214,0.631360,lower
L3,none,0.65,0.6500,0.000080,-0.001650,0.652016,lower
L3,none,0.65,0.6500,0.000131,-0.002104,0.671647,lower
L3,none,0.65,0.6500,0.000196,-0.002574,0.690069,lower
L3,none,0.65,0.6500,0.000278,-0.003062,0.707060,lower
L3,none,0.65,0.6500,0.000377,-0.003566,0.722395,lower
L3,none,0.65,0.6500,0.000497,-0.004088,0.735836,lower
L3,none,0.65,0.6500,0.000638,-0.004627,0.747146,lower
L3,none,0.65,0.6500,0.000803,-0.005183,0.756085,lower
L3,none,0.65,0.6500,0.000993,-0.005755,0.762422,lower
L3,none,0.65,0.6500,0.001211,-0.006343,0.765936,lower
L3,none,0.65,0.6500,0.001458,-0.006948,0.766425,lower
L3,none,0.65,0.6500,0.001738,-0.007567,0.763713,lower
L3,none,0.65,0.6500,0.002052,-0.008200,0.757657,lower
L3,none,0.65,0.6500,0.002402,-0.008847,0.748155,lower
L3,none,0.65,0.6500,0.002791,-0.009505,0.735159,lower
L3,none,0.65,0.6500,0.003221,-0.010175,0.718677,lower
L3,none,0.65,0.6500,0.003694,-0.010854,0.698782,lower
L3,none,0.65,0.6500,0.004212,-0.011542,0.675617,lower
L3,none,0.65,0.6500,0.004777,-0.012236,0.649394,lower
L3,none,0.65,0.6500,0.005392,-0.012935,0.620393,lower
L3,none,0.65,0.6500,0.006058,-0.013638,0.588960,lower
L3,none,0.65,0.6500,0.006777,-0.014342,0.555495,lower
L3,none,0.65,0.6500,0.007551,-0.015047,0.520442,lower
L3,none,0.65,0.6500,0.008382,-0.015751,0.484278,lower
L3,none,0.65,0.6500,0.009271,-0.016451,0.447495,lower
L3,none,0.65,0.6500,0.010219,-0.017147,0.410584,lower
L3,none,0.65,0.6500,0.011228,-0.017838,0.374024,lower
L3,none,0.65,0.6500,0.012300,-0.018521,0.338260,lower
L3,none,0.65,0.6500,0.013436,-0.019195,0.303695,lower
L3,none,0.65,0.6500,0.014637,-0.019860,0.270681,lower
L3,none,0.65,0.6500,0.015904,-0.020515,0.239507,lower
L3,none,0.65,0.6500,0.017239,-0.021159,0.210398,lower
L3,none,0.65,0.6500,0.018643,-0.021791,0.183517,lower
L3,none,0.65,0.6500,0.020117,-0.022410,0.158961,lower
L3,none,0.65,0.6500,0.021664,-0.023016,0.136774,lower
L3,none,0.65,0.6500,0.023284,-0.023610,0.116942,lower
L3,none,0.65,0.6500,0.024979,-0.024190,0.099413,lower
L3,none,0.65,0.6500,0.026750,-0.024757,0.084092,lower
L3,none,0.65,0.6500,0.028600,-0.025311,0.070855,lower
L3,none,0.65,0.6500,0.030531,-0.025853,0.059556,lower
L3,none,0.65,0.6500,0.032543,-0.026382,0.050032,lower
L3,none,0.65,0.6500,0.034640,-0.026899,0.042112,lower
L3,none,0.65,0.6500,0.036823,-0.027404,0.035616,lower
L3,none,0.65,0.6500,0.039094,-0.027899,0.030369,lower
L3,none,0.65,0.6500,0.041456,-0.028383,0.026196,lower
L3,none,0.65,0.6500,0.043912,-0.028859,0.022929,lower
L3,none,0.65,0.6500,0.046463,-0.029326,0.020411,lower
L3,none,0.65,0.6500,0.049112,-0.029785,0.018490,lower
L3,none,0.65,0.6500,0.051862,-0.030238,0.017028,lower
L3,none,0.65,0.6500,0.054716,-0.030686,0.015897,lower
L3,none,0.65,0.6500,0.057676,-0.031129,0.014981,lower
L3,none,0.65,0.6500,0.060746,-0.031569,0.014175,lower
L3,none,0.65,0.6500,0.063928,-0.032006,0.013385,lower
L3,none,0.65,0.6500,0.067226,-0.032442,0.012530,lower
L3,none,0.65,0.6500,0.070643,-0.032877,0.011538,lower
L3,none,0.65,0.6500,0.074181,-0.033313,0.010348,lower
L3,none,0.65,0.6500,0.077844,-0.033751,0.008909,lower
L3,none,0.65,0.6500,0.081635,-0.034191,0.007183,lower
L3,none,0.65,0.6500,0.085558,-0.034634,0.005137,lower
L3,none,0.65,0.6500,0.089616,-0.035080,0.002751,lower
L3,none,0.65,0.6500,0.093813,-0.035530,0.000012,lower
L3,none,0.65,0.6500,0.098151,-0.035985,-0.003083,lower
L3,none,0.65,0.6500,0.102634,-0.036444,-0.006531,lower
L3,none,0.65,0.6500,0.107265,-0.036907,-0.010318,lower
L3,none,0.65,0.6500,0.112049,-0.037375,-0.014424,lower
L3,none,0.65,0.6500,0.116988,-0.037847,-0.018823,lower
L3,none,0.65,0.6500,0.122085,-0.038323,-0.023482,lower
L3,none,0.65,0.6500,0.127344,-0.038801,-0.028362,lower
L3,none,0.65,0.6500,0.132769,-0.039282,-0.033419,lower
L3,none,0.65,0.6500,0.138361,-0.039764,-0.038609,lower
L3,none,0.65,0.6500,0.144125,-0.040246,-0.043881,lower
L3,none,0.65,0.6500,0.150064,-0.040726,-0.049186,lower
L3,none,0.65,0.6500,0.156179,-0.041204,-0.054475,lower
L3,none,0.65,0.6500,0.162474,-0.041678,-0.059700,lower
L3,none,0.65,0.6500,0.168952,-0.042147,-0.064818,lower
L3,none,0.65,0.6500,0.175614,-0.042610,-0.069788,lower
L3,none,0.65,0.6500,0.182464,-0.043064,-0.074578,lower
L3,none,0.65,0.6500,0.189502,-0.043509,-0.079162,lower
L3,none,0.65,0.6500,0.196731,-0.043942,-0.083523,lower
L3,none,0.65,0.6500,0.204152,-0.044364,-0.087652,lower
L3,none,0.65,0.6500,0.211767,-0.044773,-0.091550,lower
L3,none,0.65,0.6500,0.219576,-0.045168,-0.095226,lower
L3,none,0.65,0.6500,0.227580,-0.045547,-0.098700,lower
L3,none,0.65,0.6500,0.235779,-0.045911,-0.101996,lower
L3,none,0.65,0.6500,0.244175,-0.046258,-0.105145,lower
L3,none,0.65,0.6500,0.252765,-0.046588,-0.108184,lower
L3,none,0.65,0.6500,0.261551,-0.046900,-0.111151,lower
L3,none,0.65,0.6500,0.270530,-0.047194,-0.114085,lower
L3,none,0.65,0.6500,0.279701,-0.047468,-0.117019,lower
L3,none,0.65,0.6500,0.289064,-0.047723,-0.119985,lower
L3,none,0.65,0.6500,0.298615,-0.047957,-0.123006,lower
L3,none,0.65,0.6500,0.308352,-0.048168,-0.126098,lower
L3,none,0.65,0.6500,0.318273,-0.048357,-0.129261,lower
L3,none,0.65,0.6500,0.328374,-0.048520,-0.132489,lower
L3,none,0.65,0.6500,0.338651,-0.048657,-0.135757,lower
L3,none,0.65,0.6500,0.349100,-0.048765,-0.139030,lower
L3,none,0.65,0.6500,0.359716,-0.048843,-0.142260,lower
L3,none,0.65,0.6500,0.370496,-0.048887,-0.145387,lower
L3,none,0.65,0.6500,0.381432,-0.048894,-0.148340,lower
L3,none,0.65,0.6500,0.392519,-0.048863,-0.151045,lower
L3,none,0.65,0.6500,0.403750,-0.048790,-0.153419,lower
L3,none,0.65,0.6500,0.415120,-0.048673,-0.155383,lower
L3,none,0.65,0.6500,0.426620,-0.048509,-0.156858,lower
L3,none,0.65,0.6500,0.438243,-0.048297,-0.157773,lower
L3,none,0.65,0.6500,0.449981,-0.048033,-0.158070,lower
L3,none,0.65,0.6500,0.461826,-0.047717,-0.157703,lower
L3,none,0.65,0.6500,0.473769,-0.047347,-0.156645,lower
L3,none,0.65,0.6500,0.485800,-0.046924,-0.154885,lower
L3,none,0.65,0.6500,0.497911,-0.046447,-0.152434,lower
L3,none,0.65,0.6500,0.510092,-0.045918,-0.149320,lower
L3,none,0.65,0.6500,0.522334,-0.045337,-0.145590,lower
L3,none,0.65,0.6500,0.534626,-0.044707,-0.141306,lower
L3,none,0.65,0.6500,0.546959,-0.044030,-0.136539,lower
L3,none,0.65,0.6500,0.559322,-0.043308,-0.131372,lower
L3,none,0.65,0.6500,0.571705,-0.042545,-0.125890,lower
L3,none,0.65,0.6500,0.584099,-0.041745,-0.120180,lower
L3,none,0.65,0.6500,0.596493,-0.040910,-0.114322,lower
L3,none,0.65,0.6500,0.608876,-0.040043,-0.108394,lower
L3,none,0.65,0.6500,0.621239,-0.039149,-0.102461,lower
L3,none,0.65,0.6500,0.633572,-0.038230,-0.096577,lower
L3,none,0.65,0.6500,0.645864,-0.037290,-0.090785,lower
L3,none,0.65,0.6500,0.658106,-0.036330,-0.085113,lower
L3,none,0.65,0.6500,0.670288,-0.035354,-0.079575,lower
L3,none,0.65,0.6500,0.682401,-0.034364,-0.074174,lower
L3,none,0.65,0.6500,0.694435,-0.033360,-0.068901,lower
L3,none,0.65,0.6500,0.706381,-0.032346,-0.063737,lower
L3,none,0.65,0.6500,0.718230,-0.031322,-0.058654,lower
L3,none,0.65,0.6500,0.729973,-0.030288,-0.053621,lower
L3,none,0.65,0.6500,0.741604,-0.029247,-0.048598,lower
L3,none,0.65,0.6500,0.753112,-0.028199,-0.043546,lower
L3,none,0.65,0.6500,0.764492,-0.027144,-0.038425,lower
L3,none,0.65,0.6500,0.775735,-0.026084,-0.033193,lower
L3,none,0.65,0.6500,0.786835,-0.025019,-0.027813,lower
L3,none,0.65,0.6500,0.797785,-0.023949,-0.022247,lower
L3,none,0.65,0.6500,0.808581,-0.022876,-0.016460,lower
L3,none,0.65,0.6500,0.819215,-0.021800,-0.010417,lower
L3,none,0.65,0.6500,0.829682,-0.020722,-0.004087,lower
L3,none,0.65,0.6500,0.839979,-0.019643,0.002561,lower
L3,none,0.65,0.6500,0.850101,-0.018564,0.009559,lower
L3,none,0.65,0.6500,0.860044,-0.017485,0.016940,lower
L3,none,0.65,0.6500,0.869805,-0.016409,0.024736,lower
L3,none,0.65,0.6500,0.879380,-0.015336,0.032986,lower
L3,none,0.65,0.6500,0.888767,-0.014267,0.041727,lower
L3,none,0.65,0.6500,0.897965,-0.013204,0.051004,lower
L3,none,0.65,0.6500,0.906971,-0.012147,0.060864,lower
L3,none,0.65,0.6500,0.915784,-0.011100,0.071359,lower
L3,none,0.65,0.6500,0.924403,-0.010062,0.082552,lower
L3,none,0.65,0.6500,0.932829,-0.009037,0.094512,lower
L3,none,0.65,0.6500,0.941059,-0.008025,0.107329,lower
L3,none,0.65,0.6500,0.949096,-0.007029,0.121115,lower
L3,none,0.65,0.6500,0.956938,-0.006050,0.136029,lower
L3,none,0.65,0.6500,0.964589,-0.005093,0.152314,lower
L3,none,0.65,0.6500,0.972047,-0.004158,0.170350,lower
L3,none,0.65,0.6500,0.979316,-0.003249,0.190968,lower
L3,none,0.65,0.6500,0.986396,-0.002368,0.215392,lower
L3,none,0.65,0.6500,0.993290,-0.001519,0.246102,lower
L3,none,0.65,0.6500,1.000000,-0.000705,0.278922,lower
L3,none,0.80,0.8000,-0.000000,0.000000,0.559595,upper
L3,none,0.80,0.8000,0.000004,0.000389,0.535659,upper
L3,none,0.80,0.8000,0.000019,0.000793,0.509527,upper
L3,none,0.80,0.8000,0.000043,0.001214,0.480726,upper
L3,none,0.80,0.8000,0.000080,0.001650,0.449328,upper
L3,none,0.80,0.8000,0.000131,0.002104,0.415110,upper
L3,none,0.80,0.8000,0.000196,0.002574,0.377949,upper
L3,none,0.80,0.8000,0.000278,0.003062,0.337690,upper
L3,none,0.80,0.8000,0.000377,0.003566,0.294206,upper
L3,none,0.80,0.8000,0.000497,0.004088,0.247386,upper
L3,none,0.80,0.8000,0.000638,0.004627,0.197146,upper
L3,none,0.80,0.8000,0.000803,0.005183,0.143434,upper
L3,none,0.80,0.8000,0.000993,0.005755,0.086242,upper
L3,none,0.80,0.8000,0.001211,0.006343,0.025604,upper
L3,none,0.80,0.8000,0.001458,0.006948,-0.038379,upper
L3,none,0.80,0.8000,0.001738,0.007567,-0.105539,upper
L3,none,0.80,0.8000,0.002052,0.008200,-0.175636,upper
L3,none,0.80,0.8000,0.002402,0.008847,-0.248347,upper
L3,none,0.80,0.8000,0.002791,0.009505,-0.323260,upper
L3,none,0.80,0.8000,0.003221,0.010175,-0.399872,upper
L3,none,0.80,0.8000,0.003694,0.010854,-0.477588,upper
L3,none,0.80,0.8000,0.004212,0.011542,-0.555723,upper
L3,none,0.80,0.8000,0.004777,0.012236,-0.633515,upper
L3,none,0.80,0.8000,0.005392,0.012935,-0.710135,upper
L3,none,0.80,0.8000,0.006058,0.013638,-0.784701,upper
L3,none,0.80,0.8000,0.006777,0.014342,-0.856304,upper
L3,none,0.80,0.8000,0.007551,0.015047,-0.924031,upper
L3,none,0.80,0.8000,0.008382,0.015751,-0.986996,upper
L3,none,0.80,0.8000,0.009271,0.016451,-1.044369,upper
L3,none,0.80,0.8000,0.010219,0.017147,-1.095412,upper
L3,none,0.80,0.8000,0.011228,0.017838,-1.139512,upper
L3,none,0.80,0.8000,0.012300,0.018521,-1.176220,upper
L3,none,0.80,0.8000,0.013436,0.019195,-1.205265,upper
L3,none,0.80,0.8000,0.014637,0.019860,-1.226552,upper
L3,none,0.80,0.8000,0.015904,0.020515,-1.240169,upper
L3,none,0.80,0.8000,0.017239,0.021159,-1.246387,upper
L3,none,0.80,0.8000,0.018643,0.021791,-1.245635,upper
L3,none,0.80,0.8000,0.020117,0.022410,-1.238465,upper
L3,none,0.80,0.8000,0.021664,0.023016,-1.225523,upper
L3,none,0.80,0.8000,0.023284,0.023610,-1.207514,upper
L3,none,0.80,0.8000,0.024979,0.024190,-1.185169,upper
L3,none,0.80,0.8000,0.026750,0.024757,-1.159217,upper
L3,none,0.80,0.8000,0.028600,0.025311,-1.130369,upper
L3,none,0.80,0.8000,0.030531,0.025853,-1.099293,upper
L3,none,0.80,0.8000,0.032543,0.026382,-1.066607,upper
L3,none,0.80,0.8000,0.034640,0.026899,-1.032873,upper
L3,none,0.80,0.8000,0.036823,0.027404,-0.998589,upper
L3,none,0.80,0.8000,0.039094,0.027899,-0.964187,upper
L3,none,0.80,0.8000,0.041456,0.028383,-0.930036,upper
L3,none,0.80,0.8000,0.043912,0.028859,-0.896437,upper
L3,none,0.80,0.8000,0.046463,0.029326,-0.863643,upper
L3,none,0.80,0.8000,0.049112,0.029785,-0.831852,upper
L3,none,0.80,0.8000,0.051862,0.030238,-0.801223,upper
L3,none,0.80,0.8000,0.054716,0.030686,-0.771883,upper
L3,none,0.80,0.8000,0.057676,0.031129,-0.743925,upper
L3,none,0.80,0.8000,0.060746,0.031569,-0.717418,upper
L3,none,0.80,0.8000,0.063928,0.032006,-0.692407,upper
L3,none,0.80,0.8000,0.067226,0.032442,-0.668919,upper
L3,none,0.80,0.8000,0.070642,0.032877,-0.646961,upper
L3,none,0.80,0.8000,0.074181,0.033313,-0.626527,upper
L3,none,0.80,0.8000,0.077844,0.033751,-0.607594,upper
L3,none,0.80,0.8000,0.081635,0.034191,-0.590130,upper
L3,none,0.80,0.8000,0.085558,0.034634,-0.574088,upper
L3,none,0.80,0.8000,0.089616,0.035080,-0.559415,upper
L3,none,0.80,0.8000,0.093813,0.035530,-0.546047,upper
L3,none,0.80,0.8000,0.098151,0.035985,-0.533912,upper
L3,none,0.80,0.8000,0.102634,0.036444,-0.522932,upper
L3,none,0.80,0.8000,0.107265,0.036907,-0.513021,upper
L3,none,0.80,0.8000,0.112049,0.037375,-0.504088,upper
L3,none,0.80,0.8000,0.116988,0.037847,-0.496037,upper
L3,none,0.80,0.8000,0.122085,0.038323,-0.488771,upper
L3,none,0.80,0.8000,0.127344,0.038801,-0.482188,upper
L3,none,0.80,0.8000,0.132769,0.039282,-0.476186,upper
L3,none,0.80,0.8000,0.138361,0.039764,-0.470663,upper
L3,none,0.80,0.8000,0.144125,0.040246,-0.465521,upper
L3,none,0.80,0.8000,0.150064,0.040726,-0.460664,upper
L3,none,0.80,0.8000,0.156179,0.041204,-0.456002,upper
L3,none,0.80,0.8000,0.162474,0.041678,-0.451453,upper
L3,none,0.80,0.8000,0.168952,0.042147,-0.446945,upper
L3,none,0.80,0.8000,0.175614,0.042610,-0.442414,upper
L3,none,0.80,0.8000,0.182464,0.043064,-0.437810,upper
L3,none,0.80,0.8000,0.189502,0.043509,-0.433097,upper
L3,none,0.80,0.8000,0.196731,0.043942,-0.428250,upper
L3,none,0.80,0.8000,0.204152,0.044364,-0.423261,upper
L3,none,0.80,0.8000,0.211767,0.044773,-0.418134,upper
L3,none,0.80,0.8000,0.219576,0.045168,-0.412884,upper
L3,none,0.80,0.8000,0.227580,0.045547,-0.407541,upper
L3,none,0.80,0.8000,0.235780,0.045911,-0.402141,upper
L3,none,0.80,0.8000,0.244175,0.046258,-0.396730,upper
L3,none,0.80,0.8000,0.252765,0.046588,-0.391355,upper
L3,none,0.80,0.8000,0.261551,0.046900,-0.386067,upper
L3,none,0.80,0.8000,0.270530,0.047194,-0.380914,upper
L3,none,0.80,0.8000,0.279701,0.047468,-0.375941,upper
L3,none,0.80,0.8000,0.289064,0.047723,-0.371184,upper
L3,none,0.80,0.8000,0.298615,0.047957,-0.366668,upper
L3,none,0.80,0.8000,0.308352,0.048168,-0.362407,upper
L3,none,0.80,0.8000,0.318273,0.048357,-0.358400,upper
L3,none,0.80,0.8000,0.328374,0.048520,-0.354631,upper
L3,none,0.80,0.8000,0.338651,0.048657,-0.351069,upper
L3,none,0.80,0.8000,0.349100,0.048765,-0.347664,upper
L3,none,0.80,0.8000,0.359716,0.048843,-0.344354,upper
L3,none,0.80,0.8000,0.370496,0.048887,-0.341064,upper
L3,none,0.80,0.8000,0.381432,0.048894,-0.337712,upper
L3,none,0.80,0.8000,0.392519,0.048863,-0.334204,upper
L3,none,0.80,0.8000,0.403751,0.048790,-0.330447,upper
L3,none,0.80,0.8000,0.415120,0.048673,-0.326349,upper
L3,none,0.80,0.8000,0.426620,0.048509,-0.321822,upper
L3,none,0.80,0.8000,0.438243,0.048296,-0.316791,upper
L3,none,0.80,0.8000,0.449982,0.048033,-0.311191,upper
L3,none,0.80,0.8000,0.461826,0.047717,-0.304982,upper
L3,none,0.80,0.8000,0.473769,0.047347,-0.298139,upper
L3,none,0.80,0.8000,0.485800,0.046924,-0.290664,upper
L3,none,0.80,0.8000,0.497911,0.046447,-0.282584,upper
L3,none,0.80,0.8000,0.510092,0.045918,-0.273940,upper
L3,none,0.80,0.8000,0.522334,0.045337,-0.264798,upper
L3,none,0.80,0.8000,0.534626,0.044707,-0.255231,upper
L3,none,0.80,0.8000,0.546959,0.044030,-0.245326,upper
L3,none,0.80,0.8000,0.559322,0.043308,-0.235177,upper
L3,none,0.80,0.8000,0.571705,0.042545,-0.224881,upper
L3,none,0.80,0.8000,0.584099,0.041745,-0.214534,upper
L3,none,0.80,0.8000,0.596493,0.040910,-0.204227,upper
L3,none,0.80,0.8000,0.608876,0.040043,-0.194038,upper
L3,none,0.80,0.8000,0.621239,0.039149,-0.184036,upper
L3,none,0.80,0.8000,0.633572,0.038230,-0.174275,upper
L3,none,0.80,0.8000,0.645864,0.037290,-0.164794,upper
L3,none,0.80,0.8000,0.658106,0.036330,-0.155617,upper
L3,none,0.80,0.8000,0.670288,0.035354,-0.146753,upper
L3,none,0.80,0.8000,0.682401,0.034364,-0.138194,upper
L3,none,0.80,0.8000,0.694435,0.033360,-0.129922,upper
L3,none,0.80,0.8000,0.706381,0.032346,-0.121909,upper
L3,none,0.80,0.8000,0.718230,0.031322,-0.114117,upper
L3,none,0.80,0.8000,0.729973,0.030288,-0.106502,upper
L3,none,0.80,0.8000,0.741604,0.029247,-0.099015,upper
L3,none,0.80,0.8000,0.753112,0.028199,-0.091608,upper
L3,none,0.80,0.8000,0.764492,0.027144,-0.084229,upper
L3,none,0.80,0.8000,0.775735,0.026084,-0.076830,upper
L3,none,0.80,0.8000,0.786835,0.025019,-0.069363,upper
L3,none,0.80,0.8000,0.797785,0.023949,-0.061785,upper
L3,none,0.80,0.8000,0.808581,0.022876,-0.054052,upper
L3,none,0.80,0.8000,0.819215,0.021800,-0.046126,upper
L3,none,0.80,0.8000,0.829682,0.020722,-0.037969,upper
L3,none,0.80,0.8000,0.839979,0.019643,-0.029545,upper
L3,none,0.80,0.8000,0.850101,0.018564,-0.020816,upper
L3,none,0.80,0.8000,0.860044,0.017485,-0.011746,upper
L3,none,0.80,0.8000,0.869805,0.016409,-0.002295,upper
L3,none,0.80,0.8000,0.879380,0.015336,0.007575,upper
L3,none,0.80,0.8000,0.888768,0.014267,0.017910,upper
L3,none,0.80,0.8000,0.897965,0.013204,0.028756,upper
L3,none,0.80,0.8000,0.906971,0.012147,0.040165,upper
L3,none,0.80,0.8000,0.915784,0.011100,0.052196,upper
L3,none,0.80,0.8000,0.924403,0.010062,0.064910,upper
L3,none,0.80,0.8000,0.932829,0.009037,0.078385,upper
L3,none,0.80,0.8000,0.941059,0.008025,0.092713,upper
L3,none,0.80,0.8000,0.949096,0.007029,0.108013,upper
L3,none,0.80,0.8000,0.956938,0.006050,0.124449,upper
L3,none,0.80,0.8000,0.964588,0.005093,0.142273,upper
L3,none,0.80,0.8000,0.972047,0.004158,0.161879,upper
L3,none,0.80,0.8000,0.979316,0.003249,0.184119,upper
L3,none,0.80,0.8000,0.986396,0.002368,0.210239,upper
L3,none,0.80,0.8000,0.993290,0.001519,0.242543,upper
L3,none,0.80,0.8000,1.000000,0.000705,0.277760,upper
L3,none,0.80,0.8000,-0.000000,0.000000,0.559595,lower
L3,none,0.80,0.8000,0.000004,-0.000389,0.582638,lower
L3,none,0.80,0.8000,0.000019,-0.000793,0.605016,lower
L3,none,0.80,0.8000,0.000043,-0.001214,0.626576,lower
L3,none,0.80,0.8000,0.000080,-0.001650,0.647346,lower
L3,none,0.80,0.8000,0.000131,-0.002104,0.667093,lower
L3,none,0.80,0.8000,0.000196,-0.002574,0.685633,lower
L3,none,0.80,0.8000,0.000278,-0.003062,0.702743,lower
L3,none,0.80,0.8000,0.000377,-0.003566,0.718197,lower
L3,none,0.80,0.8000,0.000497,-0.004088,0.731758,lower
L3,none,0.80,0.8000,0.000638,-0.004627,0.743186,lower
L3,none,0.80,0.8000,0.000803,-0.005183,0.752243,lower
L3,none,0.80,0.8000,0.000993,-0.005755,0.758695,lower
L3,none,0.80,0.8000,0.001211,-0.006343,0.762320,lower
L3,none,0.80,0.8000,0.001458,-0.006948,0.762914,lower
L3,none,0.80,0.8000,0.001738,-0.007567,0.760302,lower
L3,none,0.80,0.8000,0.002052,-0.008200,0.754339,lower
L3,none,0.80,0.8000,0.002402,-0.008847,0.744921,lower
L3,none,0.80,0.8000,0.002791,-0.009505,0.731999,lower
L3,none,0.80,0.8000,0.003221,-0.010175,0.715580,lower
L3,none,0.80,0.8000,0.003694,-0.010854,0.695735,lower
L3,none,0.80,0.8000,0.004212,-0.011542,0.672607,lower
L3,none,0.80,0.8000,0.004777,-0.012236,0.646405,lower
L3,none,0.80,0.8000,0.005392,-0.012935,0.617411,lower
L3,none,0.80,0.8000,0.006058,-0.013638,0.585967,lower
L3,none,0.80,0.8000,0.006777,-0.014342,0.552475,lower
L3,none,0.80,0.8000,0.007551,-0.015047,0.517379,lower
L3,none,0.80,0.8000,0.008382,-0.015751,0.481155,lower
L3,none,0.80,0.8000,0.009271,-0.016451,0.444294,lower
L3,none,0.80,0.8000,0.010219,-0.017147,0.407292,lower
L3,none,0.80,0.8000,0.011228,-0.017838,0.370624,lower
L3,none,0.80,0.8000,0.012300,-0.018521,0.334739,lower
L3,none,0.80,0.8000,0.013436,-0.019195,0.300042,lower
L3,none,0.80,0.8000,0.014637,-0.019860,0.266885,lower
L3,none,0.80,0.8000,0.015904,-0.020515,0.235558,lower
L3,none,0.80,0.8000,0.017239,-0.021159,0.206289,lower
L3,none,0.80,0.8000,0.018643,-0.021791,0.179240,lower
L3,none,0.80,0.8000,0.020117,-0.022410,0.154514,lower
L3,none,0.80,0.8000,0.021664,-0.023016,0.132152,lower
L3,none,0.80,0.8000,0.023284,-0.023610,0.112145,lower
L3,none,0.80,0.8000,0.024979,-0.024190,0.094438,lower
L3,none,0.80,0.8000,0.026750,-0.024757,0.078940,lower
L3,none,0.80,0.8000,0.028600,-0.025311,0.065527,lower
L3,none,0.80,0.8000,0.030531,-0.025853,0.054054,lower
L3,none,0.80,0.8000,0.032543,-0.026382,0.044358,lower
L3,none,0.80,0.8000,0.034640,-0.026899,0.036268,lower
L3,none,0.80,0.8000,0.036823,-0.027404,0.029605,lower
L3,none,0.80,0.8000,0.039094,-0.027899,0.024194,lower
L3,none,0.80,0.8000,0.041456,-0.028383,0.019860,lower
L3,none,0.80,0.8000,0.043912,-0.028859,0.016436,lower
L3,none,0.80,0.8000,0.046463,-0.029326,0.013763,lower
L3,none,0.80,0.8000,0.049112,-0.029785,0.011690,lower
L3,none,0.80,0.8000,0.051862,-0.030238,0.010078,lower
L3,none,0.80,0.8000,0.054716,-0.030686,0.008800,lower
L3,none,0.80,0.8000,0.057676,-0.031129,0.007738,lower
L3,none,0.80,0.8000,0.060746,-0.031569,0.006788,lower
L3,none,0.80,0.8000,0.063928,-0.032006,0.005857,lower
L3,none,0.80,0.8000,0.067226,-0.032442,0.004861,lower
L3,none,0.80,0.8000,0.070642,-0.032877,0.003729,lower
L3,none,0.80,0.8000,0.074181,-0.033313,0.002402,lower
L3,none,0.80,0.8000,0.077844,-0.033751,0.000827,lower
L3,none,0.80,0.8000,0.081635,-0.034191,-0.001036,lower
L3,none,0.80,0.8000,0.085558,-0.034634,-0.003217,lower
L3,none,0.80,0.8000,0.089616,-0.035080,-0.005738,lower
L3,none,0.80,0.8000,0.093813,-0.035530,-0.008610,lower
L3,none,0.80,0.8000,0.098151,-0.035985,-0.011838,lower
L3,none,0.80,0.8000,0.102634,-0.036444,-0.015416,lower
L3,none,0.80,0.8000,0.107265,-0.036907,-0.019333,lower
L3,none,0.80,0.8000,0.112049,-0.037375,-0.023567,lower
L3,none,0.80,0.8000,0.116988,-0.037847,-0.028092,lower
L3,none,0.80,0.8000,0.122085,-0.038323,-0.032874,lower
L3,none,0.80,0.8000,0.127344,-0.038801,-0.037874,lower
L3,none,0.80,0.8000,0.132769,-0.039282,-0.043049,lower
L3,none,0.80,0.8000,0.138361,-0.039764,-0.048351,lower
L3,none,0.80,0.8000,0.144125,-0.040246,-0.053730,lower
L3,none,0.80,0.8000,0.150064,-0.040726,-0.059138,lower
L3,none,0.80,0.8000,0.156179,-0.041204,-0.064523,lower
L3,none,0.80,0.8000,0.162474,-0.041678,-0.069837,lower
L3,none,0.80,0.8000,0.168952,-0.042147,-0.075036,lower
L3,none,0.80,0.8000,0.175614,-0.042610,-0.080078,lower
L3,none,0.80,0.8000,0.182464,-0.043064,-0.084931,lower
L3,none,0.80,0.8000,0.189502,-0.043509,-0.089567,lower
L3,none,0.80,0.8000,0.196731,-0.043942,-0.093969,lower
L3,none,0.80,0.8000,0.204152,-0.044364,-0.098127,lower
L3,none,0.80,0.8000,0.211767,-0.044773,-0.102041,lower
L3,none,0.80,0.8000,0.219576,-0.045168,-0.105719,lower
L3,none,0.80,0.8000,0.227580,-0.045547,-0.109179,lower
L3,none,0.80,0.8000,0.235780,-0.045911,-0.112446,lower
L3,none,0.80,0.8000,0.244175,-0.046258,-0.115551,lower
L3,none,0.80,0.8000,0.252765,-0.046588,-0.118528,lower
L3,none,0.80,0.8000,0.261551,-0.046900,-0.121415,lower
L3,none,0.80,0.8000,0.270530,-0.047194,-0.124249,lower
L3,none,0.80,0.8000,0.279701,-0.047468,-0.127065,lower
L3,none,0.80,0.8000,0.289064,-0.047723,-0.129894,lower
L3,none,0.80,0.8000,0.298615,-0.047957,-0.132758,lower
L3,none,0.80,0.8000,0.308352,-0.048168,-0.135671,lower
L3,none,0.80,0.8000,0.318273,-0.048357,-0.138636,lower
L3,none,0.80,0.8000,0.328374,-0.048520,-0.141643,lower
L3,none,0.80,0.8000,0.338651,-0.048657,-0.144670,lower
L3,none,0.80,0.8000,0.349100,-0.048765,-0.147682,lower
L3,none,0.80,0.8000,0.359716,-0.048843,-0.150632,lower
L3,none,0.80,0.8000,0.370496,-0.048887,-0.153460,lower
L3,none,0.80,0.8000,0.381432,-0.048894,-0.156098,lower
L3,none,0.80,0.8000,0.392519,-0.048863,-0.158471,lower
L3,none,0.80,0.8000,0.403751,-0.048790,-0.160502,lower
L3,none,0.80,0.8000,0.415120,-0.048673,-0.162111,lower
L3,none,0.80,0.8000,0.426620,-0.048509,-0.163223,lower
L3,none,0.80,0.8000,0.438243,-0.048296,-0.163770,lower
L3,none,0.80,0.8000,0.449982,-0.048033,-0.163695,lower
L3,none,0.80,0.8000,0.461826,-0.047717,-0.162959,lower
L3,none,0.80,0.8000,0.473769,-0.047347,-0.161533,lower
L3,none,0.80,0.8000,0.485800,-0.046924,-0.159413,lower
L3,none,0.80,0.8000,0.497911,-0.046447,-0.156612,lower
L3,none,0.80,0.8000,0.510092,-0.045918,-0.153160,lower
L3,none,0.80,0.8000,0.522334,-0.045337,-0.149105,lower
L3,none,0.80,0.8000,0.534626,-0.044707,-0.144510,lower
L3,none,0.80,0.8000,0.546959,-0.044030,-0.139450,lower
L3,none,0.80,0.8000,0.559322,-0.043308,-0.134008,lower
L3,none,0.80,0.8000,0.571705,-0.042545,-0.128268,lower
L3,none,0.80,0.8000,0.584099,-0.041745,-0.122318,lower
L3,none,0.80,0.8000,0.596493,-0.040910,-0.116239,lower
L3,none,0.80,0.8000,0.608876,-0.040043,-0.110107,lower
L3,none,0.80,0.8000,0.621239,-0.039149,-0.103989,lower
L3,none,0.80,0.8000,0.633572,-0.038230,-0.097937,lower
L3,none,0.80,0.8000,0.645864,-0.037290,-0.091995,lower
L3,none,0.80,0.8000,0.658106,-0.036330,-0.086188,lower
L3,none,0.80,0.8000,0.670288,-0.035354,-0.080532,lower
L3,none,0.80,0.8000,0.682401,-0.034364,-0.075028,lower
L3,none,0.80,0.8000,0.694435,-0.033360,-0.069666,lower
L3,none,0.80,0.8000,0.706381,-0.032346,-0.064428,lower
L3,none,0.80,0.8000,0.718230,-0.031322,-0.059285,lower
L3,none,0.80,0.8000,0.729973,-0.030288,-0.054202,lower
L3,none,0.80,0.8000,0.741604,-0.029247,-0.049143,lower
L3,none,0.80,0.8000,0.753112,-0.028199,-0.044065,lower
L3,none,0.80,0.8000,0.764492,-0.027144,-0.038929,lower
L3,none,0.80,0.8000,0.775735,-0.026084,-0.033692,lower
L3,none,0.80,0.8000,0.786835,-0.025019,-0.028315,lower
L3,none,0.80,0.8000,0.797785,-0.023949,-0.022758,lower
L3,none,0.80,0.8000,0.808581,-0.022876,-0.016988,lower
L3,none,0.80,0.8000,0.819215,-0.021800,-0.010968,lower
L3,none,0.80,0.8000,0.829682,-0.020722,-0.004665,lower
L3,none,0.80,0.8000,0.839979,-0.019643,0.001953,lower
L3,none,0.80,0.8000,0.850101,-0.018564,0.008919,lower
L3,none,0.80,0.8000,0.860044,-0.017485,0.016266,lower
L3,none,0.80,0.8000,0.869805,-0.016409,0.024031,lower
L3,none,0.80,0.8000,0.879380,-0.015336,0.032250,lower
L3,none,0.80,0.8000,0.888768,-0.014267,0.040964,lower
L3,none,0.80,0.8000,0.897965,-0.013204,0.050218,lower
L3,none,0.80,0.8000,0.906971,-0.012147,0.060061,lower
L3,none,0.80,0.8000,0.915784,-0.011100,0.070546,lower
L3,none,0.80,0.8000,0.924403,-0.010062,0.081737,lower
L3,none,0.80,0.8000,0.932829,-0.009037,0.093705,lower
L3,none,0.80,0.8000,0.941059,-0.008025,0.106542,lower
L3,none,0.80,0.8000,0.949096,-0.007029,0.120362,lower
L3,none,0.80,0.8000,0.956938,-0.006050,0.135329,lower
L3,none,0.80,0.8000,0.964588,-0.005093,0.151687,lower
L3,none,0.80,0.8000,0.972047,-0.004158,0.169825,lower
L3,none,0.80,0.8000,0.979316,-0.003249,0.190588,lower
L3,none,0.80,0.8000,0.986396,-0.002368,0.215215,lower
L3,none,0.80,0.8000,0.993290,-0.001519,0.246182,lower
L3,none,0.80,0.8000,1.000000,-0.000705,0.279403,lower
L3,none,0.90,0.9000,-0.000000,0.000000,0.564915,upper
L3,none,0.90,0.9000,0.000004,0.000389,0.541905,upper
L3,none,0.90,0.9000,0.000018,0.000793,0.516725,upper
L3,none,0.90,0.9000,0.000043,0.001214,0.488914,upper
L3,none,0.90,0.9000,0.000080,0.001650,0.458541,upper
L3,none,0.90,0.9000,0.000131,0.002104,0.425383,upper
L3,none,0.90,0.9000,0.000196,0.002574,0.389317,upper
L3,none,0.90,0.9000,0.000278,0.003062,0.350187,upper
L3,none,0.90,0.9000,0.000377,0.003566,0.307866,upper
L3,none,0.90,0.9000,0.000497,0.004088,0.262241,upper
L3,none,0.90,0.9000,0.000638,0.004627,0.213226,upper
L3,none,0.90,0.9000,0.000803,0.005183,0.160768,upper
L3,none,0.90,0.9000,0.000993,0.005755,0.104855,upper
L3,none,0.90,0.9000,0.001211,0.006343,0.045520,upper
L3,none,0.90,0.9000,0.001458,0.006948,-0.017143,upper
L3,none,0.90,0.9000,0.001738,0.007567,-0.082966,upper
L3,none,0.90,0.9000,0.002052,0.008200,-0.151718,upper
L3,none,0.90,0.9000,0.002402,0.008847,-0.223080,upper
L3,none,0.90,0.9000,0.002791,0.009505,-0.296648,upper
L3,none,0.90,0.9000,0.003221,0.010175,-0.371925,upper
L3,none,0.90,0.9000,0.003694,0.010854,-0.448325,upper
L3,none,0.90,0.9000,0.004212,0.011542,-0.525175,upper
L3,none,0.90,0.9000,0.004777,0.012236,-0.601721,upper
L3,none,0.90,0.9000,0.005392,0.012935,-0.677146,upper
L3,none,0.90,0.9000,0.006058,0.013638,-0.750580,upper
L3,none,0.90,0.9000,0.006777,0.014342,-0.821128,upper
L3,none,0.90,0.9000,0.007551,0.015047,-0.887891,upper
L3,none,0.90,0.9000,0.008382,0.015751,-0.949997,upper
L3,none,0.90,0.9000,0.009271,0.016451,-1.006633,upper
L3,none,0.90,0.9000,0.010219,0.017147,-1.057079,upper
L3,none,0.90,0.9000,0.011228,0.017838,-1.100733,upper
L3,none,0.90,0.9000,0.012300,0.018521,-1.137153,upper
L3,none,0.90,0.9000,0.013436,0.019195,-1.166078,upper
L3,none,0.90,0.9000,0.014637,0.019860,-1.187422,upper
L3,none,0.90,0.9000,0.015904,0.020515,-1.201268,upper
L3,none,0.90,0.9000,0.017239,0.021159,-1.207878,upper
L3,none,0.90,0.9000,0.018643,0.021791,-1.207663,upper
L3,none,0.90,0.9000,0.020117,0.022410,-1.201156,upper
L3,none,0.90,0.9000,0.021664,0.023016,-1.188980,upper
L3,none,0.90,0.9000,0.023284,0.023610,-1.171815,upper
L3,none,0.90,0.9000,0.024979,0.024190,-1.150368,upper
L3,none,0.90,0.9000,0.026750,0.024757,-1.125346,upper
L3,none,0.90,0.9000,0.028600,0.025311,-1.097439,upper
L3,none,0.90,0.9000,0.030531,0.025853,-1.067297,upper
L3,none,0.90,0.9000,0.032543,0.026382,-1.035524,upper
L3,none,0.90,0.9000,0.034640,0.026899,-1.002671,upper
L3,none,0.90,0.9000,0.036823,0.027404,-0.969225,upper
L3,none,0.90,0.9000,0.039094,0.027899,-0.935610,upper
L3,none,0.90,0.9000,0.041456,0.028383,-0.902188,upper
L3,none,0.90,0.9000,0.043911,0.028859,-0.869259,upper
L3,none,0.90,0.9000,0.046463,0.029326,-0.837067,upper
L3,none,0.90,0.9000,0.049112,0.029785,-0.805815,upper
L3,none,0.90,0.9000,0.051862,0.030238,-0.775661,upper
L3,none,0.90,0.9000,0.054716,0.030686,-0.746729,upper
L3,none,0.90,0.9000,0.057676,0.031129,-0.719115,upper
L3,none,0.90,0.9000,0.060746,0.031569,-0.692889,upper
L3,none,0.90,0.9000,0.063928,0.032006,-0.668096,upper
L3,none,0.90,0.9000,0.067226,0.032442,-0.644764,upper
L3,none,0.90,0.9000,0.070642,0.032877,-0.622902,upper
L3,none,0.90,0.9000,0.074181,0.033313,-0.602503,upper
L3,none,0.90,0.9000,0.077844,0.033751,-0.583546,upper
L3,none,0.90,0.9000,0.081635,0.034191,-0.565998,upper
L3,none,0.90,0.9000,0.085558,0.034634,-0.549818,upper
L3,none,0.90,0.9000,0.089616,0.035080,-0.534949,upper
L3,none,0.90,0.9000,0.093813,0.035530,-0.521332,upper
L3,none,0.90,0.9000,0.098151,0.035985,-0.508894,upper
L3,none,0.90,0.9000,0.102634,0.036444,-0.497559,upper
L3,none,0.90,0.9000,0.107265,0.036907,-0.487242,upper
L3,none,0.90,0.9000,0.112049,0.037375,-0.477854,upper
L3,none,0.90,0.9000,0.116988,0.037847,-0.469301,upper
L3,none,0.90,0.9000,0.122085,0.038323,-0.461487,upper
L3,none,0.90,0.9000,0.127344,0.038801,-0.454313,upper
L3,none,0.90,0.9000,0.132769,0.039282,-0.447682,upper
L3,none,0.90,0.9000,0.138361,0.039764,-0.441495,upper
L3,none,0.90,0.9000,0.144125,0.040246,-0.435657,upper
L3,none,0.90,0.9000,0.150063,0.040726,-0.430077,upper
L3,none,0.90,0.9000,0.156179,0.041204,-0.424669,upper
L3,none,0.90,0.9000,0.162474,0.041678,-0.419356,upper
L3,none,0.90,0.9000,0.168952,0.042147,-0.414069,upper
L3,none,0.90,0.9000,0.175614,0.042610,-0.408751,upper
L3,none,0.90,0.9000,0.182464,0.043064,-0.403357,upper
L3,none,0.90,0.9000,0.189502,0.043509,-0.397859,upper
L3,none,0.90,0.9000,0.196731,0.043942,-0.392237,upper
L3,none,0.90,0.9000,0.204152,0.044364,-0.386489,upper
L3,none,0.90,0.9000,0.211767,0.044773,-0.380627,upper
L3,none,0.90,0.9000,0.219576,0.045168,-0.374669,upper
L3,none,0.90,0.9000,0.227580,0.045547,-0.368653,upper
L3,none,0.90,0.9000,0.235779,0.045911,-0.362620,upper
L3,none,0.90,0.9000,0.244175,0.046258,-0.356618,upper
L3,none,0.90,0.9000,0.252765,0.046588,-0.350704,upper
L3,none,0.90,0.9000,0.261551,0.046900,-0.344927,upper
L3,none,0.90,0.9000,0.270530,0.047194,-0.339340,upper
L3,none,0.90,0.9000,0.279701,0.047469,-0.333987,upper
L3,none,0.90,0.9000,0.289064,0.047723,-0.328905,upper
L3,none,0.90,0.9000,0.298615,0.047957,-0.324124,upper
L3,none,0.90,0.9000,0.308352,0.048168,-0.319657,upper
L3,none,0.90,0.9000,0.318273,0.048357,-0.315506,upper
L3,none,0.90,0.9000,0.328374,0.048520,-0.311656,upper
L3,none,0.90,0.9000,0.338651,0.048657,-0.308074,upper
L3,none,0.90,0.9000,0.349100,0.048765,-0.304713,upper
L3,none,0.90,0.9000,0.359716,0.048843,-0.301510,upper
L3,none,0.90,0.9000,0.370495,0.048887,-0.298396,upper
L3,none,0.90,0.9000,0.381432,0.048894,-0.295284,upper
L3,none,0.90,0.9000,0.392519,0.048863,-0.292084,upper
L3,none,0.90,0.9000,0.403750,0.048790,-0.288700,upper
L3,none,0.90,0.9000,0.415120,0.048673,-0.285035,upper
L3,none,0.90,0.9000,0.426620,0.048509,-0.281006,upper
L3,none,0.90,0.9000,0.438243,0.048297,-0.276536,upper
L3,none,0.90,0.9000,0.449981,0.048033,-0.271561,upper
L3,none,0.90,0.9000,0.461826,0.047717,-0.266038,upper
L3,none,0.90,0.9000,0.473769,0.047347,-0.259942,upper
L3,none,0.90,0.9000,0.485800,0.046924,-0.253274,upper
L3,none,0.90,0.9000,0.497911,0.046447,-0.246054,upper
L3,none,0.90,0.9000,0.510092,0.045918,-0.238318,upper
L3,none,0.90,0.9000,0.522334,0.045337,-0.230124,upper
L3,none,0.90,0.9000,0.534626,0.044707,-0.221541,upper
L3,none,0.90,0.9000,0.546959,0.044030,-0.212652,upper
L3,none,0.90,0.9000,0.559322,0.043308,-0.203547,upper
L3,none,0.90,0.9000,0.571705,0.042545,-0.194324,upper
L3,none,0.90,0.9000,0.584099,0.041745,-0.185075,upper
L3,none,0.90,0.9000,0.596493,0.040910,-0.175886,upper
L3,none,0.90,0.9000,0.608876,0.040043,-0.166836,upper
L3,none,0.90,0.9000,0.621239,0.039149,-0.157985,upper
L3,none,0.90,0.9000,0.633572,0.038230,-0.149389,upper
L3,none,0.90,0.9000,0.645864,0.037290,-0.141080,upper
L3,none,0.90,0.9000,0.658106,0.036330,-0.133084,upper
L3,none,0.90,0.9000,0.670288,0.035354,-0.125403,upper
L3,none,0.90,0.9000,0.682401,0.034364,-0.118029,upper
L3,none,0.90,0.9000,0.694435,0.033360,-0.110944,upper
L3,none,0.90,0.9000,0.706381,0.032346,-0.104117,upper
L3,none,0.90,0.9000,0.718230,0.031322,-0.097511,upper
L3,none,0.90,0.9000,0.729973,0.030288,-0.091079,upper
L3,none,0.90,0.9000,0.741604,0.029247,-0.084772,upper
L3,none,0.90,0.9000,0.753112,0.028199,-0.078537,upper
L3,none,0.90,0.9000,0.764492,0.027144,-0.072324,upper
L3,none,0.90,0.9000,0.775735,0.026084,-0.066083,upper
L3,none,0.90,0.9000,0.786835,0.025019,-0.059762,upper
L3,none,0.90,0.9000,0.797785,0.023949,-0.053313,upper
L3,none,0.90,0.9000,0.808580,0.022876,-0.046694,upper
L3,none,0.90,0.9000,0.819215,0.021800,-0.039863,upper
L3,none,0.90,0.9000,0.829682,0.020722,-0.032778,upper
L3,none,0.90,0.9000,0.839979,0.019643,-0.025402,upper
L3,none,0.90,0.9000,0.850101,0.018564,-0.017694,upper
L3,none,0.90,0.9000,0.860044,0.017485,-0.009616,upper
L3,none,0.90,0.9000,0.869805,0.016409,-0.001128,upper
L3,none,0.90,0.9000,0.879380,0.015336,0.007813,upper
L3,none,0.90,0.9000,0.888767,0.014267,0.017254,upper
L3,none,0.90,0.9000,0.897965,0.013204,0.027244,upper
L3,none,0.90,0.9000,0.906971,0.012147,0.037838,upper
L3,none,0.90,0.9000,0.915784,0.011100,0.049094,upper
L3,none,0.90,0.9000,0.924403,0.010062,0.061081,upper
L3,none,0.90,0.9000,0.932828,0.009037,0.073878,upper
L3,none,0.90,0.9000,0.941059,0.008025,0.087577,upper
L3,none,0.90,0.9000,0.949096,0.007029,0.102303,upper
L3,none,0.90,0.9000,0.956938,0.006050,0.118220,upper
L3,none,0.90,0.9000,0.964588,0.005093,0.135583,upper
L3,none,0.90,0.9000,0.972047,0.004158,0.154785,upper
L3,none,0.90,0.9000,0.979316,0.003249,0.176675,upper
L3,none,0.90,0.9000,0.986396,0.002368,0.202499,upper
L3,none,0.90,0.9000,0.993290,0.001519,0.234614,upper
L3,none,0.90,0.9000,1.000000,0.000705,0.269593,upper
L3,none,0.90,0.9000,-0.000000,0.000000,0.564915,lower
L3,none,0.90,0.9000,0.000004,-0.000389,0.587031,lower
L3,none,0.90,0.9000,0.000018,-0.000793,0.608449,lower
L3,none,0.90,0.9000,0.000043,-0.001214,0.629011,lower
L3,none,0.90,0.9000,0.000080,-0.001650,0.648744,lower
L3,none,0.90,0.9000,0.000131,-0.002104,0.667414,lower
L3,none,0.90,0.9000,0.000196,-0.002574,0.684840,lower
L3,none,0.90,0.9000,0.000278,-0.003062,0.700798,lower
L3,none,0.90,0.9000,0.000377,-0.003566,0.715062,lower
L3,none,0.90,0.9000,0.000497,-0.004088,0.727398,lower
L3,none,0.90,0.9000,0.000638,-0.004627,0.737567,lower
L3,none,0.90,0.9000,0.000803,-0.005183,0.745334,lower
L3,none,0.90,0.9000,0.000993,-0.005755,0.750468,lower
L3,none,0.90,0.9000,0.001211,-0.006343,0.752751,lower
L3,none,0.90,0.9000,0.001458,-0.006948,0.751985,lower
L3,none,0.90,0.9000,0.001738,-0.007567,0.747996,lower
L3,none,0.90,0.9000,0.002052,-0.008200,0.740647,lower
L3,none,0.90,0.9000,0.002402,-0.008847,0.729841,lower
L3,none,0.90,0.9000,0.002791,-0.009505,0.715535,lower
L3,none,0.90,0.9000,0.003221,-0.010175,0.697745,lower
L3,none,0.90,0.9000,0.003694,-0.010854,0.676549,lower
L3,none,0.90,0.9000,0.004212,-0.011542,0.652100,lower
L3,none,0.90,0.9000,0.004777,-0.012236,0.624617,lower
L3,none,0.90,0.9000,0.005392,-0.012935,0.594389,lower
L3,none,0.90,0.9000,0.006058,-0.013638,0.561768,lower
L3,none,0.90,0.9000,0.006777,-0.014342,0.527163,lower
L3,none,0.90,0.9000,0.007551,-0.015047,0.491025,lower
L3,none,0.90,0.9000,0.008382,-0.015751,0.453836,lower
L3,none,0.90,0.9000,0.009271,-0.016451,0.416094,lower
L3,none,0.90,0.9000,0.010219,-0.017147,0.378296,lower
L3,none,0.90,0.9000,0.011228,-0.017838,0.340921,lower
L3,none,0.90,0.9000,0.012300,-0.018521,0.304419,lower
L3,none,0.90,0.9000,0.013436,-0.019195,0.269193,lower
L3,none,0.90,0.9000,0.014637,-0.019860,0.235593,lower
L3,none,0.90,0.9000,0.015904,-0.020515,0.203908,lower
L3,none,0.90,0.9000,0.017239,-0.021159,0.174358,lower
L3,none,0.90,0.9000,0.018643,-0.021791,0.147103,lower
L3,none,0.90,0.9000,0.020117,-0.022410,0.122237,lower
L3,none,0.90,0.9000,0.021664,-0.023016,0.099796,lower
L3,none,0.90,0.9000,0.023284,-0.023610,0.079764,lower
L3,none,0.90,0.9000,0.024979,-0.024190,0.062080,lower
L3,none,0.90,0.9000,0.026750,-0.024757,0.046644,lower
L3,none,0.90,0.9000,0.028600,-0.025311,0.033326,lower
L3,none,0.90,0.9000,0.030531,-0.025853,0.021975,lower
L3,none,0.90,0.9000,0.032543,-0.026382,0.012422,lower
L3,none,0.90,0.9000,0.034640,-0.026899,0.004490,lower
L3,none,0.90,0.9000,0.036823,-0.027404,-0.002005,lower
L3,none,0.90,0.9000,0.039094,-0.027899,-0.007242,lower
L3,none,0.90,0.9000,0.041456,-0.028383,-0.011399,lower
L3,none,0.90,0.9000,0.043911,-0.028859,-0.014649,lower
L3,none,0.90,0.9000,0.046463,-0.029326,-0.017152,lower
L3,none,0.90,0.9000,0.049112,-0.029785,-0.019060,lower
L3,none,0.90,0.9000,0.051862,-0.030238,-0.020514,lower
L3,none,0.90,0.9000,0.054716,-0.030686,-0.021645,lower
L3,none,0.90,0.9000,0.057676,-0.031129,-0.022569,lower
L3,none,0.90,0.9000,0.060746,-0.031569,-0.023390,lower
L3,none,0.90,0.9000,0.063928,-0.032006,-0.024204,lower
L3,none,0.90,0.9000,0.067226,-0.032442,-0.025092,lower
L3,none,0.90,0.9000,0.070642,-0.032877,-0.026124,lower
L3,none,0.90,0.9000,0.074181,-0.033313,-0.027362,lower
L3,none,0.90,0.9000,0.077844,-0.033751,-0.028853,lower
L3,none,0.90,0.9000,0.081635,-0.034191,-0.030637,lower
L3,none,0.90,0.9000,0.085558,-0.034634,-0.032742,lower
L3,none,0.90,0.9000,0.089616,-0.035080,-0.035188,lower
L3,none,0.90,0.9000,0.093813,-0.035530,-0.037985,lower
L3,none,0.90,0.9000,0.098151,-0.035985,-0.041133,lower
L3,none,0.90,0.9000,0.102634,-0.036444,-0.044624,lower
L3,none,0.90,0.9000,0.107265,-0.036907,-0.048443,lower
L3,none,0.90,0.9000,0.112049,-0.037375,-0.052565,lower
L3,none,0.90,0.9000,0.116988,-0.037847,-0.056961,lower
L3,none,0.90,0.9000,0.122085,-0.038323,-0.061593,lower
L3,none,0.90,0.9000,0.127344,-0.038801,-0.066417,lower
L3,none,0.90,0.9000,0.132769,-0.039282,-0.071388,lower
L3,none,0.90,0.9000,0.138361,-0.039764,-0.076452,lower
L3,none,0.90,0.9000,0.144125,-0.040246,-0.081559,lower
L3,none,0.90,0.9000,0.150063,-0.040726,-0.086653,lower
L3,none,0.90,0.9000,0.156179,-0.041204,-0.091683,lower
L3,none,0.90,0.9000,0.162474,-0.041678,-0.096595,lower
L3,none,0.90,0.9000,0.168952,-0.042147,-0.101343,lower
L3,none,0.90,0.9000,0.175614,-0.042610,-0.105884,lower
L3,none,0.90,0.9000,0.182464,-0.043064,-0.110180,lower
L3,none,0.90,0.9000,0.189502,-0.043509,-0.114205,lower
L3,none,0.90,0.9000,0.196731,-0.043942,-0.117938,lower
L3,none,0.90,0.9000,0.204152,-0.044364,-0.121373,lower
L3,none,0.90,0.9000,0.211767,-0.044773,-0.124509,lower
L3,none,0.90,0.9000,0.219576,-0.045168,-0.127357,lower
L3,none,0.90,0.9000,0.227580,-0.045547,-0.129938,lower
L3,none,0.90,0.9000,0.235779,-0.045911,-0.132279,lower
L3,none,0.90,0.9000,0.244175,-0.046258,-0.134415,lower
L3,none,0.90,0.9000,0.252765,-0.046588,-0.136383,lower
L3,none,0.90,0.9000,0.261551,-0.046900,-0.138225,lower
L3,none,0.90,0.9000,0.270530,-0.047194,-0.139982,lower
L3,none,0.90,0.9000,0.279701,-0.047469,-0.141693,lower
L3,none,0.90,0.9000,0.289064,-0.047723,-0.143392,lower
L3,none,0.90,0.9000,0.298615,-0.047957,-0.145109,lower
L3,none,0.90,0.9000,0.308352,-0.048168,-0.146861,lower
L3,none,0.90,0.9000,0.318273,-0.048357,-0.148659,lower
L3,none,0.90,0.9000,0.328374,-0.048520,-0.150499,lower
L3,none,0.90,0.9000,0.338651,-0.048657,-0.152365,lower
L3,none,0.90,0.9000,0.349100,-0.048765,-0.154229,lower
L3,none,0.90,0.9000,0.359716,-0.048843,-0.156048,lower
L3,none,0.90,0.9000,0.370495,-0.048887,-0.157771,lower
L3,none,0.90,0.9000,0.381432,-0.048894,-0.159337,lower
L3,none,0.90,0.9000,0.392519,-0.048863,-0.160678,lower
L3,none,0.90,0.9000,0.403750,-0.048790,-0.161720,lower
L3,none,0.90,0.9000,0.415120,-0.048673,-0.162393,lower
L3,none,0.90,0.9000,0.426620,-0.048509,-0.162626,lower
L3,none,0.90,0.9000,0.438243,-0.048297,-0.162356,lower
L3,none,0.90,0.9000,0.449981,-0.048033,-0.161531,lower
L3,none,0.90,0.9000,0.461826,-0.047717,-0.160114,lower
L3,none,0.90,0.9000,0.473769,-0.047347,-0.158080,lower
L3,none,0.90,0.9000,0.485800,-0.046924,-0.155425,lower
L3,none,0.90,0.9000,0.497911,-0.046447,-0.152162,lower
L3,none,0.90,0.9000,0.510092,-0.045918,-0.148322,lower
L3,none,0.90,0.9000,0.522334,-0.045337,-0.143951,lower
L3,none,0.90,0.9000,0.534626,-0.044707,-0.139110,lower
L3,none,0.90,0.9000,0.546959,-0.044030,-0.133871,lower
L3,none,0.90,0.9000,0.559322,-0.043308,-0.128312,lower
L3,none,0.90,0.9000,0.571705,-0.042545,-0.122517,lower
L3,none,0.90,0.9000,0.584099,-0.041745,-0.116567,lower
L3,none,0.90,0.9000,0.596493,-0.040910,-0.110541,lower
L3,none,0.90,0.9000,0.608876,-0.040043,-0.104511,lower
L3,none,0.90,0.9000,0.621239,-0.039149,-0.098539,lower
L3,none,0.90,0.9000,0.633572,-0.038230,-0.092676,lower
L3,none,0.90,0.9000,0.645864,-0.037290,-0.086961,lower
L3,none,0.90,0.9000,0.658106,-0.036330,-0.081416,lower
L3,none,0.90,0.9000,0.670288,-0.035354,-0.076057,lower
L3,none,0.90,0.9000,0.682401,-0.034364,-0.070880,lower
L3,none,0.90,0.9000,0.694435,-0.033360,-0.065876,lower
L3,none,0.90,0.9000,0.706381,-0.032346,-0.061020,lower
L3,none,0.90,0.9000,0.718230,-0.031322,-0.056284,lower
L3,none,0.90,0.9000,0.729973,-0.030288,-0.051631,lower
L3,none,0.90,0.9000,0.741604,-0.029247,-0.047023,lower
L3,none,0.90,0.9000,0.753112,-0.028199,-0.042416,lower
L3,none,0.90,0.9000,0.764492,-0.027144,-0.037766,lower
L3,none,0.90,0.9000,0.775735,-0.026084,-0.033029,lower
L3,none,0.90,0.9000,0.786835,-0.025019,-0.028165,lower
L3,none,0.90,0.9000,0.797785,-0.023949,-0.023131,lower
L3,none,0.90,0.9000,0.808580,-0.022876,-0.017891,lower
L3,none,0.90,0.9000,0.819215,-0.021800,-0.012406,lower
L3,none,0.90,0.9000,0.829682,-0.020722,-0.006640,lower
L3,none,0.90,0.9000,0.839979,-0.019643,-0.000559,lower
L3,none,0.90,0.9000,0.850101,-0.018564,0.005873,lower
L3,none,0.90,0.9000,0.860044,-0.017485,0.012692,lower
L3,none,0.90,0.9000,0.869805,-0.016409,0.019937,lower
L3,none,0.90,0.9000,0.879380,-0.015336,0.027647,lower
L3,none,0.90,0.9000,0.888767,-0.014267,0.035866,lower
L3,none,0.90,0.9000,0.897965,-0.013204,0.044643,lower
L3,none,0.90,0.9000,0.906971,-0.012147,0.054027,lower
L3,none,0.90,0.9000,0.915784,-0.011100,0.064079,lower
L3,none,0.90,0.9000,0.924403,-0.010062,0.074862,lower
L3,none,0.90,0.9000,0.932828,-0.009037,0.086452,lower
L3,none,0.90,0.9000,0.941059,-0.008025,0.098944,lower
L3,none,0.90,0.9000,0.949096,-0.007029,0.112457,lower
L3,none,0.90,0.9000,0.956938,-0.006050,0.127158,lower
L3,none,0.90,0.9000,0.964588,-0.005093,0.143299,lower
L3,none,0.90,0.9000,0.972047,-0.004158,0.161276,lower
L3,none,0.90,0.9000,0.979316,-0.003249,0.181947,lower
L3,none,0.90,0.9000,0.986396,-0.002368,0.206569,lower
L3,none,0.90,0.9000,0.993290,-0.001519,0.237624,lower
L3,none,0.90,0.9000,1.000000,-0.000705,0.271114,lower
L3,none,0.96,0.9600,0.000000,0.000000,0.563302,upper
L3,none,0.96,0.9600,0.000004,0.000389,0.542110,upper
L3,none,0.96,0.9600,0.000019,0.000793,0.518806,upper
L3,none,0.96,0.9600,0.000043,0.001214,0.492944,upper
L3,none,0.96,0.9600,0.000080,0.001650,0.464590,upper
L3,none,0.96,0.9600,0.000131,0.002104,0.433523,upper
L3,none,0.96,0.9600,0.000196,0.002574,0.399617,upper
L3,none,0.96,0.9600,0.000278,0.003062,0.362717,upper
L3,none,0.96,0.9600,0.000377,0.003566,0.322693,upper
L3,none,0.96,0.9600,0.000497,0.004088,0.279429,upper
L3,none,0.96,0.9600,0.000638,0.004627,0.232837,upper
L3,none,0.96,0.9600,0.000803,0.005183,0.182858,upper
L3,none,0.96,0.9600,0.000993,0.005755,0.129476,upper
L3,none,0.96,0.9600,0.001211,0.006343,0.072717,upper
L3,none,0.96,0.9600,0.001458,0.006948,0.012670,upper
L3,none,0.96,0.9600,0.001738,0.007567,-0.050510,upper
L3,none,0.96,0.9600,0.002052,0.008200,-0.116599,upper
L3,none,0.96,0.9600,0.002402,0.008847,-0.185291,upper
L3,none,0.96,0.9600,0.002791,0.009505,-0.256195,upper
L3,none,0.96,0.9600,0.003221,0.010175,-0.328828,upper
L3,none,0.96,0.9600,0.003694,0.010854,-0.402623,upper
L3,none,0.96,0.9600,0.004212,0.011542,-0.476921,upper
L3,none,0.96,0.9600,0.004777,0.012236,-0.550992,upper
L3,none,0.96,0.9600,0.005392,0.012935,-0.624036,upper
L3,none,0.96,0.9600,0.006058,0.013638,-0.695209,upper
L3,none,0.96,0.9600,0.006777,0.014342,-0.763638,upper
L3,none,0.96,0.9600,0.007551,0.015047,-0.828448,upper
L3,none,0.96,0.9600,0.008382,0.015751,-0.888793,upper
L3,none,0.96,0.9600,0.009271,0.016451,-0.943888,upper
L3,none,0.96,0.9600,0.010219,0.017147,-0.993036,upper
L3,none,0.96,0.9600,0.011228,0.017838,-1.035662,upper
L3,none,0.96,0.9600,0.012300,0.018521,-1.071336,upper
L3,none,0.96,0.9600,0.013436,0.019195,-1.099807,upper
L3,none,0.96,0.9600,0.014637,0.019860,-1.120993,upper
L3,none,0.96,0.9600,0.015904,0.020515,-1.134971,upper
L3,none,0.96,0.9600,0.017239,0.021159,-1.141983,upper
L3,none,0.96,0.9600,0.018643,0.021791,-1.142409,upper
L3,none,0.96,0.9600,0.020117,0.022410,-1.136748,upper
L3,none,0.96,0.9600,0.021664,0.023016,-1.125578,upper
L3,none,0.96,0.9600,0.023284,0.023610,-1.109537,upper
L3,none,0.96,0.9600,0.024979,0.024190,-1.089287,upper
L3,none,0.96,0.9600,0.026750,0.024757,-1.065497,upper
L3,none,0.96,0.9600,0.028600,0.025311,-1.038818,upper
L3,none,0.96,0.9600,0.030531,0.025853,-1.009871,upper
L3,none,0.96,0.9600,0.032543,0.026382,-0.979234,upper
L3,none,0.96,0.9600,0.034640,0.026899,-0.947435,upper
L3,none,0.96,0.9600,0.036823,0.027404,-0.914942,upper
L3,none,0.96,0.9600,0.039094,0.027899,-0.882164,upper
L3,none,0.96,0.9600,0.041456,0.028383,-0.849449,upper
L3,none,0.96,0.9600,0.043912,0.028859,-0.817087,upper
L3,none,0.96,0.9600,0.046463,0.029326,-0.785318,upper
L3,none,0.96,0.9600,0.049112,0.029785,-0.754336,upper
L3,none,0.96,0.9600,0.051862,0.030238,-0.724299,upper
L3,none,0.96,0.9600,0.054716,0.030686,-0.695335,upper
L3,none,0.96,0.9600,0.057676,0.031129,-0.667545,upper
L3,none,0.96,0.9600,0.060746,0.031569,-0.640999,upper
L3,none,0.96,0.9600,0.063928,0.032006,-0.615749,upper
L3,none,0.96,0.9600,0.067226,0.032442,-0.591825,upper
L3,none,0.96,0.9600,0.070643,0.032877,-0.569238,upper
L3,none,0.96,0.9600,0.074181,0.033313,-0.547989,upper
L3,none,0.96,0.9600,0.077844,0.033751,-0.528066,upper
L3,none,0.96,0.9600,0.081635,0.034191,-0.509446,upper
L3,none,0.96,0.9600,0.085558,0.034634,-0.492097,upper
L3,none,0.96,0.9600,0.089616,0.035080,-0.475982,upper
L3,none,0.96,0.9600,0.093813,0.035530,-0.461055,upper
L3,none,0.96,0.9600,0.098151,0.035985,-0.447264,upper
L3,none,0.96,0.9600,0.102634,0.036444,-0.434556,upper
L3,none,0.96,0.9600,0.107265,0.036907,-0.422872,upper
L3,none,0.96,0.9600,0.112049,0.037375,-0.412144,upper
L3,none,0.96,0.9600,0.116988,0.037847,-0.402304,upper
L3,none,0.96,0.9600,0.122085,0.038323,-0.393274,upper
L3,none,0.96,0.9600,0.127344,0.038801,-0.384975,upper
L3,none,0.96,0.9600,0.132769,0.039282,-0.377330,upper
L3,none,0.96,0.9600,0.138361,0.039764,-0.370259,upper
L3,none,0.96,0.9600,0.144125,0.040246,-0.363678,upper
L3,none,0.96,0.9600,0.150064,0.040726,-0.357506,upper
L3,none,0.96,0.9600,0.156179,0.041204,-0.351661,upper
L3,none,0.96,0.9600,0.162474,0.041678,-0.346073,upper
L3,none,0.96,0.9600,0.168952,0.042147,-0.340681,upper
L3,none,0.96,0.9600,0.175614,0.042610,-0.335424,upper
L3,none,0.96,0.9600,0.182464,0.043064,-0.330261,upper
L3,none,0.96,0.9600,0.189502,0.043509,-0.325154,upper
L3,none,0.96,0.9600,0.196731,0.043942,-0.320073,upper
L3,none,0.96,0.9600,0.204152,0.044364,-0.315006,upper
L3,none,0.96,0.9600,0.211767,0.044773,-0.309947,upper
L3,none,0.96,0.9600,0.219576,0.045168,-0.304906,upper
L3,none,0.96,0.9600,0.227580,0.045547,-0.299897,upper
L3,none,0.96,0.9600,0.235780,0.045911,-0.294948,upper
L3,none,0.96,0.9600,0.244175,0.046258,-0.290095,upper
L3,none,0.96,0.9600,0.252765,0.046588,-0.285378,upper
L3,none,0.96,0.9600,0.261551,0.046900,-0.280853,upper
L3,none,0.96,0.9600,0.270530,0.047194,-0.276563,upper
L3,none,0.96,0.9600,0.279701,0.047468,-0.272546,upper
L3,none,0.96,0.9600,0.289064,0.047723,-0.268830,upper
L3,none,0.96,0.9600,0.298615,0.047957,-0.265438,upper
L3,none,0.96,0.9600,0.308352,0.048168,-0.262389,upper
L3,none,0.96,0.9600,0.318273,0.048357,-0.259679,upper
L3,none,0.96,0.9600,0.328374,0.048520,-0.257290,upper
L3,none,0.96,0.9600,0.338651,0.048657,-0.255173,upper
L3,none,0.96,0.9600,0.349100,0.048765,-0.253275,upper
L3,none,0.96,0.9600,0.359716,0.048843,-0.251536,upper
L3,none,0.96,0.9600,0.370496,0.048887,-0.249888,upper
L3,none,0.96,0.9600,0.381432,0.048894,-0.248254,upper
L3,none,0.96,0.9600,0.392519,0.048863,-0.246536,upper
L3,none,0.96,0.9600,0.403751,0.048790,-0.244644,upper
L3,none,0.96,0.9600,0.415120,0.048673,-0.242488,upper
L3,none,0.96,0.9600,0.426620,0.048509,-0.239998,upper
L3,none,0.96,0.9600,0.438243,0.048296,-0.237110,upper
L3,none,0.96,0.9600,0.449982,0.048033,-0.233769,upper
L3,none,0.96,0.9600,0.461826,0.047717,-0.229931,upper
L3,none,0.96,0.9600,0.473769,0.047347,-0.225569,upper
L3,none,0.96,0.9600,0.485800,0.046924,-0.220678,upper
L3,none,0.96,0.9600,0.497911,0.046447,-0.215277,upper
L3,none,0.96,0.9600,0.510092,0.045918,-0.209403,upper
L3,none,0.96,0.9600,0.522334,0.045337,-0.203104,upper
L3,none,0.96,0.9600,0.534626,0.044707,-0.196447,upper
L3,none,0.96,0.9600,0.546959,0.044030,-0.189513,upper
L3,none,0.96,0.9600,0.559322,0.043308,-0.182391,upper
L3,none,0.96,0.9600,0.571705,0.042545,-0.175166,upper
L3,none,0.96,0.9600,0.584099,0.041745,-0.167923,upper
L3,none,0.96,0.9600,0.596493,0.040910,-0.160736,upper
L3,none,0.96,0.9600,0.608876,0.040043,-0.153675,upper
L3,none,0.96,0.9600,0.621239,0.039149,-0.146799,upper
L3,none,0.96,0.9600,0.633572,0.038230,-0.140154,upper
L3,none,0.96,0.9600,0.645864,0.037290,-0.133770,upper
L3,none,0.96,0.9600,0.658106,0.036330,-0.127661,upper
L3,none,0.96,0.9600,0.670288,0.035354,-0.121831,upper
L3,none,0.96,0.9600,0.682401,0.034364,-0.116270,upper
L3,none,0.96,0.9600,0.694435,0.033360,-0.110960,upper
L3,none,0.96,0.9600,0.706381,0.032346,-0.105871,upper
L3,none,0.96,0.9600,0.718230,0.031322,-0.100964,upper
L3,none,0.96,0.9600,0.729973,0.030288,-0.096198,upper
L3,none,0.96,0.9600,0.741604,0.029247,-0.091530,upper
L3,none,0.96,0.9600,0.753112,0.028199,-0.086916,upper
L3,none,0.96,0.9600,0.764492,0.027144,-0.082311,upper
L3,none,0.96,0.9600,0.775735,0.026084,-0.077670,upper
L3,none,0.96,0.9600,0.786835,0.025019,-0.072951,upper
L3,none,0.96,0.9600,0.797785,0.023949,-0.068113,upper
L3,none,0.96,0.9600,0.808581,0.022876,-0.063120,upper
L3,none,0.96,0.9600,0.819215,0.021800,-0.057935,upper
L3,none,0.96,0.9600,0.829683,0.020722,-0.052519,upper
L3,none,0.96,0.9600,0.839979,0.019643,-0.046838,upper
L3,none,0.96,0.9600,0.850101,0.018564,-0.040851,upper
L3,none,0.96,0.9600,0.860044,0.017485,-0.034518,upper
L3,none,0.96,0.9600,0.869805,0.016409,-0.027796,upper
L3,none,0.96,0.9600,0.879380,0.015336,-0.020635,upper
L3,none,0.96,0.9600,0.888767,0.014267,-0.012982,upper
L3,none,0.96,0.9600,0.897965,0.013204,-0.004775,upper
L3,none,0.96,0.9600,0.906971,0.012147,0.004052,upper
L3,none,0.96,0.9600,0.915784,0.011100,0.013578,upper
L3,none,0.96,0.9600,0.924403,0.010062,0.023888,upper
L3,none,0.96,0.9600,0.932828,0.009037,0.035086,upper
L3,none,0.96,0.9600,0.941059,0.008025,0.047296,upper
L3,none,0.96,0.9600,0.949096,0.007029,0.060673,upper
L3,none,0.96,0.9600,0.956938,0.006050,0.075430,upper
L3,none,0.96,0.9600,0.964589,0.005093,0.091871,upper
L3,none,0.96,0.9600,0.972047,0.004158,0.110472,upper
L3,none,0.96,0.9600,0.979316,0.003249,0.132157,upper
L3,none,0.96,0.9600,0.986396,0.002368,0.158388,upper
L3,none,0.96,0.9600,0.993290,0.001519,0.191417,upper
L3,none,0.96,0.9600,1.000000,0.000705,0.229199,upper
L3,none,0.96,0.9600,0.000000,0.000000,0.563302,lower
L3,none,0.96,0.9600,0.000004,-0.000389,0.583593,lower
L3,none,0.96,0.9600,0.000019,-0.000793,0.603124,lower
L3,none,0.96,0.9600,0.000043,-0.001214,0.621724,lower
L3,none,0.96,0.9600,0.000080,-0.001650,0.639420,lower
L3,none,0.96,0.9600,0.000131,-0.002104,0.655979,lower
L3,none,0.96,0.9600,0.000196,-0.002574,0.671218,lower
L3,none,0.96,0.9600,0.000278,-0.003062,0.684916,lower
L3,none,0.96,0.9600,0.000377,-0.003566,0.696848,lower
L3,none,0.96,0.9600,0.000497,-0.004088,0.706783,lower
L3,none,0.96,0.9600,0.000638,-0.004627,0.714487,lower
L3,none,0.96,0.9600,0.000803,-0.005183,0.719729,lower
L3,none,0.96,0.9600,0.000993,-0.005755,0.722283,lower
L3,none,0.96,0.9600,0.001211,-0.006343,0.721941,lower
L3,none,0.96,0.9600,0.001458,-0.006948,0.718509,lower
L3,none,0.96,0.9600,0.001738,-0.007567,0.711827,lower
L3,none,0.96,0.9600,0.002052,-0.008200,0.701766,lower
L3,none,0.96,0.9600,0.002402,-0.008847,0.688241,lower
L3,none,0.96,0.9600,0.002791,-0.009505,0.671226,lower
L3,none,0.96,0.9600,0.003221,-0.010175,0.650749,lower
L3,none,0.96,0.9600,0.003694,-0.010854,0.626907,lower
L3,none,0.96,0.9600,0.004212,-0.011542,0.599868,lower
L3,none,0.96,0.9600,0.004777,-0.012236,0.569868,lower
L3,none,0.96,0.9600,0.005392,-0.012935,0.537214,lower
L3,none,0.96,0.9600,0.006058,-0.013638,0.502275,lower
L3,none,0.96,0.9600,0.006777,-0.014342,0.465473,lower
L3,none,0.96,0.9600,0.007551,-0.015047,0.427274,lower
L3,none,0.96,0.9600,0.008382,-0.015751,0.388173,lower
L3,none,0.96,0.9600,0.009271,-0.016451,0.348675,lower
L3,none,0.96,0.9600,0.010219,-0.017147,0.309287,lower
L3,none,0.96,0.9600,0.011228,-0.017838,0.270493,lower
L3,none,0.96,0.9600,0.012300,-0.018521,0.232745,lower
L3,none,0.96,0.9600,0.013436,-0.019195,0.196447,lower
L3,none,0.96,0.9600,0.014637,-0.019860,0.161943,lower
L3,none,0.96,0.9600,0.015904,-0.020515,0.129518,lower
L3,none,0.96,0.9600,0.017239,-0.021159,0.099386,lower
L3,none,0.96,0.9600,0.018643,-0.021791,0.071695,lower
L3,none,0.96,0.9600,0.020117,-0.022410,0.046529,lower
L3,none,0.96,0.9600,0.021664,-0.023016,0.023912,lower
L3,none,0.96,0.9600,0.023284,-0.023610,0.003817,lower
L3,none,0.96,0.9600,0.024979,-0.024190,-0.013830,lower
L3,none,0.96,0.9600,0.026750,-0.024757,-0.029140,lower
L3,none,0.96,0.9600,0.028600,-0.025311,-0.042254,lower
L3,none,0.96,0.9600,0.030531,-0.025853,-0.053335,lower
L3,none,0.96,0.9600,0.032543,-0.026382,-0.062559,lower
L3,none,0.96,0.9600,0.034640,-0.026899,-0.070113,lower
L3,none,0.96,0.9600,0.036823,-0.027404,-0.076186,lower
L3,none,0.96,0.9600,0.039094,-0.027899,-0.080964,lower
L3,none,0.96,0.9600,0.041456,-0.028383,-0.084629,lower
L3,none,0.96,0.9600,0.043912,-0.028859,-0.087353,lower
L3,none,0.96,0.9600,0.046463,-0.029326,-0.089299,lower
L3,none,0.96,0.9600,0.049112,-0.029785,-0.090620,lower
L3,none,0.96,0.9600,0.051862,-0.030238,-0.091453,lower
L3,none,0.96,0.9600,0.054716,-0.030686,-0.091924,lower
L3,none,0.96,0.9600,0.057676,-0.031129,-0.092149,lower
L3,none,0.96,0.9600,0.060746,-0.031569,-0.092227,lower
L3,none,0.96,0.9600,0.063928,-0.032006,-0.092245,lower
L3,none,0.96,0.9600,0.067226,-0.032442,-0.092280,lower
L3,none,0.96,0.9600,0.070643,-0.032877,-0.092395,lower
L3,none,0.96,0.9600,0.074181,-0.033313,-0.092641,lower
L3,none,0.96,0.9600,0.077844,-0.033751,-0.093060,lower
L3,none,0.96,0.9600,0.081635,-0.034191,-0.093683,lower
L3,none,0.96,0.9600,0.085558,-0.034634,-0.094531,lower
L3,none,0.96,0.9600,0.089616,-0.035080,-0.095614,lower
L3,none,0.96,0.9600,0.093813,-0.035530,-0.096935,lower
L3,none,0.96,0.9600,0.098151,-0.035985,-0.098491,lower
L3,none,0.96,0.9600,0.102634,-0.036444,-0.100270,lower
L3,none,0.96,0.9600,0.107265,-0.036907,-0.102255,lower
L3,none,0.96,0.9600,0.112049,-0.037375,-0.104423,lower
L3,none,0.96,0.9600,0.116988,-0.037847,-0.106745,lower
L3,none,0.96,0.9600,0.122085,-0.038323,-0.109195,lower
L3,none,0.96,0.9600,0.127344,-0.038801,-0.111738,lower
L3,none,0.96,0.9600,0.132769,-0.039282,-0.114335,lower
L3,none,0.96,0.9600,0.138361,-0.039764,-0.116949,lower
L3,none,0.96,0.9600,0.144125,-0.040246,-0.119530,lower
L3,none,0.96,0.9600,0.150064,-0.040726,-0.122040,lower
L3,none,0.96,0.9600,0.156179,-0.041204,-0.124441,lower
L3,none,0.96,0.9600,0.162474,-0.041678,-0.126696,lower
L3,none,0.96,0.9600,0.168952,-0.042147,-0.128780,lower
L3,none,0.96,0.9600,0.175614,-0.042610,-0.130664,lower
L3,none,0.96,0.9600,0.182464,-0.043064,-0.132330,lower
L3,none,0.96,0.9600,0.189502,-0.043509,-0.133767,lower
L3,none,0.96,0.9600,0.196731,-0.043942,-0.134968,lower
L3,none,0.96,0.9600,0.204152,-0.044364,-0.135939,lower
L3,none,0.96,0.9600,0.211767,-0.044773,-0.136689,lower
L3,none,0.96,0.9600,0.219576,-0.045168,-0.137236,lower
L3,none,0.96,0.9600,0.227580,-0.045547,-0.137609,lower
L3,none,0.96,0.9600,0.235780,-0.045911,-0.137838,lower
L3,none,0.96,0.9600,0.244175,-0.046258,-0.137961,lower
L3,none,0.96,0.9600,0.252765,-0.046588,-0.138018,lower
L3,none,0.96,0.9600,0.261551,-0.046900,-0.138049,lower
L3,none,0.96,0.9600,0.270530,-0.047194,-0.138094,lower
L3,none,0.96,0.9600,0.279701,-0.047468,-0.138193,lower
L3,none,0.96,0.9600,0.289064,-0.047723,-0.138377,lower
L3,none,0.96,0.9600,0.298615,-0.047957,-0.138671,lower
L3,none,0.96,0.9600,0.308352,-0.048168,-0.139092,lower
L3,none,0.96,0.9600,0.318273,-0.048357,-0.139644,lower
L3,none,0.96,0.9600,0.328374,-0.048520,-0.140322,lower
L3,none,0.96,0.9600,0.338651,-0.048657,-0.141107,lower
L3,none,0.96,0.9600,0.349100,-0.048765,-0.141967,lower
L3,none,0.96,0.9600,0.359716,-0.048843,-0.142859,lower
L3,none,0.96,0.9600,0.370496,-0.048887,-0.143730,lower
L3,none,0.96,0.9600,0.381432,-0.048894,-0.144520,lower
L3,none,0.96,0.9600,0.392519,-0.048863,-0.145161,lower
L3,none,0.96,0.9600,0.403751,-0.048790,-0.145581,lower
L3,none,0.96,0.9600,0.415120,-0.048673,-0.145710,lower
L3,none,0.96,0.9600,0.426620,-0.048509,-0.145480,lower
L3,none,0.96,0.9600,0.438243,-0.048296,-0.144836,lower
L3,none,0.96,0.9600,0.449982,-0.048033,-0.143728,lower
L3,none,0.96,0.9600,0.461826,-0.047717,-0.142122,lower
L3,none,0.96,0.9600,0.473769,-0.047347,-0.139995,lower
L3,none,0.96,0.9600,0.485800,-0.046924,-0.137347,lower
L3,none,0.96,0.9600,0.497911,-0.046447,-0.134193,lower
L3,none,0.96,0.9600,0.510092,-0.045918,-0.130562,lower
L3,none,0.96,0.9600,0.522334,-0.045337,-0.126498,lower
L3,none,0.96,0.9600,0.534626,-0.044707,-0.122058,lower
L3,none,0.96,0.9600,0.546959,-0.044030,-0.117309,lower
L3,none,0.96,0.9600,0.559322,-0.043308,-0.112323,lower
L3,none,0.96,0.9600,0.571705,-0.042545,-0.107175,lower
L3,none,0.96,0.9600,0.584099,-0.041745,-0.101941,lower
L3,none,0.96,0.9600,0.596493,-0.040910,-0.096689,lower
L3,none,0.96,0.9600,0.608876,-0.040043,-0.091484,lower
L3,none,0.96,0.9600,0.621239,-0.039149,-0.086379,lower
L3,none,0.96,0.9600,0.633572,-0.038230,-0.081418,lower
L3,none,0.96,0.9600,0.645864,-0.037290,-0.076633,lower
L3,none,0.96,0.9600,0.658106,-0.036330,-0.072044,lower
L3,none,0.96,0.9600,0.670288,-0.035354,-0.067656,lower
L3,none,0.96,0.9600,0.682401,-0.034364,-0.063467,lower
L3,none,0.96,0.9600,0.694435,-0.033360,-0.059460,lower
L3,none,0.96,0.9600,0.706381,-0.032346,-0.055612,lower
L3,none,0.96,0.9600,0.718230,-0.031322,-0.051893,lower
L3,none,0.96,0.9600,0.729973,-0.030288,-0.048267,lower
L3,none,0.96,0.9600,0.741604,-0.029247,-0.044694,lower
L3,none,0.96,0.9600,0.753112,-0.028199,-0.041132,lower
L3,none,0.96,0.9600,0.764492,-0.027144,-0.037540,lower
L3,none,0.96,0.9600,0.775735,-0.026084,-0.033876,lower
L3,none,0.96,0.9600,0.786835,-0.025019,-0.030102,lower
L3,none,0.96,0.9600,0.797785,-0.023949,-0.026180,lower
L3,none,0.96,0.9600,0.808581,-0.022876,-0.022072,lower
L3,none,0.96,0.9600,0.819215,-0.021800,-0.017746,lower
L3,none,0.96,0.9600,0.829683,-0.020722,-0.013167,lower
L3,none,0.96,0.9600,0.839979,-0.019643,-0.008302,lower
L3,none,0.96,0.9600,0.850101,-0.018564,-0.003117,lower
L3,none,0.96,0.9600,0.860044,-0.017485,0.002423,lower
L3,none,0.96,0.9600,0.869805,-0.016409,0.008354,lower
L3,none,0.96,0.9600,0.879380,-0.015336,0.014717,lower
L3,none,0.96,0.9600,0.888767,-0.014267,0.021554,lower
L3,none,0.96,0.9600,0.897965,-0.013204,0.028915,lower
L3,none,0.96,0.9600,0.906971,-0.012147,0.036850,lower
L3,none,0.96,0.9600,0.915784,-0.011100,0.045418,lower
L3,none,0.96,0.9600,0.924403,-0.010062,0.054686,lower
L3,none,0.96,0.9600,0.932828,-0.009037,0.064731,lower
L3,none,0.96,0.9600,0.941059,-0.008025,0.075649,lower
L3,none,0.96,0.9600,0.949096,-0.007029,0.087559,lower
L3,none,0.96,0.9600,0.956938,-0.006050,0.100631,lower
L3,none,0.96,0.9600,0.964589,-0.005093,0.115115,lower
L3,none,0.96,0.9600,0.972047,-0.004158,0.131403,lower
L3,none,0.96,0.9600,0.979316,-0.003249,0.150340,lower
L3,none,0.96,0.9600,0.986396,-0.002368,0.173159,lower
L3,none,0.96,0.9600,0.993290,-0.001519,0.202398,lower
L3,none,0.96,0.9600,1.000000,-0.000705,0.233991,lower
L3,none,0.99,0.9900,0.000000,0.000000,0.479477,upper
L3,none,0.99,0.9900,0.000004,0.000389,0.461023,upper
L3,none,0.99,0.9900,0.000019,0.000793,0.440584,upper
L3,none,0.99,0.9900,0.000043,0.001214,0.417740,upper
L3,none,0.99,0.9900,0.000080,0.001650,0.392549,upper
L3,none,0.99,0.9900,0.000131,0.002104,0.364791,upper
L3,none,0.99,0.9900,0.000196,0.002574,0.334338,upper
L3,none,0.99,0.9900,0.000278,0.003062,0.301036,upper
L3,none,0.99,0.9900,0.000377,0.003566,0.264754,upper
L3,none,0.99,0.9900,0.000497,0.004088,0.225380,upper
L3,none,0.99,0.9900,0.000638,0.004627,0.182831,upper
L3,none,0.99,0.9900,0.000803,0.005183,0.137053,upper
L3,none,0.99,0.9900,0.000993,0.005755,0.088032,upper
L3,none,0.99,0.9900,0.001211,0.006343,0.035796,upper
L3,none,0.99,0.9900,0.001458,0.006948,-0.019563,upper
L3,none,0.99,0.9900,0.001738,0.007567,-0.077892,upper
L3,none,0.99,0.9900,0.002052,0.008200,-0.138971,upper
L3,none,0.99,0.9900,0.002402,0.008847,-0.202476,upper
L3,none,0.99,0.9900,0.002791,0.009505,-0.268005,upper
L3,none,0.99,0.9900,0.003221,0.010175,-0.335075,upper
L3,none,0.99,0.9900,0.003694,0.010854,-0.403113,upper
L3,none,0.99,0.9900,0.004212,0.011542,-0.471465,upper
L3,none,0.99,0.9900,0.004777,0.012236,-0.539414,upper
L3,none,0.99,0.9900,0.005392,0.012935,-0.606192,upper
L3,none,0.99,0.9900,0.006058,0.013638,-0.670973,upper
L3,none,0.99,0.9900,0.006777,0.014342,-0.732893,upper
L3,none,0.99,0.9900,0.007551,0.015047,-0.791084,upper
L3,none,0.99,0.9900,0.008382,0.015751,-0.844725,upper
L3,none,0.99,0.9900,0.009271,0.016451,-0.893078,upper
L3,none,0.99,0.9900,0.010219,0.017147,-0.935517,upper
L3,none,0.99,0.9900,0.011228,0.017838,-0.971526,upper
L3,none,0.99,0.9900,0.012300,0.018521,-1.000726,upper
L3,none,0.99,0.9900,0.013436,0.019195,-1.022911,upper
L3,none,0.99,0.9900,0.014637,0.019860,-1.038063,upper
L3,none,0.99,0.9900,0.015904,0.020515,-1.046325,upper
L3,none,0.99,0.9900,0.017239,0.021159,-1.048008,upper
L3,none,0.99,0.9900,0.018643,0.021791,-1.043548,upper
L3,none,0.99,0.9900,0.020117,0.022410,-1.033451,upper
L3,none,0.99,0.9900,0.021664,0.023016,-1.018317,upper
L3,none,0.99,0.9900,0.023284,0.023610,-0.998775,upper
L3,none,0.99,0.9900,0.024979,0.024190,-0.975435,upper
L3,none,0.99,0.9900,0.026750,0.024757,-0.948874,upper
L3,none,0.99,0.9900,0.028600,0.025311,-0.919645,upper
L3,none,0.99,0.9900,0.030531,0.025853,-0.888291,upper
L3,none,0.99,0.9900,0.032543,0.026382,-0.855352,upper
L3,none,0.99,0.9900,0.034640,0.026899,-0.821350,upper
L3,none,0.99,0.9900,0.036823,0.027404,-0.786733,upper
L3,none,0.99,0.9900,0.039094,0.027899,-0.751873,upper
L3,none,0.99,0.9900,0.041456,0.028383,-0.717109,upper
L3,none,0.99,0.9900,0.043911,0.028859,-0.682691,upper
L3,none,0.99,0.9900,0.046463,0.029326,-0.648836,upper
L3,none,0.99,0.9900,0.049112,0.029785,-0.615827,upper
L3,none,0.99,0.9900,0.051862,0.030238,-0.583849,upper
L3,none,0.99,0.9900,0.054716,0.030686,-0.552864,upper
L3,none,0.99,0.9900,0.057676,0.031129,-0.523165,upper
L3,none,0.99,0.9900,0.060746,0.031569,-0.495327,upper
L3,none,0.99,0.9900,0.063928,0.032006,-0.469441,upper
L3,none,0.99,0.9900,0.067226,0.032442,-0.445620,upper
L3,none,0.99,0.9900,0.070642,0.032877,-0.423973,upper
L3,none,0.99,0.9900,0.074181,0.033313,-0.404260,upper
L3,none,0.99,0.9900,0.077844,0.033751,-0.386366,upper
L3,none,0.99,0.9900,0.081635,0.034191,-0.370143,upper
L3,none,0.99,0.9900,0.085558,0.034634,-0.355415,upper
L3,none,0.99,0.9900,0.089616,0.035080,-0.342234,upper
L3,none,0.99,0.9900,0.093813,0.035530,-0.330689,upper
L3,none,0.99,0.9900,0.098151,0.035985,-0.320719,upper
L3,none,0.99,0.9900,0.102634,0.036444,-0.312205,upper
L3,none,0.99,0.9900,0.107265,0.036907,-0.305016,upper
L3,none,0.99,0.9900,0.112049,0.037375,-0.298995,upper
L3,none,0.99,0.9900,0.116988,0.037847,-0.294006,upper
L3,none,0.99,0.9900,0.122085,0.038323,-0.289878,upper
L3,none,0.99,0.9900,0.127344,0.038801,-0.286425,upper
L3,none,0.99,0.9900,0.132769,0.039282,-0.283497,upper
L3,none,0.99,0.9900,0.138361,0.039764,-0.280891,upper
L3,none,0.99,0.9900,0.144125,0.040246,-0.278419,upper
L3,none,0.99,0.9900,0.150063,0.040726,-0.275989,upper
L3,none,0.99,0.9900,0.156179,0.041204,-0.273546,upper
L3,none,0.99,0.9900,0.162474,0.041678,-0.271081,upper
L3,none,0.99,0.9900,0.168952,0.042147,-0.268598,upper
L3,none,0.99,0.9900,0.175614,0.042610,-0.266103,upper
L3,none,0.99,0.9900,0.182464,0.043064,-0.263661,upper
L3,none,0.99,0.9900,0.189502,0.043509,-0.261317,upper
L3,none,0.99,0.9900,0.196731,0.043942,-0.259039,upper
L3,none,0.99,0.9900,0.204152,0.044364,-0.256766,upper
L3,none,0.99,0.9900,0.211767,0.044773,-0.254479,upper
L3,none,0.99,0.9900,0.219576,0.045168,-0.252221,upper
L3,none,0.99,0.9900,0.227580,0.045547,-0.250018,upper
L3,none,0.99,0.9900,0.235779,0.045911,-0.247905,upper
L3,none,0.99,0.9900,0.244175,0.046258,-0.245907,upper
L3,none,0.99,0.9900,0.252765,0.046588,-0.244056,upper
L3,none,0.99,0.9900,0.261551,0.046900,-0.242375,upper
L3,none,0.99,0.9900,0.270530,0.047194,-0.240873,upper
L3,none,0.99,0.9900,0.279701,0.047468,-0.239565,upper
L3,none,0.99,0.9900,0.289064,0.047723,-0.238457,upper
L3,none,0.99,0.9900,0.298615,0.047957,-0.237586,upper
L3,none,0.99,0.9900,0.308352,0.048168,-0.236964,upper
L3,none,0.99,0.9900,0.318273,0.048357,-0.236588,upper
L3,none,0.99,0.9900,0.328374,0.048520,-0.236438,upper
L3,none,0.99,0.9900,0.338651,0.048657,-0.236478,upper
L3,none,0.99,0.9900,0.349100,0.048765,-0.236699,upper
L3,none,0.99,0.9900,0.359716,0.048843,-0.237030,upper
L3,none,0.99,0.9900,0.370496,0.048887,-0.237434,upper
L3,none,0.99,0.9900,0.381432,0.048894,-0.237887,upper
L3,none,0.99,0.9900,0.392519,0.048863,-0.238339,upper
L3,none,0.99,0.9900,0.403750,0.048790,-0.238751,upper
L3,none,0.99,0.9900,0.415120,0.048673,-0.239020,upper
L3,none,0.99,0.9900,0.426620,0.048509,-0.239058,upper
L3,none,0.99,0.9900,0.438243,0.048297,-0.238813,upper
L3,none,0.99,0.9900,0.449981,0.048033,-0.238260,upper
L3,none,0.99,0.9900,0.461826,0.047717,-0.237384,upper
L3,none,0.99,0.9900,0.473769,0.047347,-0.236145,upper
L3,none,0.99,0.9900,0.485800,0.046924,-0.234519,upper
L3,none,0.99,0.9900,0.497911,0.046447,-0.232492,upper
L3,none,0.99,0.9900,0.510092,0.045918,-0.230114,upper
L3,none,0.99,0.9900,0.522334,0.045337,-0.227424,upper
L3,none,0.99,0.9900,0.534626,0.044707,-0.224431,upper
L3,none,0.99,0.9900,0.546959,0.044030,-0.221165,upper
L3,none,0.99,0.9900,0.559322,0.043308,-0.217663,upper
L3,none,0.99,0.9900,0.571705,0.042545,-0.213980,upper
L3,none,0.99,0.9900,0.584099,0.041745,-0.210164,upper
L3,none,0.99,0.9900,0.596493,0.040910,-0.206260,upper
L3,none,0.99,0.9900,0.608876,0.040043,-0.202298,upper
L3,none,0.99,0.9900,0.621239,0.039149,-0.198310,upper
L3,none,0.99,0.9900,0.633572,0.038230,-0.194334,upper
L3,none,0.99,0.9900,0.645864,0.037290,-0.190394,upper
L3,none,0.99,0.9900,0.658106,0.036330,-0.186502,upper
L3,none,0.99,0.9900,0.670288,0.035354,-0.182665,upper
L3,none,0.99,0.9900,0.682401,0.034364,-0.178882,upper
L3,none,0.99,0.9900,0.694435,0.033360,-0.175143,upper
L3,none,0.99,0.9900,0.706381,0.032346,-0.171428,upper
L3,none,0.99,0.9900,0.718230,0.031322,-0.167711,upper
L3,none,0.99,0.9900,0.729973,0.030288,-0.163967,upper
L3,none,0.99,0.9900,0.741604,0.029247,-0.160175,upper
L3,none,0.99,0.9900,0.753112,0.028199,-0.156316,upper
L3,none,0.99,0.9900,0.764492,0.027144,-0.152365,upper
L3,none,0.99,0.9900,0.775735,0.026084,-0.148294,upper
L3,none,0.99,0.9900,0.786835,0.025019,-0.144083,upper
L3,none,0.99,0.9900,0.797786,0.023949,-0.139718,upper
L3,none,0.99,0.9900,0.808581,0.022876,-0.135174,upper
L3,none,0.99,0.9900,0.819215,0.021800,-0.130426,upper
L3,none,0.99,0.9900,0.829682,0.020722,-0.125448,upper
L3,none,0.99,0.9900,0.839979,0.019643,-0.120216,upper
L3,none,0.99,0.9900,0.850101,0.018564,-0.114722,upper
L3,none,0.99,0.9900,0.860044,0.017485,-0.108948,upper
L3,none,0.99,0.9900,0.869805,0.016409,-0.102867,upper
L3,none,0.99,0.9900,0.879380,0.015336,-0.096462,upper
L3,none,0.99,0.9900,0.888767,0.014267,-0.089710,upper
L3,none,0.99,0.9900,0.897965,0.013204,-0.082578,upper
L3,none,0.99,0.9900,0.906971,0.012147,-0.075030,upper
L3,none,0.99,0.9900,0.915784,0.011100,-0.067022,upper
L3,none,0.99,0.9900,0.924403,0.010062,-0.058479,upper
L3,none,0.99,0.9900,0.932829,0.009037,-0.049319,upper
L3,none,0.99,0.9900,0.941059,0.008025,-0.039416,upper
L3,none,0.99,0.9900,0.949096,0.007029,-0.028542,upper
L3,none,0.99,0.9900,0.956939,0.006050,-0.016378,upper
L3,none,0.99,0.9900,0.964589,0.005093,-0.002475,upper
L3,none,0.99,0.9900,0.972047,0.004158,0.013832,upper
L3,none,0.99,0.9900,0.979316,0.003249,0.033706,upper
L3,none,0.99,0.9900,0.986396,0.002368,0.058811,upper
L3,none,0.99,0.9900,0.993290,0.001519,0.090554,upper
L3,none,0.99,0.9900,1.000000,0.000705,0.131273,upper
L3,none,0.99,0.9900,0.000000,0.000000,0.479477,lower
L3,none,0.99,0.9900,0.000004,-0.000389,0.497044,lower
L3,none,0.99,0.9900,0.000019,-0.000793,0.513792,lower
L3,none,0.99,0.9900,0.000043,-0.001214,0.529536,lower
L3,none,0.99,0.9900,0.000080,-0.001650,0.544299,lower
L3,none,0.99,0.9900,0.000131,-0.002104,0.557836,lower
L3,none,0.99,0.9900,0.000196,-0.002574,0.569960,lower
L3,none,0.99,0.9900,0.000278,-0.003062,0.580455,lower
L3,none,0.99,0.9900,0.000377,-0.003566,0.589099,lower
L3,none,0.99,0.9900,0.000497,-0.004088,0.595674,lower
L3,none,0.99,0.9900,0.000638,-0.004627,0.599954,lower
L3,none,0.99,0.9900,0.000803,-0.005183,0.601722,lower
L3,none,0.99,0.9900,0.000993,-0.005755,0.600766,lower
L3,none,0.99,0.9900,0.001211,-0.006343,0.596881,lower
L3,none,0.99,0.9900,0.001458,-0.006948,0.589893,lower
L3,none,0.99,0.9900,0.001738,-0.007567,0.579646,lower
L3,none,0.99,0.9900,0.002052,-0.008200,0.566032,lower
L3,none,0.99,0.9900,0.002402,-0.008847,0.548986,lower
L3,none,0.99,0.9900,0.002791,-0.009505,0.528495,lower
L3,none,0.99,0.9900,0.003221,-0.010175,0.504616,lower
L3,none,0.99,0.9900,0.003694,-0.010854,0.477488,lower
L3,none,0.99,0.9900,0.004212,-0.011542,0.447306,lower
L3,none,0.99,0.9900,0.004777,-0.012236,0.414317,lower
L3,none,0.99,0.9900,0.005392,-0.012935,0.378843,lower
L3,none,0.99,0.9900,0.006058,-0.013638,0.341266,lower
L3,none,0.99,0.9900,0.006777,-0.014342,0.302025,lower
L3,none,0.99,0.9900,0.007551,-0.015047,0.261601,lower
L3,none,0.99,0.9900,0.008382,-0.015751,0.220511,lower
L3,none,0.99,0.9900,0.009271,-0.016451,0.179288,lower
L3,none,0.99,0.9900,0.010219,-0.017147,0.138493,lower
L3,none,0.99,0.9900,0.011228,-0.017838,0.098683,lower
L3,none,0.99,0.9900,0.012300,-0.018521,0.060348,lower
L3,none,0.99,0.9900,0.013436,-0.019195,0.023912,lower
L3,none,0.99,0.9900,0.014637,-0.019860,-0.010266,lower
L3,none,0.99,0.9900,0.015904,-0.020515,-0.041906,lower
L3,none,0.99,0.9900,0.017239,-0.021159,-0.070798,lower
L3,none,0.99,0.9900,0.018643,-0.021791,-0.096809,lower
L3,none,0.99,0.9900,0.020117,-0.022410,-0.119874,lower
L3,none,0.99,0.9900,0.021664,-0.023016,-0.139991,lower
L3,none,0.99,0.9900,0.023284,-0.023610,-0.157214,lower
L3,none,0.99,0.9900,0.024979,-0.024190,-0.171650,lower
L3,none,0.99,0.9900,0.026750,-0.024757,-0.183450,lower
L3,none,0.99,0.9900,0.028600,-0.025311,-0.192787,lower
L3,none,0.99,0.9900,0.030531,-0.025853,-0.199856,lower
L3,none,0.99,0.9900,0.032543,-0.026382,-0.204871,lower
L3,none,0.99,0.9900,0.034640,-0.026899,-0.208053,lower
L3,none,0.99,0.9900,0.036823,-0.027404,-0.209625,lower
L3,none,0.99,0.9900,0.039094,-0.027899,-0.209810,lower
L3,none,0.99,0.9900,0.041456,-0.028383,-0.208809,lower
L3,none,0.99,0.9900,0.043911,-0.028859,-0.206808,lower
L3,none,0.99,0.9900,0.046463,-0.029326,-0.203988,lower
L3,none,0.99,0.9900,0.049112,-0.029785,-0.200506,lower
L3,none,0.99,0.9900,0.051862,-0.030238,-0.196498,lower
L3,none,0.99,0.9900,0.054716,-0.030686,-0.192072,lower
L3,none,0.99,0.9900,0.057676,-0.031129,-0.187334,lower
L3,none,0.99,0.9900,0.060746,-0.031569,-0.182386,lower
L3,none,0.99,0.9900,0.063928,-0.032006,-0.177309,lower
L3,none,0.99,0.9900,0.067226,-0.032442,-0.172185,lower
L3,none,0.99,0.9900,0.070642,-0.032877,-0.167071,lower
L3,none,0.99,0.9900,0.074181,-0.033313,-0.162033,lower
L3,none,0.99,0.9900,0.077844,-0.033751,-0.157147,lower
L3,none,0.99,0.9900,0.081635,-0.034191,-0.152500,lower
L3,none,0.99,0.9900,0.085558,-0.034634,-0.148164,lower
L3,none,0.99,0.9900,0.089616,-0.035080,-0.144201,lower
L3,none,0.99,0.9900,0.093813,-0.035530,-0.140665,lower
L3,none,0.99,0.9900,0.098151,-0.035985,-0.137590,lower
L3,none,0.99,0.9900,0.102634,-0.036444,-0.134998,lower
L3,none,0.99,0.9900,0.107265,-0.036907,-0.132882,lower
L3,none,0.99,0.9900,0.112049,-0.037375,-0.131214,lower
L3,none,0.99,0.9900,0.116988,-0.037847,-0.129941,lower
L3,none,0.99,0.9900,0.122085,-0.038323,-0.129013,lower
L3,none,0.99,0.9900,0.127344,-0.038801,-0.128373,lower
L3,none,0.99,0.9900,0.132769,-0.039282,-0.127959,lower
L3,none,0.99,0.9900,0.138361,-0.039764,-0.127716,lower
L3,none,0.99,0.9900,0.144125,-0.040246,-0.127582,lower
L3,none,0.99,0.9900,0.150063,-0.040726,-0.127514,lower
L3,none,0.99,0.9900,0.156179,-0.041204,-0.127467,lower
L3,none,0.99,0.9900,0.162474,-0.041678,-0.127409,lower
L3,none,0.99,0.9900,0.168952,-0.042147,-0.127321,lower
L3,none,0.99,0.9900,0.175614,-0.042610,-0.127179,lower
L3,none,0.99,0.9900,0.182464,-0.043064,-0.126976,lower
L3,none,0.99,0.9900,0.189502,-0.043509,-0.126704,lower
L3,none,0.99,0.9900,0.196731,-0.043942,-0.126361,lower
L3,none,0.99,0.9900,0.204152,-0.044364,-0.125946,lower
L3,none,0.99,0.9900,0.211767,-0.044773,-0.125470,lower
L3,none,0.99,0.9900,0.219576,-0.045168,-0.124943,lower
L3,none,0.99,0.9900,0.227580,-0.045547,-0.124378,lower
L3,none,0.99,0.9900,0.235779,-0.045911,-0.123795,lower
L3,none,0.99,0.9900,0.244175,-0.046258,-0.123215,lower
L3,none,0.99,0.9900,0.252765,-0.046588,-0.122666,lower
L3,none,0.99,0.9900,0.261551,-0.046900,-0.122173,lower
L3,none,0.99,0.9900,0.270530,-0.047194,-0.121764,lower
L3,none,0.99,0.9900,0.279701,-0.047468,-0.121467,lower
L3,none,0.99,0.9900,0.289064,-0.047723,-0.121311,lower
L3,none,0.99,0.9900,0.298615,-0.047957,-0.121313,lower
L3,none,0.99,0.9900,0.308352,-0.048168,-0.121465,lower
L3,none,0.99,0.9900,0.318273,-0.048357,-0.121758,lower
L3,none,0.99,0.9900,0.328374,-0.048520,-0.122167,lower
L3,none,0.99,0.9900,0.338651,-0.048657,-0.122663,lower
L3,none,0.99,0.9900,0.349100,-0.048765,-0.123202,lower
L3,none,0.99,0.9900,0.359716,-0.048843,-0.123726,lower
L3,none,0.99,0.9900,0.370496,-0.048887,-0.124177,lower
L3,none,0.99,0.9900,0.381432,-0.048894,-0.124506,lower
L3,none,0.99,0.9900,0.392519,-0.048863,-0.124667,lower
L3,none,0.99,0.9900,0.403750,-0.048790,-0.124608,lower
L3,none,0.99,0.9900,0.415120,-0.048673,-0.124281,lower
L3,none,0.99,0.9900,0.426620,-0.048509,-0.123653,lower
L3,none,0.99,0.9900,0.438243,-0.048297,-0.122707,lower
L3,none,0.99,0.9900,0.449981,-0.048033,-0.121425,lower
L3,none,0.99,0.9900,0.461826,-0.047717,-0.119793,lower
L3,none,0.99,0.9900,0.473769,-0.047347,-0.117794,lower
L3,none,0.99,0.9900,0.485800,-0.046924,-0.115433,lower
L3,none,0.99,0.9900,0.497911,-0.046447,-0.112732,lower
L3,none,0.99,0.9900,0.510092,-0.045918,-0.109720,lower
L3,none,0.99,0.9900,0.522334,-0.045337,-0.106427,lower
L3,none,0.99,0.9900,0.534626,-0.044707,-0.102885,lower
L3,none,0.99,0.9900,0.546959,-0.044030,-0.099142,lower
L3,none,0.99,0.9900,0.559322,-0.043308,-0.095254,lower
L3,none,0.99,0.9900,0.571705,-0.042545,-0.091282,lower
L3,none,0.99,0.9900,0.584099,-0.041745,-0.087283,lower
L3,none,0.99,0.9900,0.596493,-0.040910,-0.083308,lower
L3,none,0.99,0.9900,0.608876,-0.040043,-0.079407,lower
L3,none,0.99,0.9900,0.621239,-0.039149,-0.075625,lower
L3,none,0.99,0.9900,0.633572,-0.038230,-0.071993,lower
L3,none,0.99,0.9900,0.645864,-0.037290,-0.068528,lower
L3,none,0.99,0.9900,0.658106,-0.036330,-0.065238,lower
L3,none,0.99,0.9900,0.670288,-0.035354,-0.062122,lower
L3,none,0.99,0.9900,0.682401,-0.034364,-0.059168,lower
L3,none,0.99,0.9900,0.694435,-0.033360,-0.056359,lower
L3,none,0.99,0.9900,0.706381,-0.032346,-0.053665,lower
L3,none,0.99,0.9900,0.718230,-0.031322,-0.051057,lower
L3,none,0.99,0.9900,0.729973,-0.030288,-0.048500,lower
L3,none,0.99,0.9900,0.741604,-0.029247,-0.045962,lower
L3,none,0.99,0.9900,0.753112,-0.028199,-0.043411,lower
L3,none,0.99,0.9900,0.764492,-0.027144,-0.040823,lower
L3,none,0.99,0.9900,0.775735,-0.026084,-0.038181,lower
L3,none,0.99,0.9900,0.786835,-0.025019,-0.035466,lower
L3,none,0.99,0.9900,0.797786,-0.023949,-0.032660,lower
L3,none,0.99,0.9900,0.808581,-0.022876,-0.029742,lower
L3,none,0.99,0.9900,0.819215,-0.021800,-0.026677,lower
L3,none,0.99,0.9900,0.829682,-0.020722,-0.023432,lower
L3,none,0.99,0.9900,0.839979,-0.019643,-0.019966,lower
L3,none,0.99,0.9900,0.850101,-0.018564,-0.016253,lower
L3,none,0.99,0.9900,0.860044,-0.017485,-0.012266,lower
L3,none,0.99,0.9900,0.869805,-0.016409,-0.007980,lower
L3,none,0.99,0.9900,0.879380,-0.015336,-0.003374,lower
L3,none,0.99,0.9900,0.888767,-0.014267,0.001583,lower
L3,none,0.99,0.9900,0.897965,-0.013204,0.006921,lower
L3,none,0.99,0.9900,0.906971,-0.012147,0.012677,lower
L3,none,0.99,0.9900,0.915784,-0.011100,0.018887,lower
L3,none,0.99,0.9900,0.924403,-0.010062,0.025573,lower
L3,none,0.99,0.9900,0.932829,-0.009037,0.032764,lower
L3,none,0.99,0.9900,0.941059,-0.008025,0.040498,lower
L3,none,0.99,0.9900,0.949096,-0.007029,0.048831,lower
L3,none,0.99,0.9900,0.956939,-0.006050,0.057851,lower
L3,none,0.99,0.9900,0.964589,-0.005093,0.067683,lower
L3,none,0.99,0.9900,0.972047,-0.004158,0.078523,lower
L3,none,0.99,0.9900,0.979316,-0.003249,0.090768,lower
L3,none,0.99,0.9900,0.986396,-0.002368,0.105151,lower
L3,none,0.99,0.9900,0.993290,-0.001519,0.123310,lower
L3,none,0.99,0.9900,1.000000,-0.000705,0.141732,lower
L4,none,0.20,0.2000,-0.000000,0.000000,0.639890,upper
L4,none,0.20,0.2000,0.000002,0.000287,0.625811,upper
L4,none,0.20,0.2000,0.000010,0.000582,0.610641,upper
L4,none,0.20,0.2000,0.000023,0.000885,0.594174,upper
L4,none,0.20,0.2000,0.000042,0.001198,0.576468,upper
L4,none,0.20,0.2000,0.000068,0.001519,0.557423,upper
L4,none,0.20,0.2000,0.000101,0.001850,0.536989,upper
L4,none,0.20,0.2000,0.000142,0.002190,0.515100,upper
L4,none,0.20,0.2000,0.000191,0.002539,0.491694,upper
L4,none,0.20,0.2000,0.000249,0.002897,0.466710,upper
L4,none,0.20,0.2000,0.000316,0.003265,0.440094,upper
L4,none,0.20,0.2000,0.000394,0.003642,0.411792,upper
L4,none,0.20,0.2000,0.000483,0.004029,0.381761,upper
L4,none,0.20,0.2000,0.000583,0.004425,0.349961,upper
L4,none,0.20,0.2000,0.000696,0.004831,0.316364,upper
L4,none,0.20,0.2000,0.000822,0.005245,0.280949,upper
L4,none,0.20,0.2000,0.000963,0.005669,0.243711,upper
L4,none,0.20,0.2000,0.001118,0.006102,0.204660,upper
L4,none,0.20,0.2000,0.001290,0.006543,0.163819,upper
L4,none,0.20,0.2000,0.001478,0.006993,0.121230,upper
L4,none,0.20,0.2000,0.001684,0.007451,0.076954,upper
L4,none,0.20,0.2000,0.001908,0.007917,0.031075,upper
L4,none,0.20,0.2000,0.002152,0.008390,-0.016302,upper
L4,none,0.20,0.2000,0.002416,0.008871,-0.065047,upper
L4,none,0.20,0.2000,0.002701,0.009358,-0.115004,upper
L4,none,0.20,0.2000,0.003008,0.009851,-0.165991,upper
L4,none,0.20,0.2000,0.003339,0.010350,-0.217801,upper
L4,none,0.20,0.2000,0.003694,0.010854,-0.270202,upper
L4,none,0.20,0.2000,0.004073,0.011363,-0.322939,upper
L4,none,0.20,0.2000,0.004478,0.011875,-0.375733,upper
L4,none,0.20,0.2000,0.004910,0.012391,-0.428289,upper
L4,none,0.20,0.2000,0.005368,0.012909,-0.480295,upper
L4,none,0.20,0.2000,0.005855,0.013429,-0.531426,upper
L4,none,0.20,0.2000,0.006371,0.013951,-0.581350,upper
L4,none,0.20,0.2000,0.006917,0.014473,-0.629735,upper
L4,none,0.20,0.2000,0.007492,0.014995,-0.676251,upper
L4,none,0.20,0.2000,0.008099,0.015516,-0.720579,upper
L4,none,0.20,0.2000,0.008737,0.016037,-0.762418,upper
L4,none,0.20,0.2000,0.009407,0.016555,-0.801487,upper
L4,none,0.20,0.2000,0.010111,0.017070,-0.837539,upper
L4,none,0.20,0.2000,0.010847,0.017583,-0.870360,upper
L4,none,0.20,0.2000,0.011618,0.018091,-0.899776,upper
L4,none,0.20,0.2000,0.012423,0.018596,-0.925657,upper
L4,none,0.20,0.2000,0.013264,0.019096,-0.947918,upper
L4,none,0.20,0.2000,0.014139,0.019591,-0.966524,upper
L4,none,0.20,0.2000,0.015052,0.020080,-0.981488,upper
L4,none,0.20,0.2000,0.016000,0.020563,-0.992862,upper
L4,none,0.20,0.2000,0.016986,0.021041,-1.000742,upper
L4,none,0.20,0.2000,0.018010,0.021511,-1.005262,upper
L4,none,0.20,0.2000,0.019072,0.021975,-1.006585,upper
L4,none,0.20,0.2000,0.020173,0.022433,-1.004904,upper
L4,none,0.20,0.2000,0.021314,0.022883,-1.000434,upper
L4,none,0.20,0.2000,0.022494,0.023326,-0.993401,upper
L4,none,0.20,0.2000,0.023716,0.023762,-0.984045,upper
L4,none,0.20,0.2000,0.024979,0.024190,-0.972609,upper
L4,none,0.20,0.2000,0.026283,0.024612,-0.959337,upper
L4,none,0.20,0.2000,0.027631,0.025026,-0.944469,upper
L4,none,0.20,0.2000,0.029022,0.025433,-0.928239,upper
L4,none,0.20,0.2000,0.030458,0.025833,-0.910872,upper
L4,none,0.20,0.2000,0.031938,0.026226,-0.892582,upper
L4,none,0.20,0.2000,0.033464,0.026613,-0.873567,upper
L4,none,0.20,0.2000,0.035037,0.026993,-0.854016,upper
L4,none,0.20,0.2000,0.036658,0.027367,-0.834098,upper
L4,none,0.20,0.2000,0.038327,0.027735,-0.813968,upper
L4,none,0.20,0.2000,0.040045,0.028097,-0.793769,upper
L4,none,0.20,0.2000,0.041814,0.028454,-0.773623,upper
L4,none,0.20,0.2000,0.043634,0.028806,-0.753642,upper
L4,none,0.20,0.2000,0.045506,0.029154,-0.733923,upper
L4,none,0.20,0.2000,0.047432,0.029497,-0.714551,upper
L4,none,0.20,0.2000,0.049412,0.029836,-0.695601,upper
L4,none,0.20,0.2000,0.051448,0.030172,-0.677136,upper
L4,none,0.20,0.2000,0.053540,0.030504,-0.659211,upper
L4,none,0.20,0.2000,0.055691,0.030834,-0.641871,upper
L4,none,0.20,0.2000,0.057900,0.031162,-0.625154,upper
L4,none,0.20,0.2000,0.060169,0.031487,-0.609092,upper
L4,none,0.20,0.2000,0.062500,0.031812,-0.593707,upper
L4,none,0.20,0.2000,0.064893,0.032135,-0.579021,upper
L4,none,0.20,0.2000,0.067351,0.032458,-0.565044,upper
L4,none,0.20,0.2000,0.069873,0.032781,-0.551786,upper
L4,none,0.20,0.2000,0.072462,0.033103,-0.539249,upper
L4,none,0.20,0.2000,0.075118,0.033427,-0.527433,upper
L4,none,0.20,0.2000,0.077844,0.033751,-0.516332,upper
L4,none,0.20,0.2000,0.080640,0.034077,-0.505939,upper
L4,none,0.20,0.2000,0.083508,0.034404,-0.496242,upper
L4,none,0.20,0.2000,0.086448,0.034732,-0.487225,upper
L4,none,0.20,0.2000,0.089464,0.035063,-0.478871,upper
L4,none,0.20,0.2000,0.092555,0.035396,-0.471160,upper
L4,none,0.20,0.2000,0.095723,0.035732,-0.464068,upper
L4,none,0.20,0.2000,0.098970,0.036069,-0.457571,upper
L4,none,0.20,0.2000,0.102297,0.036410,-0.451640,upper
L4,none,0.20,0.2000,0.105705,0.036752,-0.446246,upper
L4,none,0.20,0.2000,0.109196,0.037097,-0.441357,upper
L4,none,0.20,0.2000,0.112771,0.037445,-0.436942,upper
L4,none,0.20,0.2000,0.116431,0.037795,-0.432965,upper
L4,none,0.20,0.2000,0.120178,0.038146,-0.429391,upper
L4,none,0.20,0.2000,0.124014,0.038500,-0.426183,upper
L4,none,0.20,0.2000,0.127939,0.038855,-0.423305,upper
L4,none,0.20,0.2000,0.131954,0.039211,-0.420719,upper
L4,none,0.20,0.2000,0.136062,0.039567,-0.418388,upper
L4,none,0.20,0.2000,0.140263,0.039924,-0.416275,upper
L4,none,0.20,0.2000,0.144559,0.040281,-0.414342,upper
L4,none,0.20,0.2000,0.148951,0.040637,-0.412555,upper
L4,none,0.20,0.2000,0.153439,0.040992,-0.410881,upper
L4,none,0.20,0.2000,0.158025,0.041345,-0.409286,upper
L4,none,0.20,0.2000,0.162711,0.041696,-0.407741,upper
L4,none,0.20,0.2000,0.167496,0.042044,-0.406219,upper
L4,none,0.20,0.2000,0.172383,0.042388,-0.404695,upper
L4,none,0.20,0.2000,0.177372,0.042728,-0.403148,upper
L4,none,0.20,0.2000,0.182464,0.043064,-0.401560,upper
L4,none,0.20,0.2000,0.187659,0.043394,-0.399918,upper
L4,none,0.20,0.2000,0.192959,0.043719,-0.398209,upper
L4,none,0.20,0.2000,0.198363,0.044037,-0.396431,upper
L4,none,0.20,0.2000,0.203874,0.044349,-0.394578,upper
L4,none,0.20,0.2000,0.209490,0.044653,-0.392653,upper
L4,none,0.20,0.2000,0.215213,0.044950,-0.390660,upper
L4,none,0.20,0.2000,0.221043,0.045239,-0.388609,upper
L4,none,0.20,0.2000,0.226980,0.045520,-0.386511,upper
L4,none,0.20,0.2000,0.233025,0.045792,-0.384379,upper
L4,none,0.20,0.2000,0.239176,0.046055,-0.382230,upper
L4,none,0.20,0.2000,0.245435,0.046308,-0.380082,upper
L4,none,0.20,0.2000,0.251801,0.046553,-0.377952,upper
L4,none,0.20,0.2000,0.258274,0.046787,-0.375862,upper
L4,none,0.20,0.2000,0.264854,0.047011,-0.373828,upper
L4,none,0.20,0.2000,0.271539,0.047225,-0.371869,upper
L4,none,0.20,0.2000,0.278331,0.047429,-0.370000,upper
L4,none,0.20,0.2000,0.285227,0.047622,-0.368236,upper
L4,none,0.20,0.2000,0.292227,0.047803,-0.366586,upper
L4,none,0.20,0.2000,0.299330,0.047973,-0.365058,upper
L4,none,0.20,0.2000,0.306535,0.048131,-0.363654,upper
L4,none,0.20,0.2000,0.313841,0.048276,-0.362373,upper
L4,none,0.20,0.2000,0.321247,0.048408,-0.361208,upper
L4,none,0.20,0.2000,0.328751,0.048526,-0.360150,upper
L4,none,0.20,0.2000,0.336352,0.048629,-0.359184,upper
L4,none,0.20,0.2000,0.344048,0.048717,-0.358291,upper
L4,none,0.20,0.2000,0.351836,0.048789,-0.357446,upper
L4,none,0.20,0.2000,0.359716,0.048843,-0.356622,upper
L4,none,0.20,0.2000,0.367686,0.048879,-0.355785,upper
L4,none,0.20,0.2000,0.375742,0.048895,-0.354898,upper
L4,none,0.20,0.2000,0.383883,0.048891,-0.353924,upper
L4,none,0.20,0.2000,0.392105,0.048865,-0.352821,upper
L4,none,0.20,0.2000,0.400408,0.048816,-0.351550,upper
L4,none,0.20,0.2000,0.408787,0.048744,-0.350071,upper
L4,none,0.20,0.2000,0.417240,0.048646,-0.348344,upper
L4,none,0.20,0.2000,0.425764,0.048523,-0.346333,upper
L4,none,0.20,0.2000,0.434356,0.048373,-0.344007,upper
L4,none,0.20,0.2000,0.443012,0.048195,-0.341335,upper
L4,none,0.20,0.2000,0.451730,0.047989,-0.338295,upper
L4,none,0.20,0.2000,0.460505,0.047754,-0.334870,upper
L4,none,0.20,0.2000,0.469335,0.047490,-0.331048,upper
L4,none,0.20,0.2000,0.478215,0.047197,-0.326825,upper
L4,none,0.20,0.2000,0.487142,0.046874,-0.322204,upper
L4,none,0.20,0.2000,0.496112,0.046521,-0.317193,upper
L4,none,0.20,0.2000,0.505122,0.046140,-0.311809,upper
L4,none,0.20,0.2000,0.514167,0.045730,-0.306074,upper
L4,none,0.20,0.2000,0.523243,0.045292,-0.300014,upper
L4,none,0.20,0.2000,0.532346,0.044827,-0.293662,upper
L4,none,0.20,0.2000,0.541473,0.044336,-0.287052,upper
L4,none,0.20,0.2000,0.550619,0.043820,-0.280223,upper
L4,none,0.20,0.2000,0.559780,0.043281,-0.273214,upper
L4,none,0.20,0.2000,0.568952,0.042718,-0.266066,upper
L4,none,0.20,0.2000,0.578131,0.042135,-0.258819,upper
L4,none,0.20,0.2000,0.587313,0.041531,-0.251512,upper
L4,none,0.20,0.2000,0.596493,0.040910,-0.244181,upper
L4,none,0.20,0.2000,0.605667,0.040271,-0.236859,upper
L4,none,0.20,0.2000,0.614832,0.039616,-0.229577,upper
L4,none,0.20,0.2000,0.623983,0.038947,-0.222360,upper
L4,none,0.20,0.2000,0.633116,0.038265,-0.215229,upper
L4,none,0.20,0.2000,0.642227,0.037571,-0.208201,upper
L4,none,0.20,0.2000,0.651312,0.036866,-0.201287,upper
L4,none,0.20,0.2000,0.660367,0.036151,-0.194495,upper
L4,none,0.20,0.2000,0.669388,0.035427,-0.187828,upper
L4,none,0.20,0.2000,0.678372,0.034695,-0.181283,upper
L4,none,0.20,0.2000,0.687314,0.033956,-0.174856,upper
L4,none,0.20,0.2000,0.696210,0.033211,-0.168538,upper
L4,none,0.20,0.2000,0.705058,0.032459,-0.162317,upper
L4,none,0.20,0.2000,0.713853,0.031702,-0.156180,upper
L4,none,0.20,0.2000,0.722592,0.030940,-0.150111,upper
L4,none,0.20,0.2000,0.731271,0.030173,-0.144091,upper
L4,none,0.20,0.2000,0.739888,0.029402,-0.138103,upper
L4,none,0.20,0.2000,0.748439,0.028627,-0.132128,upper
L4,none,0.20,0.2000,0.756920,0.027848,-0.126146,upper
L4,none,0.20,0.2000,0.765329,0.027066,-0.120140,upper
L4,none,0.20,0.2000,0.773663,0.026281,-0.114091,upper
L4,none,0.20,0.2000,0.781920,0.025493,-0.107981,upper
L4,none,0.20,0.2000,0.790095,0.024702,-0.101794,upper
L4,none,0.20,0.2000,0.798188,0.023909,-0.095513,upper
L4,none,0.20,0.2000,0.806195,0.023115,-0.089124,upper
L4,none,0.20,0.2000,0.814115,0.022318,-0.082611,upper
L4,none,0.20,0.2000,0.821945,0.021520,-0.075963,upper
L4,none,0.20,0.2000,0.829682,0.020722,-0.069164,upper
L4,none,0.20,0.2000,0.837326,0.019923,-0.062202,upper
L4,none,0.20,0.2000,0.844875,0.019123,-0.055064,upper
L4,none,0.20,0.2000,0.852326,0.018324,-0.047736,upper
L4,none,0.20,0.2000,0.859679,0.017525,-0.040206,upper
L4,none,0.20,0.2000,0.866932,0.016728,-0.032458,upper
L4,none,0.20,0.2000,0.874083,0.015931,-0.024479,upper
L4,none,0.20,0.2000,0.881133,0.015137,-0.016252,upper
L4,none,0.20,0.2000,0.888079,0.014346,-0.007760,upper
L4,none,0.20,0.2000,0.894920,0.013557,0.001015,upper
L4,none,0.20,0.2000,0.901657,0.012772,0.010092,upper
L4,none,0.20,0.2000,0.908289,0.011992,0.019493,upper
L4,none,0.20,0.2000,0.914814,0.011216,0.029240,upper
L4,none,0.20,0.2000,0.921234,0.010445,0.039360,upper
L4,none,0.20,0.2000,0.927546,0.009681,0.049881,upper
L4,none,0.20,0.2000,0.933753,0.008923,0.060837,upper
L4,none,0.20,0.2000,0.939852,0.008174,0.072266,upper
L4,none,0.20,0.2000,0.945845,0.007432,0.084218,upper
L4,none,0.20,0.2000,0.951731,0.006700,0.096751,upper
L4,none,0.20,0.2000,0.957512,0.005979,0.109946,upper
L4,none,0.20,0.2000,0.963186,0.005269,0.123910,upper
L4,none,0.20,0.2000,0.968756,0.004571,0.138798,upper
L4,none,0.20,0.2000,0.974220,0.003886,0.154851,upper
L4,none,0.20,0.2000,0.979581,0.003216,0.172402,upper
L4,none,0.20,0.2000,0.984839,0.002562,0.192178,upper
L4,none,0.20,0.2000,0.989994,0.001924,0.214606,upper
L4,none,0.20,0.2000,0.995047,0.001305,0.241471,upper
L4,none,0.20,0.2000,1.000000,0.000705,0.259227,upper
L4,none,0.20,0.2000,-0.000000,0.000000,0.639890,lower
L4,none,0.20,0.2000,0.000002,-0.000287,0.653500,lower
L4,none,0.20,0.2000,0.000010,-0.000582,0.666701,lower
L4,none,0.20,0.2000,0.000023,-0.000885,0.679415,lower
L4,none,0.20,0.2000,0.000042,-0.001198,0.691689,lower
L4,none,0.20,0.2000,0.000068,-0.001519,0.703428,lower
L4,none,0.20,0.2000,0.000101,-0.001850,0.714572,lower
L4,none,0.20,0.2000,0.000142,-0.002190,0.725038,lower
L4,none,0.20,0.2000,0.000191,-0.002539,0.734745,lower
L4,none,0.20,0.2000,0.000249,-0.002897,0.743609,lower
L4,none,0.20,0.2000,0.000316,-0.003265,0.751542,lower
L4,none,0.20,0.2000,0.000394,-0.003642,0.758455,lower
L4,none,0.20,0.2000,0.000483,-0.004029,0.764257,lower
L4,none,0.20,0.2000,0.000583,-0.004425,0.768857,lower
L4,none,0.20,0.2000,0.000696,-0.004831,0.772167,lower
L4,none,0.20,0.2000,0.000822,-0.005245,0.774098,lower
L4,none,0.20,0.2000,0.000963,-0.005669,0.774565,lower
L4,none,0.20,0.2000,0.001118,-0.006102,0.773488,lower
L4,none,0.20,0.2000,0.001290,-0.006543,0.770794,lower
L4,none,0.20,0.2000,0.001478,-0.006993,0.766416,lower
L4,none,0.20,0.2000,0.001684,-0.007451,0.760296,lower
L4,none,0.20,0.2000,0.001908,-0.007917,0.752391,lower
L4,none,0.20,0.2000,0.002152,-0.008390,0.742668,lower
L4,none,0.20,0.2000,0.002416,-0.008871,0.731109,lower
L4,none,0.20,0.2000,0.002701,-0.009358,0.717715,lower
L4,none,0.20,0.2000,0.003008,-0.009851,0.702503,lower
L4,none,0.20,0.2000,0.003339,-0.010350,0.685512,lower
L4,none,0.20,0.2000,0.003694,-0.010854,0.666798,lower
L4,none,0.20,0.2000,0.004073,-0.011363,0.646442,lower
L4,none,0.20,0.2000,0.004478,-0.011875,0.624541,lower
L4,none,0.20,0.2000,0.004910,-0.012391,0.601216,lower
L4,none,0.20,0.2000,0.005368,-0.012909,0.576605,lower
L4,none,0.20,0.2000,0.005855,-0.013429,0.550864,lower
L4,none,0.20,0.2000,0.006371,-0.013951,0.524166,lower
L4,none,0.20,0.2000,0.006917,-0.014473,0.496693,lower
L4,none,0.20,0.2000,0.007492,-0.014995,0.468641,lower
L4,none,0.20,0.2000,0.008099,-0.015516,0.440210,lower
L4,none,0.20,0.2000,0.008737,-0.016037,0.411603,lower
L4,none,0.20,0.2000,0.009407,-0.016555,0.383023,lower
L4,none,0.20,0.2000,0.010111,-0.017070,0.354669,lower
L4,none,0.20,0.2000,0.010847,-0.017583,0.326732,lower
L4,none,0.20,0.2000,0.011618,-0.018091,0.299392,lower
L4,none,0.20,0.2000,0.012423,-0.018596,0.272815,lower
L4,none,0.20,0.2000,0.013264,-0.019096,0.247151,lower
L4,none,0.20,0.2000,0.014139,-0.019591,0.222531,lower
L4,none,0.20,0.2000,0.015052,-0.020080,0.199066,lower
L4,none,0.20,0.2000,0.016000,-0.020563,0.176850,lower
L4,none,0.20,0.2000,0.016986,-0.021041,0.155952,lower
L4,none,0.20,0.2000,0.018010,-0.021511,0.136422,lower
L4,none,0.20,0.2000,0.019072,-0.021975,0.118294,lower
L4,none,0.20,0.2000,0.020173,-0.022433,0.101581,lower
L4,none,0.20,0.2000,0.021314,-0.022883,0.086280,lower
L4,none,0.20,0.2000,0.022494,-0.023326,0.072371,lower
L4,none,0.20,0.2000,0.023716,-0.023762,0.059822,lower
L4,none,0.20,0.2000,0.024979,-0.024190,0.048591,lower
L4,none,0.20,0.2000,0.026283,-0.024612,0.038623,lower
L4,none,0.20,0.2000,0.027631,-0.025026,0.029856,lower
L4,none,0.20,0.2000,0.029022,-0.025433,0.022223,lower
L4,none,0.20,0.2000,0.030458,-0.025833,0.015650,lower
L4,none,0.20,0.2000,0.031938,-0.026226,0.010060,lower
L4,none,0.20,0.2000,0.033464,-0.026613,0.005376,lower
L4,none,0.20,0.2000,0.035037,-0.026993,0.001518,lower
L4,none,0.20,0.2000,0.036658,-0.027367,-0.001593,lower
L4,none,0.20,0.2000,0.038327,-0.027735,-0.004035,lower
L4,none,0.20,0.2000,0.040045,-0.028097,-0.005884,lower
L4,none,0.20,0.2000,0.041814,-0.028454,-0.007213,lower
L4,none,0.20,0.2000,0.043634,-0.028806,-0.008092,lower
L4,none,0.20,0.2000,0.045506,-0.029154,-0.008590,lower
L4,none,0.20,0.2000,0.047432,-0.029497,-0.008771,lower
L4,none,0.20,0.2000,0.049412,-0.029836,-0.008694,lower
L4,none,0.20,0.2000,0.051448,-0.030172,-0.008416,lower
L4,none,0.20,0.2000,0.053540,-0.030504,-0.007990,lower
L4,none,0.20,0.2000,0.055691,-0.030834,-0.007464,lower
L4,none,0.20,0.2000,0.057900,-0.031162,-0.006884,lower
L4,none,0.20,0.2000,0.060169,-0.031487,-0.006292,lower
L4,none,0.20,0.2000,0.062500,-0.031812,-0.005724,lower
L4,none,0.20,0.2000,0.064893,-0.032135,-0.005215,lower
L4,none,0.20,0.2000,0.067351,-0.032458,-0.004797,lower
L4,none,0.20,0.2000,0.069873,-0.032781,-0.004495,lower
L4,none,0.20,0.2000,0.072462,-0.033103,-0.004334,lower
L4,none,0.20,0.2000,0.075118,-0.033427,-0.004334,lower
L4,none,0.20,0.2000,0.077844,-0.033751,-0.004514,lower
L4,none,0.20,0.2000,0.080640,-0.034077,-0.004887,lower
L4,none,0.20,0.2000,0.083508,-0.034404,-0.005465,lower
L4,none,0.20,0.2000,0.086448,-0.034732,-0.006258,lower
L4,none,0.20,0.2000,0.089464,-0.035063,-0.007271,lower
L4,none,0.20,0.2000,0.092555,-0.035396,-0.008507,lower
L4,none,0.20,0.2000,0.095723,-0.035732,-0.009968,lower
L4,none,0.20,0.2000,0.098970,-0.036069,-0.011650,lower
L4,none,0.20,0.2000,0.102297,-0.036410,-0.013551,lower
L4,none,0.20,0.2000,0.105705,-0.036752,-0.015664,lower
L4,none,0.20,0.2000,0.109196,-0.037097,-0.017980,lower
L4,none,0.20,0.2000,0.112771,-0.037445,-0.020489,lower
L4,none,0.20,0.2000,0.116431,-0.037795,-0.023177,lower
L4,none,0.20,0.2000,0.120178,-0.038146,-0.026031,lower
L4,none,0.20,0.2000,0.124014,-0.038500,-0.029034,lower
L4,none,0.20,0.2000,0.127939,-0.038855,-0.032169,lower
L4,none,0.20,0.2000,0.131954,-0.039211,-0.035418,lower
L4,none,0.20,0.2000,0.136062,-0.039567,-0.038760,lower
L4,none,0.20,0.2000,0.140263,-0.039924,-0.042177,lower
L4,none,0.20,0.2000,0.144559,-0.040281,-0.045646,lower
L4,none,0.20,0.2000,0.148951,-0.040637,-0.049148,lower
L4,none,0.20,0.2000,0.153439,-0.040992,-0.052663,lower
L4,none,0.20,0.2000,0.158025,-0.041345,-0.056170,lower
L4,none,0.20,0.2000,0.162711,-0.041696,-0.059651,lower
L4,none,0.20,0.2000,0.167496,-0.042044,-0.063088,lower
L4,none,0.20,0.2000,0.172383,-0.042388,-0.066464,lower
L4,none,0.20,0.2000,0.177372,-0.042728,-0.069766,lower
L4,none,0.20,0.2000,0.182464,-0.043064,-0.072981,lower
L4,none,0.20,0.2000,0.187659,-0.043394,-0.076100,lower
L4,none,0.20,0.2000,0.192959,-0.043719,-0.079114,lower
L4,none,0.20,0.2000,0.198363,-0.044037,-0.082020,lower
L4,none,0.20,0.2000,0.203874,-0.044349,-0.084816,lower
L4,none,0.20,0.2000,0.209490,-0.044653,-0.087501,lower
L4,none,0.20,0.2000,0.215213,-0.044950,-0.090081,lower
L4,none,0.20,0.2000,0.221043,-0.045239,-0.092562,lower
L4,none,0.20,0.2000,0.226980,-0.045520,-0.094951,lower
L4,none,0.20,0.2000,0.233025,-0.045792,-0.097260,lower
L4,none,0.20,0.2000,0.239176,-0.046055,-0.099501,lower
L4,none,0.20,0.2000,0.245435,-0.046308,-0.101688,lower
L4,none,0.20,0.2000,0.251801,-0.046553,-0.103836,lower
L4,none,0.20,0.2000,0.258274,-0.046787,-0.105962,lower
L4,none,0.20,0.2000,0.264854,-0.047011,-0.108080,lower
L4,none,0.20,0.2000,0.271539,-0.047225,-0.110207,lower
L4,none,0.20,0.2000,0.278331,-0.047429,-0.112357,lower
L4,none,0.20,0.2000,0.285227,-0.047622,-0.114542,lower
L4,none,0.20,0.2000,0.292227,-0.047803,-0.116773,lower
L4,none,0.20,0.2000,0.299330,-0.047973,-0.119057,lower
L4,none,0.20,0.2000,0.306535,-0.048131,-0.121399,lower
L4,none,0.20,0.2000,0.313841,-0.048276,-0.123800,lower
L4,none,0.20,0.2000,0.321247,-0.048408,-0.126258,lower
L4,none,0.20,0.2000,0.328751,-0.048526,-0.128766,lower
L4,none,0.20,0.2000,0.336352,-0.048629,-0.131314,lower
L4,none,0.20,0.2000,0.344048,-0.048717,-0.133889,lower
L4,none,0.20,0.2000,0.351836,-0.048789,-0.136469,lower
L4,none,0.20,0.2000,0.359716,-0.048843,-0.139036,lower
L4,none,0.20,0.2000,0.367686,-0.048879,-0.141562,lower
L4,none,0.20,0.2000,0.375742,-0.048895,-0.144019,lower
L4,none,0.20,0.2000,0.383883,-0.048891,-0.146375,lower
L4,none,0.20,0.2000,0.392105,-0.048865,-0.148599,lower
L4,none,0.20,0.2000,0.400408,-0.048816,-0.150656,lower
L4,none,0.20,0.2000,0.408787,-0.048744,-0.152512,lower
L4,none,0.20,0.2000,0.417240,-0.048646,-0.154132,lower
L4,none,0.20,0.2000,0.425764,-0.048523,-0.155486,lower
L4,none,0.20,0.2000,0.434356,-0.048373,-0.156544,lower
L4,none,0.20,0.2000,0.443012,-0.048195,-0.157278,lower
L4,none,0.20,0.2000,0.451730,-0.047989,-0.157666,lower
L4,none,0.20,0.2000,0.460505,-0.047754,-0.157691,lower
L4,none,0.20,0.2000,0.469335,-0.047490,-0.157340,lower
L4,none,0.20,0.2000,0.478215,-0.047197,-0.156605,lower
L4,none,0.20,0.2000,0.487142,-0.046874,-0.155487,lower
L4,none,0.20,0.2000,0.496112,-0.046521,-0.153989,lower
L4,none,0.20,0.2000,0.505122,-0.046140,-0.152123,lower
L4,none,0.20,0.2000,0.514167,-0.045730,-0.149904,lower
L4,none,0.20,0.2000,0.523243,-0.045292,-0.147352,lower
L4,none,0.20,0.2000,0.532346,-0.044827,-0.144494,lower
L4,none,0.20,0.2000,0.541473,-0.044336,-0.141359,lower
L4,none,0.20,0.2000,0.550619,-0.043820,-0.137977,lower
L4,none,0.20,0.2000,0.559780,-0.043281,-0.134383,lower
L4,none,0.20,0.2000,0.568952,-0.042718,-0.130611,lower
L4,none,0.20,0.2000,0.578131,-0.042135,-0.126696,lower
L4,none,0.20,0.2000,0.587313,-0.041531,-0.122672,lower
L4,none,0.20,0.2000,0.596493,-0.040910,-0.118571,lower
L4,none,0.20,0.2000,0.605667,-0.040271,-0.114423,lower
L4,none,0.20,0.2000,0.614832,-0.039616,-0.110256,lower
L4,none,0.20,0.2000,0.623983,-0.038947,-0.106094,lower
L4,none,0.20,0.2000,0.633116,-0.038265,-0.101958,lower
L4,none,0.20,0.2000,0.642227,-0.037571,-0.097862,lower
L4,none,0.20,0.2000,0.651312,-0.036866,-0.093821,lower
L4,none,0.20,0.2000,0.660367,-0.036151,-0.089842,lower
L4,none,0.20,0.2000,0.669388,-0.035427,-0.085929,lower
L4,none,0.20,0.2000,0.678372,-0.034695,-0.082083,lower
L4,none,0.20,0.2000,0.687314,-0.033956,-0.078301,lower
L4,none,0.20,0.2000,0.696210,-0.033211,-0.074577,lower
L4,none,0.20,0.2000,0.705058,-0.032459,-0.070902,lower
L4,none,0.20,0.2000,0.713853,-0.031702,-0.067264,lower
L4,none,0.20,0.2000,0.722592,-0.030940,-0.063651,lower
L4,none,0.20,0.2000,0.731271,-0.030173,-0.060047,lower
L4,none,0.20,0.2000,0.739888,-0.029402,-0.056437,lower
L4,none,0.20,0.2000,0.748439,-0.028627,-0.052803,lower
L4,none,0.20,0.2000,0.756920,-0.027848,-0.049131,lower
L4,none,0.20,0.2000,0.765329,-0.027066,-0.045403,lower
L4,none,0.20,0.2000,0.773663,-0.026281,-0.041604,lower
L4,none,0.20,0.2000,0.781920,-0.025493,-0.037717,lower
L4,none,0.20,0.2000,0.790095,-0.024702,-0.033728,lower
L4,none,0.20,0.2000,0.798188,-0.023909,-0.029621,lower
L4,none,0.20,0.2000,0.806195,-0.023115,-0.025381,lower
L4,none,0.20,0.2000,0.814115,-0.022318,-0.020998,lower
L4,none,0.20,0.2000,0.821945,-0.021520,-0.016457,lower
L4,none,0.20,0.2000,0.829682,-0.020722,-0.011746,lower
L4,none,0.20,0.2000,0.837326,-0.019923,-0.006852,lower
L4,none,0.20,0.2000,0.844875,-0.019123,-0.001764,lower
L4,none,0.20,0.2000,0.852326,-0.018324,0.003531,lower
L4,none,0.20,0.2000,0.859679,-0.017525,0.009046,lower
L4,none,0.20,0.2000,0.866932,-0.016728,0.014795,lower
L4,none,0.20,0.2000,0.874083,-0.015931,0.020791,lower
L4,none,0.20,0.2000,0.881133,-0.015137,0.027049,lower
L4,none,0.20,0.2000,0.888079,-0.014346,0.033586,lower
L4,none,0.20,0.2000,0.894920,-0.013557,0.040418,lower
L4,none,0.20,0.2000,0.901657,-0.012772,0.047564,lower
L4,none,0.20,0.2000,0.908289,-0.011992,0.055045,lower
L4,none,0.20,0.2000,0.914814,-0.011216,0.062881,lower
L4,none,0.20,0.2000,0.921234,-0.010445,0.071098,lower
L4,none,0.20,0.2000,0.927546,-0.009681,0.079721,lower
L4,none,0.20,0.2000,0.933753,-0.008923,0.088782,lower
L4,none,0.20,0.2000,0.939852,-0.008174,0.098316,lower
L4,none,0.20,0.2000,0.945845,-0.007432,0.108370,lower
L4,none,0.20,0.2000,0.951731,-0.006700,0.118996,lower
L4,none,0.20,0.2000,0.957512,-0.005979,0.130269,lower
L4,none,0.20,0.2000,0.963186,-0.005269,0.142287,lower
L4,none,0.20,0.2000,0.968756,-0.004571,0.155192,lower
L4,none,0.20,0.2000,0.974220,-0.003886,0.169205,lower
L4,none,0.20,0.2000,0.979581,-0.003216,0.184631,lower
L4,none,0.20,0.2000,0.984839,-0.002562,0.202131,lower
L4,none,0.20,0.2000,0.989994,-0.001924,0.222043,lower
L4,none,0.20,0.2000,0.995047,-0.001305,0.246027,lower
L4,none,0.20,0.2000,1.000000,-0.000705,0.260485,lower
L4,none,0.44,0.4400,0.000000,0.000000,0.587730,upper
L4,none,0.44,0.4400,0.000002,0.000287,0.571284,upper
L4,none,0.44,0.4400,0.000010,0.000582,0.553677,upper
L4,none,0.44,0.4400,0.000023,0.000885,0.534688,upper
L4,none,0.44,0.4400,0.000042,0.001198,0.514378,upper
L4,none,0.44,0.4400,0.000068,0.001519,0.492644,upper
L4,none,0.44,0.4400,0.000101,0.001850,0.469436,upper
L4,none,0.44,0.4400,0.000142,0.002190,0.444686,upper
L4,none,0.44,0.4400,0.000191,0.002539,0.418334,upper
L4,none,0.44,0.4400,0.000249,0.002897,0.390320,upper
L4,none,0.44,0.4400,0.000316,0.003265,0.360587,upper
L4,none,0.44,0.4400,0.000394,0.003642,0.329086,upper
L4,none,0.44,0.4400,0.000483,0.004029,0.295773,upper
L4,none,0.44,0.4400,0.000583,0.004425,0.260612,upper
L4,none,0.44,0.4400,0.000696,0.004831,0.223578,upper
L4,none,0.44,0.4400,0.000822,0.005245,0.184652,upper
L4,none,0.44,0.4400,0.000963,0.005669,0.143834,upper
L4,none,0.44,0.4400,0.001118,0.006102,0.101140,upper
L4,none,0.44,0.4400,0.001290,0.006543,0.056598,upper
L4,none,0.44,0.4400,0.001478,0.006993,0.010259,upper
L4,none,0.44,0.4400,0.001684,0.007451,-0.037808,upper
L4,none,0.44,0.4400,0.001908,0.007917,-0.087512,upper
L4,none,0.44,0.4400,0.002152,0.008390,-0.138735,upper
L4,none,0.44,0.4400,0.002416,0.008871,-0.191335,upper
L4,none,0.44,0.4400,0.002701,0.009358,-0.245144,upper
L4,none,0.44,0.4400,0.003009,0.009851,-0.299964,upper
L4,none,0.44,0.4400,0.003339,0.010350,-0.355572,upper
L4,none,0.44,0.4400,0.003694,0.010854,-0.411720,upper
L4,none,0.44,0.4400,0.004073,0.011363,-0.468131,upper
L4,none,0.44,0.4400,0.004478,0.011875,-0.524508,upper
L4,none,0.44,0.4400,0.004910,0.012391,-0.580533,upper
L4,none,0.44,0.4400,0.005368,0.012909,-0.635870,upper
L4,none,0.44,0.4400,0.005855,0.013429,-0.690171,upper
L4,none,0.44,0.4400,0.006371,0.013951,-0.743079,upper
L4,none,0.44,0.4400,0.006917,0.014473,-0.794233,upper
L4,none,0.44,0.4400,0.007492,0.014995,-0.843279,upper
L4,none,0.44,0.4400,0.008099,0.015516,-0.889867,upper
L4,none,0.44,0.4400,0.008737,0.016037,-0.933670,upper
L4,none,0.44,0.4400,0.009407,0.016555,-0.974381,upper
L4,none,0.44,0.4400,0.010111,0.017070,-1.011726,upper
L4,none,0.44,0.4400,0.010847,0.017583,-1.045469,upper
L4,none,0.44,0.4400,0.011618,0.018091,-1.075413,upper
L4,none,0.44,0.4400,0.012423,0.018596,-1.101418,upper
L4,none,0.44,0.4400,0.013264,0.019096,-1.123395,upper
L4,none,0.44,0.4400,0.014139,0.019591,-1.141305,upper
L4,none,0.44,0.4400,0.015052,0.020080,-1.155160,upper
L4,none,0.44,0.4400,0.016000,0.020563,-1.165027,upper
L4,none,0.44,0.4400,0.016986,0.021041,-1.171021,upper
L4,none,0.44,0.4400,0.018010,0.021511,-1.173301,upper
L4,none,0.44,0.4400,0.019072,0.021975,-1.172065,upper
L4,none,0.44,0.4400,0.020173,0.022433,-1.167540,upper
L4,none,0.44,0.4400,0.021314,0.022883,-1.159979,upper
L4,none,0.44,0.4400,0.022494,0.023326,-1.149648,upper
L4,none,0.44,0.4400,0.023716,0.023762,-1.136827,upper
L4,none,0.44,0.4400,0.024979,0.024190,-1.121797,upper
L4,none,0.44,0.4400,0.026283,0.024612,-1.104837,upper
L4,none,0.44,0.4400,0.027631,0.025026,-1.086222,upper
L4,none,0.44,0.4400,0.029022,0.025433,-1.066216,upper
L4,none,0.44,0.4400,0.030458,0.025833,-1.045069,upper
L4,none,0.44,0.4400,0.031938,0.026226,-1.023019,upper
L4,none,0.44,0.4400,0.033464,0.026613,-1.000284,upper
L4,none,0.44,0.4400,0.035037,0.026993,-0.977069,upper
L4,none,0.44,0.4400,0.036658,0.027367,-0.953559,upper
L4,none,0.44,0.4400,0.038327,0.027735,-0.929921,upper
L4,none,0.44,0.4400,0.040045,0.028097,-0.906304,upper
L4,none,0.44,0.4400,0.041814,0.028454,-0.882840,upper
L4,none,0.44,0.4400,0.043634,0.028806,-0.859644,upper
L4,none,0.44,0.4400,0.045506,0.029154,-0.836818,upper
L4,none,0.44,0.4400,0.047432,0.029497,-0.814446,upper
L4,none,0.44,0.4400,0.049412,0.029836,-0.792604,upper
L4,none,0.44,0.4400,0.051448,0.030172,-0.771354,upper
L4,none,0.44,0.4400,0.053540,0.030504,-0.750749,upper
L4,none,0.44,0.4400,0.055691,0.030834,-0.730832,upper
L4,none,0.44,0.4400,0.057900,0.031162,-0.711640,upper
L4,none,0.44,0.4400,0.060169,0.031487,-0.693200,upper
L4,none,0.44,0.4400,0.062500,0.031812,-0.675533,upper
L4,none,0.44,0.4400,0.064893,0.032135,-0.658655,upper
L4,none,0.44,0.4400,0.067351,0.032458,-0.642575,upper
L4,none,0.44,0.4400,0.069873,0.032781,-0.627296,upper
L4,none,0.44,0.4400,0.072462,0.033103,-0.612820,upper
L4,none,0.44,0.4400,0.075118,0.033427,-0.599141,upper
L4,none,0.44,0.4400,0.077844,0.033751,-0.586251,upper
L4,none,0.44,0.4400,0.080640,0.034077,-0.574136,upper
L4,none,0.44,0.4400,0.083508,0.034404,-0.562783,upper
L4,none,0.44,0.4400,0.086448,0.034732,-0.552172,upper
L4,none,0.44,0.4400,0.089464,0.035063,-0.542282,upper
L4,none,0.44,0.4400,0.092555,0.035396,-0.533088,upper
L4,none,0.44,0.4400,0.095723,0.035732,-0.524563,upper
L4,none,0.44,0.4400,0.098970,0.036069,-0.516679,upper
L4,none,0.44,0.4400,0.102297,0.036410,-0.509405,upper
L4,none,0.44,0.4400,0.105705,0.036752,-0.502707,upper
L4,none,0.44,0.4400,0.109196,0.037097,-0.496550,upper
L4,none,0.44,0.4400,0.112771,0.037445,-0.490899,upper
L4,none,0.44,0.4400,0.116431,0.037795,-0.485716,upper
L4,none,0.44,0.4400,0.120178,0.038146,-0.480962,upper
L4,none,0.44,0.4400,0.124014,0.038500,-0.476598,upper
L4,none,0.44,0.4400,0.127939,0.038855,-0.472583,upper
L4,none,0.44,0.4400,0.131954,0.039211,-0.468878,upper
L4,none,0.44,0.4400,0.136062,0.039567,-0.465442,upper
L4,none,0.44,0.4400,0.140263,0.039924,-0.462237,upper
L4,none,0.44,0.4400,0.144559,0.040281,-0.459223,upper
L4,none,0.44,0.4400,0.148951,0.040637,-0.456362,upper
L4,none,0.44,0.4400,0.153439,0.040992,-0.453620,upper
L4,none,0.44,0.4400,0.158025,0.041345,-0.450962,upper
L4,none,0.44,0.4400,0.162711,0.041696,-0.448358,upper
L4,none,0.44,0.4400,0.167496,0.042044,-0.445778,upper
L4,none,0.44,0.4400,0.172383,0.042388,-0.443197,upper
L4,none,0.44,0.4400,0.177372,0.042728,-0.440594,upper
L4,none,0.44,0.4400,0.182464,0.043064,-0.437950,upper
L4,none,0.44,0.4400,0.187659,0.043394,-0.435250,upper
L4,none,0.44,0.4400,0.192959,0.043719,-0.432486,upper
L4,none,0.44,0.4400,0.198363,0.044037,-0.429651,upper
L4,none,0.44,0.4400,0.203874,0.044349,-0.426742,upper
L4,none,0.44,0.4400,0.209490,0.044653,-0.423763,upper
L4,none,0.44,0.4400,0.215213,0.044950,-0.420717,upper
L4,none,0.44,0.4400,0.221043,0.045239,-0.417616,upper
L4,none,0.44,0.4400,0.226980,0.045520,-0.414471,upper
L4,none,0.44,0.4400,0.233025,0.045792,-0.411296,upper
L4,none,0.44,0.4400,0.239176,0.046055,-0.408110,upper
L4,none,0.44,0.4400,0.245435,0.046308,-0.404930,upper
L4,none,0.44,0.4400,0.251801,0.046553,-0.401777,upper
L4,none,0.44,0.4400,0.258274,0.046787,-0.398669,upper
L4,none,0.44,0.4400,0.264854,0.047011,-0.395626,upper
L4,none,0.44,0.4400,0.271539,0.047225,-0.392666,upper
L4,none,0.44,0.4400,0.278331,0.047429,-0.389806,upper
L4,none,0.44,0.4400,0.285227,0.047622,-0.387059,upper
L4,none,0.44,0.4400,0.292227,0.047803,-0.384436,upper
L4,none,0.44,0.4400,0.299330,0.047973,-0.381943,upper
L4,none,0.44,0.4400,0.306535,0.048131,-0.379584,upper
L4,none,0.44,0.4400,0.313841,0.048276,-0.377358,upper
L4,none,0.44,0.4400,0.321247,0.048408,-0.375256,upper
L4,none,0.44,0.4400,0.328751,0.048526,-0.373268,upper
L4,none,0.44,0.4400,0.336352,0.048629,-0.371379,upper
L4,none,0.44,0.4400,0.344048,0.048717,-0.369569,upper
L4,none,0.44,0.4400,0.351836,0.048789,-0.367813,upper
L4,none,0.44,0.4400,0.359716,0.048843,-0.366084,upper
L4,none,0.44,0.4400,0.367686,0.048879,-0.364348,upper
L4,none,0.44,0.4400,0.375742,0.048895,-0.362568,upper
L4,none,0.44,0.4400,0.383883,0.048891,-0.360706,upper
L4,none,0.44,0.4400,0.392106,0.048865,-0.358723,upper
L4,none,0.44,0.4400,0.400408,0.048816,-0.356577,upper
L4,none,0.44,0.4400,0.408787,0.048744,-0.354230,upper
L4,none,0.44,0.4400,0.417240,0.048646,-0.351643,upper
L4,none,0.44,0.4400,0.425764,0.048523,-0.348782,upper
L4,none,0.44,0.4400,0.434356,0.048373,-0.345613,upper
L4,none,0.44,0.4400,0.443012,0.048195,-0.342111,upper
L4,none,0.44,0.4400,0.451730,0.047989,-0.338254,upper
L4,none,0.44,0.4400,0.460505,0.047754,-0.334026,upper
L4,none,0.44,0.4400,0.469335,0.047490,-0.329417,upper
L4,none,0.44,0.4400,0.478215,0.047197,-0.324426,upper
L4,none,0.44,0.4400,0.487142,0.046874,-0.319056,upper
L4,none,0.44,0.4400,0.496112,0.046521,-0.313318,upper
L4,none,0.44,0.4400,0.505122,0.046140,-0.307231,upper
L4,none,0.44,0.4400,0.514167,0.045730,-0.300816,upper
L4,none,0.44,0.4400,0.523243,0.045292,-0.294103,upper
L4,none,0.44,0.4400,0.532346,0.044827,-0.287124,upper
L4,none,0.44,0.4400,0.541473,0.044336,-0.279917,upper
L4,none,0.44,0.4400,0.550619,0.043820,-0.272518,upper
L4,none,0.44,0.4400,0.559780,0.043281,-0.264968,upper
L4,none,0.44,0.4400,0.568952,0.042718,-0.257309,upper
L4,none,0.44,0.4400,0.578131,0.042135,-0.249579,upper
L4,none,0.44,0.4400,0.587312,0.041531,-0.241819,upper
L4,none,0.44,0.4400,0.596493,0.040910,-0.234064,upper
L4,none,0.44,0.4400,0.605667,0.040271,-0.226348,upper
L4,none,0.44,0.4400,0.614832,0.039616,-0.218700,upper
L4,none,0.44,0.4400,0.623983,0.038947,-0.211145,upper
L4,none,0.44,0.4400,0.633116,0.038265,-0.203704,upper
L4,none,0.44,0.4400,0.642227,0.037571,-0.196393,upper
L4,none,0.44,0.4400,0.651312,0.036866,-0.189223,upper
L4,none,0.44,0.4400,0.660367,0.036151,-0.182201,upper
L4,none,0.44,0.4400,0.669388,0.035427,-0.175330,upper
L4,none,0.44,0.4400,0.678372,0.034695,-0.168607,upper
L4,none,0.44,0.4400,0.687314,0.033956,-0.162026,upper
L4,none,0.44,0.4400,0.696210,0.033211,-0.155578,upper
L4,none,0.44,0.4400,0.705058,0.032459,-0.149251,upper
L4,none,0.44,0.4400,0.713853,0.031702,-0.143030,upper
L4,none,0.44,0.4400,0.722592,0.030940,-0.136899,upper
L4,none,0.44,0.4400,0.731271,0.030173,-0.130840,upper
L4,none,0.44,0.4400,0.739888,0.029402,-0.124834,upper
L4,none,0.44,0.4400,0.748439,0.028627,-0.118861,upper
L4,none,0.44,0.4400,0.756920,0.027848,-0.112903,upper
L4,none,0.44,0.4400,0.765329,0.027066,-0.106939,upper
L4,none,0.44,0.4400,0.773663,0.026281,-0.100951,upper
L4,none,0.44,0.4400,0.781920,0.025493,-0.094921,upper
L4,none,0.44,0.4400,0.790095,0.024702,-0.088832,upper
L4,none,0.44,0.4400,0.798188,0.023909,-0.082666,upper
L4,none,0.44,0.4400,0.806195,0.023115,-0.076408,upper
L4,none,0.44,0.4400,0.814115,0.022318,-0.070042,upper
L4,none,0.44,0.4400,0.821945,0.021520,-0.063555,upper
L4,none,0.44,0.4400,0.829682,0.020722,-0.056932,upper
L4,none,0.44,0.4400,0.837326,0.019923,-0.050159,upper
L4,none,0.44,0.4400,0.844875,0.019123,-0.043221,upper
L4,none,0.44,0.4400,0.852326,0.018324,-0.036105,upper
L4,none,0.44,0.4400,0.859679,0.017525,-0.028796,upper
L4,none,0.44,0.4400,0.866932,0.016728,-0.021278,upper
L4,none,0.44,0.4400,0.874083,0.015931,-0.013536,upper
L4,none,0.44,0.4400,0.881133,0.015137,-0.005553,upper
L4,none,0.44,0.4400,0.888079,0.014346,0.002689,upper
L4,none,0.44,0.4400,0.894920,0.013557,0.011208,upper
L4,none,0.44,0.4400,0.901657,0.012772,0.020026,upper
L4,none,0.44,0.4400,0.908289,0.011992,0.029163,upper
L4,none,0.44,0.4400,0.914814,0.011216,0.038643,upper
L4,none,0.44,0.4400,0.921234,0.010445,0.048492,upper
L4,none,0.44,0.4400,0.927547,0.009681,0.058740,upper
L4,none,0.44,0.4400,0.933753,0.008923,0.069419,upper
L4,none,0.44,0.4400,0.939852,0.008174,0.080570,upper
L4,none,0.44,0.4400,0.945845,0.007432,0.092239,upper
L4,none,0.44,0.4400,0.951731,0.006700,0.104488,upper
L4,none,0.44,0.4400,0.957512,0.005979,0.117393,upper
L4,none,0.44,0.4400,0.963186,0.005269,0.131064,upper
L4,none,0.44,0.4400,0.968756,0.004571,0.145653,upper
L4,none,0.44,0.4400,0.974221,0.003886,0.161398,upper
L4,none,0.44,0.4400,0.979581,0.003216,0.178628,upper
L4,none,0.44,0.4400,0.984839,0.002562,0.198062,upper
L4,none,0.44,0.4400,0.989994,0.001924,0.220115,upper
L4,none,0.44,0.4400,0.995047,0.001305,0.246559,upper
L4,none,0.44,0.4400,1.000000,0.000705,0.264055,upper
L4,none,0.44,0.4400,0.000000,0.000000,0.587730,lower
L4,none,0.44,0.4400,0.000002,-0.000287,0.603701,lower
L4,none,0.44,0.4400,0.000010,-0.000582,0.619310,lower
L4,none,0.44,0.4400,0.000023,-0.000885,0.634486,lower
L4,none,0.44,0.4400,0.000042,-0.001198,0.649278,lower
L4,none,0.44,0.4400,0.000068,-0.001519,0.663589,lower
L4,none,0.44,0.4400,0.000101,-0.001850,0.677357,lower
L4,none,0.44,0.4400,0.000142,-0.002190,0.690496,lower
L4,none,0.44,0.4400,0.000191,-0.002539,0.702926,lower
L4,none,0.44,0.4400,0.000249,-0.002897,0.714556,lower
L4,none,0.44,0.4400,0.000316,-0.003265,0.725297,lower
L4,none,0.44,0.4400,0.000394,-0.003642,0.735055,lower
L4,none,0.44,0.4400,0.000483,-0.004029,0.743735,lower
L4,none,0.44,0.4400,0.000583,-0.004425,0.751241,lower
L4,none,0.44,0.4400,0.000696,-0.004831,0.757478,lower
L4,none,0.44,0.4400,0.000822,-0.005245,0.762351,lower
L4,none,0.44,0.4400,0.000963,-0.005669,0.765768,lower
L4,none,0.44,0.4400,0.001118,-0.006102,0.767642,lower
L4,none,0.44,0.4400,0.001290,-0.006543,0.767892,lower
L4,none,0.44,0.4400,0.001478,-0.006993,0.766443,lower
L4,none,0.44,0.4400,0.001684,-0.007451,0.763227,lower
L4,none,0.44,0.4400,0.001908,-0.007917,0.758190,lower
L4,none,0.44,0.4400,0.002152,-0.008390,0.751291,lower
L4,none,0.44,0.4400,0.002416,-0.008871,0.742500,lower
L4,none,0.44,0.4400,0.002701,-0.009358,0.731806,lower
L4,none,0.44,0.4400,0.003009,-0.009851,0.719217,lower
L4,none,0.44,0.4400,0.003339,-0.010350,0.704757,lower
L4,none,0.44,0.4400,0.003694,-0.010854,0.688474,lower
L4,none,0.44,0.4400,0.004073,-0.011363,0.670436,lower
L4,none,0.44,0.4400,0.004478,-0.011875,0.650729,lower
L4,none,0.44,0.4400,0.004910,-0.012391,0.629465,lower
L4,none,0.44,0.4400,0.005368,-0.012909,0.606773,lower
L4,none,0.44,0.4400,0.005855,-0.013429,0.582800,lower
L4,none,0.44,0.4400,0.006371,-0.013951,0.557711,lower
L4,none,0.44,0.4400,0.006917,-0.014473,0.531684,lower
L4,none,0.44,0.4400,0.007492,-0.014995,0.504910,lower
L4,none,0.44,0.4400,0.008099,-0.015516,0.477584,lower
L4,none,0.44,0.4400,0.008737,-0.016037,0.449910,lower
L4,none,0.44,0.4400,0.009407,-0.016555,0.422089,lower
L4,none,0.44,0.4400,0.010111,-0.017070,0.394322,lower
L4,none,0.44,0.4400,0.010847,-0.017583,0.366804,lower
L4,none,0.44,0.4400,0.011618,-0.018091,0.339717,lower
L4,none,0.44,0.4400,0.012423,-0.018596,0.313235,lower
L4,none,0.44,0.4400,0.013264,-0.019096,0.287513,lower
L4,none,0.44,0.4400,0.014139,-0.019591,0.262691,lower
L4,none,0.44,0.4400,0.015052,-0.020080,0.238891,lower
L4,none,0.44,0.4400,0.016000,-0.020563,0.216213,lower
L4,none,0.44,0.4400,0.016986,-0.021041,0.194739,lower
L4,none,0.44,0.4400,0.018010,-0.021511,0.174531,lower
L4,none,0.44,0.4400,0.019072,-0.021975,0.155632,lower
L4,none,0.44,0.4400,0.020173,-0.022433,0.138065,lower
L4,none,0.44,0.4400,0.021314,-0.022883,0.121839,lower
L4,none,0.44,0.4400,0.022494,-0.023326,0.106945,lower
L4,none,0.44,0.4400,0.023716,-0.023762,0.093362,lower
L4,none,0.44,0.4400,0.024979,-0.024190,0.081056,lower
L4,none,0.44,0.4400,0.026283,-0.024612,0.069982,lower
L4,none,0.44,0.4400,0.027631,-0.025026,0.060086,lower
L4,none,0.44,0.4400,0.029022,-0.025433,0.051309,lower
L4,none,0.44,0.4400,0.030458,-0.025833,0.043584,lower
L4,none,0.44,0.4400,0.031938,-0.026226,0.036842,lower
L4,none,0.44,0.4400,0.033464,-0.026613,0.031010,lower
L4,none,0.44,0.4400,0.035037,-0.026993,0.026014,lower
L4,none,0.44,0.4400,0.036658,-0.027367,0.021780,lower
L4,none,0.44,0.4400,0.038327,-0.027735,0.018233,lower
L4,none,0.44,0.4400,0.040045,-0.028097,0.015301,lower
L4,none,0.44,0.4400,0.041814,-0.028454,0.012913,lower
L4,none,0.44,0.4400,0.043634,-0.028806,0.011001,lower
L4,none,0.44,0.4400,0.045506,-0.029154,0.009498,lower
L4,none,0.44,0.4400,0.047432,-0.029497,0.008343,lower
L4,none,0.44,0.4400,0.049412,-0.029836,0.007476,lower
L4,none,0.44,0.4400,0.051448,-0.030172,0.006840,lower
L4,none,0.44,0.4400,0.053540,-0.030504,0.006384,lower
L4,none,0.44,0.4400,0.055691,-0.030834,0.006059,lower
L4,none,0.44,0.4400,0.057900,-0.031162,0.005820,lower
L4,none,0.44,0.4400,0.060169,-0.031487,0.005623,lower
L4,none,0.44,0.4400,0.062500,-0.031812,0.005433,lower
L4,none,0.44,0.4400,0.064893,-0.032135,0.005214,lower
L4,none,0.44,0.4400,0.067351,-0.032458,0.004934,lower
L4,none,0.44,0.4400,0.069873,-0.032781,0.004566,lower
L4,none,0.44,0.4400,0.072462,-0.033103,0.004084,lower
L4,none,0.44,0.4400,0.075118,-0.033427,0.003468,lower
L4,none,0.44,0.4400,0.077844,-0.033751,0.002698,lower
L4,none,0.44,0.4400,0.080640,-0.034077,0.001759,lower
L4,none,0.44,0.4400,0.083508,-0.034404,0.000638,lower
L4,none,0.44,0.4400,0.086448,-0.034732,-0.000674,lower
L4,none,0.44,0.4400,0.089464,-0.035063,-0.002184,lower
L4,none,0.44,0.4400,0.092555,-0.035396,-0.003897,lower
L4,none,0.44,0.4400,0.095723,-0.035732,-0.005814,lower
L4,none,0.44,0.4400,0.098970,-0.036069,-0.007935,lower
L4,none,0.44,0.4400,0.102297,-0.036410,-0.010256,lower
L4,none,0.44,0.4400,0.105705,-0.036752,-0.012771,lower
L4,none,0.44,0.4400,0.109196,-0.037097,-0.015473,lower
L4,none,0.44,0.4400,0.112771,-0.037445,-0.018352,lower
L4,none,0.44,0.4400,0.116431,-0.037795,-0.021395,lower
L4,none,0.44,0.4400,0.120178,-0.038146,-0.024588,lower
L4,none,0.44,0.4400,0.124014,-0.038500,-0.027918,lower
L4,none,0.44,0.4400,0.127939,-0.038855,-0.031365,lower
L4,none,0.44,0.4400,0.131954,-0.039211,-0.034913,lower
L4,none,0.44,0.4400,0.136062,-0.039567,-0.038542,lower
L4,none,0.44,0.4400,0.140263,-0.039924,-0.042232,lower
L4,none,0.44,0.4400,0.144559,-0.040281,-0.045963,lower
L4,none,0.44,0.4400,0.148951,-0.040637,-0.049714,lower
L4,none,0.44,0.4400,0.153439,-0.040992,-0.053466,lower
L4,none,0.44,0.4400,0.158025,-0.041345,-0.057197,lower
L4,none,0.44,0.4400,0.162711,-0.041696,-0.060890,lower
L4,none,0.44,0.4400,0.167496,-0.042044,-0.064527,lower
L4,none,0.44,0.4400,0.172383,-0.042388,-0.068092,lower
L4,none,0.44,0.4400,0.177372,-0.042728,-0.071569,lower
L4,none,0.44,0.4400,0.182464,-0.043064,-0.074948,lower
L4,none,0.44,0.4400,0.187659,-0.043394,-0.078216,lower
L4,none,0.44,0.4400,0.192959,-0.043719,-0.081368,lower
L4,none,0.44,0.4400,0.198363,-0.044037,-0.084399,lower
L4,none,0.44,0.4400,0.203874,-0.044349,-0.087305,lower
L4,none,0.44,0.4400,0.209490,-0.044653,-0.090089,lower
L4,none,0.44,0.4400,0.215213,-0.044950,-0.092754,lower
L4,none,0.44,0.4400,0.221043,-0.045239,-0.095305,lower
L4,none,0.44,0.4400,0.226980,-0.045520,-0.097750,lower
L4,none,0.44,0.4400,0.233025,-0.045792,-0.100102,lower
L4,none,0.44,0.4400,0.239176,-0.046055,-0.102372,lower
L4,none,0.44,0.4400,0.245435,-0.046308,-0.104574,lower
L4,none,0.44,0.4400,0.251801,-0.046553,-0.106723,lower
L4,none,0.44,0.4400,0.258274,-0.046787,-0.108835,lower
L4,none,0.44,0.4400,0.264854,-0.047011,-0.110927,lower
L4,none,0.44,0.4400,0.271539,-0.047225,-0.113013,lower
L4,none,0.44,0.4400,0.278331,-0.047429,-0.115108,lower
L4,none,0.44,0.4400,0.285227,-0.047622,-0.117224,lower
L4,none,0.44,0.4400,0.292227,-0.047803,-0.119373,lower
L4,none,0.44,0.4400,0.299330,-0.047973,-0.121561,lower
L4,none,0.44,0.4400,0.306535,-0.048131,-0.123793,lower
L4,none,0.44,0.4400,0.313841,-0.048276,-0.126072,lower
L4,none,0.44,0.4400,0.321247,-0.048408,-0.128395,lower
L4,none,0.44,0.4400,0.328751,-0.048526,-0.130756,lower
L4,none,0.44,0.4400,0.336352,-0.048629,-0.133144,lower
L4,none,0.44,0.4400,0.344048,-0.048717,-0.135547,lower
L4,none,0.44,0.4400,0.351836,-0.048789,-0.137946,lower
L4,none,0.44,0.4400,0.359716,-0.048843,-0.140320,lower
L4,none,0.44,0.4400,0.367686,-0.048879,-0.142642,lower
L4,none,0.44,0.4400,0.375742,-0.048895,-0.144886,lower
L4,none,0.44,0.4400,0.383883,-0.048891,-0.147020,lower
L4,none,0.44,0.4400,0.392106,-0.048865,-0.149013,lower
L4,none,0.44,0.4400,0.400408,-0.048816,-0.150830,lower
L4,none,0.44,0.4400,0.408787,-0.048744,-0.152440,lower
L4,none,0.44,0.4400,0.417240,-0.048646,-0.153809,lower
L4,none,0.44,0.4400,0.425764,-0.048523,-0.154904,lower
L4,none,0.44,0.4400,0.434356,-0.048373,-0.155699,lower
L4,none,0.44,0.4400,0.443012,-0.048195,-0.156167,lower
L4,none,0.44,0.4400,0.451730,-0.047989,-0.156287,lower
L4,none,0.44,0.4400,0.460505,-0.047754,-0.156041,lower
L4,none,0.44,0.4400,0.469335,-0.047490,-0.155419,lower
L4,none,0.44,0.4400,0.478215,-0.047197,-0.154414,lower
L4,none,0.44,0.4400,0.487142,-0.046874,-0.153027,lower
L4,none,0.44,0.4400,0.496112,-0.046521,-0.151263,lower
L4,none,0.44,0.4400,0.505122,-0.046140,-0.149133,lower
L4,none,0.44,0.4400,0.514167,-0.045730,-0.146654,lower
L4,none,0.44,0.4400,0.523243,-0.045292,-0.143848,lower
L4,none,0.44,0.4400,0.532346,-0.044827,-0.140741,lower
L4,none,0.44,0.4400,0.541473,-0.044336,-0.137363,lower
L4,none,0.44,0.4400,0.550619,-0.043820,-0.133745,lower
L4,none,0.44,0.4400,0.559780,-0.043281,-0.129922,lower
L4,none,0.44,0.4400,0.568952,-0.042718,-0.125930,lower
L4,none,0.44,0.4400,0.578131,-0.042135,-0.121801,lower
L4,none,0.44,0.4400,0.587312,-0.041531,-0.117572,lower
L4,none,0.44,0.4400,0.596493,-0.040910,-0.113275,lower
L4,none,0.44,0.4400,0.605667,-0.040271,-0.108940,lower
L4,none,0.44,0.4400,0.614832,-0.039616,-0.104594,lower
L4,none,0.44,0.4400,0.623983,-0.038947,-0.100262,lower
L4,none,0.44,0.4400,0.633116,-0.038265,-0.095964,lower
L4,none,0.44,0.4400,0.642227,-0.037571,-0.091716,lower
L4,none,0.44,0.4400,0.651312,-0.036866,-0.087532,lower
L4,none,0.44,0.4400,0.660367,-0.036151,-0.083418,lower
L4,none,0.44,0.4400,0.669388,-0.035427,-0.079381,lower
L4,none,0.44,0.4400,0.678372,-0.034695,-0.075419,lower
L4,none,0.44,0.4400,0.687314,-0.033956,-0.071531,lower
L4,none,0.44,0.4400,0.696210,-0.033211,-0.067709,lower
L4,none,0.44,0.4400,0.705058,-0.032459,-0.063945,lower
L4,none,0.44,0.4400,0.713853,-0.031702,-0.060228,lower
L4,none,0.44,0.4400,0.722592,-0.030940,-0.056545,lower
L4,none,0.44,0.4400,0.731271,-0.030173,-0.052880,lower
L4,none,0.44,0.4400,0.739888,-0.029402,-0.049219,lower
L4,none,0.44,0.4400,0.748439,-0.028627,-0.045544,lower
L4,none,0.44,0.4400,0.756920,-0.027848,-0.041840,lower
L4,none,0.44,0.4400,0.765329,-0.027066,-0.038090,lower
L4,none,0.44,0.4400,0.773663,-0.026281,-0.034277,lower
L4,none,0.44,0.4400,0.781920,-0.025493,-0.030385,lower
L4,none,0.44,0.4400,0.790095,-0.024702,-0.026399,lower
L4,none,0.44,0.4400,0.798188,-0.023909,-0.022304,lower
L4,none,0.44,0.4400,0.806195,-0.023115,-0.018086,lower
L4,none,0.44,0.4400,0.814115,-0.022318,-0.013730,lower
L4,none,0.44,0.4400,0.821945,-0.021520,-0.009225,lower
L4,none,0.44,0.4400,0.829682,-0.020722,-0.004556,lower
L4,none,0.44,0.4400,0.837326,-0.019923,0.000288,lower
L4,none,0.44,0.4400,0.844875,-0.019123,0.005320,lower
L4,none,0.44,0.4400,0.852326,-0.018324,0.010554,lower
L4,none,0.44,0.4400,0.859679,-0.017525,0.016003,lower
L4,none,0.44,0.4400,0.866932,-0.016728,0.021679,lower
L4,none,0.44,0.4400,0.874083,-0.015931,0.027599,lower
L4,none,0.44,0.4400,0.881133,-0.015137,0.033777,lower
L4,none,0.44,0.4400,0.888079,-0.014346,0.040229,lower
L4,none,0.44,0.4400,0.894920,-0.013557,0.046974,lower
L4,none,0.44,0.4400,0.901657,-0.012772,0.054029,lower
L4,none,0.44,0.4400,0.908289,-0.011992,0.061416,lower
L4,none,0.44,0.4400,0.914814,-0.011216,0.069156,lower
L4,none,0.44,0.4400,0.921234,-0.010445,0.077274,lower
L4,none,0.44,0.4400,0.927547,-0.009681,0.085796,lower
L4,none,0.44,0.4400,0.933753,-0.008923,0.094756,lower
L4,none,0.44,0.4400,0.939852,-0.008174,0.104189,lower
L4,none,0.44,0.4400,0.945845,-0.007432,0.114139,lower
L4,none,0.44,0.4400,0.951731,-0.006700,0.124662,lower
L4,none,0.44,0.4400,0.957512,-0.005979,0.135832,lower
L4,none,0.44,0.4400,0.963186,-0.005269,0.147749,lower
L4,none,0.44,0.4400,0.968756,-0.004571,0.160554,lower
L4,none,0.44,0.4400,0.974221,-0.003886,0.174469,lower
L4,none,0.44,0.4400,0.979581,-0.003216,0.189802,lower
L4,none,0.44,0.4400,0.984839,-0.002562,0.207217,lower
L4,none,0.44,0.4400,0.989994,-0.001924,0.227063,lower
L4,none,0.44,0.4400,0.995047,-0.001305,0.250998,lower
L4,none,0.44,0.4400,1.000000,-0.000705,0.265465,lower
L4,none,0.65,0.6500,-0.000000,0.000000,0.564328,upper
L4,none,0.65,0.6500,0.000002,0.000287,0.546851,upper
L4,none,0.65,0.6500,0.000010,0.000582,0.528183,upper
L4,none,0.65,0.6500,0.000023,0.000885,0.508102,upper
L4,none,0.65,0.6500,0.000042,0.001198,0.486666,upper
L4,none,0.65,0.6500,0.000068,0.001519,0.463772,upper
L4,none,0.65,0.6500,0.000101,0.001850,0.439372,upper
L4,none,0.65,0.6500,0.000142,0.002190,0.413396,upper
L4,none,0.65,0.6500,0.000191,0.002539,0.385785,upper
L4,none,0.65,0.6500,0.000249,0.002897,0.356479,upper
L4,none,0.65,0.6500,0.000316,0.003265,0.325422,upper
L4,none,0.65,0.6500,0.000394,0.003642,0.292567,upper
L4,none,0.65,0.6500,0.000482,0.004029,0.257868,upper
L4,none,0.65,0.6500,0.000583,0.004425,0.221293,upper
L4,none,0.65,0.6500,0.000696,0.004831,0.182818,upper
L4,none,0.65,0.6500,0.000822,0.005245,0.142426,upper
L4,none,0.65,0.6500,0.000963,0.005669,0.100117,upper
L4,none,0.65,0.6500,0.001118,0.006102,0.055912,upper
L4,none,0.65,0.6500,0.001290,0.006543,0.009842,upper
L4,none,0.65,0.6500,0.001478,0.006993,-0.038040,upper
L4,none,0.65,0.6500,0.001684,0.007451,-0.087661,upper
L4,none,0.65,0.6500,0.001908,0.007917,-0.138924,upper
L4,none,0.65,0.6500,0.002152,0.008390,-0.191708,upper
L4,none,0.65,0.6500,0.002416,0.008871,-0.245865,upper
L4,none,0.65,0.6500,0.002701,0.009358,-0.301222,upper
L4,none,0.65,0.6500,0.003009,0.009851,-0.357574,upper
L4,none,0.65,0.6500,0.003339,0.010350,-0.414692,upper
L4,none,0.65,0.6500,0.003694,0.010854,-0.472318,upper
L4,none,0.65,0.6500,0.004073,0.011363,-0.530170,upper
L4,none,0.65,0.6500,0.004478,0.011875,-0.587942,upper
L4,none,0.65,0.6500,0.004910,0.012391,-0.645305,upper
L4,none,0.65,0.6500,0.005368,0.012909,-0.701914,upper
L4,none,0.65,0.6500,0.005855,0.013429,-0.757412,upper
L4,none,0.65,0.6500,0.006371,0.013951,-0.811429,upper
L4,none,0.65,0.6500,0.006916,0.014473,-0.863596,upper
L4,none,0.65,0.6500,0.007492,0.014995,-0.913544,upper
L4,none,0.65,0.6500,0.008099,0.015516,-0.960913,upper
L4,none,0.65,0.6500,0.008737,0.016037,-1.005364,upper
L4,none,0.65,0.6500,0.009407,0.016555,-1.046577,upper
L4,none,0.65,0.6500,0.010111,0.017070,-1.084268,upper
L4,none,0.65,0.6500,0.010847,0.017583,-1.118188,upper
L4,none,0.65,0.6500,0.011618,0.018091,-1.148137,upper
L4,none,0.65,0.6500,0.012423,0.018596,-1.173970,upper
L4,none,0.65,0.6500,0.013264,0.019096,-1.195594,upper
L4,none,0.65,0.6500,0.014139,0.019591,-1.212966,upper
L4,none,0.65,0.6500,0.015051,0.020080,-1.226105,upper
L4,none,0.65,0.6500,0.016000,0.020563,-1.235085,upper
L4,none,0.65,0.6500,0.016986,0.021041,-1.240033,upper
L4,none,0.65,0.6500,0.018010,0.021511,-1.241121,upper
L4,none,0.65,0.6500,0.019072,0.021975,-1.238564,upper
L4,none,0.65,0.6500,0.020173,0.022433,-1.232608,upper
L4,none,0.65,0.6500,0.021314,0.022883,-1.223524,upper
L4,none,0.65,0.6500,0.022494,0.023326,-1.211597,upper
L4,none,0.65,0.6500,0.023716,0.023762,-1.197126,upper
L4,none,0.65,0.6500,0.024979,0.024190,-1.180408,upper
L4,none,0.65,0.6500,0.026283,0.024612,-1.161740,upper
L4,none,0.65,0.6500,0.027631,0.025026,-1.141408,upper
L4,none,0.65,0.6500,0.029022,0.025433,-1.119690,upper
L4,none,0.65,0.6500,0.030458,0.025833,-1.096846,upper
L4,none,0.65,0.6500,0.031938,0.026226,-1.073121,upper
L4,none,0.65,0.6500,0.033464,0.026613,-1.048743,upper
L4,none,0.65,0.6500,0.035037,0.026993,-1.023920,upper
L4,none,0.65,0.6500,0.036658,0.027367,-0.998842,upper
L4,none,0.65,0.6500,0.038327,0.027735,-0.973680,upper
L4,none,0.65,0.6500,0.040045,0.028097,-0.948586,upper
L4,none,0.65,0.6500,0.041814,0.028454,-0.923693,upper
L4,none,0.65,0.6500,0.043634,0.028806,-0.899117,upper
L4,none,0.65,0.6500,0.045506,0.029154,-0.874958,upper
L4,none,0.65,0.6500,0.047432,0.029497,-0.851304,upper
L4,none,0.65,0.6500,0.049412,0.029836,-0.828226,upper
L4,none,0.65,0.6500,0.051448,0.030172,-0.805787,upper
L4,none,0.65,0.6500,0.053540,0.030504,-0.784037,upper
L4,none,0.65,0.6500,0.055691,0.030834,-0.763020,upper
L4,none,0.65,0.6500,0.057900,0.031162,-0.742769,upper
L4,none,0.65,0.6500,0.060169,0.031487,-0.723310,upper
L4,none,0.65,0.6500,0.062500,0.031812,-0.704664,upper
L4,none,0.65,0.6500,0.064893,0.032135,-0.686842,upper
L4,none,0.65,0.6500,0.067351,0.032458,-0.669855,upper
L4,none,0.65,0.6500,0.069873,0.032781,-0.653702,upper
L4,none,0.65,0.6500,0.072462,0.033103,-0.638384,upper
L4,none,0.65,0.6500,0.075118,0.033427,-0.623893,upper
L4,none,0.65,0.6500,0.077844,0.033751,-0.610220,upper
L4,none,0.65,0.6500,0.080640,0.034077,-0.597350,upper
L4,none,0.65,0.6500,0.083507,0.034404,-0.585266,upper
L4,none,0.65,0.6500,0.086448,0.034732,-0.573949,upper
L4,none,0.65,0.6500,0.089464,0.035063,-0.563376,upper
L4,none,0.65,0.6500,0.092555,0.035396,-0.553520,upper
L4,none,0.65,0.6500,0.095723,0.035732,-0.544354,upper
L4,none,0.65,0.6500,0.098970,0.036069,-0.535849,upper
L4,none,0.65,0.6500,0.102297,0.036410,-0.527970,upper
L4,none,0.65,0.6500,0.105705,0.036752,-0.520685,upper
L4,none,0.65,0.6500,0.109196,0.037097,-0.513957,upper
L4,none,0.65,0.6500,0.112771,0.037445,-0.507751,upper
L4,none,0.65,0.6500,0.116431,0.037795,-0.502025,upper
L4,none,0.65,0.6500,0.120178,0.038146,-0.496742,upper
L4,none,0.65,0.6500,0.124014,0.038500,-0.491861,upper
L4,none,0.65,0.6500,0.127939,0.038855,-0.487341,upper
L4,none,0.65,0.6500,0.131954,0.039211,-0.483142,upper
L4,none,0.65,0.6500,0.136062,0.039567,-0.479222,upper
L4,none,0.65,0.6500,0.140263,0.039924,-0.475542,upper
L4,none,0.65,0.6500,0.144559,0.040281,-0.472062,upper
L4,none,0.65,0.6500,0.148951,0.040637,-0.468744,upper
L4,none,0.65,0.6500,0.153439,0.040992,-0.465551,upper
L4,none,0.65,0.6500,0.158025,0.041345,-0.462450,upper
L4,none,0.65,0.6500,0.162711,0.041696,-0.459408,upper
L4,none,0.65,0.6500,0.167496,0.042044,-0.456396,upper
L4,none,0.65,0.6500,0.172383,0.042388,-0.453387,upper
L4,none,0.65,0.6500,0.177372,0.042728,-0.450359,upper
L4,none,0.65,0.6500,0.182464,0.043064,-0.447294,upper
L4,none,0.65,0.6500,0.187659,0.043394,-0.444176,upper
L4,none,0.65,0.6500,0.192959,0.043719,-0.440993,upper
L4,none,0.65,0.6500,0.198363,0.044037,-0.437740,upper
L4,none,0.65,0.6500,0.203874,0.044349,-0.434413,upper
L4,none,0.65,0.6500,0.209490,0.044653,-0.431013,upper
L4,none,0.65,0.6500,0.215213,0.044950,-0.427546,upper
L4,none,0.65,0.6500,0.221043,0.045239,-0.424019,upper
L4,none,0.65,0.6500,0.226980,0.045520,-0.420445,upper
L4,none,0.65,0.6500,0.233025,0.045792,-0.416837,upper
L4,none,0.65,0.6500,0.239176,0.046055,-0.413214,upper
L4,none,0.65,0.6500,0.245435,0.046308,-0.409592,upper
L4,none,0.65,0.6500,0.251801,0.046553,-0.405992,upper
L4,none,0.65,0.6500,0.258274,0.046787,-0.402432,upper
L4,none,0.65,0.6500,0.264854,0.047011,-0.398934,upper
L4,none,0.65,0.6500,0.271539,0.047225,-0.395516,upper
L4,none,0.65,0.6500,0.278331,0.047429,-0.392194,upper
L4,none,0.65,0.6500,0.285227,0.047622,-0.388983,upper
L4,none,0.65,0.6500,0.292227,0.047803,-0.385897,upper
L4,none,0.65,0.6500,0.299330,0.047973,-0.382941,upper
L4,none,0.65,0.6500,0.306535,0.048131,-0.380121,upper
L4,none,0.65,0.6500,0.313841,0.048276,-0.377436,upper
L4,none,0.65,0.6500,0.321247,0.048408,-0.374880,upper
L4,none,0.65,0.6500,0.328751,0.048526,-0.372445,upper
L4,none,0.65,0.6500,0.336352,0.048629,-0.370115,upper
L4,none,0.65,0.6500,0.344048,0.048717,-0.367872,upper
L4,none,0.65,0.6500,0.351836,0.048789,-0.365694,upper
L4,none,0.65,0.6500,0.359716,0.048843,-0.363551,upper
L4,none,0.65,0.6500,0.367686,0.048879,-0.361414,upper
L4,none,0.65,0.6500,0.375742,0.048895,-0.359244,upper
L4,none,0.65,0.6500,0.383883,0.048891,-0.357005,upper
L4,none,0.65,0.6500,0.392106,0.048865,-0.354656,upper
L4,none,0.65,0.6500,0.400408,0.048816,-0.352157,upper
L4,none,0.65,0.6500,0.408787,0.048744,-0.349468,upper
L4,none,0.65,0.6500,0.417240,0.048646,-0.346550,upper
L4,none,0.65,0.6500,0.425764,0.048523,-0.343369,upper
L4,none,0.65,0.6500,0.434356,0.048373,-0.339891,upper
L4,none,0.65,0.6500,0.443012,0.048195,-0.336091,upper
L4,none,0.65,0.6500,0.451730,0.047989,-0.331945,upper
L4,none,0.65,0.6500,0.460505,0.047754,-0.327438,upper
L4,none,0.65,0.6500,0.469335,0.047490,-0.322560,upper
L4,none,0.65,0.6500,0.478215,0.047197,-0.317308,upper
L4,none,0.65,0.6500,0.487142,0.046874,-0.311687,upper
L4,none,0.65,0.6500,0.496112,0.046521,-0.305708,upper
L4,none,0.65,0.6500,0.505122,0.046140,-0.299389,upper
L4,none,0.65,0.6500,0.514167,0.045730,-0.292753,upper
L4,none,0.65,0.6500,0.523243,0.045292,-0.285830,upper
L4,none,0.65,0.6500,0.532346,0.044827,-0.278652,upper
L4,none,0.65,0.6500,0.541473,0.044336,-0.271256,upper
L4,none,0.65,0.6500,0.550619,0.043820,-0.263682,upper
L4,none,0.65,0.6500,0.559780,0.043281,-0.255969,upper
L4,none,0.65,0.6500,0.568952,0.042718,-0.248159,upper
L4,none,0.65,0.6500,0.578131,0.042135,-0.240293,upper
L4,none,0.65,0.6500,0.587312,0.041531,-0.232410,upper
L4,none,0.65,0.6500,0.596493,0.040910,-0.224545,upper
L4,none,0.65,0.6500,0.605667,0.040271,-0.216732,upper
L4,none,0.65,0.6500,0.614832,0.039616,-0.209002,upper
L4,none,0.65,0.6500,0.623983,0.038947,-0.201378,upper
L4,none,0.65,0.6500,0.633116,0.038265,-0.193882,upper
L4,none,0.65,0.6500,0.642227,0.037571,-0.186529,upper
L4,none,0.65,0.6500,0.651312,0.036866,-0.179329,upper
L4,none,0.65,0.6500,0.660367,0.036151,-0.172290,upper
L4,none,0.65,0.6500,0.669388,0.035427,-0.165412,upper
L4,none,0.65,0.6500,0.678372,0.034695,-0.158695,upper
L4,none,0.65,0.6500,0.687314,0.033956,-0.152130,upper
L4,none,0.65,0.6500,0.696210,0.033211,-0.145710,upper
L4,none,0.65,0.6500,0.705058,0.032459,-0.139422,upper
L4,none,0.65,0.6500,0.713853,0.031702,-0.133249,upper
L4,none,0.65,0.6500,0.722592,0.030940,-0.127177,upper
L4,none,0.65,0.6500,0.731271,0.030173,-0.121187,upper
L4,none,0.65,0.6500,0.739888,0.029402,-0.115259,upper
L4,none,0.65,0.6500,0.748439,0.028627,-0.109374,upper
L4,none,0.65,0.6500,0.756920,0.027848,-0.103513,upper
L4,none,0.65,0.6500,0.765329,0.027066,-0.097654,upper
L4,none,0.65,0.6500,0.773663,0.026281,-0.091779,upper
L4,none,0.65,0.6500,0.781920,0.025493,-0.085868,upper
L4,none,0.65,0.6500,0.790095,0.024702,-0.079905,upper
L4,none,0.65,0.6500,0.798188,0.023909,-0.073871,upper
L4,none,0.65,0.6500,0.806195,0.023115,-0.067751,upper
L4,none,0.65,0.6500,0.814115,0.022318,-0.061527,upper
L4,none,0.65,0.6500,0.821945,0.021520,-0.055187,upper
L4,none,0.65,0.6500,0.829682,0.020722,-0.048714,upper
L4,none,0.65,0.6500,0.837326,0.019923,-0.042095,upper
L4,none,0.65,0.6500,0.844875,0.019123,-0.035316,upper
L4,none,0.65,0.6500,0.852326,0.018324,-0.028362,upper
L4,none,0.65,0.6500,0.859679,0.017525,-0.021219,upper
L4,none,0.65,0.6500,0.866932,0.016728,-0.013872,upper
L4,none,0.65,0.6500,0.874083,0.015931,-0.006304,upper
L4,none,0.65,0.6500,0.881133,0.015137,0.001501,upper
L4,none,0.65,0.6500,0.888079,0.014346,0.009561,upper
L4,none,0.65,0.6500,0.894920,0.013557,0.017895,upper
L4,none,0.65,0.6500,0.901657,0.012772,0.026525,upper
L4,none,0.65,0.6500,0.908289,0.011992,0.035471,upper
L4,none,0.65,0.6500,0.914814,0.011216,0.044758,upper
L4,none,0.65,0.6500,0.921234,0.010445,0.054412,upper
L4,none,0.65,0.6500,0.927547,0.009681,0.064463,upper
L4,none,0.65,0.6500,0.933753,0.008923,0.074944,upper
L4,none,0.65,0.6500,0.939852,0.008174,0.085893,upper
L4,none,0.65,0.6500,0.945845,0.007432,0.097359,upper
L4,none,0.65,0.6500,0.951731,0.006700,0.109401,upper
L4,none,0.65,0.6500,0.957512,0.005979,0.122096,upper
L4,none,0.65,0.6500,0.963186,0.005269,0.135551,upper
L4,none,0.65,0.6500,0.968756,0.004571,0.149917,upper
L4,none,0.65,0.6500,0.974220,0.003886,0.165427,upper
L4,none,0.65,0.6500,0.979581,0.003216,0.182407,upper
L4,none,0.65,0.6500,0.984839,0.002562,0.201562,upper
L4,none,0.65,0.6500,0.989994,0.001924,0.223293,upper
L4,none,0.65,0.6500,0.995047,0.001305,0.249340,upper
L4,none,0.65,0.6500,1.000000,0.000705,0.266471,upper
L4,none,0.65,0.6500,-0.000000,0.000000,0.564328,lower
L4,none,0.65,0.6500,0.000002,-0.000287,0.581330,lower
L4,none,0.65,0.6500,0.000010,-0.000582,0.597993,lower
L4,none,0.65,0.6500,0.000023,-0.000885,0.614252,lower
L4,none,0.65,0.6500,0.000042,-0.001198,0.630154,lower
L4,none,0.65,0.6500,0.000068,-0.001519,0.645601,lower
L4,none,0.65,0.6500,0.000101,-0.001850,0.660532,lower
L4,none,0.65,0.6500,0.000142,-0.002190,0.674862,lower
L4,none,0.65,0.6500,0.000191,-0.002539,0.688506,lower
L4,none,0.65,0.6500,0.000249,-0.002897,0.701375,lower
L4,none,0.65,0.6500,0.000316,-0.003265,0.713378,lower
L4,none,0.65,0.6500,0.000394,-0.003642,0.724419,lower
L4,none,0.65,0.6500,0.000482,-0.004029,0.734402,lower
L4,none,0.65,0.6500,0.000583,-0.004425,0.743229,lower
L4,none,0.65,0.6500,0.000696,-0.004831,0.750801,lower
L4,none,0.65,0.6500,0.000822,-0.005245,0.757023,lower
L4,none,0.65,0.6500,0.000963,-0.005669,0.761799,lower
L4,none,0.65,0.6500,0.001118,-0.006102,0.765038,lower
L4,none,0.65,0.6500,0.001290,-0.006543,0.766656,lower
L4,none,0.65,0.6500,0.001478,-0.006993,0.766575,lower
L4,none,0.65,0.6500,0.001684,-0.007451,0.764722,lower
L4,none,0.65,0.6500,0.001908,-0.007917,0.761040,lower
L4,none,0.65,0.6500,0.002152,-0.008390,0.755483,lower
L4,none,0.65,0.6500,0.002416,-0.008871,0.748015,lower
L4,none,0.65,0.6500,0.002701,-0.009358,0.738622,lower
L4,none,0.65,0.6500,0.003009,-0.009851,0.727304,lower
L4,none,0.65,0.6500,0.003339,-0.010350,0.714082,lower
L4,none,0.65,0.6500,0.003694,-0.010854,0.698997,lower
L4,none,0.65,0.6500,0.004073,-0.011363,0.682112,lower
L4,none,0.65,0.6500,0.004478,-0.011875,0.663509,lower
L4,none,0.65,0.6500,0.004910,-0.012391,0.643293,lower
L4,none,0.65,0.6500,0.005368,-0.012909,0.621589,lower
L4,none,0.65,0.6500,0.005855,-0.013429,0.598540,lower
L4,none,0.65,0.6500,0.006371,-0.013951,0.574307,lower
L4,none,0.65,0.6500,0.006916,-0.014473,0.549065,lower
L4,none,0.65,0.6500,0.007492,-0.014995,0.523001,lower
L4,none,0.65,0.6500,0.008099,-0.015516,0.496309,lower
L4,none,0.65,0.6500,0.008737,-0.016037,0.469190,lower
L4,none,0.65,0.6500,0.009407,-0.016555,0.441846,lower
L4,none,0.65,0.6500,0.010111,-0.017070,0.414477,lower
L4,none,0.65,0.6500,0.010847,-0.017583,0.387277,lower
L4,none,0.65,0.6500,0.011618,-0.018091,0.360431,lower
L4,none,0.65,0.6500,0.012423,-0.018596,0.334114,lower
L4,none,0.65,0.6500,0.013264,-0.019096,0.308485,lower
L4,none,0.65,0.6500,0.014139,-0.019591,0.283685,lower
L4,none,0.65,0.6500,0.015051,-0.020080,0.259841,lower
L4,none,0.65,0.6500,0.016000,-0.020563,0.237056,lower
L4,none,0.65,0.6500,0.016986,-0.021041,0.215418,lower
L4,none,0.65,0.6500,0.018010,-0.021511,0.194991,lower
L4,none,0.65,0.6500,0.019072,-0.021975,0.175824,lower
L4,none,0.65,0.6500,0.020173,-0.022433,0.157946,lower
L4,none,0.65,0.6500,0.021314,-0.022883,0.141369,lower
L4,none,0.65,0.6500,0.022494,-0.023326,0.126090,lower
L4,none,0.65,0.6500,0.023716,-0.023762,0.112092,lower
L4,none,0.65,0.6500,0.024979,-0.024190,0.099345,lower
L4,none,0.65,0.6500,0.026283,-0.024612,0.087809,lower
L4,none,0.65,0.6500,0.027631,-0.025026,0.077434,lower
L4,none,0.65,0.6500,0.029022,-0.025433,0.068165,lower
L4,none,0.65,0.6500,0.030458,-0.025833,0.059938,lower
L4,none,0.65,0.6500,0.031938,-0.026226,0.052688,lower
L4,none,0.65,0.6500,0.033464,-0.026613,0.046344,lower
L4,none,0.65,0.6500,0.035037,-0.026993,0.040835,lower
L4,none,0.65,0.6500,0.036658,-0.027367,0.036089,lower
L4,none,0.65,0.6500,0.038327,-0.027735,0.032035,lower
L4,none,0.65,0.6500,0.040045,-0.028097,0.028600,lower
L4,none,0.65,0.6500,0.041814,-0.028454,0.025717,lower
L4,none,0.65,0.6500,0.043634,-0.028806,0.023318,lower
L4,none,0.65,0.6500,0.045506,-0.029154,0.021337,lower
L4,none,0.65,0.6500,0.047432,-0.029497,0.019715,lower
L4,none,0.65,0.6500,0.049412,-0.029836,0.018391,lower
L4,none,0.65,0.6500,0.051448,-0.030172,0.017310,lower
L4,none,0.65,0.6500,0.053540,-0.030504,0.016421,lower
L4,none,0.65,0.6500,0.055691,-0.030834,0.015674,lower
L4,none,0.65,0.6500,0.057900,-0.031162,0.015026,lower
L4,none,0.65,0.6500,0.060169,-0.031487,0.014434,lower
L4,none,0.65,0.6500,0.062500,-0.031812,0.013860,lower
L4,none,0.65,0.6500,0.064893,-0.032135,0.013268,lower
L4,none,0.65,0.6500,0.067351,-0.032458,0.012629,lower
L4,none,0.65,0.6500,0.069873,-0.032781,0.011913,lower
L4,none,0.65,0.6500,0.072462,-0.033103,0.011095,lower
L4,none,0.65,0.6500,0.075118,-0.033427,0.010153,lower
L4,none,0.65,0.6500,0.077844,-0.033751,0.009069,lower
L4,none,0.65,0.6500,0.080640,-0.034077,0.007826,lower
L4,none,0.65,0.6500,0.083507,-0.034404,0.006413,lower
L4,none,0.65,0.6500,0.086448,-0.034732,0.004817,lower
L4,none,0.65,0.6500,0.089464,-0.035063,0.003032,lower
L4,none,0.65,0.6500,0.092555,-0.035396,0.001054,lower
L4,none,0.65,0.6500,0.095723,-0.035732,-0.001120,lower
L4,none,0.65,0.6500,0.098970,-0.036069,-0.003489,lower
L4,none,0.65,0.6500,0.102297,-0.036410,-0.006051,lower
L4,none,0.65,0.6500,0.105705,-0.036752,-0.008800,lower
L4,none,0.65,0.6500,0.109196,-0.037097,-0.011729,lower
L4,none,0.65,0.6500,0.112771,-0.037445,-0.014828,lower
L4,none,0.65,0.6500,0.116431,-0.037795,-0.018085,lower
L4,none,0.65,0.6500,0.120178,-0.038146,-0.021487,lower
L4,none,0.65,0.6500,0.124014,-0.038500,-0.025018,lower
L4,none,0.65,0.6500,0.127939,-0.038855,-0.028664,lower
L4,none,0.65,0.6500,0.131954,-0.039211,-0.032404,lower
L4,none,0.65,0.6500,0.136062,-0.039567,-0.036220,lower
L4,none,0.65,0.6500,0.140263,-0.039924,-0.040093,lower
L4,none,0.65,0.6500,0.144559,-0.040281,-0.044003,lower
L4,none,0.65,0.6500,0.148951,-0.040637,-0.047930,lower
L4,none,0.65,0.6500,0.153439,-0.040992,-0.051853,lower
L4,none,0.65,0.6500,0.158025,-0.041345,-0.055752,lower
L4,none,0.65,0.6500,0.162711,-0.041696,-0.059609,lower
L4,none,0.65,0.6500,0.167496,-0.042044,-0.063407,lower
L4,none,0.65,0.6500,0.172383,-0.042388,-0.067128,lower
L4,none,0.65,0.6500,0.177372,-0.042728,-0.070758,lower
L4,none,0.65,0.6500,0.182464,-0.043064,-0.074286,lower
L4,none,0.65,0.6500,0.187659,-0.043394,-0.077702,lower
L4,none,0.65,0.6500,0.192959,-0.043719,-0.080997,lower
L4,none,0.65,0.6500,0.198363,-0.044037,-0.084166,lower
L4,none,0.65,0.6500,0.203874,-0.044349,-0.087208,lower
L4,none,0.65,0.6500,0.209490,-0.044653,-0.090123,lower
L4,none,0.65,0.6500,0.215213,-0.044950,-0.092915,lower
L4,none,0.65,0.6500,0.221043,-0.045239,-0.095590,lower
L4,none,0.65,0.6500,0.226980,-0.045520,-0.098155,lower
L4,none,0.65,0.6500,0.233025,-0.045792,-0.100621,lower
L4,none,0.65,0.6500,0.239176,-0.046055,-0.103000,lower
L4,none,0.65,0.6500,0.245435,-0.046308,-0.105308,lower
L4,none,0.65,0.6500,0.251801,-0.046553,-0.107557,lower
L4,none,0.65,0.6500,0.258274,-0.046787,-0.109766,lower
L4,none,0.65,0.6500,0.264854,-0.047011,-0.111948,lower
L4,none,0.65,0.6500,0.271539,-0.047225,-0.114120,lower
L4,none,0.65,0.6500,0.278331,-0.047429,-0.116294,lower
L4,none,0.65,0.6500,0.285227,-0.047622,-0.118485,lower
L4,none,0.65,0.6500,0.292227,-0.047803,-0.120702,lower
L4,none,0.65,0.6500,0.299330,-0.047973,-0.122953,lower
L4,none,0.65,0.6500,0.306535,-0.048131,-0.125243,lower
L4,none,0.65,0.6500,0.313841,-0.048276,-0.127573,lower
L4,none,0.65,0.6500,0.321247,-0.048408,-0.129942,lower
L4,none,0.65,0.6500,0.328751,-0.048526,-0.132344,lower
L4,none,0.65,0.6500,0.336352,-0.048629,-0.134767,lower
L4,none,0.65,0.6500,0.344048,-0.048717,-0.137200,lower
L4,none,0.65,0.6500,0.351836,-0.048789,-0.139622,lower
L4,none,0.65,0.6500,0.359716,-0.048843,-0.142014,lower
L4,none,0.65,0.6500,0.367686,-0.048879,-0.144350,lower
L4,none,0.65,0.6500,0.375742,-0.048895,-0.146602,lower
L4,none,0.65,0.6500,0.383883,-0.048891,-0.148740,lower
L4,none,0.65,0.6500,0.392106,-0.048865,-0.150731,lower
L4,none,0.65,0.6500,0.400408,-0.048816,-0.152543,lower
L4,none,0.65,0.6500,0.408787,-0.048744,-0.154142,lower
L4,none,0.65,0.6500,0.417240,-0.048646,-0.155495,lower
L4,none,0.65,0.6500,0.425764,-0.048523,-0.156572,lower
L4,none,0.65,0.6500,0.434356,-0.048373,-0.157345,lower
L4,none,0.65,0.6500,0.443012,-0.048195,-0.157786,lower
L4,none,0.65,0.6500,0.451730,-0.047989,-0.157876,lower
L4,none,0.65,0.6500,0.460505,-0.047754,-0.157598,lower
L4,none,0.65,0.6500,0.469335,-0.047490,-0.156941,lower
L4,none,0.65,0.6500,0.478215,-0.047197,-0.155898,lower
L4,none,0.65,0.6500,0.487142,-0.046874,-0.154469,lower
L4,none,0.65,0.6500,0.496112,-0.046521,-0.152662,lower
L4,none,0.65,0.6500,0.505122,-0.046140,-0.150487,lower
L4,none,0.65,0.6500,0.514167,-0.045730,-0.147961,lower
L4,none,0.65,0.6500,0.523243,-0.045292,-0.145107,lower
L4,none,0.65,0.6500,0.532346,-0.044827,-0.141951,lower
L4,none,0.65,0.6500,0.541473,-0.044336,-0.138521,lower
L4,none,0.65,0.6500,0.550619,-0.043820,-0.134852,lower
L4,none,0.65,0.6500,0.559780,-0.043281,-0.130976,lower
L4,none,0.65,0.6500,0.568952,-0.042718,-0.126929,lower
L4,none,0.65,0.6500,0.578131,-0.042135,-0.122746,lower
L4,none,0.65,0.6500,0.587312,-0.041531,-0.118462,lower
L4,none,0.65,0.6500,0.596493,-0.040910,-0.114109,lower
L4,none,0.65,0.6500,0.605667,-0.040271,-0.109718,lower
L4,none,0.65,0.6500,0.614832,-0.039616,-0.105315,lower
L4,none,0.65,0.6500,0.623983,-0.038947,-0.100926,lower
L4,none,0.65,0.6500,0.633116,-0.038265,-0.096570,lower
L4,none,0.65,0.6500,0.642227,-0.037571,-0.092265,lower
L4,none,0.65,0.6500,0.651312,-0.036866,-0.088023,lower
L4,none,0.65,0.6500,0.660367,-0.036151,-0.083852,lower
L4,none,0.65,0.6500,0.669388,-0.035427,-0.079756,lower
L4,none,0.65,0.6500,0.678372,-0.034695,-0.075735,lower
L4,none,0.65,0.6500,0.687314,-0.033956,-0.071788,lower
L4,none,0.65,0.6500,0.696210,-0.033211,-0.067908,lower
L4,none,0.65,0.6500,0.705058,-0.032459,-0.064086,lower
L4,none,0.65,0.6500,0.713853,-0.031702,-0.060311,lower
L4,none,0.65,0.6500,0.722592,-0.030940,-0.056570,lower
L4,none,0.65,0.6500,0.731271,-0.030173,-0.052847,lower
L4,none,0.65,0.6500,0.739888,-0.029402,-0.049129,lower
L4,none,0.65,0.6500,0.748439,-0.028627,-0.045398,lower
L4,none,0.65,0.6500,0.756920,-0.027848,-0.041637,lower
L4,none,0.65,0.6500,0.765329,-0.027066,-0.037830,lower
L4,none,0.65,0.6500,0.773663,-0.026281,-0.033961,lower
L4,none,0.65,0.6500,0.781920,-0.025493,-0.030014,lower
L4,none,0.65,0.6500,0.790095,-0.024702,-0.025973,lower
L4,none,0.65,0.6500,0.798188,-0.023909,-0.021824,lower
L4,none,0.65,0.6500,0.806195,-0.023115,-0.017552,lower
L4,none,0.65,0.6500,0.814115,-0.022318,-0.013145,lower
L4,none,0.65,0.6500,0.821945,-0.021520,-0.008588,lower
L4,none,0.65,0.6500,0.829682,-0.020722,-0.003870,lower
L4,none,0.65,0.6500,0.837326,-0.019923,0.001024,lower
L4,none,0.65,0.6500,0.844875,-0.019123,0.006105,lower
L4,none,0.65,0.6500,0.852326,-0.018324,0.011386,lower
L4,none,0.65,0.6500,0.859679,-0.017525,0.016881,lower
L4,none,0.65,0.6500,0.866932,-0.016728,0.022605,lower
L4,none,0.65,0.6500,0.874083,-0.015931,0.028571,lower
L4,none,0.65,0.6500,0.881133,-0.015137,0.034796,lower
L4,none,0.65,0.6500,0.888079,-0.014346,0.041295,lower
L4,none,0.65,0.6500,0.894920,-0.013557,0.048086,lower
L4,none,0.65,0.6500,0.901657,-0.012772,0.055189,lower
L4,none,0.65,0.6500,0.908289,-0.011992,0.062624,lower
L4,none,0.65,0.6500,0.914814,-0.011216,0.070412,lower
L4,none,0.65,0.6500,0.921234,-0.010445,0.078579,lower
L4,none,0.65,0.6500,0.927547,-0.009681,0.087152,lower
L4,none,0.65,0.6500,0.933753,-0.008923,0.096162,lower
L4,none,0.65,0.6500,0.939852,-0.008174,0.105647,lower
L4,none,0.65,0.6500,0.945845,-0.007432,0.115651,lower
L4,none,0.65,0.6500,0.951731,-0.006700,0.126231,lower
L4,none,0.65,0.6500,0.957512,-0.005979,0.137460,lower
L4,none,0.65,0.6500,0.963186,-0.005269,0.149441,lower
L4,none,0.65,0.6500,0.968756,-0.004571,0.162315,lower
L4,none,0.65,0.6500,0.974220,-0.003886,0.176307,lower
L4,none,0.65,0.6500,0.979581,-0.003216,0.191727,lower
L4,none,0.65,0.6500,0.984839,-0.002562,0.209249,lower
L4,none,0.65,0.6500,0.989994,-0.001924,0.229231,lower
L4,none,0.65,0.6500,0.995047,-0.001305,0.253343,lower
L4,none,0.65,0.6500,1.000000,-0.000705,0.267988,lower
L4,none,0.80,0.8000,0.000000,0.000000,0.559422,upper
L4,none,0.80,0.8000,0.000002,0.000287,0.541868,upper
L4,none,0.80,0.8000,0.000010,0.000582,0.523123,upper
L4,none,0.80,0.8000,0.000023,0.000885,0.502960,upper
L4,none,0.80,0.8000,0.000042,0.001198,0.481441,upper
L4,none,0.80,0.8000,0.000068,0.001519,0.458462,upper
L4,none,0.80,0.8000,0.000101,0.001850,0.433973,upper
L4,none,0.80,0.8000,0.000142,0.002190,0.407908,upper
L4,none,0.80,0.8000,0.000191,0.002539,0.380204,upper
L4,none,0.80,0.8000,0.000249,0.002897,0.350803,upper
L4,none,0.80,0.8000,0.000316,0.003265,0.319651,upper
L4,none,0.80,0.8000,0.000394,0.003642,0.286697,upper
L4,none,0.80,0.8000,0.000483,0.004029,0.251899,upper
L4,none,0.80,0.8000,0.000583,0.004425,0.215223,upper
L4,none,0.80,0.8000,0.000696,0.004831,0.176645,upper
L4,none,0.80,0.8000,0.000823,0.005245,0.136150,upper
L4,none,0.80,0.8000,0.000963,0.005669,0.093739,upper
L4,none,0.80,0.8000,0.001118,0.006102,0.049431,upper
L4,none,0.80,0.8000,0.001290,0.006543,0.003258,upper
L4,none,0.80,0.8000,0.001478,0.006993,-0.044725,upper
L4,none,0.80,0.8000,0.001684,0.007451,-0.094446,upper
L4,none,0.80,0.8000,0.001908,0.007917,-0.145807,upper
L4,none,0.80,0.8000,0.002152,0.008390,-0.198685,upper
L4,none,0.80,0.8000,0.002416,0.008871,-0.252933,upper
L4,none,0.80,0.8000,0.002701,0.009358,-0.308375,upper
L4,none,0.80,0.8000,0.003009,0.009851,-0.364807,upper
L4,none,0.80,0.8000,0.003339,0.010350,-0.421999,upper
L4,none,0.80,0.8000,0.003694,0.010854,-0.479691,upper
L4,none,0.80,0.8000,0.004073,0.011363,-0.537599,upper
L4,none,0.80,0.8000,0.004478,0.011875,-0.595417,upper
L4,none,0.80,0.8000,0.004910,0.012391,-0.652815,upper
L4,none,0.80,0.8000,0.005368,0.012909,-0.709447,upper
L4,none,0.80,0.8000,0.005855,0.013429,-0.764953,upper
L4,none,0.80,0.8000,0.006371,0.013951,-0.818964,upper
L4,none,0.80,0.8000,0.006917,0.014473,-0.871108,upper
L4,none,0.80,0.8000,0.007492,0.014995,-0.921015,upper
L4,none,0.80,0.8000,0.008099,0.015516,-0.968326,upper
L4,none,0.80,0.8000,0.008737,0.016037,-1.012699,upper
L4,none,0.80,0.8000,0.009408,0.016555,-1.053815,upper
L4,none,0.80,0.8000,0.010111,0.017070,-1.091390,upper
L4,none,0.80,0.8000,0.010847,0.017583,-1.125174,upper
L4,none,0.80,0.8000,0.011618,0.018091,-1.154969,upper
L4,none,0.80,0.8000,0.012423,0.018596,-1.180632,upper
L4,none,0.80,0.8000,0.013264,0.019096,-1.202069,upper
L4,none,0.80,0.8000,0.014139,0.019591,-1.219240,upper
L4,none,0.80,0.8000,0.015052,0.020080,-1.232167,upper
L4,none,0.80,0.8000,0.016000,0.020563,-1.240925,upper
L4,none,0.80,0.8000,0.016986,0.021041,-1.245643,upper
L4,none,0.80,0.8000,0.018010,0.021511,-1.246498,upper
L4,none,0.80,0.8000,0.019072,0.021975,-1.243704,upper
L4,none,0.80,0.8000,0.020173,0.022433,-1.237508,upper
L4,none,0.80,0.8000,0.021314,0.022883,-1.228182,upper
L4,none,0.80,0.8000,0.022494,0.023326,-1.216014,upper
L4,none,0.80,0.8000,0.023716,0.023762,-1.201300,upper
L4,none,0.80,0.8000,0.024979,0.024190,-1.184337,upper
L4,none,0.80,0.8000,0.026284,0.024612,-1.165423,upper
L4,none,0.80,0.8000,0.027631,0.025026,-1.144843,upper
L4,none,0.80,0.8000,0.029022,0.025433,-1.122873,upper
L4,none,0.80,0.8000,0.030458,0.025833,-1.099774,upper
L4,none,0.80,0.8000,0.031938,0.026226,-1.075790,upper
L4,none,0.80,0.8000,0.033464,0.026613,-1.051147,upper
L4,none,0.80,0.8000,0.035037,0.026993,-1.026054,upper
L4,none,0.80,0.8000,0.036658,0.027367,-1.000701,upper
L4,none,0.80,0.8000,0.038327,0.027735,-0.975259,upper
L4,none,0.80,0.8000,0.040045,0.028097,-0.949879,upper
L4,none,0.80,0.8000,0.041814,0.028454,-0.924695,upper
L4,none,0.80,0.8000,0.043634,0.028806,-0.899824,upper
L4,none,0.80,0.8000,0.045506,0.029154,-0.875366,upper
L4,none,0.80,0.8000,0.047432,0.029497,-0.851408,upper
L4,none,0.80,0.8000,0.049412,0.029836,-0.828025,upper
L4,none,0.80,0.8000,0.051448,0.030172,-0.805278,upper
L4,none,0.80,0.8000,0.053541,0.030504,-0.783220,upper
L4,none,0.80,0.8000,0.055691,0.030834,-0.761894,upper
L4,none,0.80,0.8000,0.057900,0.031162,-0.741335,upper
L4,none,0.80,0.8000,0.060169,0.031487,-0.721571,upper
L4,none,0.80,0.8000,0.062500,0.031812,-0.702621,upper
L4,none,0.80,0.8000,0.064893,0.032135,-0.684501,upper
L4,none,0.80,0.8000,0.067351,0.032458,-0.667220,upper
L4,none,0.80,0.8000,0.069873,0.032781,-0.650780,upper
L4,none,0.80,0.8000,0.072462,0.033103,-0.635180,upper
L4,none,0.80,0.8000,0.075118,0.033427,-0.620417,upper
L4,none,0.80,0.8000,0.077844,0.033751,-0.606479,upper
L4,none,0.80,0.8000,0.080640,0.034077,-0.593354,upper
L4,none,0.80,0.8000,0.083508,0.034404,-0.581024,upper
L4,none,0.80,0.8000,0.086448,0.034732,-0.569472,upper
L4,none,0.80,0.8000,0.089464,0.035063,-0.558672,upper
L4,none,0.80,0.8000,0.092555,0.035396,-0.548600,upper
L4,none,0.80,0.8000,0.095723,0.035732,-0.539228,upper
L4,none,0.80,0.8000,0.098970,0.036069,-0.530525,upper
L4,none,0.80,0.8000,0.102297,0.036410,-0.522457,upper
L4,none,0.80,0.8000,0.105705,0.036752,-0.514990,upper
L4,none,0.80,0.8000,0.109196,0.037097,-0.508086,upper
L4,none,0.80,0.8000,0.112771,0.037445,-0.501708,upper
L4,none,0.80,0.8000,0.116431,0.037795,-0.495814,upper
L4,none,0.80,0.8000,0.120178,0.038146,-0.490363,upper
L4,none,0.80,0.8000,0.124014,0.038500,-0.485314,upper
L4,none,0.80,0.8000,0.127939,0.038855,-0.480623,upper
L4,none,0.80,0.8000,0.131955,0.039211,-0.476247,upper
L4,none,0.80,0.8000,0.136062,0.039567,-0.472144,upper
L4,none,0.80,0.8000,0.140263,0.039924,-0.468271,upper
L4,none,0.80,0.8000,0.144559,0.040281,-0.464587,upper
L4,none,0.80,0.8000,0.148951,0.040637,-0.461051,upper
L4,none,0.80,0.8000,0.153439,0.040992,-0.457626,upper
L4,none,0.80,0.8000,0.158025,0.041345,-0.454276,upper
L4,none,0.80,0.8000,0.162711,0.041696,-0.450967,upper
L4,none,0.80,0.8000,0.167496,0.042044,-0.447671,upper
L4,none,0.80,0.8000,0.172383,0.042388,-0.444361,upper
L4,none,0.80,0.8000,0.177372,0.042728,-0.441013,upper
L4,none,0.80,0.8000,0.182464,0.043064,-0.437612,upper
L4,none,0.80,0.8000,0.187659,0.043394,-0.434141,upper
L4,none,0.80,0.8000,0.192959,0.043719,-0.430593,upper
L4,none,0.80,0.8000,0.198363,0.044037,-0.426961,upper
L4,none,0.80,0.8000,0.203874,0.044349,-0.423245,upper
L4,none,0.80,0.8000,0.209490,0.044653,-0.419449,upper
L4,none,0.80,0.8000,0.215213,0.044950,-0.415579,upper
L4,none,0.80,0.8000,0.221043,0.045239,-0.411648,upper
L4,none,0.80,0.8000,0.226980,0.045520,-0.407668,upper
L4,none,0.80,0.8000,0.233025,0.045792,-0.403657,upper
L4,none,0.80,0.8000,0.239176,0.046055,-0.399633,upper
L4,none,0.80,0.8000,0.245435,0.046308,-0.395616,upper
L4,none,0.80,0.8000,0.251801,0.046553,-0.391626,upper
L4,none,0.80,0.8000,0.258274,0.046787,-0.387685,upper
L4,none,0.80,0.8000,0.264854,0.047011,-0.383813,upper
L4,none,0.80,0.8000,0.271539,0.047225,-0.380028,upper
L4,none,0.80,0.8000,0.278331,0.047429,-0.376347,upper
L4,none,0.80,0.8000,0.285227,0.047622,-0.372785,upper
L4,none,0.80,0.8000,0.292227,0.047803,-0.369354,upper
L4,none,0.80,0.8000,0.299330,0.047973,-0.366060,upper
L4,none,0.80,0.8000,0.306535,0.048131,-0.362907,upper
L4,none,0.80,0.8000,0.313841,0.048276,-0.359894,upper
L4,none,0.80,0.8000,0.321247,0.048408,-0.357016,upper
L4,none,0.80,0.8000,0.328751,0.048526,-0.354263,upper
L4,none,0.80,0.8000,0.336352,0.048629,-0.351621,upper
L4,none,0.80,0.8000,0.344048,0.048717,-0.349073,upper
L4,none,0.80,0.8000,0.351836,0.048789,-0.346595,upper
L4,none,0.80,0.8000,0.359716,0.048843,-0.344161,upper
L4,none,0.80,0.8000,0.367686,0.048879,-0.341740,upper
L4,none,0.80,0.8000,0.375742,0.048895,-0.339297,upper
L4,none,0.80,0.8000,0.383883,0.048891,-0.336794,upper
L4,none,0.80,0.8000,0.392106,0.048865,-0.334194,upper
L4,none,0.80,0.8000,0.400408,0.048816,-0.331457,upper
L4,none,0.80,0.8000,0.408787,0.048744,-0.328546,upper
L4,none,0.80,0.8000,0.417240,0.048646,-0.325424,upper
L4,none,0.80,0.8000,0.425764,0.048523,-0.322057,upper
L4,none,0.80,0.8000,0.434356,0.048373,-0.318414,upper
L4,none,0.80,0.8000,0.443012,0.048195,-0.314469,upper
L4,none,0.80,0.8000,0.451730,0.047989,-0.310202,upper
L4,none,0.80,0.8000,0.460505,0.047754,-0.305597,upper
L4,none,0.80,0.8000,0.469335,0.047490,-0.300647,upper
L4,none,0.80,0.8000,0.478215,0.047197,-0.295347,upper
L4,none,0.80,0.8000,0.487142,0.046874,-0.289704,upper
L4,none,0.80,0.8000,0.496112,0.046521,-0.283728,upper
L4,none,0.80,0.8000,0.505122,0.046140,-0.277437,upper
L4,none,0.80,0.8000,0.514167,0.045730,-0.270854,upper
L4,none,0.80,0.8000,0.523243,0.045292,-0.264007,upper
L4,none,0.80,0.8000,0.532346,0.044827,-0.256927,upper
L4,none,0.80,0.8000,0.541473,0.044336,-0.249652,upper
L4,none,0.80,0.8000,0.550619,0.043820,-0.242218,upper
L4,none,0.80,0.8000,0.559780,0.043281,-0.234666,upper
L4,none,0.80,0.8000,0.568952,0.042718,-0.227036,upper
L4,none,0.80,0.8000,0.578131,0.042135,-0.219368,upper
L4,none,0.80,0.8000,0.587313,0.041531,-0.211699,upper
L4,none,0.80,0.8000,0.596493,0.040910,-0.204063,upper
L4,none,0.80,0.8000,0.605667,0.040271,-0.196496,upper
L4,none,0.80,0.8000,0.614832,0.039616,-0.189024,upper
L4,none,0.80,0.8000,0.623983,0.038947,-0.181672,upper
L4,none,0.80,0.8000,0.633116,0.038265,-0.174458,upper
L4,none,0.80,0.8000,0.642227,0.037571,-0.167398,upper
L4,none,0.80,0.8000,0.651312,0.036866,-0.160503,upper
L4,none,0.80,0.8000,0.660367,0.036151,-0.153777,upper
L4,none,0.80,0.8000,0.669388,0.035427,-0.147224,upper
L4,none,0.80,0.8000,0.678372,0.034695,-0.140840,upper
L4,none,0.80,0.8000,0.687314,0.033956,-0.134619,upper
L4,none,0.80,0.8000,0.696210,0.033211,-0.128549,upper
L4,none,0.80,0.8000,0.705058,0.032459,-0.122620,upper
L4,none,0.80,0.8000,0.713853,0.031702,-0.116814,upper
L4,none,0.80,0.8000,0.722592,0.030940,-0.111116,upper
L4,none,0.80,0.8000,0.731272,0.030173,-0.105506,upper
L4,none,0.80,0.8000,0.739888,0.029402,-0.099964,upper
L4,none,0.80,0.8000,0.748439,0.028627,-0.094469,upper
L4,none,0.80,0.8000,0.756920,0.027848,-0.089000,upper
L4,none,0.80,0.8000,0.765329,0.027066,-0.083539,upper
L4,none,0.80,0.8000,0.773663,0.026281,-0.078065,upper
L4,none,0.80,0.8000,0.781920,0.025493,-0.072557,upper
L4,none,0.80,0.8000,0.790095,0.024702,-0.066998,upper
L4,none,0.80,0.8000,0.798188,0.023909,-0.061371,upper
L4,none,0.80,0.8000,0.806195,0.023115,-0.055658,upper
L4,none,0.80,0.8000,0.814115,0.022318,-0.049844,upper
L4,none,0.80,0.8000,0.821945,0.021520,-0.043913,upper
L4,none,0.80,0.8000,0.829682,0.020722,-0.037851,upper
L4,none,0.80,0.8000,0.837326,0.019923,-0.031641,upper
L4,none,0.80,0.8000,0.844875,0.019123,-0.025270,upper
L4,none,0.80,0.8000,0.852326,0.018324,-0.018724,upper
L4,none,0.80,0.8000,0.859679,0.017525,-0.011986,upper
L4,none,0.80,0.8000,0.866932,0.016728,-0.005040,upper
L4,none,0.80,0.8000,0.874083,0.015931,0.002130,upper
L4,none,0.80,0.8000,0.881133,0.015137,0.009542,upper
L4,none,0.80,0.8000,0.888078,0.014346,0.017213,upper
L4,none,0.80,0.8000,0.894920,0.013557,0.025163,upper
L4,none,0.80,0.8000,0.901657,0.012772,0.033414,upper
L4,none,0.80,0.8000,0.908289,0.011992,0.041986,upper
L4,none,0.80,0.8000,0.914814,0.011216,0.050905,upper
L4,none,0.80,0.8000,0.921234,0.010445,0.060194,upper
L4,none,0.80,0.8000,0.927547,0.009681,0.069885,upper
L4,none,0.80,0.8000,0.933753,0.008923,0.080010,upper
L4,none,0.80,0.8000,0.939852,0.008174,0.090609,upper
L4,none,0.80,0.8000,0.945845,0.007432,0.101726,upper
L4,none,0.80,0.8000,0.951731,0.006700,0.113421,upper
L4,none,0.80,0.8000,0.957512,0.005979,0.125772,upper
L4,none,0.80,0.8000,0.963186,0.005269,0.138883,upper
L4,none,0.80,0.8000,0.968756,0.004571,0.152902,upper
L4,none,0.80,0.8000,0.974221,0.003886,0.168060,upper
L4,none,0.80,0.8000,0.979581,0.003216,0.184676,upper
L4,none,0.80,0.8000,0.984839,0.002562,0.203444,upper
L4,none,0.80,0.8000,0.989994,0.001924,0.224750,upper
L4,none,0.80,0.8000,0.995047,0.001305,0.250309,upper
L4,none,0.80,0.8000,1.000000,0.000705,0.266945,upper
L4,none,0.80,0.8000,0.000000,0.000000,0.559422,lower
L4,none,0.80,0.8000,0.000002,-0.000287,0.576500,lower
L4,none,0.80,0.8000,0.000010,-0.000582,0.593241,lower
L4,none,0.80,0.8000,0.000023,-0.000885,0.609580,lower
L4,none,0.80,0.8000,0.000042,-0.001198,0.625564,lower
L4,none,0.80,0.8000,0.000068,-0.001519,0.641094,lower
L4,none,0.80,0.8000,0.000101,-0.001850,0.656111,lower
L4,none,0.80,0.8000,0.000142,-0.002190,0.670527,lower
L4,none,0.80,0.8000,0.000191,-0.002539,0.684259,lower
L4,none,0.80,0.8000,0.000249,-0.002897,0.697217,lower
L4,none,0.80,0.8000,0.000316,-0.003265,0.709310,lower
L4,none,0.80,0.8000,0.000394,-0.003642,0.720441,lower
L4,none,0.80,0.8000,0.000483,-0.004029,0.730515,lower
L4,none,0.80,0.8000,0.000583,-0.004425,0.739431,lower
L4,none,0.80,0.8000,0.000696,-0.004831,0.747094,lower
L4,none,0.80,0.8000,0.000823,-0.005245,0.753405,lower
L4,none,0.80,0.8000,0.000963,-0.005669,0.758268,lower
L4,none,0.80,0.8000,0.001118,-0.006102,0.761594,lower
L4,none,0.80,0.8000,0.001290,-0.006543,0.763295,lower
L4,none,0.80,0.8000,0.001478,-0.006993,0.763294,lower
L4,none,0.80,0.8000,0.001684,-0.007451,0.761519,lower
L4,none,0.80,0.8000,0.001908,-0.007917,0.757911,lower
L4,none,0.80,0.8000,0.002152,-0.008390,0.752422,lower
L4,none,0.80,0.8000,0.002416,-0.008871,0.745018,lower
L4,none,0.80,0.8000,0.002701,-0.009358,0.735684,lower
L4,none,0.80,0.8000,0.003009,-0.009851,0.724419,lower
L4,none,0.80,0.8000,0.003339,-0.010350,0.711244,lower
L4,none,0.80,0.8000,0.003694,-0.010854,0.696198,lower
L4,none,0.80,0.8000,0.004073,-0.011363,0.679345,lower
L4,none,0.80,0.8000,0.004478,-0.011875,0.660766,lower
L4,none,0.80,0.8000,0.004910,-0.012391,0.640566,lower
L4,none,0.80,0.8000,0.005368,-0.012909,0.618869,lower
L4,none,0.80,0.8000,0.005855,-0.013429,0.595819,lower
L4,none,0.80,0.8000,0.006371,-0.013951,0.571576,lower
L4,none,0.80,0.8000,0.006917,-0.014473,0.546315,lower
L4,none,0.80,0.8000,0.007492,-0.014995,0.520222,lower
L4,none,0.80,0.8000,0.008099,-0.015516,0.493493,lower
L4,none,0.80,0.8000,0.008737,-0.016037,0.466328,lower
L4,none,0.80,0.8000,0.009408,-0.016555,0.438930,lower
L4,none,0.80,0.8000,0.010111,-0.017070,0.411498,lower
L4,none,0.80,0.8000,0.010847,-0.017583,0.384227,lower
L4,none,0.80,0.8000,0.011618,-0.018091,0.357304,lower
L4,none,0.80,0.8000,0.012423,-0.018596,0.330903,lower
L4,none,0.80,0.8000,0.013264,-0.019096,0.305182,lower
L4,none,0.80,0.8000,0.014139,-0.019591,0.280287,lower
L4,none,0.80,0.8000,0.015052,-0.020080,0.256341,lower
L4,none,0.80,0.8000,0.016000,-0.020563,0.233451,lower
L4,none,0.80,0.8000,0.016986,-0.021041,0.211704,lower
L4,none,0.80,0.8000,0.018010,-0.021511,0.191165,lower
L4,none,0.80,0.8000,0.019072,-0.021975,0.171883,lower
L4,none,0.80,0.8000,0.020173,-0.022433,0.153889,lower
L4,none,0.80,0.8000,0.021314,-0.022883,0.137193,lower
L4,none,0.80,0.8000,0.022494,-0.023326,0.121795,lower
L4,none,0.80,0.8000,0.023716,-0.023762,0.107678,lower
L4,none,0.80,0.8000,0.024979,-0.024190,0.094811,lower
L4,none,0.80,0.8000,0.026284,-0.024612,0.083155,lower
L4,none,0.80,0.8000,0.027631,-0.025026,0.072661,lower
L4,none,0.80,0.8000,0.029022,-0.025433,0.063273,lower
L4,none,0.80,0.8000,0.030458,-0.025833,0.054929,lower
L4,none,0.80,0.8000,0.031938,-0.026226,0.047562,lower
L4,none,0.80,0.8000,0.033464,-0.026613,0.041103,lower
L4,none,0.80,0.8000,0.035037,-0.026993,0.035480,lower
L4,none,0.80,0.8000,0.036658,-0.027367,0.030621,lower
L4,none,0.80,0.8000,0.038327,-0.027735,0.026454,lower
L4,none,0.80,0.8000,0.040045,-0.028097,0.022908,lower
L4,none,0.80,0.8000,0.041814,-0.028454,0.019914,lower
L4,none,0.80,0.8000,0.043634,-0.028806,0.017404,lower
L4,none,0.80,0.8000,0.045506,-0.029154,0.015315,lower
L4,none,0.80,0.8000,0.047432,-0.029497,0.013583,lower
L4,none,0.80,0.8000,0.049412,-0.029836,0.012150,lower
L4,none,0.80,0.8000,0.051448,-0.030172,0.010961,lower
L4,none,0.80,0.8000,0.053541,-0.030504,0.009963,lower
L4,none,0.80,0.8000,0.055691,-0.030834,0.009108,lower
L4,none,0.80,0.8000,0.057900,-0.031162,0.008350,lower
L4,none,0.80,0.8000,0.060169,-0.031487,0.007648,lower
L4,none,0.80,0.8000,0.062500,-0.031812,0.006963,lower
L4,none,0.80,0.8000,0.064893,-0.032135,0.006260,lower
L4,none,0.80,0.8000,0.067351,-0.032458,0.005508,lower
L4,none,0.80,0.8000,0.069873,-0.032781,0.004679,lower
L4,none,0.80,0.8000,0.072462,-0.033103,0.003746,lower
L4,none,0.80,0.8000,0.075118,-0.033427,0.002688,lower
L4,none,0.80,0.8000,0.077844,-0.033751,0.001487,lower
L4,none,0.80,0.8000,0.080640,-0.034077,0.000126,lower
L4,none,0.80,0.8000,0.083508,-0.034404,-0.001407,lower
L4,none,0.80,0.8000,0.086448,-0.034732,-0.003123,lower
L4,none,0.80,0.8000,0.089464,-0.035063,-0.005029,lower
L4,none,0.80,0.8000,0.092555,-0.035396,-0.007130,lower
L4,none,0.80,0.8000,0.095723,-0.035732,-0.009426,lower
L4,none,0.80,0.8000,0.098970,-0.036069,-0.011919,lower
L4,none,0.80,0.8000,0.102297,-0.036410,-0.014604,lower
L4,none,0.80,0.8000,0.105705,-0.036752,-0.017477,lower
L4,none,0.80,0.8000,0.109196,-0.037097,-0.020528,lower
L4,none,0.80,0.8000,0.112771,-0.037445,-0.023749,lower
L4,none,0.80,0.8000,0.116431,-0.037795,-0.027127,lower
L4,none,0.80,0.8000,0.120178,-0.038146,-0.030649,lower
L4,none,0.80,0.8000,0.124014,-0.038500,-0.034298,lower
L4,none,0.80,0.8000,0.127939,-0.038855,-0.038059,lower
L4,none,0.80,0.8000,0.131955,-0.039211,-0.041912,lower
L4,none,0.80,0.8000,0.136062,-0.039567,-0.045837,lower
L4,none,0.80,0.8000,0.140263,-0.039924,-0.049816,lower
L4,none,0.80,0.8000,0.144559,-0.040281,-0.053827,lower
L4,none,0.80,0.8000,0.148951,-0.040637,-0.057851,lower
L4,none,0.80,0.8000,0.153439,-0.040992,-0.061865,lower
L4,none,0.80,0.8000,0.158025,-0.041345,-0.065851,lower
L4,none,0.80,0.8000,0.162711,-0.041696,-0.069788,lower
L4,none,0.80,0.8000,0.167496,-0.042044,-0.073660,lower
L4,none,0.80,0.8000,0.172383,-0.042388,-0.077449,lower
L4,none,0.80,0.8000,0.177372,-0.042728,-0.081141,lower
L4,none,0.80,0.8000,0.182464,-0.043064,-0.084722,lower
L4,none,0.80,0.8000,0.187659,-0.043394,-0.088184,lower
L4,none,0.80,0.8000,0.192959,-0.043719,-0.091517,lower
L4,none,0.80,0.8000,0.198363,-0.044037,-0.094718,lower
L4,none,0.80,0.8000,0.203874,-0.044349,-0.097783,lower
L4,none,0.80,0.8000,0.209490,-0.044653,-0.100714,lower
L4,none,0.80,0.8000,0.215213,-0.044950,-0.103513,lower
L4,none,0.80,0.8000,0.221043,-0.045239,-0.106185,lower
L4,none,0.80,0.8000,0.226980,-0.045520,-0.108740,lower
L4,none,0.80,0.8000,0.233025,-0.045792,-0.111187,lower
L4,none,0.80,0.8000,0.239176,-0.046055,-0.113539,lower
L4,none,0.80,0.8000,0.245435,-0.046308,-0.115810,lower
L4,none,0.80,0.8000,0.251801,-0.046553,-0.118014,lower
L4,none,0.80,0.8000,0.258274,-0.046787,-0.120167,lower
L4,none,0.80,0.8000,0.264854,-0.047011,-0.122284,lower
L4,none,0.80,0.8000,0.271539,-0.047225,-0.124380,lower
L4,none,0.80,0.8000,0.278331,-0.047429,-0.126470,lower
L4,none,0.80,0.8000,0.285227,-0.047622,-0.128565,lower
L4,none,0.80,0.8000,0.292227,-0.047803,-0.130676,lower
L4,none,0.80,0.8000,0.299330,-0.047973,-0.132810,lower
L4,none,0.80,0.8000,0.306535,-0.048131,-0.134972,lower
L4,none,0.80,0.8000,0.313841,-0.048276,-0.137164,lower
L4,none,0.80,0.8000,0.321247,-0.048408,-0.139382,lower
L4,none,0.80,0.8000,0.328751,-0.048526,-0.141621,lower
L4,none,0.80,0.8000,0.336352,-0.048629,-0.143872,lower
L4,none,0.80,0.8000,0.344048,-0.048717,-0.146120,lower
L4,none,0.80,0.8000,0.351836,-0.048789,-0.148347,lower
L4,none,0.80,0.8000,0.359716,-0.048843,-0.150532,lower
L4,none,0.80,0.8000,0.367686,-0.048879,-0.152650,lower
L4,none,0.80,0.8000,0.375742,-0.048895,-0.154675,lower
L4,none,0.80,0.8000,0.383883,-0.048891,-0.156576,lower
L4,none,0.80,0.8000,0.392106,-0.048865,-0.158322,lower
L4,none,0.80,0.8000,0.400408,-0.048816,-0.159881,lower
L4,none,0.80,0.8000,0.408787,-0.048744,-0.161222,lower
L4,none,0.80,0.8000,0.417240,-0.048646,-0.162310,lower
L4,none,0.80,0.8000,0.425764,-0.048523,-0.163117,lower
L4,none,0.80,0.8000,0.434356,-0.048373,-0.163616,lower
L4,none,0.80,0.8000,0.443012,-0.048195,-0.163782,lower
L4,none,0.80,0.8000,0.451730,-0.047989,-0.163596,lower
L4,none,0.80,0.8000,0.460505,-0.047754,-0.163043,lower
L4,none,0.80,0.8000,0.469335,-0.047490,-0.162112,lower
L4,none,0.80,0.8000,0.478215,-0.047197,-0.160798,lower
L4,none,0.80,0.8000,0.487142,-0.046874,-0.159104,lower
L4,none,0.80,0.8000,0.496112,-0.046521,-0.157036,lower
L4,none,0.80,0.8000,0.505122,-0.046140,-0.154606,lower
L4,none,0.80,0.8000,0.514167,-0.045730,-0.151834,lower
L4,none,0.80,0.8000,0.523243,-0.045292,-0.148740,lower
L4,none,0.80,0.8000,0.532346,-0.044827,-0.145353,lower
L4,none,0.80,0.8000,0.541473,-0.044336,-0.141702,lower
L4,none,0.80,0.8000,0.550619,-0.043820,-0.137820,lower
L4,none,0.80,0.8000,0.559780,-0.043281,-0.133742,lower
L4,none,0.80,0.8000,0.568952,-0.042718,-0.129503,lower
L4,none,0.80,0.8000,0.578131,-0.042135,-0.125138,lower
L4,none,0.80,0.8000,0.587313,-0.041531,-0.120682,lower
L4,none,0.80,0.8000,0.596493,-0.040910,-0.116167,lower
L4,none,0.80,0.8000,0.605667,-0.040271,-0.111623,lower
L4,none,0.80,0.8000,0.614832,-0.039616,-0.107078,lower
L4,none,0.80,0.8000,0.623983,-0.038947,-0.102556,lower
L4,none,0.80,0.8000,0.633116,-0.038265,-0.098077,lower
L4,none,0.80,0.8000,0.642227,-0.037571,-0.093657,lower
L4,none,0.80,0.8000,0.651312,-0.036866,-0.089308,lower
L4,none,0.80,0.8000,0.660367,-0.036151,-0.085039,lower
L4,none,0.80,0.8000,0.669388,-0.035427,-0.080854,lower
L4,none,0.80,0.8000,0.678372,-0.034695,-0.076753,lower
L4,none,0.80,0.8000,0.687314,-0.033956,-0.072734,lower
L4,none,0.80,0.8000,0.696210,-0.033211,-0.068788,lower
L4,none,0.80,0.8000,0.705058,-0.032459,-0.064909,lower
L4,none,0.80,0.8000,0.713853,-0.031702,-0.061084,lower
L4,none,0.80,0.8000,0.722592,-0.030940,-0.057300,lower
L4,none,0.80,0.8000,0.731272,-0.030173,-0.053541,lower
L4,none,0.80,0.8000,0.739888,-0.029402,-0.049793,lower
L4,none,0.80,0.8000,0.748439,-0.028627,-0.046039,lower
L4,none,0.80,0.8000,0.756920,-0.027848,-0.042261,lower
L4,none,0.80,0.8000,0.765329,-0.027066,-0.038443,lower
L4,none,0.80,0.8000,0.773663,-0.026281,-0.034567,lower
L4,none,0.80,0.8000,0.781920,-0.025493,-0.030619,lower
L4,none,0.80,0.8000,0.790095,-0.024702,-0.026581,lower
L4,none,0.80,0.8000,0.798188,-0.023909,-0.022439,lower
L4,none,0.80,0.8000,0.806195,-0.023115,-0.018178,lower
L4,none,0.80,0.8000,0.814115,-0.022318,-0.013784,lower
L4,none,0.80,0.8000,0.821945,-0.021520,-0.009244,lower
L4,none,0.80,0.8000,0.829682,-0.020722,-0.004543,lower
L4,none,0.80,0.8000,0.837326,-0.019923,0.000331,lower
L4,none,0.80,0.8000,0.844875,-0.019123,0.005391,lower
L4,none,0.80,0.8000,0.852326,-0.018324,0.010652,lower
L4,none,0.80,0.8000,0.859679,-0.017525,0.016126,lower
L4,none,0.80,0.8000,0.866932,-0.016728,0.021828,lower
L4,none,0.80,0.8000,0.874083,-0.015931,0.027774,lower
L4,none,0.80,0.8000,0.881133,-0.015137,0.033979,lower
L4,none,0.80,0.8000,0.888078,-0.014346,0.040460,lower
L4,none,0.80,0.8000,0.894920,-0.013557,0.047236,lower
L4,none,0.80,0.8000,0.901657,-0.012772,0.054326,lower
L4,none,0.80,0.8000,0.908289,-0.011992,0.061751,lower
L4,none,0.80,0.8000,0.914814,-0.011216,0.069535,lower
L4,none,0.80,0.8000,0.921234,-0.010445,0.077701,lower
L4,none,0.80,0.8000,0.927547,-0.009681,0.086278,lower
L4,none,0.80,0.8000,0.933753,-0.008923,0.095300,lower
L4,none,0.80,0.8000,0.939852,-0.008174,0.104802,lower
L4,none,0.80,0.8000,0.945845,-0.007432,0.114832,lower
L4,none,0.80,0.8000,0.951731,-0.006700,0.125446,lower
L4,none,0.80,0.8000,0.957512,-0.005979,0.136721,lower
L4,none,0.80,0.8000,0.963186,-0.005269,0.148758,lower
L4,none,0.80,0.8000,0.968756,-0.004571,0.161704,lower
L4,none,0.80,0.8000,0.974221,-0.003886,0.175787,lower
L4,none,0.80,0.8000,0.979581,-0.003216,0.191322,lower
L4,none,0.80,0.8000,0.984839,-0.002562,0.208995,lower
L4,none,0.80,0.8000,0.989994,-0.001924,0.229185,lower
L4,none,0.80,0.8000,0.995047,-0.001305,0.253575,lower
L4,none,0.80,0.8000,1.000000,-0.000705,0.268512,lower
L4,none,0.90,0.9000,-0.000000,0.000000,0.565018,upper
L4,none,0.90,0.9000,0.000002,0.000287,0.548152,upper
L4,none,0.90,0.9000,0.000010,0.000582,0.530111,upper
L4,none,0.90,0.9000,0.000023,0.000885,0.510672,upper
L4,none,0.90,0.9000,0.000042,0.001198,0.489897,upper
L4,none,0.90,0.9000,0.000068,0.001519,0.467680,upper
L4,none,0.90,0.9000,0.000101,0.001850,0.443973,upper
L4,none,0.90,0.9000,0.000142,0.002190,0.418709,upper
L4,none,0.90,0.9000,0.000191,0.002539,0.391826,upper
L4,none,0.90,0.9000,0.000248,0.002897,0.363263,upper
L4,none,0.90,0.9000,0.000316,0.003265,0.332968,upper
L4,none,0.90,0.9000,0.000394,0.003642,0.300889,upper
L4,none,0.90,0.9000,0.000483,0.004029,0.266983,upper
L4,none,0.90,0.9000,0.000583,0.004425,0.231215,upper
L4,none,0.90,0.9000,0.000696,0.004831,0.193561,upper
L4,none,0.90,0.9000,0.000822,0.005245,0.154004,upper
L4,none,0.90,0.9000,0.000963,0.005669,0.112544,upper
L4,none,0.90,0.9000,0.001118,0.006102,0.069199,upper
L4,none,0.90,0.9000,0.001290,0.006543,0.023999,upper
L4,none,0.90,0.9000,0.001478,0.006993,-0.023003,upper
L4,none,0.90,0.9000,0.001684,0.007451,-0.071737,upper
L4,none,0.90,0.9000,0.001908,0.007917,-0.122107,upper
L4,none,0.90,0.9000,0.002152,0.008390,-0.173993,upper
L4,none,0.90,0.9000,0.002416,0.008871,-0.227251,upper
L4,none,0.90,0.9000,0.002701,0.009358,-0.281707,upper
L4,none,0.90,0.9000,0.003009,0.009851,-0.337161,upper
L4,none,0.90,0.9000,0.003339,0.010350,-0.393387,upper
L4,none,0.90,0.9000,0.003694,0.010854,-0.450128,upper
L4,none,0.90,0.9000,0.004073,0.011363,-0.507107,upper
L4,none,0.90,0.9000,0.004478,0.011875,-0.564018,upper
L4,none,0.90,0.9000,0.004910,0.012391,-0.620540,upper
L4,none,0.90,0.9000,0.005368,0.012909,-0.676330,upper
L4,none,0.90,0.9000,0.005855,0.013429,-0.731033,upper
L4,none,0.90,0.9000,0.006371,0.013951,-0.784287,upper
L4,none,0.90,0.9000,0.006916,0.014473,-0.835726,upper
L4,none,0.90,0.9000,0.007492,0.014995,-0.884986,upper
L4,none,0.90,0.9000,0.008099,0.015516,-0.931714,upper
L4,none,0.90,0.9000,0.008737,0.016037,-0.975573,upper
L4,none,0.90,0.9000,0.009407,0.016555,-1.016253,upper
L4,none,0.90,0.9000,0.010111,0.017070,-1.053473,upper
L4,none,0.90,0.9000,0.010847,0.017583,-1.086991,upper
L4,none,0.90,0.9000,0.011618,0.018091,-1.116608,upper
L4,none,0.90,0.9000,0.012423,0.018596,-1.142182,upper
L4,none,0.90,0.9000,0.013264,0.019096,-1.163622,upper
L4,none,0.90,0.9000,0.014139,0.019591,-1.180888,upper
L4,none,0.90,0.9000,0.015051,0.020080,-1.193995,upper
L4,none,0.90,0.9000,0.016000,0.020563,-1.203015,upper
L4,none,0.90,0.9000,0.016986,0.021041,-1.208067,upper
L4,none,0.90,0.9000,0.018010,0.021511,-1.209319,upper
L4,none,0.90,0.9000,0.019072,0.021975,-1.206977,upper
L4,none,0.90,0.9000,0.020173,0.022433,-1.201277,upper
L4,none,0.90,0.9000,0.021314,0.022883,-1.192480,upper
L4,none,0.90,0.9000,0.022494,0.023326,-1.180865,upper
L4,none,0.90,0.9000,0.023716,0.023762,-1.166720,upper
L4,none,0.90,0.9000,0.024979,0.024190,-1.150336,upper
L4,none,0.90,0.9000,0.026283,0.024612,-1.132002,upper
L4,none,0.90,0.9000,0.027631,0.025026,-1.112000,upper
L4,none,0.90,0.9000,0.029022,0.025433,-1.090602,upper
L4,none,0.90,0.9000,0.030458,0.025833,-1.068066,upper
L4,none,0.90,0.9000,0.031938,0.026226,-1.044633,upper
L4,none,0.90,0.9000,0.033464,0.026613,-1.020531,upper
L4,none,0.90,0.9000,0.035037,0.026993,-0.995965,upper
L4,none,0.90,0.9000,0.036658,0.027367,-0.971124,upper
L4,none,0.90,0.9000,0.038327,0.027735,-0.946179,upper
L4,none,0.90,0.9000,0.040045,0.028097,-0.921282,upper
L4,none,0.90,0.9000,0.041814,0.028454,-0.896564,upper
L4,none,0.90,0.9000,0.043634,0.028806,-0.872142,upper
L4,none,0.90,0.9000,0.045506,0.029154,-0.848117,upper
L4,none,0.90,0.9000,0.047432,0.029497,-0.824575,upper
L4,none,0.90,0.9000,0.049412,0.029836,-0.801588,upper
L4,none,0.90,0.9000,0.051448,0.030172,-0.779219,upper
L4,none,0.90,0.9000,0.053540,0.030504,-0.757517,upper
L4,none,0.90,0.9000,0.055691,0.030834,-0.736528,upper
L4,none,0.90,0.9000,0.057900,0.031162,-0.716281,upper
L4,none,0.90,0.9000,0.060169,0.031487,-0.696805,upper
L4,none,0.90,0.9000,0.062500,0.031812,-0.678118,upper
L4,none,0.90,0.9000,0.064893,0.032135,-0.660232,upper
L4,none,0.90,0.9000,0.067351,0.032458,-0.643155,upper
L4,none,0.90,0.9000,0.069873,0.032781,-0.626887,upper
L4,none,0.90,0.9000,0.072462,0.033103,-0.611427,upper
L4,none,0.90,0.9000,0.075118,0.033427,-0.596766,upper
L4,none,0.90,0.9000,0.077844,0.033751,-0.582893,upper
L4,none,0.90,0.9000,0.080640,0.034077,-0.569795,upper
L4,none,0.90,0.9000,0.083507,0.034404,-0.557453,upper
L4,none,0.90,0.9000,0.086448,0.034732,-0.545846,upper
L4,none,0.90,0.9000,0.089464,0.035063,-0.534952,upper
L4,none,0.90,0.9000,0.092555,0.035396,-0.524742,upper
L4,none,0.90,0.9000,0.095723,0.035732,-0.515190,upper
L4,none,0.90,0.9000,0.098970,0.036069,-0.506265,upper
L4,none,0.90,0.9000,0.102297,0.036410,-0.497934,upper
L4,none,0.90,0.9000,0.105705,0.036752,-0.490163,upper
L4,none,0.90,0.9000,0.109196,0.037097,-0.482917,upper
L4,none,0.90,0.9000,0.112771,0.037445,-0.476158,upper
L4,none,0.90,0.9000,0.116431,0.037795,-0.469848,upper
L4,none,0.90,0.9000,0.120178,0.038146,-0.463949,upper
L4,none,0.90,0.9000,0.124014,0.038500,-0.458421,upper
L4,none,0.90,0.9000,0.127939,0.038855,-0.453223,upper
L4,none,0.90,0.9000,0.131954,0.039211,-0.448315,upper
L4,none,0.90,0.9000,0.136062,0.039567,-0.443658,upper
L4,none,0.90,0.9000,0.140263,0.039924,-0.439213,upper
L4,none,0.90,0.9000,0.144559,0.040281,-0.434941,upper
L4,none,0.90,0.9000,0.148950,0.040637,-0.430806,upper
L4,none,0.90,0.9000,0.153439,0.040992,-0.426772,upper
L4,none,0.90,0.9000,0.158025,0.041345,-0.422807,upper
L4,none,0.90,0.9000,0.162711,0.041696,-0.418882,upper
L4,none,0.90,0.9000,0.167496,0.042044,-0.414967,upper
L4,none,0.90,0.9000,0.172383,0.042388,-0.411041,upper
L4,none,0.90,0.9000,0.177372,0.042728,-0.407083,upper
L4,none,0.90,0.9000,0.182464,0.043064,-0.403077,upper
L4,none,0.90,0.9000,0.187659,0.043394,-0.399012,upper
L4,none,0.90,0.9000,0.192959,0.043719,-0.394880,upper
L4,none,0.90,0.9000,0.198363,0.044037,-0.390679,upper
L4,none,0.90,0.9000,0.203874,0.044349,-0.386409,upper
L4,none,0.90,0.9000,0.209490,0.044653,-0.382076,upper
L4,none,0.90,0.9000,0.215213,0.044950,-0.377688,upper
L4,none,0.90,0.9000,0.221043,0.045239,-0.373256,upper
L4,none,0.90,0.9000,0.226980,0.045520,-0.368796,upper
L4,none,0.90,0.9000,0.233025,0.045792,-0.364324,upper
L4,none,0.90,0.9000,0.239176,0.046055,-0.359861,upper
L4,none,0.90,0.9000,0.245435,0.046308,-0.355427,upper
L4,none,0.90,0.9000,0.251801,0.046553,-0.351044,upper
L4,none,0.90,0.9000,0.258274,0.046787,-0.346734,upper
L4,none,0.90,0.9000,0.264854,0.047011,-0.342517,upper
L4,none,0.90,0.9000,0.271539,0.047225,-0.338415,upper
L4,none,0.90,0.9000,0.278331,0.047429,-0.334444,upper
L4,none,0.90,0.9000,0.285227,0.047622,-0.330621,upper
L4,none,0.90,0.9000,0.292227,0.047803,-0.326957,upper
L4,none,0.90,0.9000,0.299330,0.047973,-0.323461,upper
L4,none,0.90,0.9000,0.306535,0.048131,-0.320140,upper
L4,none,0.90,0.9000,0.313841,0.048276,-0.316991,upper
L4,none,0.90,0.9000,0.321247,0.048408,-0.314012,upper
L4,none,0.90,0.9000,0.328751,0.048526,-0.311194,upper
L4,none,0.90,0.9000,0.336352,0.048629,-0.308524,upper
L4,none,0.90,0.9000,0.344048,0.048717,-0.305986,upper
L4,none,0.90,0.9000,0.351836,0.048789,-0.303555,upper
L4,none,0.90,0.9000,0.359716,0.048843,-0.301204,upper
L4,none,0.90,0.9000,0.367686,0.048879,-0.298900,upper
L4,none,0.90,0.9000,0.375742,0.048895,-0.296610,upper
L4,none,0.90,0.9000,0.383883,0.048891,-0.294297,upper
L4,none,0.90,0.9000,0.392106,0.048865,-0.291924,upper
L4,none,0.90,0.9000,0.400408,0.048816,-0.289452,upper
L4,none,0.90,0.9000,0.408787,0.048744,-0.286843,upper
L4,none,0.90,0.9000,0.417240,0.048646,-0.284059,upper
L4,none,0.90,0.9000,0.425764,0.048523,-0.281068,upper
L4,none,0.90,0.9000,0.434356,0.048373,-0.277838,upper
L4,none,0.90,0.9000,0.443012,0.048195,-0.274344,upper
L4,none,0.90,0.9000,0.451730,0.047989,-0.270563,upper
L4,none,0.90,0.9000,0.460505,0.047754,-0.266477,upper
L4,none,0.90,0.9000,0.469335,0.047490,-0.262074,upper
L4,none,0.90,0.9000,0.478215,0.047197,-0.257352,upper
L4,none,0.90,0.9000,0.487142,0.046874,-0.252314,upper
L4,none,0.90,0.9000,0.496112,0.046521,-0.246970,upper
L4,none,0.90,0.9000,0.505122,0.046140,-0.241334,upper
L4,none,0.90,0.9000,0.514166,0.045730,-0.235425,upper
L4,none,0.90,0.9000,0.523243,0.045292,-0.229273,upper
L4,none,0.90,0.9000,0.532346,0.044827,-0.222910,upper
L4,none,0.90,0.9000,0.541473,0.044336,-0.216373,upper
L4,none,0.90,0.9000,0.550619,0.043820,-0.209698,upper
L4,none,0.90,0.9000,0.559780,0.043281,-0.202922,upper
L4,none,0.90,0.9000,0.568952,0.042718,-0.196085,upper
L4,none,0.90,0.9000,0.578131,0.042135,-0.189226,upper
L4,none,0.90,0.9000,0.587312,0.041531,-0.182384,upper
L4,none,0.90,0.9000,0.596493,0.040910,-0.175588,upper
L4,none,0.90,0.9000,0.605667,0.040271,-0.168867,upper
L4,none,0.90,0.9000,0.614832,0.039616,-0.162248,upper
L4,none,0.90,0.9000,0.623983,0.038947,-0.155756,upper
L4,none,0.90,0.9000,0.633116,0.038265,-0.149408,upper
L4,none,0.90,0.9000,0.642227,0.037571,-0.143216,upper
L4,none,0.90,0.9000,0.651312,0.036866,-0.137188,upper
L4,none,0.90,0.9000,0.660367,0.036151,-0.131326,upper
L4,none,0.90,0.9000,0.669388,0.035427,-0.125639,upper
L4,none,0.90,0.9000,0.678372,0.034695,-0.120123,upper
L4,none,0.90,0.9000,0.687314,0.033956,-0.114770,upper
L4,none,0.90,0.9000,0.696210,0.033211,-0.109568,upper
L4,none,0.90,0.9000,0.705058,0.032459,-0.104505,upper
L4,none,0.90,0.9000,0.713853,0.031702,-0.099567,upper
L4,none,0.90,0.9000,0.722592,0.030940,-0.094738,upper
L4,none,0.90,0.9000,0.731271,0.030173,-0.089998,upper
L4,none,0.90,0.9000,0.739888,0.029402,-0.085325,upper
L4,none,0.90,0.9000,0.748439,0.028627,-0.080696,upper
L4,none,0.90,0.9000,0.756920,0.027848,-0.076092,upper
L4,none,0.90,0.9000,0.765329,0.027066,-0.071493,upper
L4,none,0.90,0.9000,0.773663,0.026281,-0.066876,upper
L4,none,0.90,0.9000,0.781920,0.025493,-0.062220,upper
L4,none,0.90,0.9000,0.790095,0.024702,-0.057504,upper
L4,none,0.90,0.9000,0.798188,0.023909,-0.052711,upper
L4,none,0.90,0.9000,0.806195,0.023115,-0.047824,upper
L4,none,0.90,0.9000,0.814115,0.022318,-0.042825,upper
L4,none,0.90,0.9000,0.821945,0.021520,-0.037699,upper
L4,none,0.90,0.9000,0.829682,0.020722,-0.032430,upper
L4,none,0.90,0.9000,0.837326,0.019923,-0.027001,upper
L4,none,0.90,0.9000,0.844875,0.019123,-0.021399,upper
L4,none,0.90,0.9000,0.852326,0.018324,-0.015606,upper
L4,none,0.90,0.9000,0.859679,0.017525,-0.009610,upper
L4,none,0.90,0.9000,0.866932,0.016728,-0.003391,upper
L4,none,0.90,0.9000,0.874083,0.015931,0.003069,upper
L4,none,0.90,0.9000,0.881133,0.015137,0.009788,upper
L4,none,0.90,0.9000,0.888078,0.014346,0.016783,upper
L4,none,0.90,0.9000,0.894920,0.013557,0.024077,upper
L4,none,0.90,0.9000,0.901657,0.012772,0.031691,upper
L4,none,0.90,0.9000,0.908289,0.011992,0.039651,upper
L4,none,0.90,0.9000,0.914814,0.011216,0.047980,upper
L4,none,0.90,0.9000,0.921234,0.010445,0.056706,upper
L4,none,0.90,0.9000,0.927546,0.009681,0.065858,upper
L4,none,0.90,0.9000,0.933753,0.008923,0.075473,upper
L4,none,0.90,0.9000,0.939852,0.008174,0.085588,upper
L4,none,0.90,0.9000,0.945845,0.007432,0.096253,upper
L4,none,0.90,0.9000,0.951731,0.006700,0.107523,upper
L4,none,0.90,0.9000,0.957512,0.005979,0.119477,upper
L4,none,0.90,0.9000,0.963186,0.005269,0.132220,upper
L4,none,0.90,0.9000,0.968756,0.004571,0.145900,upper
L4,none,0.90,0.9000,0.974221,0.003886,0.160749,upper
L4,none,0.90,0.9000,0.979581,0.003216,0.177089,upper
L4,none,0.90,0.9000,0.984839,0.002562,0.195620,upper
L4,none,0.90,0.9000,0.989994,0.001924,0.216767,upper
L4,none,0.90,0.9000,0.995047,0.001305,0.242224,upper
L4,none,0.90,0.9000,1.000000,0.000705,0.259021,upper
L4,none,0.90,0.9000,-0.000000,0.000000,0.565018,lower
L4,none,0.90,0.9000,0.000002,-0.000287,0.581406,lower
L4,none,0.90,0.9000,0.000010,-0.000582,0.597439,lower
L4,none,0.90,0.9000,0.000023,-0.000885,0.613047,lower
L4,none,0.90,0.9000,0.000042,-0.001198,0.628279,lower
L4,none,0.90,0.9000,0.000068,-0.001519,0.643036,lower
L4,none,0.90,0.9000,0.000101,-0.001850,0.657258,lower
L4,none,0.90,0.9000,0.000142,-0.002190,0.670856,lower
L4,none,0.90,0.9000,0.000191,-0.002539,0.683750,lower
L4,none,0.90,0.9000,0.000248,-0.002897,0.695848,lower
L4,none,0.90,0.9000,0.000316,-0.003265,0.707059,lower
L4,none,0.90,0.9000,0.000394,-0.003642,0.717289,lower
L4,none,0.90,0.9000,0.000483,-0.004029,0.726441,lower
L4,none,0.90,0.9000,0.000583,-0.004425,0.734417,lower
L4,none,0.90,0.9000,0.000696,-0.004831,0.741122,lower
L4,none,0.90,0.9000,0.000822,-0.005245,0.746458,lower
L4,none,0.90,0.9000,0.000963,-0.005669,0.750330,lower
L4,none,0.90,0.9000,0.001118,-0.006102,0.752651,lower
L4,none,0.90,0.9000,0.001290,-0.006543,0.753337,lower
L4,none,0.90,0.9000,0.001478,-0.006993,0.752309,lower
L4,none,0.90,0.9000,0.001684,-0.007451,0.749500,lower
L4,none,0.90,0.9000,0.001908,-0.007917,0.744852,lower
L4,none,0.90,0.9000,0.002152,-0.008390,0.738320,lower
L4,none,0.90,0.9000,0.002416,-0.008871,0.729874,lower
L4,none,0.90,0.9000,0.002701,-0.009358,0.719499,lower
L4,none,0.90,0.9000,0.003009,-0.009851,0.707200,lower
L4,none,0.90,0.9000,0.003339,-0.010350,0.692999,lower
L4,none,0.90,0.9000,0.003694,-0.010854,0.676943,lower
L4,none,0.90,0.9000,0.004073,-0.011363,0.659094,lower
L4,none,0.90,0.9000,0.004478,-0.011875,0.639541,lower
L4,none,0.90,0.9000,0.004910,-0.012391,0.618391,lower
L4,none,0.90,0.9000,0.005368,-0.012909,0.595772,lower
L4,none,0.90,0.9000,0.005855,-0.013429,0.571831,lower
L4,none,0.90,0.9000,0.006371,-0.013951,0.546731,lower
L4,none,0.90,0.9000,0.006916,-0.014473,0.520650,lower
L4,none,0.90,0.9000,0.007492,-0.014995,0.493778,lower
L4,none,0.90,0.9000,0.008099,-0.015516,0.466313,lower
L4,none,0.90,0.9000,0.008737,-0.016037,0.438456,lower
L4,none,0.90,0.9000,0.009407,-0.016555,0.410412,lower
L4,none,0.90,0.9000,0.010111,-0.017070,0.382383,lower
L4,none,0.90,0.9000,0.010847,-0.017583,0.354564,lower
L4,none,0.90,0.9000,0.011618,-0.018091,0.327141,lower
L4,none,0.90,0.9000,0.012423,-0.018596,0.300289,lower
L4,none,0.90,0.9000,0.013264,-0.019096,0.274168,lower
L4,none,0.90,0.9000,0.014139,-0.019591,0.248918,lower
L4,none,0.90,0.9000,0.015051,-0.020080,0.224665,lower
L4,none,0.90,0.9000,0.016000,-0.020563,0.201512,lower
L4,none,0.90,0.9000,0.016986,-0.021041,0.179544,lower
L4,none,0.90,0.9000,0.018010,-0.021511,0.158826,lower
L4,none,0.90,0.9000,0.019072,-0.021975,0.139403,lower
L4,none,0.90,0.9000,0.020173,-0.022433,0.121303,lower
L4,none,0.90,0.9000,0.021314,-0.022883,0.104535,lower
L4,none,0.90,0.9000,0.022494,-0.023326,0.089094,lower
L4,none,0.90,0.9000,0.023716,-0.023762,0.074961,lower
L4,none,0.90,0.9000,0.024979,-0.024190,0.062103,lower
L4,none,0.90,0.9000,0.026283,-0.024612,0.050477,lower
L4,none,0.90,0.9000,0.027631,-0.025026,0.040033,lower
L4,none,0.90,0.9000,0.029022,-0.025433,0.030711,lower
L4,none,0.90,0.9000,0.030458,-0.025833,0.022446,lower
L4,none,0.90,0.9000,0.031938,-0.026226,0.015170,lower
L4,none,0.90,0.9000,0.033464,-0.026613,0.008811,lower
L4,none,0.90,0.9000,0.035037,-0.026993,0.003294,lower
L4,none,0.90,0.9000,0.036658,-0.027367,-0.001452,lower
L4,none,0.90,0.9000,0.038327,-0.027735,-0.005503,lower
L4,none,0.90,0.9000,0.040045,-0.028097,-0.008930,lower
L4,none,0.90,0.9000,0.041814,-0.028454,-0.011805,lower
L4,none,0.90,0.9000,0.043634,-0.028806,-0.014195,lower
L4,none,0.90,0.9000,0.045506,-0.029154,-0.016167,lower
L4,none,0.90,0.9000,0.047432,-0.029497,-0.017784,lower
L4,none,0.90,0.9000,0.049412,-0.029836,-0.019105,lower
L4,none,0.90,0.9000,0.051448,-0.030172,-0.020185,lower
L4,none,0.90,0.9000,0.053540,-0.030504,-0.021077,lower
L4,none,0.90,0.9000,0.055691,-0.030834,-0.021831,lower
L4,none,0.90,0.9000,0.057900,-0.031162,-0.022493,lower
L4,none,0.90,0.9000,0.060169,-0.031487,-0.023103,lower
L4,none,0.90,0.9000,0.062500,-0.031812,-0.023699,lower
L4,none,0.90,0.9000,0.064893,-0.032135,-0.024318,lower
L4,none,0.90,0.9000,0.067351,-0.032458,-0.024991,lower
L4,none,0.90,0.9000,0.069873,-0.032781,-0.025744,lower
L4,none,0.90,0.9000,0.072462,-0.033103,-0.026605,lower
L4,none,0.90,0.9000,0.075118,-0.033427,-0.027592,lower
L4,none,0.90,0.9000,0.077844,-0.033751,-0.028726,lower
L4,none,0.90,0.9000,0.080640,-0.034077,-0.030021,lower
L4,none,0.90,0.9000,0.083507,-0.034404,-0.031489,lower
L4,none,0.90,0.9000,0.086448,-0.034732,-0.033140,lower
L4,none,0.90,0.9000,0.089464,-0.035063,-0.034981,lower
L4,none,0.90,0.9000,0.092555,-0.035396,-0.037014,lower
L4,none,0.90,0.9000,0.095723,-0.035732,-0.039242,lower
L4,none,0.90,0.9000,0.098970,-0.036069,-0.041662,lower
L4,none,0.90,0.9000,0.102297,-0.036410,-0.044269,lower
L4,none,0.90,0.9000,0.105705,-0.036752,-0.047057,lower
L4,none,0.90,0.9000,0.109196,-0.037097,-0.050018,lower
L4,none,0.90,0.9000,0.112771,-0.037445,-0.053139,lower
L4,none,0.90,0.9000,0.116431,-0.037795,-0.056409,lower
L4,none,0.90,0.9000,0.120178,-0.038146,-0.059810,lower
L4,none,0.90,0.9000,0.124014,-0.038500,-0.063328,lower
L4,none,0.90,0.9000,0.127939,-0.038855,-0.066941,lower
L4,none,0.90,0.9000,0.131954,-0.039211,-0.070632,lower
L4,none,0.90,0.9000,0.136062,-0.039567,-0.074379,lower
L4,none,0.90,0.9000,0.140263,-0.039924,-0.078160,lower
L4,none,0.90,0.9000,0.144559,-0.040281,-0.081954,lower
L4,none,0.90,0.9000,0.148950,-0.040637,-0.085739,lower
L4,none,0.90,0.9000,0.153439,-0.040992,-0.089492,lower
L4,none,0.90,0.9000,0.158025,-0.041345,-0.093194,lower
L4,none,0.90,0.9000,0.162711,-0.041696,-0.096823,lower
L4,none,0.90,0.9000,0.167496,-0.042044,-0.100361,lower
L4,none,0.90,0.9000,0.172383,-0.042388,-0.103791,lower
L4,none,0.90,0.9000,0.177372,-0.042728,-0.107095,lower
L4,none,0.90,0.9000,0.182464,-0.043064,-0.110260,lower
L4,none,0.90,0.9000,0.187659,-0.043394,-0.113274,lower
L4,none,0.90,0.9000,0.192959,-0.043719,-0.116132,lower
L4,none,0.90,0.9000,0.198363,-0.044037,-0.118827,lower
L4,none,0.90,0.9000,0.203874,-0.044349,-0.121358,lower
L4,none,0.90,0.9000,0.209490,-0.044653,-0.123724,lower
L4,none,0.90,0.9000,0.215213,-0.044950,-0.125929,lower
L4,none,0.90,0.9000,0.221043,-0.045239,-0.127979,lower
L4,none,0.90,0.9000,0.226980,-0.045520,-0.129884,lower
L4,none,0.90,0.9000,0.233025,-0.045792,-0.131655,lower
L4,none,0.90,0.9000,0.239176,-0.046055,-0.133306,lower
L4,none,0.90,0.9000,0.245435,-0.046308,-0.134851,lower
L4,none,0.90,0.9000,0.251801,-0.046553,-0.136307,lower
L4,none,0.90,0.9000,0.258274,-0.046787,-0.137690,lower
L4,none,0.90,0.9000,0.264854,-0.047011,-0.139017,lower
L4,none,0.90,0.9000,0.271539,-0.047225,-0.140306,lower
L4,none,0.90,0.9000,0.278331,-0.047429,-0.141573,lower
L4,none,0.90,0.9000,0.285227,-0.047622,-0.142831,lower
L4,none,0.90,0.9000,0.292227,-0.047803,-0.144093,lower
L4,none,0.90,0.9000,0.299330,-0.047973,-0.145369,lower
L4,none,0.90,0.9000,0.306535,-0.048131,-0.146666,lower
L4,none,0.90,0.9000,0.313841,-0.048276,-0.147988,lower
L4,none,0.90,0.9000,0.321247,-0.048408,-0.149334,lower
L4,none,0.90,0.9000,0.328751,-0.048526,-0.150703,lower
L4,none,0.90,0.9000,0.336352,-0.048629,-0.152086,lower
L4,none,0.90,0.9000,0.344048,-0.048717,-0.153473,lower
L4,none,0.90,0.9000,0.351836,-0.048789,-0.154848,lower
L4,none,0.90,0.9000,0.359716,-0.048843,-0.156192,lower
L4,none,0.90,0.9000,0.367686,-0.048879,-0.157485,lower
L4,none,0.90,0.9000,0.375742,-0.048895,-0.158700,lower
L4,none,0.90,0.9000,0.383883,-0.048891,-0.159812,lower
L4,none,0.90,0.9000,0.392106,-0.048865,-0.160791,lower
L4,none,0.90,0.9000,0.400408,-0.048816,-0.161609,lower
L4,none,0.90,0.9000,0.408787,-0.048744,-0.162234,lower
L4,none,0.90,0.9000,0.417240,-0.048646,-0.162638,lower
L4,none,0.90,0.9000,0.425764,-0.048523,-0.162793,lower
L4,none,0.90,0.9000,0.434356,-0.048373,-0.162673,lower
L4,none,0.90,0.9000,0.443012,-0.048195,-0.162257,lower
L4,none,0.90,0.9000,0.451730,-0.047989,-0.161526,lower
L4,none,0.90,0.9000,0.460505,-0.047754,-0.160466,lower
L4,none,0.90,0.9000,0.469335,-0.047490,-0.159066,lower
L4,none,0.90,0.9000,0.478215,-0.047197,-0.157324,lower
L4,none,0.90,0.9000,0.487142,-0.046874,-0.155241,lower
L4,none,0.90,0.9000,0.496112,-0.046521,-0.152825,lower
L4,none,0.90,0.9000,0.505122,-0.046140,-0.150088,lower
L4,none,0.90,0.9000,0.514166,-0.045730,-0.147047,lower
L4,none,0.90,0.9000,0.523243,-0.045292,-0.143724,lower
L4,none,0.90,0.9000,0.532346,-0.044827,-0.140146,lower
L4,none,0.90,0.9000,0.541473,-0.044336,-0.136342,lower
L4,none,0.90,0.9000,0.550619,-0.043820,-0.132343,lower
L4,none,0.90,0.9000,0.559780,-0.043281,-0.128182,lower
L4,none,0.90,0.9000,0.568952,-0.042718,-0.123892,lower
L4,none,0.90,0.9000,0.578131,-0.042135,-0.119509,lower
L4,none,0.90,0.9000,0.587312,-0.041531,-0.115064,lower
L4,none,0.90,0.9000,0.596493,-0.040910,-0.110588,lower
L4,none,0.90,0.9000,0.605667,-0.040271,-0.106111,lower
L4,none,0.90,0.9000,0.614832,-0.039616,-0.101658,lower
L4,none,0.90,0.9000,0.623983,-0.038947,-0.097251,lower
L4,none,0.90,0.9000,0.633116,-0.038265,-0.092911,lower
L4,none,0.90,0.9000,0.642227,-0.037571,-0.088652,lower
L4,none,0.90,0.9000,0.651312,-0.036866,-0.084484,lower
L4,none,0.90,0.9000,0.660367,-0.036151,-0.080415,lower
L4,none,0.90,0.9000,0.669388,-0.035427,-0.076449,lower
L4,none,0.90,0.9000,0.678372,-0.034695,-0.072584,lower
L4,none,0.90,0.9000,0.687314,-0.033956,-0.068817,lower
L4,none,0.90,0.9000,0.696210,-0.033211,-0.065140,lower
L4,none,0.90,0.9000,0.705058,-0.032459,-0.061544,lower
L4,none,0.90,0.9000,0.713853,-0.031702,-0.058016,lower
L4,none,0.90,0.9000,0.722592,-0.030940,-0.054541,lower
L4,none,0.90,0.9000,0.731271,-0.030173,-0.051104,lower
L4,none,0.90,0.9000,0.739888,-0.029402,-0.047689,lower
L4,none,0.90,0.9000,0.748439,-0.028627,-0.044278,lower
L4,none,0.90,0.9000,0.756920,-0.027848,-0.040853,lower
L4,none,0.90,0.9000,0.765329,-0.027066,-0.037395,lower
L4,none,0.90,0.9000,0.773663,-0.026281,-0.033889,lower
L4,none,0.90,0.9000,0.781920,-0.025493,-0.030316,lower
L4,none,0.90,0.9000,0.790095,-0.024702,-0.026660,lower
L4,none,0.90,0.9000,0.798188,-0.023909,-0.022906,lower
L4,none,0.90,0.9000,0.806195,-0.023115,-0.019036,lower
L4,none,0.90,0.9000,0.814115,-0.022318,-0.015036,lower
L4,none,0.90,0.9000,0.821945,-0.021520,-0.010892,lower
L4,none,0.90,0.9000,0.829682,-0.020722,-0.006588,lower
L4,none,0.90,0.9000,0.837326,-0.019923,-0.002111,lower
L4,none,0.90,0.9000,0.844875,-0.019123,0.002553,lower
L4,none,0.90,0.9000,0.852326,-0.018324,0.007420,lower
L4,none,0.90,0.9000,0.859679,-0.017525,0.012505,lower
L4,none,0.90,0.9000,0.866932,-0.016728,0.017824,lower
L4,none,0.90,0.9000,0.874083,-0.015931,0.023391,lower
L4,none,0.90,0.9000,0.881133,-0.015137,0.029226,lower
L4,none,0.90,0.9000,0.888078,-0.014346,0.035345,lower
L4,none,0.90,0.9000,0.894920,-0.013557,0.041768,lower
L4,none,0.90,0.9000,0.901657,-0.012772,0.048517,lower
L4,none,0.90,0.9000,0.908289,-0.011992,0.055612,lower
L4,none,0.90,0.9000,0.914814,-0.011216,0.063079,lower
L4,none,0.90,0.9000,0.921234,-0.010445,0.070944,lower
L4,none,0.90,0.9000,0.927546,-0.009681,0.079237,lower
L4,none,0.90,0.9000,0.933753,-0.008923,0.087992,lower
L4,none,0.90,0.9000,0.939852,-0.008174,0.097249,lower
L4,none,0.90,0.9000,0.945845,-0.007432,0.107055,lower
L4,none,0.90,0.9000,0.951731,-0.006700,0.117470,lower
L4,none,0.90,0.9000,0.957512,-0.005979,0.128574,lower
L4,none,0.90,0.9000,0.963186,-0.005269,0.140473,lower
L4,none,0.90,0.9000,0.968756,-0.004571,0.153319,lower
L4,none,0.90,0.9000,0.974221,-0.003886,0.167344,lower
L4,none,0.90,0.9000,0.979581,-0.003216,0.182878,lower
L4,none,0.90,0.9000,0.984839,-0.002562,0.200628,lower
L4,none,0.90,0.9000,0.989994,-0.001924,0.221005,lower
L4,none,0.90,0.9000,0.995047,-0.001305,0.245742,lower
L4,none,0.90,0.9000,1.000000,-0.000705,0.261252,lower
L4,none,0.96,0.9600,-0.000000,0.000000,0.563016,upper
L4,none,0.96,0.9600,0.000002,0.000287,0.547486,upper
L4,none,0.96,0.9600,0.000010,0.000582,0.530813,upper
L4,none,0.96,0.9600,0.000023,0.000885,0.512782,upper
L4,none,0.96,0.9600,0.000042,0.001198,0.493452,upper
L4,none,0.96,0.9600,0.000068,0.001519,0.472720,upper
L4,none,0.96,0.9600,0.000101,0.001850,0.450538,upper
L4,none,0.96,0.9600,0.000142,0.002190,0.426837,upper
L4,none,0.96,0.9600,0.000191,0.002539,0.401555,upper
L4,none,0.96,0.9600,0.000248,0.002897,0.374632,upper
L4,none,0.96,0.9600,0.000316,0.003265,0.346013,upper
L4,none,0.96,0.9600,0.000394,0.003642,0.315647,upper
L4,none,0.96,0.9600,0.000482,0.004029,0.283489,upper
L4,none,0.96,0.9600,0.000583,0.004425,0.249504,upper
L4,none,0.96,0.9600,0.000696,0.004831,0.213663,upper
L4,none,0.96,0.9600,0.000822,0.005245,0.175950,upper
L4,none,0.96,0.9600,0.000963,0.005669,0.136362,upper
L4,none,0.96,0.9600,0.001118,0.006102,0.094914,upper
L4,none,0.96,0.9600,0.001290,0.006543,0.051634,upper
L4,none,0.96,0.9600,0.001478,0.006993,0.006569,upper
L4,none,0.96,0.9600,0.001684,0.007451,-0.040212,upper
L4,none,0.96,0.9600,0.001908,0.007917,-0.088617,upper
L4,none,0.96,0.9600,0.002152,0.008390,-0.138533,upper
L4,none,0.96,0.9600,0.002416,0.008871,-0.189819,upper
L4,none,0.96,0.9600,0.002701,0.009358,-0.242307,upper
L4,none,0.96,0.9600,0.003009,0.009851,-0.295803,upper
L4,none,0.96,0.9600,0.003339,0.010350,-0.350085,upper
L4,none,0.96,0.9600,0.003694,0.010854,-0.404907,upper
L4,none,0.96,0.9600,0.004073,0.011363,-0.459994,upper
L4,none,0.96,0.9600,0.004478,0.011875,-0.515051,upper
L4,none,0.96,0.9600,0.004909,0.012391,-0.569764,upper
L4,none,0.96,0.9600,0.005368,0.012909,-0.623798,upper
L4,none,0.96,0.9600,0.005855,0.013429,-0.676809,upper
L4,none,0.96,0.9600,0.006371,0.013951,-0.728443,upper
L4,none,0.96,0.9600,0.006917,0.014473,-0.778342,upper
L4,none,0.96,0.9600,0.007492,0.014995,-0.826153,upper
L4,none,0.96,0.9600,0.008099,0.015516,-0.871535,upper
L4,none,0.96,0.9600,0.008737,0.016037,-0.914160,upper
L4,none,0.96,0.9600,0.009407,0.016555,-0.953728,upper
L4,none,0.96,0.9600,0.010111,0.017070,-0.989970,upper
L4,none,0.96,0.9600,0.010847,0.017583,-1.022653,upper
L4,none,0.96,0.9600,0.011618,0.018091,-1.051587,upper
L4,none,0.96,0.9600,0.012423,0.018596,-1.076633,upper
L4,none,0.96,0.9600,0.013263,0.019096,-1.097706,upper
L4,none,0.96,0.9600,0.014139,0.019591,-1.114771,upper
L4,none,0.96,0.9600,0.015051,0.020080,-1.127842,upper
L4,none,0.96,0.9600,0.016000,0.020563,-1.136984,upper
L4,none,0.96,0.9600,0.016986,0.021041,-1.142313,upper
L4,none,0.96,0.9600,0.018010,0.021511,-1.143983,upper
L4,none,0.96,0.9600,0.019072,0.021975,-1.142187,upper
L4,none,0.96,0.9600,0.020173,0.022433,-1.137148,upper
L4,none,0.96,0.9600,0.021314,0.022883,-1.129110,upper
L4,none,0.96,0.9600,0.022494,0.023326,-1.118332,upper
L4,none,0.96,0.9600,0.023716,0.023762,-1.105086,upper
L4,none,0.96,0.9600,0.024979,0.024190,-1.089643,upper
L4,none,0.96,0.9600,0.026283,0.024612,-1.072276,upper
L4,none,0.96,0.9600,0.027631,0.025026,-1.053250,upper
L4,none,0.96,0.9600,0.029022,0.025433,-1.032821,upper
L4,none,0.96,0.9600,0.030458,0.025833,-1.011234,upper
L4,none,0.96,0.9600,0.031938,0.026226,-0.988717,upper
L4,none,0.96,0.9600,0.033464,0.026613,-0.965486,upper
L4,none,0.96,0.9600,0.035037,0.026993,-0.941737,upper
L4,none,0.96,0.9600,0.036658,0.027367,-0.917653,upper
L4,none,0.96,0.9600,0.038327,0.027735,-0.893394,upper
L4,none,0.96,0.9600,0.040045,0.028097,-0.869105,upper
L4,none,0.96,0.9600,0.041814,0.028454,-0.844916,upper
L4,none,0.96,0.9600,0.043634,0.028806,-0.820937,upper
L4,none,0.96,0.9600,0.045506,0.029154,-0.797265,upper
L4,none,0.96,0.9600,0.047432,0.029497,-0.773985,upper
L4,none,0.96,0.9600,0.049412,0.029836,-0.751168,upper
L4,none,0.96,0.9600,0.051448,0.030172,-0.728875,upper
L4,none,0.96,0.9600,0.053540,0.030504,-0.707160,upper
L4,none,0.96,0.9600,0.055691,0.030834,-0.686064,upper
L4,none,0.96,0.9600,0.057900,0.031162,-0.665625,upper
L4,none,0.96,0.9600,0.060169,0.031487,-0.645869,upper
L4,none,0.96,0.9600,0.062500,0.031812,-0.626818,upper
L4,none,0.96,0.9600,0.064893,0.032135,-0.608487,upper
L4,none,0.96,0.9600,0.067350,0.032458,-0.590883,upper
L4,none,0.96,0.9600,0.069873,0.032781,-0.574015,upper
L4,none,0.96,0.9600,0.072462,0.033103,-0.557886,upper
L4,none,0.96,0.9600,0.075118,0.033427,-0.542489,upper
L4,none,0.96,0.9600,0.077844,0.033751,-0.527825,upper
L4,none,0.96,0.9600,0.080640,0.034077,-0.513879,upper
L4,none,0.96,0.9600,0.083507,0.034404,-0.500634,upper
L4,none,0.96,0.9600,0.086448,0.034732,-0.488084,upper
L4,none,0.96,0.9600,0.089464,0.035063,-0.476205,upper
L4,none,0.96,0.9600,0.092555,0.035396,-0.464980,upper
L4,none,0.96,0.9600,0.095723,0.035732,-0.454399,upper
L4,none,0.96,0.9600,0.098970,0.036069,-0.444433,upper
L4,none,0.96,0.9600,0.102297,0.036410,-0.435066,upper
L4,none,0.96,0.9600,0.105705,0.036752,-0.426268,upper
L4,none,0.96,0.9600,0.109196,0.037097,-0.418003,upper
L4,none,0.96,0.9600,0.112771,0.037445,-0.410244,upper
L4,none,0.96,0.9600,0.116431,0.037795,-0.402956,upper
L4,none,0.96,0.9600,0.120178,0.038146,-0.396115,upper
L4,none,0.96,0.9600,0.124014,0.038500,-0.389690,upper
L4,none,0.96,0.9600,0.127939,0.038855,-0.383648,upper
L4,none,0.96,0.9600,0.131954,0.039211,-0.377954,upper
L4,none,0.96,0.9600,0.136062,0.039567,-0.372576,upper
L4,none,0.96,0.9600,0.140263,0.039924,-0.367486,upper
L4,none,0.96,0.9600,0.144559,0.040281,-0.362653,upper
L4,none,0.96,0.9600,0.148951,0.040637,-0.358044,upper
L4,none,0.96,0.9600,0.153439,0.040992,-0.353627,upper
L4,none,0.96,0.9600,0.158025,0.041345,-0.349372,upper
L4,none,0.96,0.9600,0.162711,0.041696,-0.345252,upper
L4,none,0.96,0.9600,0.167496,0.042044,-0.341244,upper
L4,none,0.96,0.9600,0.172383,0.042388,-0.337320,upper
L4,none,0.96,0.9600,0.177372,0.042728,-0.333454,upper
L4,none,0.96,0.9600,0.182464,0.043064,-0.329628,upper
L4,none,0.96,0.9600,0.187659,0.043394,-0.325827,upper
L4,none,0.96,0.9600,0.192959,0.043719,-0.322043,upper
L4,none,0.96,0.9600,0.198363,0.044037,-0.318263,upper
L4,none,0.96,0.9600,0.203874,0.044349,-0.314479,upper
L4,none,0.96,0.9600,0.209490,0.044653,-0.310694,upper
L4,none,0.96,0.9600,0.215213,0.044950,-0.306920,upper
L4,none,0.96,0.9600,0.221043,0.045239,-0.303175,upper
L4,none,0.96,0.9600,0.226980,0.045520,-0.299461,upper
L4,none,0.96,0.9600,0.233025,0.045792,-0.295787,upper
L4,none,0.96,0.9600,0.239176,0.046055,-0.292161,upper
L4,none,0.96,0.9600,0.245435,0.046308,-0.288605,upper
L4,none,0.96,0.9600,0.251801,0.046553,-0.285139,upper
L4,none,0.96,0.9600,0.258274,0.046787,-0.281779,upper
L4,none,0.96,0.9600,0.264854,0.047011,-0.278533,upper
L4,none,0.96,0.9600,0.271539,0.047225,-0.275414,upper
L4,none,0.96,0.9600,0.278331,0.047429,-0.272443,upper
L4,none,0.96,0.9600,0.285227,0.047622,-0.269643,upper
L4,none,0.96,0.9600,0.292227,0.047803,-0.267017,upper
L4,none,0.96,0.9600,0.299330,0.047973,-0.264564,upper
L4,none,0.96,0.9600,0.306535,0.048131,-0.262289,upper
L4,none,0.96,0.9600,0.313841,0.048276,-0.260196,upper
L4,none,0.96,0.9600,0.321247,0.048408,-0.258290,upper
L4,none,0.96,0.9600,0.328751,0.048526,-0.256559,upper
L4,none,0.96,0.9600,0.336352,0.048629,-0.254983,upper
L4,none,0.96,0.9600,0.344048,0.048717,-0.253538,upper
L4,none,0.96,0.9600,0.351836,0.048789,-0.252206,upper
L4,none,0.96,0.9600,0.359716,0.048843,-0.250968,upper
L4,none,0.96,0.9600,0.367686,0.048879,-0.249783,upper
L4,none,0.96,0.9600,0.375742,0.048895,-0.248613,upper
L4,none,0.96,0.9600,0.383883,0.048891,-0.247417,upper
L4,none,0.96,0.9600,0.392106,0.048865,-0.246161,upper
L4,none,0.96,0.9600,0.400408,0.048816,-0.244809,upper
L4,none,0.96,0.9600,0.408787,0.048744,-0.243324,upper
L4,none,0.96,0.9600,0.417240,0.048646,-0.241672,upper
L4,none,0.96,0.9600,0.425764,0.048523,-0.239822,upper
L4,none,0.96,0.9600,0.434356,0.048373,-0.237750,upper
L4,none,0.96,0.9600,0.443012,0.048195,-0.235428,upper
L4,none,0.96,0.9600,0.451730,0.047989,-0.232840,upper
L4,none,0.96,0.9600,0.460505,0.047754,-0.229973,upper
L4,none,0.96,0.9600,0.469335,0.047490,-0.226815,upper
L4,none,0.96,0.9600,0.478215,0.047197,-0.223370,upper
L4,none,0.96,0.9600,0.487142,0.046874,-0.219634,upper
L4,none,0.96,0.9600,0.496112,0.046521,-0.215613,upper
L4,none,0.96,0.9600,0.505122,0.046140,-0.211323,upper
L4,none,0.96,0.9600,0.514167,0.045730,-0.206787,upper
L4,none,0.96,0.9600,0.523243,0.045292,-0.202042,upper
L4,none,0.96,0.9600,0.532346,0.044827,-0.197117,upper
L4,none,0.96,0.9600,0.541473,0.044336,-0.192040,upper
L4,none,0.96,0.9600,0.550619,0.043820,-0.186840,upper
L4,none,0.96,0.9600,0.559780,0.043281,-0.181552,upper
L4,none,0.96,0.9600,0.568952,0.042718,-0.176216,upper
L4,none,0.96,0.9600,0.578131,0.042135,-0.170864,upper
L4,none,0.96,0.9600,0.587312,0.041531,-0.165527,upper
L4,none,0.96,0.9600,0.596493,0.040910,-0.160226,upper
L4,none,0.96,0.9600,0.605667,0.040271,-0.154987,upper
L4,none,0.96,0.9600,0.614832,0.039616,-0.149839,upper
L4,none,0.96,0.9600,0.623983,0.038947,-0.144811,upper
L4,none,0.96,0.9600,0.633116,0.038265,-0.139909,upper
L4,none,0.96,0.9600,0.642227,0.037571,-0.135137,upper
L4,none,0.96,0.9600,0.651312,0.036866,-0.130507,upper
L4,none,0.96,0.9600,0.660367,0.036151,-0.126024,upper
L4,none,0.96,0.9600,0.669388,0.035427,-0.121690,upper
L4,none,0.96,0.9600,0.678372,0.034695,-0.117500,upper
L4,none,0.96,0.9600,0.687314,0.033956,-0.113448,upper
L4,none,0.96,0.9600,0.696210,0.033211,-0.109524,upper
L4,none,0.96,0.9600,0.705058,0.032459,-0.105718,upper
L4,none,0.96,0.9600,0.713853,0.031702,-0.102017,upper
L4,none,0.96,0.9600,0.722592,0.030940,-0.098406,upper
L4,none,0.96,0.9600,0.731271,0.030173,-0.094868,upper
L4,none,0.96,0.9600,0.739888,0.029402,-0.091384,upper
L4,none,0.96,0.9600,0.748439,0.028627,-0.087938,upper
L4,none,0.96,0.9600,0.756920,0.027848,-0.084509,upper
L4,none,0.96,0.9600,0.765329,0.027066,-0.081080,upper
L4,none,0.96,0.9600,0.773663,0.026281,-0.077632,upper
L4,none,0.96,0.9600,0.781920,0.025493,-0.074149,upper
L4,none,0.96,0.9600,0.790095,0.024702,-0.070613,upper
L4,none,0.96,0.9600,0.798188,0.023909,-0.067006,upper
L4,none,0.96,0.9600,0.806195,0.023115,-0.063315,upper
L4,none,0.96,0.9600,0.814115,0.022318,-0.059524,upper
L4,none,0.96,0.9600,0.821945,0.021520,-0.055617,upper
L4,none,0.96,0.9600,0.829682,0.020722,-0.051579,upper
L4,none,0.96,0.9600,0.837326,0.019923,-0.047396,upper
L4,none,0.96,0.9600,0.844875,0.019123,-0.043054,upper
L4,none,0.96,0.9600,0.852326,0.018324,-0.038537,upper
L4,none,0.96,0.9600,0.859679,0.017525,-0.033826,upper
L4,none,0.96,0.9600,0.866932,0.016728,-0.028903,upper
L4,none,0.96,0.9600,0.874083,0.015931,-0.023751,upper
L4,none,0.96,0.9600,0.881133,0.015137,-0.018349,upper
L4,none,0.96,0.9600,0.888079,0.014346,-0.012673,upper
L4,none,0.96,0.9600,0.894920,0.013557,-0.006698,upper
L4,none,0.96,0.9600,0.901657,0.012772,-0.000399,upper
L4,none,0.96,0.9600,0.908289,0.011992,0.006255,upper
L4,none,0.96,0.9600,0.914814,0.011216,0.013294,upper
L4,none,0.96,0.9600,0.921234,0.010445,0.020757,upper
L4,none,0.96,0.9600,0.927546,0.009681,0.028682,upper
L4,none,0.96,0.9600,0.933753,0.008923,0.037114,upper
L4,none,0.96,0.9600,0.939852,0.008174,0.046107,upper
L4,none,0.96,0.9600,0.945845,0.007432,0.055723,upper
L4,none,0.96,0.9600,0.951731,0.006700,0.066038,upper
L4,none,0.96,0.9600,0.957512,0.005979,0.077148,upper
L4,none,0.96,0.9600,0.963186,0.005269,0.089180,upper
L4,none,0.96,0.9600,0.968756,0.004571,0.102311,upper
L4,none,0.96,0.9600,0.974220,0.003886,0.116813,upper
L4,none,0.96,0.9600,0.979581,0.003216,0.133060,upper
L4,none,0.96,0.9600,0.984839,0.002562,0.151819,upper
L4,none,0.96,0.9600,0.989994,0.001924,0.173745,upper
L4,none,0.96,0.9600,0.995047,0.001305,0.200555,upper
L4,none,0.96,0.9600,1.000000,0.000705,0.219388,upper
L4,none,0.96,0.9600,-0.000000,0.000000,0.563016,lower
L4,none,0.96,0.9600,0.000002,-0.000287,0.578065,lower
L4,none,0.96,0.9600,0.000010,-0.000582,0.592724,lower
L4,none,0.96,0.9600,0.000023,-0.000885,0.606918,lower
L4,none,0.96,0.9600,0.000042,-0.001198,0.620695,lower
L4,none,0.96,0.9600,0.000068,-0.001519,0.633955,lower
L4,none,0.96,0.9600,0.000101,-0.001850,0.646639,lower
L4,none,0.96,0.9600,0.000142,-0.002190,0.658659,lower
L4,none,0.96,0.9600,0.000191,-0.002539,0.669931,lower
L4,none,0.96,0.9600,0.000248,-0.002897,0.680368,lower
L4,none,0.96,0.9600,0.000316,-0.003265,0.689878,lower
L4,none,0.96,0.9600,0.000394,-0.003642,0.698367,lower
L4,none,0.96,0.9600,0.000482,-0.004029,0.705740,lower
L4,none,0.96,0.9600,0.000583,-0.004425,0.711902,lower
L4,none,0.96,0.9600,0.000696,-0.004831,0.716757,lower
L4,none,0.96,0.9600,0.000822,-0.005245,0.720212,lower
L4,none,0.96,0.9600,0.000963,-0.005669,0.722174,lower
L4,none,0.96,0.9600,0.001118,-0.006102,0.722557,lower
L4,none,0.96,0.9600,0.001290,-0.006543,0.721282,lower
L4,none,0.96,0.9600,0.001478,-0.006993,0.718273,lower
L4,none,0.96,0.9600,0.001684,-0.007451,0.713467,lower
L4,none,0.96,0.9600,0.001908,-0.007917,0.706811,lower
L4,none,0.96,0.9600,0.002152,-0.008390,0.698265,lower
L4,none,0.96,0.9600,0.002416,-0.008871,0.687803,lower
L4,none,0.96,0.9600,0.002701,-0.009358,0.675418,lower
L4,none,0.96,0.9600,0.003009,-0.009851,0.661119,lower
L4,none,0.96,0.9600,0.003339,-0.010350,0.644937,lower
L4,none,0.96,0.9600,0.003694,-0.010854,0.626922,lower
L4,none,0.96,0.9600,0.004073,-0.011363,0.607148,lower
L4,none,0.96,0.9600,0.004478,-0.011875,0.585708,lower
L4,none,0.96,0.9600,0.004909,-0.012391,0.562716,lower
L4,none,0.96,0.9600,0.005368,-0.012909,0.538307,lower
L4,none,0.96,0.9600,0.005855,-0.013429,0.512635,lower
L4,none,0.96,0.9600,0.006371,-0.013951,0.485870,lower
L4,none,0.96,0.9600,0.006917,-0.014473,0.458195,lower
L4,none,0.96,0.9600,0.007492,-0.014995,0.429806,lower
L4,none,0.96,0.9600,0.008099,-0.015516,0.400904,lower
L4,none,0.96,0.9600,0.008737,-0.016037,0.371697,lower
L4,none,0.96,0.9600,0.009407,-0.016555,0.342392,lower
L4,none,0.96,0.9600,0.010111,-0.017070,0.313193,lower
L4,none,0.96,0.9600,0.010847,-0.017583,0.284298,lower
L4,none,0.96,0.9600,0.011618,-0.018091,0.255895,lower
L4,none,0.96,0.9600,0.012423,-0.018596,0.228158,lower
L4,none,0.96,0.9600,0.013263,-0.019096,0.201247,lower
L4,none,0.96,0.9600,0.014139,-0.019591,0.175301,lower
L4,none,0.96,0.9600,0.015051,-0.020080,0.150443,lower
L4,none,0.96,0.9600,0.016000,-0.020563,0.126775,lower
L4,none,0.96,0.9600,0.016986,-0.021041,0.104377,lower
L4,none,0.96,0.9600,0.018010,-0.021511,0.083310,lower
L4,none,0.96,0.9600,0.019072,-0.021975,0.063615,lower
L4,none,0.96,0.9600,0.020173,-0.022433,0.045316,lower
L4,none,0.96,0.9600,0.021314,-0.022883,0.028417,lower
L4,none,0.96,0.9600,0.022494,-0.023326,0.012908,lower
L4,none,0.96,0.9600,0.023716,-0.023762,-0.001237,lower
L4,none,0.96,0.9600,0.024979,-0.024190,-0.014053,lower
L4,none,0.96,0.9600,0.026283,-0.024612,-0.025588,lower
L4,none,0.96,0.9600,0.027631,-0.025026,-0.035899,lower
L4,none,0.96,0.9600,0.029022,-0.025433,-0.045048,lower
L4,none,0.96,0.9600,0.030458,-0.025833,-0.053105,lower
L4,none,0.96,0.9600,0.031938,-0.026226,-0.060142,lower
L4,none,0.96,0.9600,0.033464,-0.026613,-0.066235,lower
L4,none,0.96,0.9600,0.035037,-0.026993,-0.071460,lower
L4,none,0.96,0.9600,0.036658,-0.027367,-0.075893,lower
L4,none,0.96,0.9600,0.038327,-0.027735,-0.079610,lower
L4,none,0.96,0.9600,0.040045,-0.028097,-0.082686,lower
L4,none,0.96,0.9600,0.041814,-0.028454,-0.085191,lower
L4,none,0.96,0.9600,0.043634,-0.028806,-0.087197,lower
L4,none,0.96,0.9600,0.045506,-0.029154,-0.088768,lower
L4,none,0.96,0.9600,0.047432,-0.029497,-0.089967,lower
L4,none,0.96,0.9600,0.049412,-0.029836,-0.090853,lower
L4,none,0.96,0.9600,0.051448,-0.030172,-0.091482,lower
L4,none,0.96,0.9600,0.053540,-0.030504,-0.091904,lower
L4,none,0.96,0.9600,0.055691,-0.030834,-0.092168,lower
L4,none,0.96,0.9600,0.057900,-0.031162,-0.092316,lower
L4,none,0.96,0.9600,0.060169,-0.031487,-0.092389,lower
L4,none,0.96,0.9600,0.062500,-0.031812,-0.092421,lower
L4,none,0.96,0.9600,0.064893,-0.032135,-0.092446,lower
L4,none,0.96,0.9600,0.067350,-0.032458,-0.092492,lower
L4,none,0.96,0.9600,0.069873,-0.032781,-0.092584,lower
L4,none,0.96,0.9600,0.072462,-0.033103,-0.092743,lower
L4,none,0.96,0.9600,0.075118,-0.033427,-0.092988,lower
L4,none,0.96,0.9600,0.077844,-0.033751,-0.093335,lower
L4,none,0.96,0.9600,0.080640,-0.034077,-0.093795,lower
L4,none,0.96,0.9600,0.083507,-0.034404,-0.094379,lower
L4,none,0.96,0.9600,0.086448,-0.034732,-0.095092,lower
L4,none,0.96,0.9600,0.089464,-0.035063,-0.095936,lower
L4,none,0.96,0.9600,0.092555,-0.035396,-0.096914,lower
L4,none,0.96,0.9600,0.095723,-0.035732,-0.098024,lower
L4,none,0.96,0.9600,0.098970,-0.036069,-0.099259,lower
L4,none,0.96,0.9600,0.102297,-0.036410,-0.100617,lower
L4,none,0.96,0.9600,0.105705,-0.036752,-0.102088,lower
L4,none,0.96,0.9600,0.109196,-0.037097,-0.103659,lower
L4,none,0.96,0.9600,0.112771,-0.037445,-0.105331,lower
L4,none,0.96,0.9600,0.116431,-0.037795,-0.107084,lower
L4,none,0.96,0.9600,0.120178,-0.038146,-0.108910,lower
L4,none,0.96,0.9600,0.124014,-0.038500,-0.110805,lower
L4,none,0.96,0.9600,0.127939,-0.038855,-0.112738,lower
L4,none,0.96,0.9600,0.131954,-0.039211,-0.114705,lower
L4,none,0.96,0.9600,0.136062,-0.039567,-0.116674,lower
L4,none,0.96,0.9600,0.140263,-0.039924,-0.118616,lower
L4,none,0.96,0.9600,0.144559,-0.040281,-0.120529,lower
L4,none,0.96,0.9600,0.148951,-0.040637,-0.122383,lower
L4,none,0.96,0.9600,0.153439,-0.040992,-0.124183,lower
L4,none,0.96,0.9600,0.158025,-0.041345,-0.125916,lower
L4,none,0.96,0.9600,0.162711,-0.041696,-0.127559,lower
L4,none,0.96,0.9600,0.167496,-0.042044,-0.129110,lower
L4,none,0.96,0.9600,0.172383,-0.042388,-0.130546,lower
L4,none,0.96,0.9600,0.177372,-0.042728,-0.131869,lower
L4,none,0.96,0.9600,0.182464,-0.043064,-0.133074,lower
L4,none,0.96,0.9600,0.187659,-0.043394,-0.134158,lower
L4,none,0.96,0.9600,0.192959,-0.043719,-0.135122,lower
L4,none,0.96,0.9600,0.198363,-0.044037,-0.135951,lower
L4,none,0.96,0.9600,0.203874,-0.044349,-0.136653,lower
L4,none,0.96,0.9600,0.209490,-0.044653,-0.137225,lower
L4,none,0.96,0.9600,0.215213,-0.044950,-0.137677,lower
L4,none,0.96,0.9600,0.221043,-0.045239,-0.138022,lower
L4,none,0.96,0.9600,0.226980,-0.045520,-0.138266,lower
L4,none,0.96,0.9600,0.233025,-0.045792,-0.138423,lower
L4,none,0.96,0.9600,0.239176,-0.046055,-0.138507,lower
L4,none,0.96,0.9600,0.245435,-0.046308,-0.138539,lower
L4,none,0.96,0.9600,0.251801,-0.046553,-0.138538,lower
L4,none,0.96,0.9600,0.258274,-0.046787,-0.138524,lower
L4,none,0.96,0.9600,0.264854,-0.047011,-0.138514,lower
L4,none,0.96,0.9600,0.271539,-0.047225,-0.138523,lower
L4,none,0.96,0.9600,0.278331,-0.047429,-0.138568,lower
L4,none,0.96,0.9600,0.285227,-0.047622,-0.138665,lower
L4,none,0.96,0.9600,0.292227,-0.047803,-0.138823,lower
L4,none,0.96,0.9600,0.299330,-0.047973,-0.139050,lower
L4,none,0.96,0.9600,0.306535,-0.048131,-0.139351,lower
L4,none,0.96,0.9600,0.313841,-0.048276,-0.139729,lower
L4,none,0.96,0.9600,0.321247,-0.048408,-0.140181,lower
L4,none,0.96,0.9600,0.328751,-0.048526,-0.140703,lower
L4,none,0.96,0.9600,0.336352,-0.048629,-0.141285,lower
L4,none,0.96,0.9600,0.344048,-0.048717,-0.141914,lower
L4,none,0.96,0.9600,0.351836,-0.048789,-0.142574,lower
L4,none,0.96,0.9600,0.359716,-0.048843,-0.143247,lower
L4,none,0.96,0.9600,0.367686,-0.048879,-0.143908,lower
L4,none,0.96,0.9600,0.375742,-0.048895,-0.144534,lower
L4,none,0.96,0.9600,0.383883,-0.048891,-0.145097,lower
L4,none,0.96,0.9600,0.392106,-0.048865,-0.145567,lower
L4,none,0.96,0.9600,0.400408,-0.048816,-0.145915,lower
L4,none,0.96,0.9600,0.408787,-0.048744,-0.146112,lower
L4,none,0.96,0.9600,0.417240,-0.048646,-0.146131,lower
L4,none,0.96,0.9600,0.425764,-0.048523,-0.145944,lower
L4,none,0.96,0.9600,0.434356,-0.048373,-0.145528,lower
L4,none,0.96,0.9600,0.443012,-0.048195,-0.144861,lower
L4,none,0.96,0.9600,0.451730,-0.047989,-0.143927,lower
L4,none,0.96,0.9600,0.460505,-0.047754,-0.142715,lower
L4,none,0.96,0.9600,0.469335,-0.047490,-0.141217,lower
L4,none,0.96,0.9600,0.478215,-0.047197,-0.139431,lower
L4,none,0.96,0.9600,0.487142,-0.046874,-0.137358,lower
L4,none,0.96,0.9600,0.496112,-0.046521,-0.135006,lower
L4,none,0.96,0.9600,0.505122,-0.046140,-0.132389,lower
L4,none,0.96,0.9600,0.514167,-0.045730,-0.129524,lower
L4,none,0.96,0.9600,0.523243,-0.045292,-0.126432,lower
L4,none,0.96,0.9600,0.532346,-0.044827,-0.123137,lower
L4,none,0.96,0.9600,0.541473,-0.044336,-0.119666,lower
L4,none,0.96,0.9600,0.550619,-0.043820,-0.116047,lower
L4,none,0.96,0.9600,0.559780,-0.043281,-0.112314,lower
L4,none,0.96,0.9600,0.568952,-0.042718,-0.108494,lower
L4,none,0.96,0.9600,0.578131,-0.042135,-0.104619,lower
L4,none,0.96,0.9600,0.587312,-0.041531,-0.100718,lower
L4,none,0.96,0.9600,0.596493,-0.040910,-0.096817,lower
L4,none,0.96,0.9600,0.605667,-0.040271,-0.092943,lower
L4,none,0.96,0.9600,0.614832,-0.039616,-0.089118,lower
L4,none,0.96,0.9600,0.623983,-0.038947,-0.085361,lower
L4,none,0.96,0.9600,0.633116,-0.038265,-0.081689,lower
L4,none,0.96,0.9600,0.642227,-0.037571,-0.078114,lower
L4,none,0.96,0.9600,0.651312,-0.036866,-0.074645,lower
L4,none,0.96,0.9600,0.660367,-0.036151,-0.071286,lower
L4,none,0.96,0.9600,0.669388,-0.035427,-0.068040,lower
L4,none,0.96,0.9600,0.678372,-0.034695,-0.064904,lower
L4,none,0.96,0.9600,0.687314,-0.033956,-0.061873,lower
L4,none,0.96,0.9600,0.696210,-0.033211,-0.058939,lower
L4,none,0.96,0.9600,0.705058,-0.032459,-0.056091,lower
L4,none,0.96,0.9600,0.713853,-0.031702,-0.053318,lower
L4,none,0.96,0.9600,0.722592,-0.030940,-0.050604,lower
L4,none,0.96,0.9600,0.731271,-0.030173,-0.047935,lower
L4,none,0.96,0.9600,0.739888,-0.029402,-0.045293,lower
L4,none,0.96,0.9600,0.748439,-0.028627,-0.042661,lower
L4,none,0.96,0.9600,0.756920,-0.027848,-0.040023,lower
L4,none,0.96,0.9600,0.765329,-0.027066,-0.037361,lower
L4,none,0.96,0.9600,0.773663,-0.026281,-0.034659,lower
L4,none,0.96,0.9600,0.781920,-0.025493,-0.031900,lower
L4,none,0.96,0.9600,0.790095,-0.024702,-0.029067,lower
L4,none,0.96,0.9600,0.798188,-0.023909,-0.026146,lower
L4,none,0.96,0.9600,0.806195,-0.023115,-0.023122,lower
L4,none,0.96,0.9600,0.814115,-0.022318,-0.019982,lower
L4,none,0.96,0.9600,0.821945,-0.021520,-0.016710,lower
L4,none,0.96,0.9600,0.829682,-0.020722,-0.013293,lower
L4,none,0.96,0.9600,0.837326,-0.019923,-0.009718,lower
L4,none,0.96,0.9600,0.844875,-0.019123,-0.005972,lower
L4,none,0.96,0.9600,0.852326,-0.018324,-0.002040,lower
L4,none,0.96,0.9600,0.859679,-0.017525,0.002093,lower
L4,none,0.96,0.9600,0.866932,-0.016728,0.006441,lower
L4,none,0.96,0.9600,0.874083,-0.015931,0.011021,lower
L4,none,0.96,0.9600,0.881133,-0.015137,0.015849,lower
L4,none,0.96,0.9600,0.888079,-0.014346,0.020943,lower
L4,none,0.96,0.9600,0.894920,-0.013557,0.026325,lower
L4,none,0.96,0.9600,0.901657,-0.012772,0.032013,lower
L4,none,0.96,0.9600,0.908289,-0.011992,0.038032,lower
L4,none,0.96,0.9600,0.914814,-0.011216,0.044406,lower
L4,none,0.96,0.9600,0.921234,-0.010445,0.051163,lower
L4,none,0.96,0.9600,0.927546,-0.009681,0.058334,lower
L4,none,0.96,0.9600,0.933753,-0.008923,0.065953,lower
L4,none,0.96,0.9600,0.939852,-0.008174,0.074061,lower
L4,none,0.96,0.9600,0.945845,-0.007432,0.082709,lower
L4,none,0.96,0.9600,0.951731,-0.006700,0.091956,lower
L4,none,0.96,0.9600,0.957512,-0.005979,0.101884,lower
L4,none,0.96,0.9600,0.963186,-0.005269,0.112599,lower
L4,none,0.96,0.9600,0.968756,-0.004571,0.124256,lower
L4,none,0.96,0.9600,0.974220,-0.003886,0.137090,lower
L4,none,0.96,0.9600,0.979581,-0.003216,0.151427,lower
L4,none,0.96,0.9600,0.984839,-0.002562,0.167969,lower
L4,none,0.96,0.9600,0.989994,-0.001924,0.187154,lower
L4,none,0.96,0.9600,0.995047,-0.001305,0.210708,lower
L4,none,0.96,0.9600,1.000000,-0.000705,0.225096,lower
L4,none,0.99,0.9900,0.000000,0.000000,0.481419,upper
L4,none,0.99,0.9900,0.000002,0.000287,0.467842,upper
L4,none,0.99,0.9900,0.000010,0.000582,0.453177,upper
L4,none,0.99,0.9900,0.000023,0.000885,0.437222,upper
L4,none,0.99,0.9900,0.000042,0.001198,0.420037,upper
L4,none,0.99,0.9900,0.000068,0.001519,0.401524,upper
L4,none,0.99,0.9900,0.000101,0.001850,0.381634,upper
L4,none,0.99,0.9900,0.000142,0.002190,0.360299,upper
L4,none,0.99,0.9900,0.000191,0.002539,0.337460,upper
L4,none,0.99,0.9900,0.000249,0.002897,0.313057,upper
L4,none,0.99,0.9900,0.000316,0.003265,0.287033,upper
L4,none,0.99,0.9900,0.000394,0.003642,0.259340,upper
L4,none,0.99,0.9900,0.000483,0.004029,0.229934,upper
L4,none,0.99,0.9900,0.000583,0.004425,0.198778,upper
L4,none,0.99,0.9900,0.000696,0.004831,0.165847,upper
L4,none,0.99,0.9900,0.000823,0.005245,0.131123,upper
L4,none,0.99,0.9900,0.000963,0.005669,0.094604,upper
L4,none,0.99,0.9900,0.001119,0.006102,0.056305,upper
L4,none,0.99,0.9900,0.001290,0.006543,0.016255,upper
L4,none,0.99,0.9900,0.001478,0.006993,-0.025499,upper
L4,none,0.99,0.9900,0.001684,0.007451,-0.068890,upper
L4,none,0.99,0.9900,0.001908,0.007917,-0.113827,upper
L4,none,0.99,0.9900,0.002152,0.008390,-0.160196,upper
L4,none,0.99,0.9900,0.002416,0.008871,-0.207857,upper
L4,none,0.99,0.9900,0.002701,0.009358,-0.256646,upper
L4,none,0.99,0.9900,0.003009,0.009851,-0.306367,upper
L4,none,0.99,0.9900,0.003339,0.010350,-0.356803,upper
L4,none,0.99,0.9900,0.003694,0.010854,-0.407707,upper
L4,none,0.99,0.9900,0.004073,0.011363,-0.458810,upper
L4,none,0.99,0.9900,0.004478,0.011875,-0.509817,upper
L4,none,0.99,0.9900,0.004910,0.012391,-0.560415,upper
L4,none,0.99,0.9900,0.005368,0.012909,-0.610270,upper
L4,none,0.99,0.9900,0.005855,0.013429,-0.659038,upper
L4,none,0.99,0.9900,0.006371,0.013951,-0.706370,upper
L4,none,0.99,0.9900,0.006917,0.014473,-0.751909,upper
L4,none,0.99,0.9900,0.007492,0.014995,-0.795304,upper
L4,none,0.99,0.9900,0.008099,0.015516,-0.836215,upper
L4,none,0.99,0.9900,0.008737,0.016037,-0.874323,upper
L4,none,0.99,0.9900,0.009408,0.016555,-0.909333,upper
L4,none,0.99,0.9900,0.010111,0.017070,-0.940985,upper
L4,none,0.99,0.9900,0.010847,0.017583,-0.969067,upper
L4,none,0.99,0.9900,0.011618,0.018091,-0.993412,upper
L4,none,0.99,0.9900,0.012423,0.018596,-1.013909,upper
L4,none,0.99,0.9900,0.013264,0.019096,-1.030497,upper
L4,none,0.99,0.9900,0.014140,0.019591,-1.043171,upper
L4,none,0.99,0.9900,0.015052,0.020080,-1.051968,upper
L4,none,0.99,0.9900,0.016000,0.020563,-1.056971,upper
L4,none,0.99,0.9900,0.016986,0.021041,-1.058305,upper
L4,none,0.99,0.9900,0.018010,0.021511,-1.056127,upper
L4,none,0.99,0.9900,0.019072,0.021975,-1.050640,upper
L4,none,0.99,0.9900,0.020173,0.022433,-1.042073,upper
L4,none,0.99,0.9900,0.021314,0.022883,-1.030680,upper
L4,none,0.99,0.9900,0.022494,0.023326,-1.016722,upper
L4,none,0.99,0.9900,0.023716,0.023762,-1.000462,upper
L4,none,0.99,0.9900,0.024979,0.024190,-0.982161,upper
L4,none,0.99,0.9900,0.026284,0.024612,-0.962075,upper
L4,none,0.99,0.9900,0.027631,0.025026,-0.940453,upper
L4,none,0.99,0.9900,0.029022,0.025433,-0.917540,upper
L4,none,0.99,0.9900,0.030458,0.025833,-0.893569,upper
L4,none,0.99,0.9900,0.031938,0.026226,-0.868775,upper
L4,none,0.99,0.9900,0.033464,0.026613,-0.843375,upper
L4,none,0.99,0.9900,0.035037,0.026993,-0.817552,upper
L4,none,0.99,0.9900,0.036658,0.027367,-0.791477,upper
L4,none,0.99,0.9900,0.038327,0.027735,-0.765300,upper
L4,none,0.99,0.9900,0.040045,0.028097,-0.739172,upper
L4,none,0.99,0.9900,0.041814,0.028454,-0.713244,upper
L4,none,0.99,0.9900,0.043634,0.028806,-0.687626,upper
L4,none,0.99,0.9900,0.045506,0.029154,-0.662412,upper
L4,none,0.99,0.9900,0.047432,0.029497,-0.637711,upper
L4,none,0.99,0.9900,0.049412,0.029836,-0.613600,upper
L4,none,0.99,0.9900,0.051448,0.030172,-0.590028,upper
L4,none,0.99,0.9900,0.053540,0.030504,-0.567021,upper
L4,none,0.99,0.9900,0.055691,0.030834,-0.544720,upper
L4,none,0.99,0.9900,0.057900,0.031162,-0.523163,upper
L4,none,0.99,0.9900,0.060169,0.031487,-0.502375,upper
L4,none,0.99,0.9900,0.062500,0.031812,-0.482363,upper
L4,none,0.99,0.9900,0.064893,0.032135,-0.463113,upper
L4,none,0.99,0.9900,0.067351,0.032458,-0.444809,upper
L4,none,0.99,0.9900,0.069873,0.032781,-0.427522,upper
L4,none,0.99,0.9900,0.072462,0.033103,-0.411149,upper
L4,none,0.99,0.9900,0.075118,0.033427,-0.395986,upper
L4,none,0.99,0.9900,0.077844,0.033751,-0.382209,upper
L4,none,0.99,0.9900,0.080640,0.034077,-0.369706,upper
L4,none,0.99,0.9900,0.083508,0.034404,-0.358735,upper
L4,none,0.99,0.9900,0.086448,0.034732,-0.348950,upper
L4,none,0.99,0.9900,0.089464,0.035063,-0.339666,upper
L4,none,0.99,0.9900,0.092555,0.035396,-0.331027,upper
L4,none,0.99,0.9900,0.095723,0.035732,-0.323076,upper
L4,none,0.99,0.9900,0.098970,0.036069,-0.315919,upper
L4,none,0.99,0.9900,0.102297,0.036410,-0.309918,upper
L4,none,0.99,0.9900,0.105705,0.036752,-0.304853,upper
L4,none,0.99,0.9900,0.109196,0.037097,-0.300425,upper
L4,none,0.99,0.9900,0.112771,0.037445,-0.296447,upper
L4,none,0.99,0.9900,0.116431,0.037795,-0.292799,upper
L4,none,0.99,0.9900,0.120179,0.038146,-0.289510,upper
L4,none,0.99,0.9900,0.124014,0.038500,-0.286533,upper
L4,none,0.99,0.9900,0.127939,0.038855,-0.283891,upper
L4,none,0.99,0.9900,0.131955,0.039211,-0.281459,upper
L4,none,0.99,0.9900,0.136062,0.039567,-0.279091,upper
L4,none,0.99,0.9900,0.140263,0.039924,-0.276839,upper
L4,none,0.99,0.9900,0.144559,0.040281,-0.274681,upper
L4,none,0.99,0.9900,0.148951,0.040637,-0.272669,upper
L4,none,0.99,0.9900,0.153439,0.040992,-0.270814,upper
L4,none,0.99,0.9900,0.158025,0.041345,-0.269065,upper
L4,none,0.99,0.9900,0.162711,0.041696,-0.267393,upper
L4,none,0.99,0.9900,0.167496,0.042044,-0.265782,upper
L4,none,0.99,0.9900,0.172383,0.042388,-0.264267,upper
L4,none,0.99,0.9900,0.177372,0.042728,-0.262813,upper
L4,none,0.99,0.9900,0.182464,0.043064,-0.261403,upper
L4,none,0.99,0.9900,0.187659,0.043394,-0.259974,upper
L4,none,0.99,0.9900,0.192959,0.043719,-0.258504,upper
L4,none,0.99,0.9900,0.198363,0.044037,-0.257016,upper
L4,none,0.99,0.9900,0.203874,0.044349,-0.255523,upper
L4,none,0.99,0.9900,0.209490,0.044653,-0.254038,upper
L4,none,0.99,0.9900,0.215213,0.044950,-0.252536,upper
L4,none,0.99,0.9900,0.221043,0.045239,-0.251006,upper
L4,none,0.99,0.9900,0.226980,0.045520,-0.249447,upper
L4,none,0.99,0.9900,0.233025,0.045792,-0.247902,upper
L4,none,0.99,0.9900,0.239176,0.046055,-0.246392,upper
L4,none,0.99,0.9900,0.245435,0.046308,-0.244942,upper
L4,none,0.99,0.9900,0.251801,0.046553,-0.243568,upper
L4,none,0.99,0.9900,0.258274,0.046787,-0.242301,upper
L4,none,0.99,0.9900,0.264854,0.047011,-0.241171,upper
L4,none,0.99,0.9900,0.271540,0.047225,-0.240183,upper
L4,none,0.99,0.9900,0.278331,0.047429,-0.239318,upper
L4,none,0.99,0.9900,0.285227,0.047622,-0.238534,upper
L4,none,0.99,0.9900,0.292227,0.047803,-0.237843,upper
L4,none,0.99,0.9900,0.299330,0.047973,-0.237265,upper
L4,none,0.99,0.9900,0.306535,0.048131,-0.236817,upper
L4,none,0.99,0.9900,0.313841,0.048276,-0.236503,upper
L4,none,0.99,0.9900,0.321247,0.048408,-0.236337,upper
L4,none,0.99,0.9900,0.328751,0.048526,-0.236356,upper
L4,none,0.99,0.9900,0.336352,0.048629,-0.236571,upper
L4,none,0.99,0.9900,0.344047,0.048717,-0.236946,upper
L4,none,0.99,0.9900,0.351836,0.048789,-0.237406,upper
L4,none,0.99,0.9900,0.359717,0.048843,-0.237909,upper
L4,none,0.99,0.9900,0.367686,0.048879,-0.238442,upper
L4,none,0.99,0.9900,0.375742,0.048895,-0.239009,upper
L4,none,0.99,0.9900,0.383883,0.048891,-0.239586,upper
L4,none,0.99,0.9900,0.392106,0.048865,-0.240142,upper
L4,none,0.99,0.9900,0.400408,0.048816,-0.240665,upper
L4,none,0.99,0.9900,0.408787,0.048744,-0.241143,upper
L4,none,0.99,0.9900,0.417240,0.048646,-0.241574,upper
L4,none,0.99,0.9900,0.425764,0.048523,-0.241936,upper
L4,none,0.99,0.9900,0.434356,0.048373,-0.242205,upper
L4,none,0.99,0.9900,0.443012,0.048195,-0.242350,upper
L4,none,0.99,0.9900,0.451730,0.047989,-0.242341,upper
L4,none,0.99,0.9900,0.460505,0.047754,-0.242165,upper
L4,none,0.99,0.9900,0.469335,0.047490,-0.241793,upper
L4,none,0.99,0.9900,0.478215,0.047197,-0.241224,upper
L4,none,0.99,0.9900,0.487142,0.046874,-0.240437,upper
L4,none,0.99,0.9900,0.496112,0.046521,-0.239434,upper
L4,none,0.99,0.9900,0.505122,0.046140,-0.238234,upper
L4,none,0.99,0.9900,0.514167,0.045730,-0.236839,upper
L4,none,0.99,0.9900,0.523243,0.045292,-0.235304,upper
L4,none,0.99,0.9900,0.532346,0.044827,-0.233630,upper
L4,none,0.99,0.9900,0.541473,0.044336,-0.231835,upper
L4,none,0.99,0.9900,0.550619,0.043820,-0.229923,upper
L4,none,0.99,0.9900,0.559780,0.043281,-0.227886,upper
L4,none,0.99,0.9900,0.568952,0.042718,-0.225762,upper
L4,none,0.99,0.9900,0.578131,0.042135,-0.223534,upper
L4,none,0.99,0.9900,0.587313,0.041531,-0.221217,upper
L4,none,0.99,0.9900,0.596493,0.040910,-0.218804,upper
L4,none,0.99,0.9900,0.605667,0.040271,-0.216296,upper
L4,none,0.99,0.9900,0.614832,0.039616,-0.213727,upper
L4,none,0.99,0.9900,0.623983,0.038947,-0.211102,upper
L4,none,0.99,0.9900,0.633116,0.038265,-0.208440,upper
L4,none,0.99,0.9900,0.642227,0.037571,-0.205741,upper
L4,none,0.99,0.9900,0.651312,0.036866,-0.203016,upper
L4,none,0.99,0.9900,0.660367,0.036151,-0.200282,upper
L4,none,0.99,0.9900,0.669388,0.035427,-0.197545,upper
L4,none,0.99,0.9900,0.678372,0.034695,-0.194812,upper
L4,none,0.99,0.9900,0.687314,0.033956,-0.192081,upper
L4,none,0.99,0.9900,0.696210,0.033211,-0.189353,upper
L4,none,0.99,0.9900,0.705058,0.032459,-0.186627,upper
L4,none,0.99,0.9900,0.713853,0.031702,-0.183898,upper
L4,none,0.99,0.9900,0.722592,0.030940,-0.181158,upper
L4,none,0.99,0.9900,0.731271,0.030173,-0.178397,upper
L4,none,0.99,0.9900,0.739888,0.029402,-0.175607,upper
L4,none,0.99,0.9900,0.748439,0.028627,-0.172775,upper
L4,none,0.99,0.9900,0.756920,0.027848,-0.169892,upper
L4,none,0.99,0.9900,0.765329,0.027066,-0.166944,upper
L4,none,0.99,0.9900,0.773663,0.026281,-0.163921,upper
L4,none,0.99,0.9900,0.781920,0.025493,-0.160814,upper
L4,none,0.99,0.9900,0.790095,0.024702,-0.157612,upper
L4,none,0.99,0.9900,0.798188,0.023909,-0.154303,upper
L4,none,0.99,0.9900,0.806195,0.023115,-0.150878,upper
L4,none,0.99,0.9900,0.814115,0.022318,-0.147327,upper
L4,none,0.99,0.9900,0.821945,0.021520,-0.143644,upper
L4,none,0.99,0.9900,0.829682,0.020722,-0.139819,upper
L4,none,0.99,0.9900,0.837327,0.019923,-0.135844,upper
L4,none,0.99,0.9900,0.844875,0.019123,-0.131710,upper
L4,none,0.99,0.9900,0.852326,0.018324,-0.127412,upper
L4,none,0.99,0.9900,0.859679,0.017525,-0.122942,upper
L4,none,0.99,0.9900,0.866932,0.016728,-0.118297,upper
L4,none,0.99,0.9900,0.874083,0.015931,-0.113465,upper
L4,none,0.99,0.9900,0.881133,0.015137,-0.108442,upper
L4,none,0.99,0.9900,0.888079,0.014346,-0.103228,upper
L4,none,0.99,0.9900,0.894920,0.013557,-0.097811,upper
L4,none,0.99,0.9900,0.901657,0.012772,-0.092181,upper
L4,none,0.99,0.9900,0.908289,0.011992,-0.086315,upper
L4,none,0.99,0.9900,0.914814,0.011216,-0.080185,upper
L4,none,0.99,0.9900,0.921234,0.010445,-0.073764,upper
L4,none,0.99,0.9900,0.927547,0.009681,-0.067001,upper
L4,none,0.99,0.9900,0.933753,0.008923,-0.059850,upper
L4,none,0.99,0.9900,0.939852,0.008174,-0.052238,upper
L4,none,0.99,0.9900,0.945845,0.007432,-0.044050,upper
L4,none,0.99,0.9900,0.951731,0.006700,-0.035171,upper
L4,none,0.99,0.9900,0.957512,0.005979,-0.025450,upper
L4,none,0.99,0.9900,0.963186,0.005269,-0.014705,upper
L4,none,0.99,0.9900,0.968756,0.004571,-0.002687,upper
L4,none,0.99,0.9900,0.974221,0.003886,0.010960,upper
L4,none,0.99,0.9900,0.979581,0.003216,0.026730,upper
L4,none,0.99,0.9900,0.984839,0.002562,0.045519,upper
L4,none,0.99,0.9900,0.989994,0.001924,0.068171,upper
L4,none,0.99,0.9900,0.995047,0.001305,0.096586,upper
L4,none,0.99,0.9900,1.000000,0.000705,0.122175,upper
L4,none,0.99,0.9900,0.000000,0.000000,0.481419,lower
L4,none,0.99,0.9900,0.000002,-0.000287,0.494512,lower
L4,none,0.99,0.9900,0.000010,-0.000582,0.507169,lower
L4,none,0.99,0.9900,0.000023,-0.000885,0.519311,lower
L4,none,0.99,0.9900,0.000042,-0.001198,0.530981,lower
L4,none,0.99,0.9900,0.000068,-0.001519,0.542087,lower
L4,none,0.99,0.9900,0.000101,-0.001850,0.552569,lower
L4,none,0.99,0.9900,0.000142,-0.002190,0.562343,lower
L4,none,0.99,0.9900,0.000191,-0.002539,0.571326,lower
L4,none,0.99,0.9900,0.000249,-0.002897,0.579429,lower
L4,none,0.99,0.9900,0.000316,-0.003265,0.586560,lower
L4,none,0.99,0.9900,0.000394,-0.003642,0.592627,lower
L4,none,0.99,0.9900,0.000483,-0.004029,0.597536,lower
L4,none,0.99,0.9900,0.000583,-0.004425,0.601197,lower
L4,none,0.99,0.9900,0.000696,-0.004831,0.603515,lower
L4,none,0.99,0.9900,0.000823,-0.005245,0.604400,lower
L4,none,0.99,0.9900,0.000963,-0.005669,0.603767,lower
L4,none,0.99,0.9900,0.001119,-0.006102,0.601534,lower
L4,none,0.99,0.9900,0.001290,-0.006543,0.597627,lower
L4,none,0.99,0.9900,0.001478,-0.006993,0.591977,lower
L4,none,0.99,0.9900,0.001684,-0.007451,0.584524,lower
L4,none,0.99,0.9900,0.001908,-0.007917,0.575224,lower
L4,none,0.99,0.9900,0.002152,-0.008390,0.564046,lower
L4,none,0.99,0.9900,0.002416,-0.008871,0.550968,lower
L4,none,0.99,0.9900,0.002701,-0.009358,0.535993,lower
L4,none,0.99,0.9900,0.003009,-0.009851,0.519135,lower
L4,none,0.99,0.9900,0.003339,-0.010350,0.500430,lower
L4,none,0.99,0.9900,0.003694,-0.010854,0.479942,lower
L4,none,0.99,0.9900,0.004073,-0.011363,0.457754,lower
L4,none,0.99,0.9900,0.004478,-0.011875,0.433973,lower
L4,none,0.99,0.9900,0.004910,-0.012391,0.408729,lower
L4,none,0.99,0.9900,0.005368,-0.012909,0.382165,lower
L4,none,0.99,0.9900,0.005855,-0.013429,0.354446,lower
L4,none,0.99,0.9900,0.006371,-0.013951,0.325749,lower
L4,none,0.99,0.9900,0.006917,-0.014473,0.296266,lower
L4,none,0.99,0.9900,0.007492,-0.014995,0.266198,lower
L4,none,0.99,0.9900,0.008099,-0.015516,0.235755,lower
L4,none,0.99,0.9900,0.008737,-0.016037,0.205154,lower
L4,none,0.99,0.9900,0.009408,-0.016555,0.174615,lower
L4,none,0.99,0.9900,0.010111,-0.017070,0.144353,lower
L4,none,0.99,0.9900,0.010847,-0.017583,0.114583,lower
L4,none,0.99,0.9900,0.011618,-0.018091,0.085505,lower
L4,none,0.99,0.9900,0.012423,-0.018596,0.057303,lower
L4,none,0.99,0.9900,0.013264,-0.019096,0.030148,lower
L4,none,0.99,0.9900,0.014140,-0.019591,0.004187,lower
L4,none,0.99,0.9900,0.015052,-0.020080,-0.020453,lower
L4,none,0.99,0.9900,0.016000,-0.020563,-0.043665,lower
L4,none,0.99,0.9900,0.016986,-0.021041,-0.065362,lower
L4,none,0.99,0.9900,0.018010,-0.021511,-0.085480,lower
L4,none,0.99,0.9900,0.019072,-0.021975,-0.103976,lower
L4,none,0.99,0.9900,0.020173,-0.022433,-0.120824,lower
L4,none,0.99,0.9900,0.021314,-0.022883,-0.136017,lower
L4,none,0.99,0.9900,0.022494,-0.023326,-0.149567,lower
L4,none,0.99,0.9900,0.023716,-0.023762,-0.161504,lower
L4,none,0.99,0.9900,0.024979,-0.024190,-0.171869,lower
L4,none,0.99,0.9900,0.026284,-0.024612,-0.180723,lower
L4,none,0.99,0.9900,0.027631,-0.025026,-0.188132,lower
L4,none,0.99,0.9900,0.029022,-0.025433,-0.194174,lower
L4,none,0.99,0.9900,0.030458,-0.025833,-0.198934,lower
L4,none,0.99,0.9900,0.031938,-0.026226,-0.202506,lower
L4,none,0.99,0.9900,0.033464,-0.026613,-0.204999,lower
L4,none,0.99,0.9900,0.035037,-0.026993,-0.206527,lower
L4,none,0.99,0.9900,0.036658,-0.027367,-0.207204,lower
L4,none,0.99,0.9900,0.038327,-0.027735,-0.207142,lower
L4,none,0.99,0.9900,0.040045,-0.028097,-0.206469,lower
L4,none,0.99,0.9900,0.041814,-0.028454,-0.205315,lower
L4,none,0.99,0.9900,0.043634,-0.028806,-0.203784,lower
L4,none,0.99,0.9900,0.045506,-0.029154,-0.201971,lower
L4,none,0.99,0.9900,0.047432,-0.029497,-0.199929,lower
L4,none,0.99,0.9900,0.049412,-0.029836,-0.197704,lower
L4,none,0.99,0.9900,0.051448,-0.030172,-0.195364,lower
L4,none,0.99,0.9900,0.053540,-0.030504,-0.192954,lower
L4,none,0.99,0.9900,0.055691,-0.030834,-0.190503,lower
L4,none,0.99,0.9900,0.057900,-0.031162,-0.188001,lower
L4,none,0.99,0.9900,0.060169,-0.031487,-0.185433,lower
L4,none,0.99,0.9900,0.062500,-0.031812,-0.182776,lower
L4,none,0.99,0.9900,0.064893,-0.032135,-0.180005,lower
L4,none,0.99,0.9900,0.067351,-0.032458,-0.177103,lower
L4,none,0.99,0.9900,0.069873,-0.032781,-0.174048,lower
L4,none,0.99,0.9900,0.072462,-0.033103,-0.170826,lower
L4,none,0.99,0.9900,0.075118,-0.033427,-0.167459,lower
L4,none,0.99,0.9900,0.077844,-0.033751,-0.163978,lower
L4,none,0.99,0.9900,0.080640,-0.034077,-0.160427,lower
L4,none,0.99,0.9900,0.083508,-0.034404,-0.156868,lower
L4,none,0.99,0.9900,0.086448,-0.034732,-0.153354,lower
L4,none,0.99,0.9900,0.089464,-0.035063,-0.149956,lower
L4,none,0.99,0.9900,0.092555,-0.035396,-0.146733,lower
L4,none,0.99,0.9900,0.095723,-0.035732,-0.143725,lower
L4,none,0.99,0.9900,0.098970,-0.036069,-0.140982,lower
L4,none,0.99,0.9900,0.102297,-0.036410,-0.138543,lower
L4,none,0.99,0.9900,0.105705,-0.036752,-0.136419,lower
L4,none,0.99,0.9900,0.109196,-0.037097,-0.134635,lower
L4,none,0.99,0.9900,0.112771,-0.037445,-0.133175,lower
L4,none,0.99,0.9900,0.116431,-0.037795,-0.132026,lower
L4,none,0.99,0.9900,0.120179,-0.038146,-0.131191,lower
L4,none,0.99,0.9900,0.124014,-0.038500,-0.130629,lower
L4,none,0.99,0.9900,0.127939,-0.038855,-0.130327,lower
L4,none,0.99,0.9900,0.131955,-0.039211,-0.130231,lower
L4,none,0.99,0.9900,0.136062,-0.039567,-0.130280,lower
L4,none,0.99,0.9900,0.140263,-0.039924,-0.130425,lower
L4,none,0.99,0.9900,0.144559,-0.040281,-0.130604,lower
L4,none,0.99,0.9900,0.148951,-0.040637,-0.130789,lower
L4,none,0.99,0.9900,0.153439,-0.040992,-0.130934,lower
L4,none,0.99,0.9900,0.158025,-0.041345,-0.131036,lower
L4,none,0.99,0.9900,0.162711,-0.041696,-0.131059,lower
L4,none,0.99,0.9900,0.167496,-0.042044,-0.130991,lower
L4,none,0.99,0.9900,0.172383,-0.042388,-0.130845,lower
L4,none,0.99,0.9900,0.177372,-0.042728,-0.130600,lower
L4,none,0.99,0.9900,0.182464,-0.043064,-0.130281,lower
L4,none,0.99,0.9900,0.187659,-0.043394,-0.129866,lower
L4,none,0.99,0.9900,0.192959,-0.043719,-0.129378,lower
L4,none,0.99,0.9900,0.198363,-0.044037,-0.128822,lower
L4,none,0.99,0.9900,0.203874,-0.044349,-0.128205,lower
L4,none,0.99,0.9900,0.209490,-0.044653,-0.127545,lower
L4,none,0.99,0.9900,0.215213,-0.044950,-0.126824,lower
L4,none,0.99,0.9900,0.221043,-0.045239,-0.126086,lower
L4,none,0.99,0.9900,0.226980,-0.045520,-0.125354,lower
L4,none,0.99,0.9900,0.233025,-0.045792,-0.124676,lower
L4,none,0.99,0.9900,0.239176,-0.046055,-0.124070,lower
L4,none,0.99,0.9900,0.245435,-0.046308,-0.123538,lower
L4,none,0.99,0.9900,0.251801,-0.046553,-0.123101,lower
L4,none,0.99,0.9900,0.258274,-0.046787,-0.122760,lower
L4,none,0.99,0.9900,0.264854,-0.047011,-0.122534,lower
L4,none,0.99,0.9900,0.271540,-0.047225,-0.122400,lower
L4,none,0.99,0.9900,0.278331,-0.047429,-0.122349,lower
L4,none,0.99,0.9900,0.285227,-0.047622,-0.122364,lower
L4,none,0.99,0.9900,0.292227,-0.047803,-0.122443,lower
L4,none,0.99,0.9900,0.299330,-0.047973,-0.122584,lower
L4,none,0.99,0.9900,0.306535,-0.048131,-0.122779,lower
L4,none,0.99,0.9900,0.313841,-0.048276,-0.123025,lower
L4,none,0.99,0.9900,0.321247,-0.048408,-0.123310,lower
L4,none,0.99,0.9900,0.328751,-0.048526,-0.123636,lower
L4,none,0.99,0.9900,0.336352,-0.048629,-0.123988,lower
L4,none,0.99,0.9900,0.344047,-0.048717,-0.124353,lower
L4,none,0.99,0.9900,0.351836,-0.048789,-0.124723,lower
L4,none,0.99,0.9900,0.359717,-0.048843,-0.125079,lower
L4,none,0.99,0.9900,0.367686,-0.048879,-0.125401,lower
L4,none,0.99,0.9900,0.375742,-0.048895,-0.125658,lower
L4,none,0.99,0.9900,0.383883,-0.048891,-0.125830,lower
L4,none,0.99,0.9900,0.392106,-0.048865,-0.125895,lower
L4,none,0.99,0.9900,0.400408,-0.048816,-0.125833,lower
L4,none,0.99,0.9900,0.408787,-0.048744,-0.125623,lower
L4,none,0.99,0.9900,0.417240,-0.048646,-0.125243,lower
L4,none,0.99,0.9900,0.425764,-0.048523,-0.124685,lower
L4,none,0.99,0.9900,0.434356,-0.048373,-0.123944,lower
L4,none,0.99,0.9900,0.443012,-0.048195,-0.123018,lower
L4,none,0.99,0.9900,0.451730,-0.047989,-0.121894,lower
L4,none,0.99,0.9900,0.460505,-0.047754,-0.120567,lower
L4,none,0.99,0.9900,0.469335,-0.047490,-0.119045,lower
L4,none,0.99,0.9900,0.478215,-0.047197,-0.117338,lower
L4,none,0.99,0.9900,0.487142,-0.046874,-0.115456,lower
L4,none,0.99,0.9900,0.496112,-0.046521,-0.113403,lower
L4,none,0.99,0.9900,0.505122,-0.046140,-0.111184,lower
L4,none,0.99,0.9900,0.514167,-0.045730,-0.108812,lower
L4,none,0.99,0.9900,0.523243,-0.045292,-0.106305,lower
L4,none,0.99,0.9900,0.532346,-0.044827,-0.103676,lower
L4,none,0.99,0.9900,0.541473,-0.044336,-0.100937,lower
L4,none,0.99,0.9900,0.550619,-0.043820,-0.098107,lower
L4,none,0.99,0.9900,0.559780,-0.043281,-0.095208,lower
L4,none,0.99,0.9900,0.568952,-0.042718,-0.092262,lower
L4,none,0.99,0.9900,0.578131,-0.042135,-0.089292,lower
L4,none,0.99,0.9900,0.587313,-0.041531,-0.086316,lower
L4,none,0.99,0.9900,0.596493,-0.040910,-0.083354,lower
L4,none,0.99,0.9900,0.605667,-0.040271,-0.080432,lower
L4,none,0.99,0.9900,0.614832,-0.039616,-0.077569,lower
L4,none,0.99,0.9900,0.623983,-0.038947,-0.074778,lower
L4,none,0.99,0.9900,0.633116,-0.038265,-0.072069,lower
L4,none,0.99,0.9900,0.642227,-0.037571,-0.069452,lower
L4,none,0.99,0.9900,0.651312,-0.036866,-0.066936,lower
L4,none,0.99,0.9900,0.660367,-0.036151,-0.064526,lower
L4,none,0.99,0.9900,0.669388,-0.035427,-0.062219,lower
L4,none,0.99,0.9900,0.678372,-0.034695,-0.060008,lower
L4,none,0.99,0.9900,0.687314,-0.033956,-0.057888,lower
L4,none,0.99,0.9900,0.696210,-0.033211,-0.055849,lower
L4,none,0.99,0.9900,0.705058,-0.032459,-0.053878,lower
L4,none,0.99,0.9900,0.713853,-0.031702,-0.051964,lower
L4,none,0.99,0.9900,0.722592,-0.030940,-0.050092,lower
L4,none,0.99,0.9900,0.731271,-0.030173,-0.048248,lower
L4,none,0.99,0.9900,0.739888,-0.029402,-0.046418,lower
L4,none,0.99,0.9900,0.748439,-0.028627,-0.044585,lower
L4,none,0.99,0.9900,0.756920,-0.027848,-0.042736,lower
L4,none,0.99,0.9900,0.765329,-0.027066,-0.040855,lower
L4,none,0.99,0.9900,0.773663,-0.026281,-0.038935,lower
L4,none,0.99,0.9900,0.781920,-0.025493,-0.036968,lower
L4,none,0.99,0.9900,0.790095,-0.024702,-0.034949,lower
L4,none,0.99,0.9900,0.798188,-0.023909,-0.032871,lower
L4,none,0.99,0.9900,0.806195,-0.023115,-0.030726,lower
L4,none,0.99,0.9900,0.814115,-0.022318,-0.028498,lower
L4,none,0.99,0.9900,0.821945,-0.021520,-0.026173,lower
L4,none,0.99,0.9900,0.829682,-0.020722,-0.023736,lower
L4,none,0.99,0.9900,0.837327,-0.019923,-0.021178,lower
L4,none,0.99,0.9900,0.844875,-0.019123,-0.018493,lower
L4,none,0.99,0.9900,0.852326,-0.018324,-0.015676,lower
L4,none,0.99,0.9900,0.859679,-0.017525,-0.012718,lower
L4,none,0.99,0.9900,0.866932,-0.016728,-0.009608,lower
L4,none,0.99,0.9900,0.874083,-0.015931,-0.006332,lower
L4,none,0.99,0.9900,0.881133,-0.015137,-0.002879,lower
L4,none,0.99,0.9900,0.888079,-0.014346,0.000765,lower
L4,none,0.99,0.9900,0.894920,-0.013557,0.004617,lower
L4,none,0.99,0.9900,0.901657,-0.012772,0.008693,lower
L4,none,0.99,0.9900,0.908289,-0.011992,0.013010,lower
L4,none,0.99,0.9900,0.914814,-0.011216,0.017580,lower
L4,none,0.99,0.9900,0.921234,-0.010445,0.022414,lower
L4,none,0.99,0.9900,0.927547,-0.009681,0.027528,lower
L4,none,0.99,0.9900,0.933753,-0.008923,0.032938,lower
L4,none,0.99,0.9900,0.939852,-0.008174,0.038661,lower
L4,none,0.99,0.9900,0.945845,-0.007432,0.044714,lower
L4,none,0.99,0.9900,0.951731,-0.006700,0.051121,lower
L4,none,0.99,0.9900,0.957512,-0.005979,0.057915,lower
L4,none,0.99,0.9900,0.963186,-0.005269,0.065138,lower
L4,none,0.99,0.9900,0.968756,-0.004571,0.072862,lower
L4,none,0.99,0.9900,0.974221,-0.003886,0.081200,lower
L4,none,0.99,0.9900,0.979581,-0.003216,0.090315,lower
L4,none,0.99,0.9900,0.984839,-0.002562,0.100541,lower
L4,none,0.99,0.9900,0.989994,-0.001924,0.111933,lower
L4,none,0.99,0.9900,0.995047,-0.001305,0.125677,lower
L4,none,0.99,0.9900,1.000000,-0.000705,0.130604,lower
