n,h,l2_error,cg_iterations
4,0.25,3.403215e-02,5
8,0.125,9.089880e-03,9
16,0.0625,2.310843e-03,14
32,0.03125,5.801283e-04,18
