seed,eval,eps,f_bl_max,window_lo,window_hi
T1,0,1.000000e-08,3.153842e-06,5.0e-02,5.0e-01
T1,1,1.000000e+04,3.219161e-01,5.0e-02,5.0e-01
