path,level,alpha,all,poles,band_bw0.06,out_bw0.06
conforming_pressure,coarse,3.06,0.034727044236450365,0.0009582975979811511,0.00016971643487368837,0.03455732780157668
